Level: subfamilies (~1,143 studies; resumable)
Loading GO DAG from /home/jovyan/Projects/Retroelements/T2T_genes_article/T2T_transposons_genes/go-basic.obo ...
/home/jovyan/Projects/Retroelements/T2T_genes_article/T2T_transposons_genes/go-basic.obo: fmt(1.2) rel(2025-10-10) 42,666 Terms
Loading human GO annotations from /home/jovyan/Projects/Retroelements/T2T_genes_article/T2T_transposons_genes/goa_human.gaf ...
HMS:0:00:20.772410 972,437 annotations READ: /home/jovyan/Projects/Retroelements/T2T_genes_article/T2T_transposons_genes/goa_human.gaf 

Load  Ontology Enrichment Analysis ...
 66% 18,930 of 28,738 population items found in association
  L1MC3 / LINE                    817 genes ->    0 terms at FDR<0.1,    0 at FDR<0.05   (29.3 s)

Load  Ontology Enrichment Analysis ...
 66% 18,930 of 28,738 population items found in association
  LTR60B / LTR                     17 genes ->    0 terms at FDR<0.1,    0 at FDR<0.05   (5.3 s)

Load  Ontology Enrichment Analysis ...
 66% 18,930 of 28,738 population items found in association
  MER34C_v / LTR                   24 genes ->    0 terms at FDR<0.1,    0 at FDR<0.05   (5.3 s)

Load  Ontology Enrichment Analysis ...
 66% 18,930 of 28,738 population items found in association
  MSTA1 / LTR                      18 genes ->    0 terms at FDR<0.1,    0 at FDR<0.05   (5.3 s)

Load  Ontology Enrichment Analysis ...
 66% 18,930 of 28,738 population items found in association
  MER4A1 / LTR                    167 genes ->    0 terms at FDR<0.1,    0 at FDR<0.05   (5.6 s)

Load  Ontology Enrichment Analysis ...
 66% 18,930 of 28,738 population items found in association
  MLT1I / LTR                     563 genes ->    0 terms at FDR<0.1,    0 at FDR<0.05   (6.2 s)

Load  Ontology Enrichment Analysis ...
 66% 18,930 of 28,738 population items found in association
  L1M5 / LINE                   1,436 genes ->    0 terms at FDR<0.1,    0 at FDR<0.05   (7.3 s)

Load  Ontology Enrichment Analysis ...
 66% 18,930 of 28,738 population items found in association
  MLT1H2 / LTR                    267 genes ->    2 terms at FDR<0.1,    2 at FDR<0.05   (5.8 s)

Load  Ontology Enrichment Analysis ...
 66% 18,930 of 28,738 population items found in association
  L1MA4 / LINE                    659 genes ->    7 terms at FDR<0.1,    7 at FDR<0.05   (6.3 s)

Load  Ontology Enrichment Analysis ...
 66% 18,930 of 28,738 population items found in association
  AluY / SINE                   1,436 genes ->   25 terms at FDR<0.1,   18 at FDR<0.05   (7.3 s)

Load  Ontology Enrichment Analysis ...
 66% 18,930 of 28,738 population items found in association
  MER4D1 / LTR                    126 genes ->    0 terms at FDR<0.1,    0 at FDR<0.05   (5.5 s)

Load  Ontology Enrichment Analysis ...
 66% 18,930 of 28,738 population items found in association
  MER4A / LTR                     107 genes ->    0 terms at FDR<0.1,    0 at FDR<0.05   (5.4 s)

Load  Ontology Enrichment Analysis ...
 66% 18,930 of 28,738 population items found in association
  MIRb / SINE                   1,436 genes ->    1 terms at FDR<0.1,    1 at FDR<0.05   (7.3 s)

Load  Ontology Enrichment Analysis ...
 66% 18,930 of 28,738 population items found in association
  MER31B / LTR                    132 genes ->    1 terms at FDR<0.1,    1 at FDR<0.05   (5.9 s)

Load  Ontology Enrichment Analysis ...
 66% 18,930 of 28,738 population items found in association
  AluJb / SINE                  1,436 genes ->   16 terms at FDR<0.1,   15 at FDR<0.05   (7.5 s)

Load  Ontology Enrichment Analysis ...
 66% 18,930 of 28,738 population items found in association
  AluSx3 / SINE                 1,436 genes ->    8 terms at FDR<0.1,    8 at FDR<0.05   (7.5 s)

Load  Ontology Enrichment Analysis ...
 66% 18,930 of 28,738 population items found in association
  AluSx / SINE                  1,436 genes ->   51 terms at FDR<0.1,   47 at FDR<0.05   (7.5 s)

Load  Ontology Enrichment Analysis ...
 66% 18,930 of 28,738 population items found in association
  MER112 / DNA                    560 genes ->    0 terms at FDR<0.1,    0 at FDR<0.05   (6.4 s)

Load  Ontology Enrichment Analysis ...
 66% 18,930 of 28,738 population items found in association
  Ricksha_0 / DNA                  17 genes ->    0 terms at FDR<0.1,    0 at FDR<0.05   (5.4 s)

Load  Ontology Enrichment Analysis ...
 66% 18,930 of 28,738 population items found in association
  MIR3 / SINE                   1,436 genes ->   21 terms at FDR<0.1,   12 at FDR<0.05   (7.6 s)

Load  Ontology Enrichment Analysis ...
 66% 18,930 of 28,738 population items found in association
  MER46C / DNA                    283 genes ->    0 terms at FDR<0.1,    0 at FDR<0.05   (6.0 s)

Load  Ontology Enrichment Analysis ...
 66% 18,930 of 28,738 population items found in association
  Charlie20a / DNA                 40 genes ->    0 terms at FDR<0.1,    0 at FDR<0.05   (5.5 s)

Load  Ontology Enrichment Analysis ...
 66% 18,930 of 28,738 population items found in association
  AluSg / SINE                  1,436 genes ->   18 terms at FDR<0.1,   15 at FDR<0.05   (7.5 s)

Load  Ontology Enrichment Analysis ...
 66% 18,930 of 28,738 population items found in association
  L1MD3 / LINE                    594 genes ->    0 terms at FDR<0.1,    0 at FDR<0.05   (6.5 s)

Load  Ontology Enrichment Analysis ...
 66% 18,930 of 28,738 population items found in association
  L1ME1 / LINE                  1,436 genes ->    0 terms at FDR<0.1,    0 at FDR<0.05   (7.5 s)
  [25/1143] L1ME1

Load  Ontology Enrichment Analysis ...
 66% 18,930 of 28,738 population items found in association
  L1MD / LINE                     572 genes ->    0 terms at FDR<0.1,    0 at FDR<0.05   (6.5 s)

Load  Ontology Enrichment Analysis ...
 66% 18,930 of 28,738 population items found in association
  AluYf1 / SINE                   199 genes ->    1 terms at FDR<0.1,    0 at FDR<0.05   (5.9 s)

Load  Ontology Enrichment Analysis ...
 66% 18,930 of 28,738 population items found in association
  MER39B / LTR                    123 genes ->    3 terms at FDR<0.1,    3 at FDR<0.05   (5.7 s)

Load  Ontology Enrichment Analysis ...
 66% 18,930 of 28,738 population items found in association
  AluSq2 / SINE                 1,436 genes ->   22 terms at FDR<0.1,   11 at FDR<0.05   (7.6 s)

Load  Ontology Enrichment Analysis ...
 66% 18,930 of 28,738 population items found in association
  AluSx1 / SINE                 1,436 genes ->   21 terms at FDR<0.1,   15 at FDR<0.05   (7.4 s)

Load  Ontology Enrichment Analysis ...
 66% 18,930 of 28,738 population items found in association
  MLT1K / LTR                   1,047 genes ->    1 terms at FDR<0.1,    1 at FDR<0.05   (7.2 s)

Load  Ontology Enrichment Analysis ...
 66% 18,930 of 28,738 population items found in association
  LTR9B / LTR                      48 genes ->    0 terms at FDR<0.1,    0 at FDR<0.05   (5.3 s)

Load  Ontology Enrichment Analysis ...
 66% 18,930 of 28,738 population items found in association
  MER5A / DNA                   1,436 genes ->    0 terms at FDR<0.1,    0 at FDR<0.05   (7.6 s)

Load  Ontology Enrichment Analysis ...
 66% 18,930 of 28,738 population items found in association
  MER4E1 / LTR                     95 genes ->    0 terms at FDR<0.1,    0 at FDR<0.05   (5.7 s)

Load  Ontology Enrichment Analysis ...
 66% 18,930 of 28,738 population items found in association
  AluSx4 / SINE                 1,333 genes ->   21 terms at FDR<0.1,   16 at FDR<0.05   (7.6 s)

Load  Ontology Enrichment Analysis ...
 66% 18,930 of 28,738 population items found in association
  L2c / LINE                    1,436 genes ->    6 terms at FDR<0.1,    3 at FDR<0.05   (7.6 s)

Load  Ontology Enrichment Analysis ...
 66% 18,930 of 28,738 population items found in association
  L1ME4a / LINE                 1,436 genes ->    0 terms at FDR<0.1,    0 at FDR<0.05   (7.3 s)

Load  Ontology Enrichment Analysis ...
 66% 18,930 of 28,738 population items found in association
  MIRc / SINE                   1,436 genes ->    5 terms at FDR<0.1,    4 at FDR<0.05   (7.5 s)

Load  Ontology Enrichment Analysis ...
 66% 18,930 of 28,738 population items found in association
  MLT1E3 / LTR                    121 genes ->   17 terms at FDR<0.1,   17 at FDR<0.05   (5.5 s)

Load  Ontology Enrichment Analysis ...
 66% 18,930 of 28,738 population items found in association
  Charlie4z / DNA                 844 genes ->    6 terms at FDR<0.1,    5 at FDR<0.05   (6.8 s)

Load  Ontology Enrichment Analysis ...
 66% 18,930 of 28,738 population items found in association
  L2a / LINE                    1,436 genes ->    4 terms at FDR<0.1,    3 at FDR<0.05   (7.5 s)

Load  Ontology Enrichment Analysis ...
 66% 18,930 of 28,738 population items found in association
  FRAM / SINE                   1,436 genes ->    1 terms at FDR<0.1,    1 at FDR<0.05   (7.5 s)

Load  Ontology Enrichment Analysis ...
 66% 18,930 of 28,738 population items found in association
  MER5B / DNA                   1,436 genes ->    0 terms at FDR<0.1,    0 at FDR<0.05   (7.5 s)

Load  Ontology Enrichment Analysis ...
 66% 18,930 of 28,738 population items found in association
  LTR37B / LTR                    121 genes ->    0 terms at FDR<0.1,    0 at FDR<0.05   (5.5 s)

Load  Ontology Enrichment Analysis ...
 66% 18,930 of 28,738 population items found in association
  AluSq / SINE                  1,436 genes ->   17 terms at FDR<0.1,   11 at FDR<0.05   (7.5 s)

Load  Ontology Enrichment Analysis ...
 66% 18,930 of 28,738 population items found in association
  MLT1O / LTR                     337 genes ->    0 terms at FDR<0.1,    0 at FDR<0.05   (6.0 s)

Load  Ontology Enrichment Analysis ...
 66% 18,930 of 28,738 population items found in association
  MSTA / LTR                      718 genes ->    1 terms at FDR<0.1,    1 at FDR<0.05   (6.8 s)

Load  Ontology Enrichment Analysis ...
 66% 18,930 of 28,738 population items found in association
  Alu / SINE                      881 genes ->    0 terms at FDR<0.1,    0 at FDR<0.05   (6.9 s)

Load  Ontology Enrichment Analysis ...
 66% 18,930 of 28,738 population items found in association
  MER103C / DNA                   574 genes ->    0 terms at FDR<0.1,    0 at FDR<0.05   (6.4 s)

Load  Ontology Enrichment Analysis ...
 66% 18,930 of 28,738 population items found in association
  LTR39 / LTR                      61 genes ->    0 terms at FDR<0.1,    0 at FDR<0.05   (5.6 s)
  [50/1143] LTR39

Load  Ontology Enrichment Analysis ...
 66% 18,930 of 28,738 population items found in association
  AluSz6 / SINE                 1,436 genes ->    3 terms at FDR<0.1,    3 at FDR<0.05   (7.3 s)

Load  Ontology Enrichment Analysis ...
 66% 18,930 of 28,738 population items found in association
  L1PA4 / LINE                    718 genes ->    8 terms at FDR<0.1,    8 at FDR<0.05   (6.7 s)

Load  Ontology Enrichment Analysis ...
 66% 18,930 of 28,738 population items found in association
  L5 / LINE                        66 genes ->    0 terms at FDR<0.1,    0 at FDR<0.05   (5.4 s)

Load  Ontology Enrichment Analysis ...
 66% 18,930 of 28,738 population items found in association
  L2 / LINE                     1,436 genes ->    8 terms at FDR<0.1,    8 at FDR<0.05   (7.4 s)

Load  Ontology Enrichment Analysis ...
 66% 18,930 of 28,738 population items found in association
  LTR33 / LTR                     520 genes ->    0 terms at FDR<0.1,    0 at FDR<0.05   (6.3 s)

Load  Ontology Enrichment Analysis ...
 66% 18,930 of 28,738 population items found in association
  MIR / SINE                    1,436 genes ->    8 terms at FDR<0.1,    4 at FDR<0.05   (7.5 s)

Load  Ontology Enrichment Analysis ...
 66% 18,930 of 28,738 population items found in association
  AluSc / SINE                  1,436 genes ->   10 terms at FDR<0.1,    9 at FDR<0.05   (7.3 s)

Load  Ontology Enrichment Analysis ...
 66% 18,930 of 28,738 population items found in association
  MLT1H / LTR                     506 genes ->    1 terms at FDR<0.1,    1 at FDR<0.05   (6.4 s)

Load  Ontology Enrichment Analysis ...
 66% 18,930 of 28,738 population items found in association
  L3 / LINE                     1,436 genes ->    1 terms at FDR<0.1,    1 at FDR<0.05   (7.3 s)

Load  Ontology Enrichment Analysis ...
 66% 18,930 of 28,738 population items found in association
  MamRep605 / LTR                 224 genes ->    0 terms at FDR<0.1,    0 at FDR<0.05   (5.9 s)

Load  Ontology Enrichment Analysis ...
 66% 18,930 of 28,738 population items found in association
  AluSz / SINE                  1,436 genes ->    9 terms at FDR<0.1,    9 at FDR<0.05   (7.6 s)

Load  Ontology Enrichment Analysis ...
 66% 18,930 of 28,738 population items found in association
  Tigger5 / DNA                    26 genes ->    0 terms at FDR<0.1,    0 at FDR<0.05   (5.5 s)

Load  Ontology Enrichment Analysis ...
 66% 18,930 of 28,738 population items found in association
  MSTB1 / LTR                     220 genes ->    2 terms at FDR<0.1,    2 at FDR<0.05   (5.9 s)

Load  Ontology Enrichment Analysis ...
 66% 18,930 of 28,738 population items found in association
  L1MC5a / LINE                 1,436 genes ->    0 terms at FDR<0.1,    0 at FDR<0.05   (7.3 s)

Load  Ontology Enrichment Analysis ...
 66% 18,930 of 28,738 population items found in association
  L1ME3B / LINE                   608 genes ->    4 terms at FDR<0.1,    2 at FDR<0.05   (6.6 s)

Load  Ontology Enrichment Analysis ...
 66% 18,930 of 28,738 population items found in association
  L1M4 / LINE                   1,425 genes ->    1 terms at FDR<0.1,    1 at FDR<0.05   (7.5 s)

Load  Ontology Enrichment Analysis ...
 66% 18,930 of 28,738 population items found in association
  HAL1M8 / LINE                    87 genes ->    0 terms at FDR<0.1,    0 at FDR<0.05   (5.7 s)

Load  Ontology Enrichment Analysis ...
 66% 18,930 of 28,738 population items found in association
  L1MA2 / LINE                    416 genes ->    0 terms at FDR<0.1,    0 at FDR<0.05   (6.3 s)

Load  Ontology Enrichment Analysis ...
 66% 18,930 of 28,738 population items found in association
  L1PA6 / LINE                    394 genes ->    8 terms at FDR<0.1,    8 at FDR<0.05   (6.2 s)

Load  Ontology Enrichment Analysis ...
 66% 18,930 of 28,738 population items found in association
  L1PA5 / LINE                    791 genes ->    5 terms at FDR<0.1,    5 at FDR<0.05   (6.8 s)

Load  Ontology Enrichment Analysis ...
 66% 18,930 of 28,738 population items found in association
  L1P4 / LINE                     275 genes ->    9 terms at FDR<0.1,    9 at FDR<0.05   (5.8 s)

Load  Ontology Enrichment Analysis ...
 66% 18,930 of 28,738 population items found in association
  L1ME3D / LINE                   256 genes ->    0 terms at FDR<0.1,    0 at FDR<0.05   (6.0 s)

Load  Ontology Enrichment Analysis ...
 66% 18,930 of 28,738 population items found in association
  L1PA8A / LINE                   120 genes ->    0 terms at FDR<0.1,    0 at FDR<0.05   (5.6 s)

Load  Ontology Enrichment Analysis ...
 66% 18,930 of 28,738 population items found in association
  L1PA10 / LINE                   485 genes ->    5 terms at FDR<0.1,    3 at FDR<0.05   (6.4 s)

Load  Ontology Enrichment Analysis ...
 66% 18,930 of 28,738 population items found in association
  L1MA8 / LINE                    694 genes ->    6 terms at FDR<0.1,    6 at FDR<0.05   (6.7 s)
  [75/1143] L1MA8

Load  Ontology Enrichment Analysis ...
 66% 18,930 of 28,738 population items found in association
  L1PA8 / LINE                    561 genes ->   14 terms at FDR<0.1,   12 at FDR<0.05   (6.5 s)

Load  Ontology Enrichment Analysis ...
 66% 18,930 of 28,738 population items found in association
  LTR22C2 / LTR                     1 genes ->    0 terms at FDR<0.1,    0 at FDR<0.05   (5.6 s)

Load  Ontology Enrichment Analysis ...
 66% 18,930 of 28,738 population items found in association
  L1PA15-16 / LINE                 47 genes ->    3 terms at FDR<0.1,    0 at FDR<0.05   (5.4 s)

Load  Ontology Enrichment Analysis ...
 66% 18,930 of 28,738 population items found in association
  L1PA11 / LINE                   295 genes ->    0 terms at FDR<0.1,    0 at FDR<0.05   (6.1 s)

Load  Ontology Enrichment Analysis ...
 66% 18,930 of 28,738 population items found in association
  L1MEd / LINE                    828 genes ->    0 terms at FDR<0.1,    0 at FDR<0.05   (6.8 s)

Load  Ontology Enrichment Analysis ...
 66% 18,930 of 28,738 population items found in association
  L1M3 / LINE                     756 genes ->   25 terms at FDR<0.1,   25 at FDR<0.05   (6.8 s)

Load  Ontology Enrichment Analysis ...
 66% 18,930 of 28,738 population items found in association
  L1MA7 / LINE                    574 genes ->    6 terms at FDR<0.1,    6 at FDR<0.05   (6.3 s)

Load  Ontology Enrichment Analysis ...
 66% 18,930 of 28,738 population items found in association
  ERVL-E-int / LTR                471 genes ->   13 terms at FDR<0.1,   11 at FDR<0.05   (6.3 s)

Load  Ontology Enrichment Analysis ...
 66% 18,930 of 28,738 population items found in association
  L1PA7 / LINE                    634 genes ->    9 terms at FDR<0.1,    9 at FDR<0.05   (6.6 s)

Load  Ontology Enrichment Analysis ...
 66% 18,930 of 28,738 population items found in association
  L1M7 / LINE                     172 genes ->    3 terms at FDR<0.1,    0 at FDR<0.05   (5.6 s)

Load  Ontology Enrichment Analysis ...
 66% 18,930 of 28,738 population items found in association
  L1PA14 / LINE                   195 genes ->    0 terms at FDR<0.1,    0 at FDR<0.05   (5.9 s)

Load  Ontology Enrichment Analysis ...
 66% 18,930 of 28,738 population items found in association
  FLAM_C / SINE                 1,436 genes ->   28 terms at FDR<0.1,   25 at FDR<0.05   (7.5 s)

Load  Ontology Enrichment Analysis ...
 66% 18,930 of 28,738 population items found in association
  L2b / LINE                    1,436 genes ->    3 terms at FDR<0.1,    2 at FDR<0.05   (7.5 s)

Load  Ontology Enrichment Analysis ...
 66% 18,930 of 28,738 population items found in association
  MLT1H1 / LTR                    224 genes ->    0 terms at FDR<0.1,    0 at FDR<0.05   (5.7 s)

Load  Ontology Enrichment Analysis ...
 66% 18,930 of 28,738 population items found in association
  THE1B / LTR                     876 genes ->    3 terms at FDR<0.1,    3 at FDR<0.05   (7.0 s)

Load  Ontology Enrichment Analysis ...
 66% 18,930 of 28,738 population items found in association
  LTR64 / LTR                      47 genes ->    0 terms at FDR<0.1,    0 at FDR<0.05   (5.6 s)

Load  Ontology Enrichment Analysis ...
 66% 18,930 of 28,738 population items found in association
  MLT1F2 / LTR                    355 genes ->    0 terms at FDR<0.1,    0 at FDR<0.05   (5.9 s)

Load  Ontology Enrichment Analysis ...
 66% 18,930 of 28,738 population items found in association
  LTR33B / LTR                     54 genes ->    0 terms at FDR<0.1,    0 at FDR<0.05   (5.5 s)

Load  Ontology Enrichment Analysis ...
 66% 18,930 of 28,738 population items found in association
  MER65D / LTR                     43 genes ->   12 terms at FDR<0.1,   11 at FDR<0.05   (5.5 s)

Load  Ontology Enrichment Analysis ...
 66% 18,930 of 28,738 population items found in association
  L1MA5 / LINE                    239 genes ->    0 terms at FDR<0.1,    0 at FDR<0.05   (5.9 s)

Load  Ontology Enrichment Analysis ...
 66% 18,930 of 28,738 population items found in association
  MLT1D / LTR                   1,091 genes ->    2 terms at FDR<0.1,    1 at FDR<0.05   (7.0 s)

Load  Ontology Enrichment Analysis ...
 66% 18,930 of 28,738 population items found in association
  THE1D / LTR                     595 genes ->    0 terms at FDR<0.1,    0 at FDR<0.05   (6.6 s)

Load  Ontology Enrichment Analysis ...
 66% 18,930 of 28,738 population items found in association
  AluYa5 / SINE                   447 genes ->    0 terms at FDR<0.1,    0 at FDR<0.05   (6.3 s)

Load  Ontology Enrichment Analysis ...
 66% 18,930 of 28,738 population items found in association
  AluYk2 / SINE                 1,346 genes ->    9 terms at FDR<0.1,    8 at FDR<0.05   (7.3 s)

Load  Ontology Enrichment Analysis ...
 66% 18,930 of 28,738 population items found in association
  L1M2c / LINE                     23 genes ->   12 terms at FDR<0.1,   11 at FDR<0.05   (5.4 s)
  [100/1143] L1M2c

Load  Ontology Enrichment Analysis ...
 66% 18,930 of 28,738 population items found in association
  AluJo / SINE                  1,436 genes ->    4 terms at FDR<0.1,    3 at FDR<0.05   (7.5 s)

Load  Ontology Enrichment Analysis ...
 66% 18,930 of 28,738 population items found in association
  L1ME4c / LINE                 1,207 genes ->    0 terms at FDR<0.1,    0 at FDR<0.05   (7.3 s)

Load  Ontology Enrichment Analysis ...
 66% 18,930 of 28,738 population items found in association
  MER1A / DNA                     267 genes ->    0 terms at FDR<0.1,    0 at FDR<0.05   (5.7 s)

Load  Ontology Enrichment Analysis ...
 66% 18,930 of 28,738 population items found in association
  LTR41 / LTR                     100 genes ->    0 terms at FDR<0.1,    0 at FDR<0.05   (5.6 s)

Load  Ontology Enrichment Analysis ...
 66% 18,930 of 28,738 population items found in association
  SVA_E / Retroposon              167 genes ->    0 terms at FDR<0.1,    0 at FDR<0.05   (5.7 s)

Load  Ontology Enrichment Analysis ...
 66% 18,930 of 28,738 population items found in association
  MER8 / DNA                      157 genes ->    0 terms at FDR<0.1,    0 at FDR<0.05   (5.5 s)

Load  Ontology Enrichment Analysis ...
 66% 18,930 of 28,738 population items found in association
  MER21C / LTR                    348 genes ->    7 terms at FDR<0.1,    7 at FDR<0.05   (6.1 s)

Load  Ontology Enrichment Analysis ...
 66% 18,930 of 28,738 population items found in association
  AluJr / SINE                  1,436 genes ->   10 terms at FDR<0.1,    4 at FDR<0.05   (7.5 s)

Load  Ontology Enrichment Analysis ...
 66% 18,930 of 28,738 population items found in association
  L1MB8 / LINE                  1,436 genes ->    1 terms at FDR<0.1,    1 at FDR<0.05   (7.5 s)

Load  Ontology Enrichment Analysis ...
 66% 18,930 of 28,738 population items found in association
  AluSp / SINE                  1,436 genes ->   15 terms at FDR<0.1,   13 at FDR<0.05   (7.3 s)

Load  Ontology Enrichment Analysis ...
 66% 18,930 of 28,738 population items found in association
  Tigger12 / DNA                   52 genes ->    0 terms at FDR<0.1,    0 at FDR<0.05   (5.5 s)

Load  Ontology Enrichment Analysis ...
 66% 18,930 of 28,738 population items found in association
  FLAM_A / SINE                 1,029 genes ->    4 terms at FDR<0.1,    2 at FDR<0.05   (7.2 s)

Load  Ontology Enrichment Analysis ...
 66% 18,930 of 28,738 population items found in association
  AluSq10 / SINE                  503 genes ->    0 terms at FDR<0.1,    0 at FDR<0.05   (6.2 s)

Load  Ontology Enrichment Analysis ...
 66% 18,930 of 28,738 population items found in association
  LTR37A / LTR                    129 genes ->    0 terms at FDR<0.1,    0 at FDR<0.05   (5.7 s)

Load  Ontology Enrichment Analysis ...
 66% 18,930 of 28,738 population items found in association
  L1ME4b / LINE                 1,436 genes ->    4 terms at FDR<0.1,    3 at FDR<0.05   (7.5 s)

Load  Ontology Enrichment Analysis ...
 66% 18,930 of 28,738 population items found in association
  AluJr4 / SINE                 1,091 genes ->    5 terms at FDR<0.1,    1 at FDR<0.05   (7.2 s)

Load  Ontology Enrichment Analysis ...
 66% 18,930 of 28,738 population items found in association
  MER11C / LTR                    107 genes ->    0 terms at FDR<0.1,    0 at FDR<0.05   (5.5 s)

Load  Ontology Enrichment Analysis ...
 66% 18,930 of 28,738 population items found in association
  Charlie29b / DNA                 83 genes ->    0 terms at FDR<0.1,    0 at FDR<0.05   (5.6 s)

Load  Ontology Enrichment Analysis ...
 66% 18,930 of 28,738 population items found in association
  MSTD / LTR                      430 genes ->    0 terms at FDR<0.1,    0 at FDR<0.05   (6.2 s)

Load  Ontology Enrichment Analysis ...
 66% 18,930 of 28,738 population items found in association
  AluSg7 / SINE                 1,077 genes ->   15 terms at FDR<0.1,   14 at FDR<0.05   (7.0 s)

Load  Ontology Enrichment Analysis ...
 66% 18,930 of 28,738 population items found in association
  L1MC4 / LINE                  1,436 genes ->    0 terms at FDR<0.1,    0 at FDR<0.05   (7.5 s)

Load  Ontology Enrichment Analysis ...
 66% 18,930 of 28,738 population items found in association
  MER3 / DNA                    1,094 genes ->    0 terms at FDR<0.1,    0 at FDR<0.05   (7.3 s)

Load  Ontology Enrichment Analysis ...
 66% 18,930 of 28,738 population items found in association
  MER5A1 / DNA                  1,436 genes ->    0 terms at FDR<0.1,    0 at FDR<0.05   (7.5 s)

Load  Ontology Enrichment Analysis ...
 66% 18,930 of 28,738 population items found in association
  L1MEg / LINE                    509 genes ->    0 terms at FDR<0.1,    0 at FDR<0.05   (6.2 s)

Load  Ontology Enrichment Analysis ...
 66% 18,930 of 28,738 population items found in association
  MER33 / DNA                     971 genes ->    2 terms at FDR<0.1,    0 at FDR<0.05   (7.0 s)
  [125/1143] MER33

Load  Ontology Enrichment Analysis ...
 66% 18,930 of 28,738 population items found in association
  L1ME3 / LINE                    713 genes ->    0 terms at FDR<0.1,    0 at FDR<0.05   (6.7 s)

Load  Ontology Enrichment Analysis ...
 66% 18,930 of 28,738 population items found in association
  LTR104_Mam / LTR                124 genes ->    0 terms at FDR<0.1,    0 at FDR<0.05   (5.6 s)

Load  Ontology Enrichment Analysis ...
 66% 18,930 of 28,738 population items found in association
  MER94 / DNA                     425 genes ->    0 terms at FDR<0.1,    0 at FDR<0.05   (6.3 s)

Load  Ontology Enrichment Analysis ...
 66% 18,930 of 28,738 population items found in association
  LTR7 / LTR                      120 genes ->    0 terms at FDR<0.1,    0 at FDR<0.05   (5.7 s)

Load  Ontology Enrichment Analysis ...
 66% 18,930 of 28,738 population items found in association
  MER67C / LTR                    134 genes ->    7 terms at FDR<0.1,    7 at FDR<0.05   (5.7 s)

Load  Ontology Enrichment Analysis ...
 66% 18,930 of 28,738 population items found in association
  LTR67B / LTR                    173 genes ->    0 terms at FDR<0.1,    0 at FDR<0.05   (5.7 s)

Load  Ontology Enrichment Analysis ...
 66% 18,930 of 28,738 population items found in association
  Tigger4b / DNA                  192 genes ->    0 terms at FDR<0.1,    0 at FDR<0.05   (5.9 s)

Load  Ontology Enrichment Analysis ...
 66% 18,930 of 28,738 population items found in association
  Charlie1a / DNA                 380 genes ->    0 terms at FDR<0.1,    0 at FDR<0.05   (6.2 s)

Load  Ontology Enrichment Analysis ...
 66% 18,930 of 28,738 population items found in association
  LTR79 / LTR                     175 genes ->    0 terms at FDR<0.1,    0 at FDR<0.05   (5.6 s)

Load  Ontology Enrichment Analysis ...
 66% 18,930 of 28,738 population items found in association
  Charlie1b / DNA                 222 genes ->    0 terms at FDR<0.1,    0 at FDR<0.05   (5.9 s)

Load  Ontology Enrichment Analysis ...
 66% 18,930 of 28,738 population items found in association
  Tigger3a / DNA                  404 genes ->    0 terms at FDR<0.1,    0 at FDR<0.05   (6.2 s)

Load  Ontology Enrichment Analysis ...
 66% 18,930 of 28,738 population items found in association
  MER113A / DNA                   227 genes ->    3 terms at FDR<0.1,    3 at FDR<0.05   (6.0 s)

Load  Ontology Enrichment Analysis ...
 66% 18,930 of 28,738 population items found in association
  L1MB3 / LINE                  1,436 genes ->    0 terms at FDR<0.1,    0 at FDR<0.05   (7.2 s)

Load  Ontology Enrichment Analysis ...
 66% 18,930 of 28,738 population items found in association
  MER44B / DNA                    115 genes ->    0 terms at FDR<0.1,    0 at FDR<0.05   (5.7 s)

Load  Ontology Enrichment Analysis ...
 66% 18,930 of 28,738 population items found in association
  MLT1C2 / LTR                  1,034 genes ->    0 terms at FDR<0.1,    0 at FDR<0.05   (7.1 s)

Load  Ontology Enrichment Analysis ...
 66% 18,930 of 28,738 population items found in association
  Chap1a_Mam / DNA                106 genes ->    0 terms at FDR<0.1,    0 at FDR<0.05   (5.4 s)

Load  Ontology Enrichment Analysis ...
 66% 18,930 of 28,738 population items found in association
  L1M8 / LINE                      59 genes ->    6 terms at FDR<0.1,    5 at FDR<0.05   (5.5 s)

Load  Ontology Enrichment Analysis ...
 66% 18,930 of 28,738 population items found in association
  MER58A / DNA                    865 genes ->    0 terms at FDR<0.1,    0 at FDR<0.05   (6.8 s)

Load  Ontology Enrichment Analysis ...
 66% 18,930 of 28,738 population items found in association
  MER102c / DNA                   293 genes ->    0 terms at FDR<0.1,    0 at FDR<0.05   (6.0 s)

Load  Ontology Enrichment Analysis ...
 66% 18,930 of 28,738 population items found in association
  Tigger7 / DNA                   272 genes ->    0 terms at FDR<0.1,    0 at FDR<0.05   (5.7 s)

Load  Ontology Enrichment Analysis ...
 66% 18,930 of 28,738 population items found in association
  L1MC / LINE                     706 genes ->    0 terms at FDR<0.1,    0 at FDR<0.05   (6.6 s)

Load  Ontology Enrichment Analysis ...
 66% 18,930 of 28,738 population items found in association
  MER41D / LTR                    103 genes ->    0 terms at FDR<0.1,    0 at FDR<0.05   (5.6 s)

Load  Ontology Enrichment Analysis ...
 66% 18,930 of 28,738 population items found in association
  HAL1 / LINE                     955 genes ->    2 terms at FDR<0.1,    2 at FDR<0.05   (6.8 s)

Load  Ontology Enrichment Analysis ...
 66% 18,930 of 28,738 population items found in association
  MLT1A1 / LTR                    345 genes ->    0 terms at FDR<0.1,    0 at FDR<0.05   (6.1 s)

Load  Ontology Enrichment Analysis ...
 66% 18,930 of 28,738 population items found in association
  LTR78 / LTR                     206 genes ->    0 terms at FDR<0.1,    0 at FDR<0.05   (5.9 s)
  [150/1143] LTR78

Load  Ontology Enrichment Analysis ...
 66% 18,930 of 28,738 population items found in association
  Tigger19b / DNA                 299 genes ->    1 terms at FDR<0.1,    0 at FDR<0.05   (6.1 s)

Load  Ontology Enrichment Analysis ...
 66% 18,930 of 28,738 population items found in association
  LTR16C / LTR                    372 genes ->    3 terms at FDR<0.1,    1 at FDR<0.05   (6.0 s)

Load  Ontology Enrichment Analysis ...
 66% 18,930 of 28,738 population items found in association
  SVA_D / Retroposon              123 genes ->    0 terms at FDR<0.1,    0 at FDR<0.05   (5.7 s)

Load  Ontology Enrichment Analysis ...
 66% 18,930 of 28,738 population items found in association
  L1M4b / LINE                    185 genes ->    0 terms at FDR<0.1,    0 at FDR<0.05   (5.8 s)

Load  Ontology Enrichment Analysis ...
 66% 18,930 of 28,738 population items found in association
  L1MC1 / LINE                    738 genes ->    0 terms at FDR<0.1,    0 at FDR<0.05   (6.5 s)

Load  Ontology Enrichment Analysis ...
 66% 18,930 of 28,738 population items found in association
  MLT1B / LTR                     946 genes ->    0 terms at FDR<0.1,    0 at FDR<0.05   (7.1 s)

Load  Ontology Enrichment Analysis ...
 66% 18,930 of 28,738 population items found in association
  Charlie5 / DNA                  341 genes ->    0 terms at FDR<0.1,    0 at FDR<0.05   (6.1 s)

Load  Ontology Enrichment Analysis ...
 66% 18,930 of 28,738 population items found in association
  L1PA3 / LINE                    527 genes ->    7 terms at FDR<0.1,    7 at FDR<0.05   (6.4 s)

Load  Ontology Enrichment Analysis ...
 66% 18,930 of 28,738 population items found in association
  Charlie19a / DNA                182 genes ->    0 terms at FDR<0.1,    0 at FDR<0.05   (5.6 s)

Load  Ontology Enrichment Analysis ...
 66% 18,930 of 28,738 population items found in association
  LTR2C / LTR                      53 genes ->    0 terms at FDR<0.1,    0 at FDR<0.05   (5.5 s)

Load  Ontology Enrichment Analysis ...
 66% 18,930 of 28,738 population items found in association
  L1MB4 / LINE                    888 genes ->    0 terms at FDR<0.1,    0 at FDR<0.05   (7.0 s)

Load  Ontology Enrichment Analysis ...
 66% 18,930 of 28,738 population items found in association
  LOR1-int / LTR                   41 genes ->    1 terms at FDR<0.1,    1 at FDR<0.05   (5.3 s)

Load  Ontology Enrichment Analysis ...
 66% 18,930 of 28,738 population items found in association
  LTR57-int / LTR                  38 genes ->    1 terms at FDR<0.1,    0 at FDR<0.05   (5.6 s)

Load  Ontology Enrichment Analysis ...
 66% 18,930 of 28,738 population items found in association
  HERVK9-int / LTR                  6 genes ->    0 terms at FDR<0.1,    0 at FDR<0.05   (5.4 s)

Load  Ontology Enrichment Analysis ...
 66% 18,930 of 28,738 population items found in association
  LTR49-int / LTR                  70 genes ->    0 terms at FDR<0.1,    0 at FDR<0.05   (5.6 s)

Load  Ontology Enrichment Analysis ...
 66% 18,930 of 28,738 population items found in association
  MER65-int / LTR                  28 genes ->    1 terms at FDR<0.1,    0 at FDR<0.05   (5.5 s)

Load  Ontology Enrichment Analysis ...
 66% 18,930 of 28,738 population items found in association
  LTR41B / LTR                     37 genes ->    0 terms at FDR<0.1,    0 at FDR<0.05   (5.5 s)

Load  Ontology Enrichment Analysis ...
 66% 18,930 of 28,738 population items found in association
  MER102a / DNA                   309 genes ->    0 terms at FDR<0.1,    0 at FDR<0.05   (6.2 s)

Load  Ontology Enrichment Analysis ...
 66% 18,930 of 28,738 population items found in association
  L1MB5 / LINE                    839 genes ->    0 terms at FDR<0.1,    0 at FDR<0.05   (6.7 s)

Load  Ontology Enrichment Analysis ...
 66% 18,930 of 28,738 population items found in association
  MER67A / LTR                     41 genes ->    0 terms at FDR<0.1,    0 at FDR<0.05   (5.6 s)

Load  Ontology Enrichment Analysis ...
 66% 18,930 of 28,738 population items found in association
  HERV16-int / LTR                119 genes ->    1 terms at FDR<0.1,    1 at FDR<0.05   (5.6 s)

Load  Ontology Enrichment Analysis ...
 66% 18,930 of 28,738 population items found in association
  MLT1A / LTR                     751 genes ->    1 terms at FDR<0.1,    1 at FDR<0.05   (6.8 s)

Load  Ontology Enrichment Analysis ...
 66% 18,930 of 28,738 population items found in association
  MER2B / DNA                     148 genes ->    2 terms at FDR<0.1,    2 at FDR<0.05   (5.8 s)

Load  Ontology Enrichment Analysis ...
 66% 18,930 of 28,738 population items found in association
  AluYk3 / SINE                   907 genes ->    0 terms at FDR<0.1,    0 at FDR<0.05   (7.0 s)

Load  Ontology Enrichment Analysis ...
 66% 18,930 of 28,738 population items found in association
  L2d / LINE                    1,436 genes ->    0 terms at FDR<0.1,    0 at FDR<0.05   (7.5 s)
  [175/1143] L2d

Load  Ontology Enrichment Analysis ...
 66% 18,930 of 28,738 population items found in association
  L1MEc / LINE                    715 genes ->    1 terms at FDR<0.1,    1 at FDR<0.05   (6.5 s)

Load  Ontology Enrichment Analysis ...
 66% 18,930 of 28,738 population items found in association
  MER63B / DNA                    156 genes ->    0 terms at FDR<0.1,    0 at FDR<0.05   (5.9 s)

Load  Ontology Enrichment Analysis ...
 66% 18,930 of 28,738 population items found in association
  MER53 / DNA                     603 genes ->    0 terms at FDR<0.1,    0 at FDR<0.05   (6.3 s)

Load  Ontology Enrichment Analysis ...
 66% 18,930 of 28,738 population items found in association
  AluYg6 / SINE                   231 genes ->    0 terms at FDR<0.1,    0 at FDR<0.05   (6.0 s)

Load  Ontology Enrichment Analysis ...
 66% 18,930 of 28,738 population items found in association
  AluYe5 / SINE                   999 genes ->   10 terms at FDR<0.1,    8 at FDR<0.05   (7.1 s)

Load  Ontology Enrichment Analysis ...
 66% 18,930 of 28,738 population items found in association
  MIR1_Amn / SINE               1,436 genes ->    3 terms at FDR<0.1,    2 at FDR<0.05   (7.6 s)

Load  Ontology Enrichment Analysis ...
 66% 18,930 of 28,738 population items found in association
  MLT1G3 / LTR                    200 genes ->    0 terms at FDR<0.1,    0 at FDR<0.05   (5.9 s)

Load  Ontology Enrichment Analysis ...
 66% 18,930 of 28,738 population items found in association
  LTR12C / LTR                    240 genes ->    2 terms at FDR<0.1,    2 at FDR<0.05   (5.7 s)

Load  Ontology Enrichment Analysis ...
 66% 18,930 of 28,738 population items found in association
  LTR13A / LTR                     53 genes ->    0 terms at FDR<0.1,    0 at FDR<0.05   (5.6 s)

Load  Ontology Enrichment Analysis ...
 66% 18,930 of 28,738 population items found in association
  L1MA10 / LINE                   475 genes ->    0 terms at FDR<0.1,    0 at FDR<0.05   (6.3 s)

Load  Ontology Enrichment Analysis ...
 66% 18,930 of 28,738 population items found in association
  L1MEf / LINE                    382 genes ->    1 terms at FDR<0.1,    1 at FDR<0.05   (6.0 s)

Load  Ontology Enrichment Analysis ...
 66% 18,930 of 28,738 population items found in association
  L1ME2 / LINE                    732 genes ->    0 terms at FDR<0.1,    0 at FDR<0.05   (6.8 s)

Load  Ontology Enrichment Analysis ...
 66% 18,930 of 28,738 population items found in association
  L1PB1 / LINE                    575 genes ->    5 terms at FDR<0.1,    5 at FDR<0.05   (6.3 s)

Load  Ontology Enrichment Analysis ...
 66% 18,930 of 28,738 population items found in association
  MER49 / LTR                     159 genes ->    7 terms at FDR<0.1,    5 at FDR<0.05   (6.0 s)

Load  Ontology Enrichment Analysis ...
 66% 18,930 of 28,738 population items found in association
  MER50 / LTR                     140 genes ->    0 terms at FDR<0.1,    0 at FDR<0.05   (5.6 s)

Load  Ontology Enrichment Analysis ...
 66% 18,930 of 28,738 population items found in association
  MamRep1151 / LTR                 79 genes ->    0 terms at FDR<0.1,    0 at FDR<0.05   (5.7 s)

Load  Ontology Enrichment Analysis ...
 66% 18,930 of 28,738 population items found in association
  MER41B / LTR                    227 genes ->    0 terms at FDR<0.1,    0 at FDR<0.05   (6.0 s)

Load  Ontology Enrichment Analysis ...
 66% 18,930 of 28,738 population items found in association
  MER30 / DNA                     452 genes ->    0 terms at FDR<0.1,    0 at FDR<0.05   (6.1 s)

Load  Ontology Enrichment Analysis ...
 66% 18,930 of 28,738 population items found in association
  Arthur1B / DNA                  138 genes ->    0 terms at FDR<0.1,    0 at FDR<0.05   (5.8 s)

Load  Ontology Enrichment Analysis ...
 66% 18,930 of 28,738 population items found in association
  LTR46 / LTR                      71 genes ->    0 terms at FDR<0.1,    0 at FDR<0.05   (5.4 s)

Load  Ontology Enrichment Analysis ...
 66% 18,930 of 28,738 population items found in association
  L1MB7 / LINE                  1,436 genes ->    0 terms at FDR<0.1,    0 at FDR<0.05   (7.6 s)

Load  Ontology Enrichment Analysis ...
 66% 18,930 of 28,738 population items found in association
  MER9a1 / LTR                     25 genes ->    0 terms at FDR<0.1,    0 at FDR<0.05   (5.4 s)

Load  Ontology Enrichment Analysis ...
 66% 18,930 of 28,738 population items found in association
  LTR13 / LTR                     107 genes ->    1 terms at FDR<0.1,    1 at FDR<0.05   (5.7 s)

Load  Ontology Enrichment Analysis ...
 66% 18,930 of 28,738 population items found in association
  LTR13_v / LTR                    13 genes ->    0 terms at FDR<0.1,    0 at FDR<0.05   (5.4 s)

Load  Ontology Enrichment Analysis ...
 66% 18,930 of 28,738 population items found in association
  MER54A / LTR                     37 genes ->    0 terms at FDR<0.1,    0 at FDR<0.05   (5.4 s)
  [200/1143] MER54A

Load  Ontology Enrichment Analysis ...
 66% 18,930 of 28,738 population items found in association
  L3b / LINE                    1,284 genes ->   14 terms at FDR<0.1,    9 at FDR<0.05   (7.4 s)

Load  Ontology Enrichment Analysis ...
 66% 18,930 of 28,738 population items found in association
  MER68 / LTR                     115 genes ->   21 terms at FDR<0.1,   21 at FDR<0.05   (5.4 s)

Load  Ontology Enrichment Analysis ...
 66% 18,930 of 28,738 population items found in association
  MER4B / LTR                     156 genes ->    0 terms at FDR<0.1,    0 at FDR<0.05   (5.8 s)

Load  Ontology Enrichment Analysis ...
 66% 18,930 of 28,738 population items found in association
  AluSc8 / SINE                 1,436 genes ->    4 terms at FDR<0.1,    4 at FDR<0.05   (7.5 s)

Load  Ontology Enrichment Analysis ...
 66% 18,930 of 28,738 population items found in association
  AluSg4 / SINE                 1,159 genes ->    3 terms at FDR<0.1,    3 at FDR<0.05   (7.2 s)

Load  Ontology Enrichment Analysis ...
 66% 18,930 of 28,738 population items found in association
  AluYh3 / SINE                   259 genes ->    0 terms at FDR<0.1,    0 at FDR<0.05   (5.8 s)

Load  Ontology Enrichment Analysis ...
 66% 18,930 of 28,738 population items found in association
  MER20 / DNA                   1,436 genes ->    1 terms at FDR<0.1,    0 at FDR<0.05   (7.4 s)

Load  Ontology Enrichment Analysis ...
 66% 18,930 of 28,738 population items found in association
  hAT-1_Mam / DNA                 125 genes ->    0 terms at FDR<0.1,    0 at FDR<0.05   (5.5 s)

Load  Ontology Enrichment Analysis ...
 66% 18,930 of 28,738 population items found in association
  MER63D / DNA                    122 genes ->    0 terms at FDR<0.1,    0 at FDR<0.05   (6.0 s)

Load  Ontology Enrichment Analysis ...
 66% 18,930 of 28,738 population items found in association
  MER66-int / LTR                  20 genes ->    0 terms at FDR<0.1,    0 at FDR<0.05   (5.3 s)

Load  Ontology Enrichment Analysis ...
 66% 18,930 of 28,738 population items found in association
  MER66C / LTR                     48 genes ->    3 terms at FDR<0.1,    0 at FDR<0.05   (5.6 s)

Load  Ontology Enrichment Analysis ...
 66% 18,930 of 28,738 population items found in association
  MER66B / LTR                    135 genes ->    0 terms at FDR<0.1,    0 at FDR<0.05   (5.8 s)

Load  Ontology Enrichment Analysis ...
 66% 18,930 of 28,738 population items found in association
  SVA_A / Retroposon              384 genes ->    2 terms at FDR<0.1,    1 at FDR<0.05   (6.2 s)

Load  Ontology Enrichment Analysis ...
 66% 18,930 of 28,738 population items found in association
  AluYi6_4d / SINE                 19 genes ->    0 terms at FDR<0.1,    0 at FDR<0.05   (5.5 s)

Load  Ontology Enrichment Analysis ...
 66% 18,930 of 28,738 population items found in association
  AluYh9 / SINE                    86 genes ->    0 terms at FDR<0.1,    0 at FDR<0.05   (5.6 s)

Load  Ontology Enrichment Analysis ...
 66% 18,930 of 28,738 population items found in association
  MER74B / LTR                     91 genes ->    0 terms at FDR<0.1,    0 at FDR<0.05   (5.6 s)

Load  Ontology Enrichment Analysis ...
 66% 18,930 of 28,738 population items found in association
  LTR5_Hs / LTR                    82 genes ->    0 terms at FDR<0.1,    0 at FDR<0.05   (5.5 s)

Load  Ontology Enrichment Analysis ...
 66% 18,930 of 28,738 population items found in association
  LTR2B / LTR                      56 genes ->    5 terms at FDR<0.1,    3 at FDR<0.05   (5.6 s)

Load  Ontology Enrichment Analysis ...
 66% 18,930 of 28,738 population items found in association
  LTR75 / LTR                      31 genes ->    0 terms at FDR<0.1,    0 at FDR<0.05   (5.3 s)

Load  Ontology Enrichment Analysis ...
 66% 18,930 of 28,738 population items found in association
  HERVIP10B3-int / LTR             13 genes ->    0 terms at FDR<0.1,    0 at FDR<0.05   (5.5 s)

Load  Ontology Enrichment Analysis ...
 66% 18,930 of 28,738 population items found in association
  HERVIP10F-int / LTR               7 genes ->    0 terms at FDR<0.1,    0 at FDR<0.05   (5.5 s)

Load  Ontology Enrichment Analysis ...
 66% 18,930 of 28,738 population items found in association
  LTR10A / LTR                     34 genes ->    0 terms at FDR<0.1,    0 at FDR<0.05   (5.6 s)

Load  Ontology Enrichment Analysis ...
 66% 18,930 of 28,738 population items found in association
  MER131 / DNA                     62 genes ->    0 terms at FDR<0.1,    0 at FDR<0.05   (5.6 s)

Load  Ontology Enrichment Analysis ...
 66% 18,930 of 28,738 population items found in association
  L1MC4a / LINE                   683 genes ->    0 terms at FDR<0.1,    0 at FDR<0.05   (6.7 s)

Load  Ontology Enrichment Analysis ...
 66% 18,930 of 28,738 population items found in association
  LTR7B / LTR                     105 genes ->    0 terms at FDR<0.1,    0 at FDR<0.05   (5.7 s)
  [225/1143] LTR7B

Load  Ontology Enrichment Analysis ...
 66% 18,930 of 28,738 population items found in association
  LTR7C / LTR                      54 genes ->    0 terms at FDR<0.1,    0 at FDR<0.05   (5.6 s)

Load  Ontology Enrichment Analysis ...
 66% 18,930 of 28,738 population items found in association
  AluSc5 / SINE                   495 genes ->    0 terms at FDR<0.1,    0 at FDR<0.05   (6.5 s)

Load  Ontology Enrichment Analysis ...
 66% 18,930 of 28,738 population items found in association
  HERVIP10FH-int / LTR             35 genes ->    0 terms at FDR<0.1,    0 at FDR<0.05   (5.4 s)

Load  Ontology Enrichment Analysis ...
 66% 18,930 of 28,738 population items found in association
  Charlie22a / DNA                115 genes ->    0 terms at FDR<0.1,    0 at FDR<0.05   (5.8 s)

Load  Ontology Enrichment Analysis ...
 66% 18,930 of 28,738 population items found in association
  AluYa8 / SINE                   179 genes ->    4 terms at FDR<0.1,    3 at FDR<0.05   (5.9 s)

Load  Ontology Enrichment Analysis ...
 66% 18,930 of 28,738 population items found in association
  MER47C / DNA                     70 genes ->    0 terms at FDR<0.1,    0 at FDR<0.05   (5.6 s)

Load  Ontology Enrichment Analysis ...
 66% 18,930 of 28,738 population items found in association
  MER65A / LTR                    121 genes ->    8 terms at FDR<0.1,    8 at FDR<0.05   (5.5 s)

Load  Ontology Enrichment Analysis ...
 66% 18,930 of 28,738 population items found in association
  MER52A / LTR                     53 genes ->    0 terms at FDR<0.1,    0 at FDR<0.05   (5.6 s)

Load  Ontology Enrichment Analysis ...
 66% 18,930 of 28,738 population items found in association
  MER52C / LTR                     29 genes ->    0 terms at FDR<0.1,    0 at FDR<0.05   (5.3 s)

Load  Ontology Enrichment Analysis ...
 66% 18,930 of 28,738 population items found in association
  MER83 / LTR                      60 genes ->    0 terms at FDR<0.1,    0 at FDR<0.05   (5.7 s)

Load  Ontology Enrichment Analysis ...
 66% 18,930 of 28,738 population items found in association
  MER21B / LTR                    221 genes ->    0 terms at FDR<0.1,    0 at FDR<0.05   (5.7 s)

Load  Ontology Enrichment Analysis ...
 66% 18,930 of 28,738 population items found in association
  MER113 / DNA                    401 genes ->    6 terms at FDR<0.1,    6 at FDR<0.05   (6.2 s)

Load  Ontology Enrichment Analysis ...
 66% 18,930 of 28,738 population items found in association
  THE1C / LTR                     376 genes ->    0 terms at FDR<0.1,    0 at FDR<0.05   (6.1 s)

Load  Ontology Enrichment Analysis ...
 66% 18,930 of 28,738 population items found in association
  LTR26C / LTR                     27 genes ->    0 terms at FDR<0.1,    0 at FDR<0.05   (5.5 s)

Load  Ontology Enrichment Analysis ...
 66% 18,930 of 28,738 population items found in association
  LTR42 / LTR                      44 genes ->    9 terms at FDR<0.1,    6 at FDR<0.05   (5.6 s)

Load  Ontology Enrichment Analysis ...
 66% 18,930 of 28,738 population items found in association
  MER4D / LTR                      79 genes ->    0 terms at FDR<0.1,    0 at FDR<0.05   (5.7 s)

Load  Ontology Enrichment Analysis ...
 66% 18,930 of 28,738 population items found in association
  L1M4a2 / LINE                    72 genes ->    0 terms at FDR<0.1,    0 at FDR<0.05   (5.6 s)

Load  Ontology Enrichment Analysis ...
 66% 18,930 of 28,738 population items found in association
  L1M4c / LINE                    175 genes ->    0 terms at FDR<0.1,    0 at FDR<0.05   (5.8 s)

Load  Ontology Enrichment Analysis ...
 66% 18,930 of 28,738 population items found in association
  AluYb9 / SINE                    32 genes ->    0 terms at FDR<0.1,    0 at FDR<0.05   (5.6 s)

Load  Ontology Enrichment Analysis ...
 66% 18,930 of 28,738 population items found in association
  Tigger1a_Art / DNA               11 genes ->    0 terms at FDR<0.1,    0 at FDR<0.05   (5.5 s)

Load  Ontology Enrichment Analysis ...
 66% 18,930 of 28,738 population items found in association
  MER65B / LTR                     19 genes ->    5 terms at FDR<0.1,    3 at FDR<0.05   (5.5 s)

Load  Ontology Enrichment Analysis ...
 66% 18,930 of 28,738 population items found in association
  AluYc3 / SINE                   126 genes ->    0 terms at FDR<0.1,    0 at FDR<0.05   (5.8 s)

Load  Ontology Enrichment Analysis ...
 66% 18,930 of 28,738 population items found in association
  L1MC5 / LINE                  1,436 genes ->    0 terms at FDR<0.1,    0 at FDR<0.05   (7.6 s)

Load  Ontology Enrichment Analysis ...
 66% 18,930 of 28,738 population items found in association
  MER47A / DNA                    205 genes ->    0 terms at FDR<0.1,    0 at FDR<0.05   (6.0 s)

Load  Ontology Enrichment Analysis ...
 66% 18,930 of 28,738 population items found in association
  ORSL-2b / DNA                    85 genes ->    0 terms at FDR<0.1,    0 at FDR<0.05   (5.7 s)
  [250/1143] ORSL-2b

Load  Ontology Enrichment Analysis ...
 66% 18,930 of 28,738 population items found in association
  AluYm1 / SINE                   411 genes ->    0 terms at FDR<0.1,    0 at FDR<0.05   (6.3 s)

Load  Ontology Enrichment Analysis ...
 66% 18,930 of 28,738 population items found in association
  Tigger1 / DNA                   417 genes ->    0 terms at FDR<0.1,    0 at FDR<0.05   (6.0 s)

Load  Ontology Enrichment Analysis ...
 66% 18,930 of 28,738 population items found in association
  AluYi6 / SINE                   103 genes ->    0 terms at FDR<0.1,    0 at FDR<0.05   (5.8 s)

Load  Ontology Enrichment Analysis ...
 66% 18,930 of 28,738 population items found in association
  Tigger16a / DNA                 188 genes ->    0 terms at FDR<0.1,    0 at FDR<0.05   (5.9 s)

Load  Ontology Enrichment Analysis ...
 66% 18,930 of 28,738 population items found in association
  Arthur1A / DNA                  153 genes ->    0 terms at FDR<0.1,    0 at FDR<0.05   (5.8 s)

Load  Ontology Enrichment Analysis ...
 66% 18,930 of 28,738 population items found in association
  L1ME3G / LINE                 1,436 genes ->    2 terms at FDR<0.1,    0 at FDR<0.05   (7.5 s)

Load  Ontology Enrichment Analysis ...
 66% 18,930 of 28,738 population items found in association
  L1MEb / LINE                    134 genes ->    0 terms at FDR<0.1,    0 at FDR<0.05   (5.7 s)

Load  Ontology Enrichment Analysis ...
 66% 18,930 of 28,738 population items found in association
  Tigger15a / DNA                 397 genes ->    0 terms at FDR<0.1,    0 at FDR<0.05   (6.2 s)

Load  Ontology Enrichment Analysis ...
 66% 18,930 of 28,738 population items found in association
  X26_DNA / DNA                    62 genes ->    0 terms at FDR<0.1,    0 at FDR<0.05   (5.6 s)

Load  Ontology Enrichment Analysis ...
 66% 18,930 of 28,738 population items found in association
  Charlie15a / DNA                286 genes ->    3 terms at FDR<0.1,    3 at FDR<0.05   (6.0 s)

Load  Ontology Enrichment Analysis ...
 66% 18,930 of 28,738 population items found in association
  AluYb8 / SINE                   413 genes ->    0 terms at FDR<0.1,    0 at FDR<0.05   (6.3 s)

Load  Ontology Enrichment Analysis ...
 66% 18,930 of 28,738 population items found in association
  Tigger2 / DNA                   125 genes ->   14 terms at FDR<0.1,   11 at FDR<0.05   (5.7 s)

Load  Ontology Enrichment Analysis ...
 66% 18,930 of 28,738 population items found in association
  L1PA16 / LINE                   701 genes ->   11 terms at FDR<0.1,   11 at FDR<0.05   (6.7 s)

Load  Ontology Enrichment Analysis ...
 66% 18,930 of 28,738 population items found in association
  MER119 / DNA                     79 genes ->    0 terms at FDR<0.1,    0 at FDR<0.05   (5.7 s)

Load  Ontology Enrichment Analysis ...
 66% 18,930 of 28,738 population items found in association
  X7B_LINE / LINE                 121 genes ->    0 terms at FDR<0.1,    0 at FDR<0.05   (5.7 s)

Load  Ontology Enrichment Analysis ...
 66% 18,930 of 28,738 population items found in association
  L2d2 / LINE                   1,436 genes ->    2 terms at FDR<0.1,    1 at FDR<0.05   (7.5 s)

Load  Ontology Enrichment Analysis ...
 66% 18,930 of 28,738 population items found in association
  MER1B / DNA                     502 genes ->    0 terms at FDR<0.1,    0 at FDR<0.05   (6.4 s)

Load  Ontology Enrichment Analysis ...
 66% 18,930 of 28,738 population items found in association
  Charlie1 / DNA                  172 genes ->    0 terms at FDR<0.1,    0 at FDR<0.05   (5.7 s)

Load  Ontology Enrichment Analysis ...
 66% 18,930 of 28,738 population items found in association
  ERV3-16A3_I / LTR               200 genes ->    9 terms at FDR<0.1,    9 at FDR<0.05   (6.0 s)

Load  Ontology Enrichment Analysis ...
 66% 18,930 of 28,738 population items found in association
  L1MB2 / LINE                    764 genes ->    2 terms at FDR<0.1,    0 at FDR<0.05   (6.6 s)

Load  Ontology Enrichment Analysis ...
 66% 18,930 of 28,738 population items found in association
  LTR16E1 / LTR                   152 genes ->    1 terms at FDR<0.1,    1 at FDR<0.05   (5.8 s)

Load  Ontology Enrichment Analysis ...
 66% 18,930 of 28,738 population items found in association
  MLT2D / LTR                     213 genes ->    0 terms at FDR<0.1,    0 at FDR<0.05   (5.9 s)

Load  Ontology Enrichment Analysis ...
 66% 18,930 of 28,738 population items found in association
  Charlie2a / DNA                 187 genes ->    0 terms at FDR<0.1,    0 at FDR<0.05   (5.8 s)

Load  Ontology Enrichment Analysis ...
 66% 18,930 of 28,738 population items found in association
  MER81 / DNA                     371 genes ->    2 terms at FDR<0.1,    1 at FDR<0.05   (6.2 s)

Load  Ontology Enrichment Analysis ...
 66% 18,930 of 28,738 population items found in association
  L1MEi / LINE                    238 genes ->    0 terms at FDR<0.1,    0 at FDR<0.05   (5.7 s)
  [275/1143] L1MEi

Load  Ontology Enrichment Analysis ...
 66% 18,930 of 28,738 population items found in association
  MER91B / DNA                    166 genes ->    0 terms at FDR<0.1,    0 at FDR<0.05   (5.8 s)

Load  Ontology Enrichment Analysis ...
 66% 18,930 of 28,738 population items found in association
  MER31A / LTR                    135 genes ->    0 terms at FDR<0.1,    0 at FDR<0.05   (5.7 s)

Load  Ontology Enrichment Analysis ...
 66% 18,930 of 28,738 population items found in association
  MLT1A0 / LTR                  1,042 genes ->    2 terms at FDR<0.1,    2 at FDR<0.05   (7.2 s)

Load  Ontology Enrichment Analysis ...
 66% 18,930 of 28,738 population items found in association
  MSTB / LTR                      488 genes ->    0 terms at FDR<0.1,    0 at FDR<0.05   (6.2 s)

Load  Ontology Enrichment Analysis ...
 66% 18,930 of 28,738 population items found in association
  ERVL-int / LTR                   31 genes ->    0 terms at FDR<0.1,    0 at FDR<0.05   (5.5 s)

Load  Ontology Enrichment Analysis ...
 66% 18,930 of 28,738 population items found in association
  LTR18B / LTR                     30 genes ->    0 terms at FDR<0.1,    0 at FDR<0.05   (5.3 s)

Load  Ontology Enrichment Analysis ...
 66% 18,930 of 28,738 population items found in association
  MLT1C / LTR                     400 genes ->    0 terms at FDR<0.1,    0 at FDR<0.05   (6.3 s)

Load  Ontology Enrichment Analysis ...
 66% 18,930 of 28,738 population items found in association
  Charlie8 / DNA                  407 genes ->    0 terms at FDR<0.1,    0 at FDR<0.05   (6.3 s)

Load  Ontology Enrichment Analysis ...
 66% 18,930 of 28,738 population items found in association
  ERV3-16A3_LTR / LTR              62 genes ->    0 terms at FDR<0.1,    0 at FDR<0.05   (5.6 s)

Load  Ontology Enrichment Analysis ...
 66% 18,930 of 28,738 population items found in association
  LTR81B / LTR                     52 genes ->    0 terms at FDR<0.1,    0 at FDR<0.05   (5.6 s)

Load  Ontology Enrichment Analysis ...
 66% 18,930 of 28,738 population items found in association
  LTR81 / LTR                      11 genes ->    0 terms at FDR<0.1,    0 at FDR<0.05   (5.2 s)

Load  Ontology Enrichment Analysis ...
 66% 18,930 of 28,738 population items found in association
  LTR40b / LTR                     47 genes ->    0 terms at FDR<0.1,    0 at FDR<0.05   (5.6 s)

Load  Ontology Enrichment Analysis ...
 66% 18,930 of 28,738 population items found in association
  MER58B / DNA                    644 genes ->    3 terms at FDR<0.1,    0 at FDR<0.05   (6.7 s)

Load  Ontology Enrichment Analysis ...
 66% 18,930 of 28,738 population items found in association
  MER74A / LTR                     68 genes ->    0 terms at FDR<0.1,    0 at FDR<0.05   (5.6 s)

Load  Ontology Enrichment Analysis ...
 66% 18,930 of 28,738 population items found in association
  MER63A / DNA                    261 genes ->    0 terms at FDR<0.1,    0 at FDR<0.05   (6.0 s)

Load  Ontology Enrichment Analysis ...
 66% 18,930 of 28,738 population items found in association
  LTR52 / LTR                      41 genes ->    0 terms at FDR<0.1,    0 at FDR<0.05   (5.3 s)

Load  Ontology Enrichment Analysis ...
 66% 18,930 of 28,738 population items found in association
  AluYk4 / SINE                   207 genes ->    0 terms at FDR<0.1,    0 at FDR<0.05   (5.9 s)

Load  Ontology Enrichment Analysis ...
 66% 18,930 of 28,738 population items found in association
  MLT-int / LTR                    29 genes ->    4 terms at FDR<0.1,    0 at FDR<0.05   (5.5 s)

Load  Ontology Enrichment Analysis ...
 66% 18,930 of 28,738 population items found in association
  Charlie16 / DNA                 125 genes ->    0 terms at FDR<0.1,    0 at FDR<0.05   (5.7 s)

Load  Ontology Enrichment Analysis ...
 66% 18,930 of 28,738 population items found in association
  MLT2B3 / LTR                    134 genes ->    1 terms at FDR<0.1,    1 at FDR<0.05   (5.6 s)

Load  Ontology Enrichment Analysis ...
 66% 18,930 of 28,738 population items found in association
  Tigger3c / DNA                  150 genes ->    0 terms at FDR<0.1,    0 at FDR<0.05   (5.7 s)

Load  Ontology Enrichment Analysis ...
 66% 18,930 of 28,738 population items found in association
  MER91A / DNA                    397 genes ->    0 terms at FDR<0.1,    0 at FDR<0.05   (6.2 s)

Load  Ontology Enrichment Analysis ...
 66% 18,930 of 28,738 population items found in association
  MLT2B1 / LTR                    181 genes ->    0 terms at FDR<0.1,    0 at FDR<0.05   (5.7 s)

Load  Ontology Enrichment Analysis ...
 66% 18,930 of 28,738 population items found in association
  AluYc / SINE                    379 genes ->    0 terms at FDR<0.1,    0 at FDR<0.05   (6.1 s)

Load  Ontology Enrichment Analysis ...
 66% 18,930 of 28,738 population items found in association
  L1M2 / LINE                     495 genes ->    6 terms at FDR<0.1,    6 at FDR<0.05   (6.4 s)
  [300/1143] L1M2

Load  Ontology Enrichment Analysis ...
 66% 18,930 of 28,738 population items found in association
  MER47B / DNA                     31 genes ->    0 terms at FDR<0.1,    0 at FDR<0.05   (5.5 s)

Load  Ontology Enrichment Analysis ...
 66% 18,930 of 28,738 population items found in association
  AmnSINE2 / SINE                  47 genes ->    0 terms at FDR<0.1,    0 at FDR<0.05   (5.8 s)

Load  Ontology Enrichment Analysis ...
 66% 18,930 of 28,738 population items found in association
  MamRTE1 / LINE                  659 genes ->    0 terms at FDR<0.1,    0 at FDR<0.05   (6.3 s)

Load  Ontology Enrichment Analysis ...
 66% 18,930 of 28,738 population items found in association
  THE1A / LTR                     193 genes ->    0 terms at FDR<0.1,    0 at FDR<0.05   (5.8 s)

Load  Ontology Enrichment Analysis ...
 66% 18,930 of 28,738 population items found in association
  MER45B / DNA                     64 genes ->    0 terms at FDR<0.1,    0 at FDR<0.05   (5.5 s)

Load  Ontology Enrichment Analysis ...
 66% 18,930 of 28,738 population items found in association
  LTR81C / LTR                     32 genes ->    0 terms at FDR<0.1,    0 at FDR<0.05   (5.4 s)

Load  Ontology Enrichment Analysis ...
 66% 18,930 of 28,738 population items found in association
  MLT1J / LTR                     942 genes ->    1 terms at FDR<0.1,    0 at FDR<0.05   (6.9 s)

Load  Ontology Enrichment Analysis ...
 66% 18,930 of 28,738 population items found in association
  Tigger2a / DNA                  214 genes ->    0 terms at FDR<0.1,    0 at FDR<0.05   (5.8 s)

Load  Ontology Enrichment Analysis ...
 66% 18,930 of 28,738 population items found in association
  LTR41C / LTR                     58 genes ->    0 terms at FDR<0.1,    0 at FDR<0.05   (5.5 s)

Load  Ontology Enrichment Analysis ...
 66% 18,930 of 28,738 population items found in association
  OldhAT1 / DNA                   345 genes ->    0 terms at FDR<0.1,    0 at FDR<0.05   (6.1 s)

Load  Ontology Enrichment Analysis ...
 66% 18,930 of 28,738 population items found in association
  MER58C / DNA                    227 genes ->    0 terms at FDR<0.1,    0 at FDR<0.05   (5.9 s)

Load  Ontology Enrichment Analysis ...
 66% 18,930 of 28,738 population items found in association
  Charlie15b / DNA                144 genes ->    0 terms at FDR<0.1,    0 at FDR<0.05   (5.8 s)

Load  Ontology Enrichment Analysis ...
 66% 18,930 of 28,738 population items found in association
  LTR26 / LTR                      66 genes ->    7 terms at FDR<0.1,    7 at FDR<0.05   (5.6 s)

Load  Ontology Enrichment Analysis ...
 66% 18,930 of 28,738 population items found in association
  L1ME3A / LINE                 1,232 genes ->    3 terms at FDR<0.1,    2 at FDR<0.05   (7.2 s)

Load  Ontology Enrichment Analysis ...
 66% 18,930 of 28,738 population items found in association
  LTR40c / LTR                     53 genes ->    0 terms at FDR<0.1,    0 at FDR<0.05   (5.6 s)

Load  Ontology Enrichment Analysis ...
 66% 18,930 of 28,738 population items found in association
  MER34 / LTR                     106 genes ->    7 terms at FDR<0.1,    6 at FDR<0.05   (5.5 s)

Load  Ontology Enrichment Analysis ...
 66% 18,930 of 28,738 population items found in association
  LTR19A / LTR                     31 genes ->    0 terms at FDR<0.1,    0 at FDR<0.05   (5.6 s)

Load  Ontology Enrichment Analysis ...
 66% 18,930 of 28,738 population items found in association
  MER89 / LTR                      87 genes ->    0 terms at FDR<0.1,    0 at FDR<0.05   (5.6 s)

Load  Ontology Enrichment Analysis ...
 66% 18,930 of 28,738 population items found in association
  L1MCc / LINE                    130 genes ->    0 terms at FDR<0.1,    0 at FDR<0.05   (5.7 s)

Load  Ontology Enrichment Analysis ...
 66% 18,930 of 28,738 population items found in association
  AmnSINE1 / SINE                 246 genes ->    0 terms at FDR<0.1,    0 at FDR<0.05   (5.9 s)

Load  Ontology Enrichment Analysis ...
 66% 18,930 of 28,738 population items found in association
  HERVL-int / LTR                  41 genes ->    0 terms at FDR<0.1,    0 at FDR<0.05   (5.5 s)

Load  Ontology Enrichment Analysis ...
 66% 18,930 of 28,738 population items found in association
  LTR27C / LTR                      5 genes ->    0 terms at FDR<0.1,    0 at FDR<0.05   (5.2 s)

Load  Ontology Enrichment Analysis ...
 66% 18,930 of 28,738 population items found in association
  MER117 / DNA                    307 genes ->    0 terms at FDR<0.1,    0 at FDR<0.05   (6.1 s)

Load  Ontology Enrichment Analysis ...
 66% 18,930 of 28,738 population items found in association
  L1M4a1 / LINE                   108 genes ->    0 terms at FDR<0.1,    0 at FDR<0.05   (5.6 s)

Load  Ontology Enrichment Analysis ...
 66% 18,930 of 28,738 population items found in association
  LTR106_Mam / LTR                 42 genes ->    0 terms at FDR<0.1,    0 at FDR<0.05   (5.5 s)
  [325/1143] LTR106_Mam

Load  Ontology Enrichment Analysis ...
 66% 18,930 of 28,738 population items found in association
  LTR12D / LTR                     64 genes ->    1 terms at FDR<0.1,    1 at FDR<0.05   (5.5 s)

Load  Ontology Enrichment Analysis ...
 66% 18,930 of 28,738 population items found in association
  LTR12E / LTR                    157 genes ->    0 terms at FDR<0.1,    0 at FDR<0.05   (5.8 s)

Load  Ontology Enrichment Analysis ...
 66% 18,930 of 28,738 population items found in association
  MER75 / DNA                      20 genes ->    0 terms at FDR<0.1,    0 at FDR<0.05   (5.5 s)

Load  Ontology Enrichment Analysis ...
 66% 18,930 of 28,738 population items found in association
  MLT2B4 / LTR                    137 genes ->    0 terms at FDR<0.1,    0 at FDR<0.05   (5.7 s)

Load  Ontology Enrichment Analysis ...
 66% 18,930 of 28,738 population items found in association
  Tigger17b / DNA                  21 genes ->    2 terms at FDR<0.1,    0 at FDR<0.05   (5.5 s)

Load  Ontology Enrichment Analysis ...
 66% 18,930 of 28,738 population items found in association
  Charlie25 / DNA                  23 genes ->    0 terms at FDR<0.1,    0 at FDR<0.05   (5.5 s)

Load  Ontology Enrichment Analysis ...
 66% 18,930 of 28,738 population items found in association
  MER51A / LTR                    119 genes ->    0 terms at FDR<0.1,    0 at FDR<0.05   (5.7 s)

Load  Ontology Enrichment Analysis ...
 66% 18,930 of 28,738 population items found in association
  MER96 / DNA                     149 genes ->    0 terms at FDR<0.1,    0 at FDR<0.05   (5.7 s)

Load  Ontology Enrichment Analysis ...
 66% 18,930 of 28,738 population items found in association
  AluSq4 / SINE                   240 genes ->    0 terms at FDR<0.1,    0 at FDR<0.05   (5.9 s)

Load  Ontology Enrichment Analysis ...
 66% 18,930 of 28,738 population items found in association
  MER44A / DNA                    189 genes ->    0 terms at FDR<0.1,    0 at FDR<0.05   (5.8 s)

Load  Ontology Enrichment Analysis ...
 66% 18,930 of 28,738 population items found in association
  MLT1E2 / LTR                    220 genes ->    0 terms at FDR<0.1,    0 at FDR<0.05   (5.9 s)

Load  Ontology Enrichment Analysis ...
 66% 18,930 of 28,738 population items found in association
  MER107 / DNA                     23 genes ->    0 terms at FDR<0.1,    0 at FDR<0.05   (5.4 s)

Load  Ontology Enrichment Analysis ...
 66% 18,930 of 28,738 population items found in association
  Arthur1C / DNA                   61 genes ->    1 terms at FDR<0.1,    1 at FDR<0.05   (5.6 s)

Load  Ontology Enrichment Analysis ...
 66% 18,930 of 28,738 population items found in association
  MER45C / DNA                     70 genes ->    0 terms at FDR<0.1,    0 at FDR<0.05   (5.6 s)

Load  Ontology Enrichment Analysis ...
 66% 18,930 of 28,738 population items found in association
  MER121 / DNA                     44 genes ->    0 terms at FDR<0.1,    0 at FDR<0.05   (5.5 s)

Load  Ontology Enrichment Analysis ...
 66% 18,930 of 28,738 population items found in association
  L1PA12 / LINE                   119 genes ->    0 terms at FDR<0.1,    0 at FDR<0.05   (5.7 s)

Load  Ontology Enrichment Analysis ...
 66% 18,930 of 28,738 population items found in association
  LTR16A1 / LTR                   142 genes ->    0 terms at FDR<0.1,    0 at FDR<0.05   (5.7 s)

Load  Ontology Enrichment Analysis ...
 66% 18,930 of 28,738 population items found in association
  L1MDa / LINE                    274 genes ->    0 terms at FDR<0.1,    0 at FDR<0.05   (6.0 s)

Load  Ontology Enrichment Analysis ...
 66% 18,930 of 28,738 population items found in association
  L1MA4A / LINE                   283 genes ->    0 terms at FDR<0.1,    0 at FDR<0.05   (6.0 s)

Load  Ontology Enrichment Analysis ...
 66% 18,930 of 28,738 population items found in association
  L1ME3Cz / LINE                1,041 genes ->    0 terms at FDR<0.1,    0 at FDR<0.05   (7.1 s)

Load  Ontology Enrichment Analysis ...
 66% 18,930 of 28,738 population items found in association
  L1ME2z / LINE                   685 genes ->    0 terms at FDR<0.1,    0 at FDR<0.05   (6.6 s)

Load  Ontology Enrichment Analysis ...
 66% 18,930 of 28,738 population items found in association
  L1PA15 / LINE                   406 genes ->    7 terms at FDR<0.1,    7 at FDR<0.05   (6.2 s)

Load  Ontology Enrichment Analysis ...
 66% 18,930 of 28,738 population items found in association
  Eulor10 / DNA                     1 genes ->    0 terms at FDR<0.1,    0 at FDR<0.05   (5.4 s)

Load  Ontology Enrichment Analysis ...
 66% 18,930 of 28,738 population items found in association
  AmnL2-1 / LINE                  187 genes ->    0 terms at FDR<0.1,    0 at FDR<0.05   (5.9 s)

Load  Ontology Enrichment Analysis ...
 66% 18,930 of 28,738 population items found in association
  X30_DNA / DNA                    45 genes ->    0 terms at FDR<0.1,    0 at FDR<0.05   (5.6 s)
  [350/1143] X30_DNA

Load  Ontology Enrichment Analysis ...
 66% 18,930 of 28,738 population items found in association
  L1MC2 / LINE                    429 genes ->   12 terms at FDR<0.1,    9 at FDR<0.05   (6.3 s)

Load  Ontology Enrichment Analysis ...
 66% 18,930 of 28,738 population items found in association
  MamTip2b / DNA                  478 genes ->    0 terms at FDR<0.1,    0 at FDR<0.05   (6.5 s)

Load  Ontology Enrichment Analysis ...
 66% 18,930 of 28,738 population items found in association
  Tigger17a / DNA                 156 genes ->    0 terms at FDR<0.1,    0 at FDR<0.05   (5.9 s)

Load  Ontology Enrichment Analysis ...
 66% 18,930 of 28,738 population items found in association
  MamSINE1 / SINE                 437 genes ->    0 terms at FDR<0.1,    0 at FDR<0.05   (6.3 s)

Load  Ontology Enrichment Analysis ...
 66% 18,930 of 28,738 population items found in association
  L1ME3C / LINE                   246 genes ->    0 terms at FDR<0.1,    0 at FDR<0.05   (6.1 s)

Load  Ontology Enrichment Analysis ...
 66% 18,930 of 28,738 population items found in association
  L1PB4 / LINE                    527 genes ->    4 terms at FDR<0.1,    0 at FDR<0.05   (6.5 s)

Load  Ontology Enrichment Analysis ...
 66% 18,930 of 28,738 population items found in association
  L1MEh / LINE                    153 genes ->    1 terms at FDR<0.1,    1 at FDR<0.05   (5.8 s)

Load  Ontology Enrichment Analysis ...
 66% 18,930 of 28,738 population items found in association
  L1MA5A / LINE                   239 genes ->    5 terms at FDR<0.1,    5 at FDR<0.05   (5.9 s)

Load  Ontology Enrichment Analysis ...
 66% 18,930 of 28,738 population items found in association
  LTR10B2 / LTR                    20 genes ->    1 terms at FDR<0.1,    0 at FDR<0.05   (5.4 s)

Load  Ontology Enrichment Analysis ...
 66% 18,930 of 28,738 population items found in association
  LTR21C / LTR                      3 genes ->    0 terms at FDR<0.1,    0 at FDR<0.05   (5.5 s)

Load  Ontology Enrichment Analysis ...
 66% 18,930 of 28,738 population items found in association
  LTR62 / LTR                      29 genes ->    0 terms at FDR<0.1,    0 at FDR<0.05   (5.6 s)

Load  Ontology Enrichment Analysis ...
 66% 18,930 of 28,738 population items found in association
  MER44C / DNA                     90 genes ->    0 terms at FDR<0.1,    0 at FDR<0.05   (5.6 s)

Load  Ontology Enrichment Analysis ...
 66% 18,930 of 28,738 population items found in association
  Charlie4a / DNA                 280 genes ->    1 terms at FDR<0.1,    1 at FDR<0.05   (6.1 s)

Load  Ontology Enrichment Analysis ...
 66% 18,930 of 28,738 population items found in association
  MER34C2 / LTR                    50 genes ->    0 terms at FDR<0.1,    0 at FDR<0.05   (5.6 s)

Load  Ontology Enrichment Analysis ...
 66% 18,930 of 28,738 population items found in association
  MER34B-int / LTR                 29 genes ->    0 terms at FDR<0.1,    0 at FDR<0.05   (5.5 s)

Load  Ontology Enrichment Analysis ...
 66% 18,930 of 28,738 population items found in association
  MER31-int / LTR                  31 genes ->    0 terms at FDR<0.1,    0 at FDR<0.05   (5.6 s)

Load  Ontology Enrichment Analysis ...
 66% 18,930 of 28,738 population items found in association
  MER39 / LTR                     210 genes ->    0 terms at FDR<0.1,    0 at FDR<0.05   (5.8 s)

Load  Ontology Enrichment Analysis ...
 66% 18,930 of 28,738 population items found in association
  Harlequin-int / LTR              40 genes ->    0 terms at FDR<0.1,    0 at FDR<0.05   (5.6 s)

Load  Ontology Enrichment Analysis ...
 66% 18,930 of 28,738 population items found in association
  Helitron3Na_Mam / RC             73 genes ->    0 terms at FDR<0.1,    0 at FDR<0.05   (5.5 s)

Load  Ontology Enrichment Analysis ...
 66% 18,930 of 28,738 population items found in association
  LTR5B / LTR                     105 genes ->    2 terms at FDR<0.1,    1 at FDR<0.05   (5.7 s)

Load  Ontology Enrichment Analysis ...
 66% 18,930 of 28,738 population items found in association
  LTR45C / LTR                     65 genes ->    0 terms at FDR<0.1,    0 at FDR<0.05   (5.6 s)

Load  Ontology Enrichment Analysis ...
 66% 18,930 of 28,738 population items found in association
  Tigger3d / DNA                   41 genes ->    0 terms at FDR<0.1,    0 at FDR<0.05   (5.5 s)

Load  Ontology Enrichment Analysis ...
 66% 18,930 of 28,738 population items found in association
  LTR8A / LTR                     115 genes ->    0 terms at FDR<0.1,    0 at FDR<0.05   (5.6 s)

Load  Ontology Enrichment Analysis ...
 66% 18,930 of 28,738 population items found in association
  HERVK13-int / LTR                 6 genes ->    0 terms at FDR<0.1,    0 at FDR<0.05   (5.4 s)

Load  Ontology Enrichment Analysis ...
 66% 18,930 of 28,738 population items found in association
  LTR38 / LTR                      16 genes ->    0 terms at FDR<0.1,    0 at FDR<0.05   (5.4 s)
  [375/1143] LTR38

Load  Ontology Enrichment Analysis ...
 66% 18,930 of 28,738 population items found in association
  LTR3B_v / LTR                    17 genes ->    0 terms at FDR<0.1,    0 at FDR<0.05   (5.4 s)

Load  Ontology Enrichment Analysis ...
 66% 18,930 of 28,738 population items found in association
  MLT1E1 / LTR                     68 genes ->    0 terms at FDR<0.1,    0 at FDR<0.05   (5.5 s)

Load  Ontology Enrichment Analysis ...
 66% 18,930 of 28,738 population items found in association
  LTR78B / LTR                    123 genes ->    0 terms at FDR<0.1,    0 at FDR<0.05   (5.7 s)

Load  Ontology Enrichment Analysis ...
 66% 18,930 of 28,738 population items found in association
  L1MB1 / LINE                    279 genes ->    0 terms at FDR<0.1,    0 at FDR<0.05   (5.9 s)

Load  Ontology Enrichment Analysis ...
 66% 18,930 of 28,738 population items found in association
  Tigger4a / DNA                  294 genes ->    0 terms at FDR<0.1,    0 at FDR<0.05   (6.0 s)

Load  Ontology Enrichment Analysis ...
 66% 18,930 of 28,738 population items found in association
  L1MD2 / LINE                    774 genes ->    0 terms at FDR<0.1,    0 at FDR<0.05   (6.7 s)

Load  Ontology Enrichment Analysis ...
 66% 18,930 of 28,738 population items found in association
  MER115 / DNA                    180 genes ->    0 terms at FDR<0.1,    0 at FDR<0.05   (5.8 s)

Load  Ontology Enrichment Analysis ...
 66% 18,930 of 28,738 population items found in association
  MER77 / LTR                      76 genes ->    0 terms at FDR<0.1,    0 at FDR<0.05   (5.6 s)

Load  Ontology Enrichment Analysis ...
 66% 18,930 of 28,738 population items found in association
  MADE2 / DNA                     270 genes ->    0 terms at FDR<0.1,    0 at FDR<0.05   (5.9 s)

Load  Ontology Enrichment Analysis ...
 66% 18,930 of 28,738 population items found in association
  LTR3A / LTR                      37 genes ->    0 terms at FDR<0.1,    0 at FDR<0.05   (5.5 s)

Load  Ontology Enrichment Analysis ...
 66% 18,930 of 28,738 population items found in association
  MER77B / LTR                     54 genes ->    0 terms at FDR<0.1,    0 at FDR<0.05   (5.5 s)

Load  Ontology Enrichment Analysis ...
 66% 18,930 of 28,738 population items found in association
  LTR33C / LTR                     32 genes ->    0 terms at FDR<0.1,    0 at FDR<0.05   (5.5 s)

Load  Ontology Enrichment Analysis ...
 66% 18,930 of 28,738 population items found in association
  Kanga1a / DNA                    42 genes ->    0 terms at FDR<0.1,    0 at FDR<0.05   (5.3 s)

Load  Ontology Enrichment Analysis ...
 66% 18,930 of 28,738 population items found in association
  MLT2B2 / LTR                    103 genes ->    5 terms at FDR<0.1,    5 at FDR<0.05   (5.6 s)

Load  Ontology Enrichment Analysis ...
 66% 18,930 of 28,738 population items found in association
  LTR40A1 / LTR                    20 genes ->    0 terms at FDR<0.1,    0 at FDR<0.05   (5.4 s)

Load  Ontology Enrichment Analysis ...
 66% 18,930 of 28,738 population items found in association
  HERVL40-int / LTR                44 genes ->    2 terms at FDR<0.1,    1 at FDR<0.05   (5.4 s)

Load  Ontology Enrichment Analysis ...
 66% 18,930 of 28,738 population items found in association
  MLT1L / LTR                     672 genes ->    1 terms at FDR<0.1,    1 at FDR<0.05   (6.6 s)

Load  Ontology Enrichment Analysis ...
 66% 18,930 of 28,738 population items found in association
  MER85 / DNA                      70 genes ->    0 terms at FDR<0.1,    0 at FDR<0.05   (5.6 s)

Load  Ontology Enrichment Analysis ...
 66% 18,930 of 28,738 population items found in association
  MLT1J1 / LTR                    241 genes ->    1 terms at FDR<0.1,    1 at FDR<0.05   (5.9 s)

Load  Ontology Enrichment Analysis ...
 66% 18,930 of 28,738 population items found in association
  MER92B / LTR                     95 genes ->   13 terms at FDR<0.1,   10 at FDR<0.05   (5.6 s)

Load  Ontology Enrichment Analysis ...
 66% 18,930 of 28,738 population items found in association
  LTR10E / LTR                     29 genes ->    0 terms at FDR<0.1,    0 at FDR<0.05   (5.5 s)

Load  Ontology Enrichment Analysis ...
 66% 18,930 of 28,738 population items found in association
  MER34A / LTR                     87 genes ->    0 terms at FDR<0.1,    0 at FDR<0.05   (5.6 s)

Load  Ontology Enrichment Analysis ...
 66% 18,930 of 28,738 population items found in association
  MER63C / DNA                     62 genes ->    0 terms at FDR<0.1,    0 at FDR<0.05   (5.5 s)

Load  Ontology Enrichment Analysis ...
 66% 18,930 of 28,738 population items found in association
  LTR16E2 / LTR                   100 genes ->    0 terms at FDR<0.1,    0 at FDR<0.05   (5.6 s)

Load  Ontology Enrichment Analysis ...
 66% 18,930 of 28,738 population items found in association
  MER91C / DNA                    178 genes ->    0 terms at FDR<0.1,    0 at FDR<0.05   (5.8 s)
  [400/1143] MER91C

Load  Ontology Enrichment Analysis ...
 66% 18,930 of 28,738 population items found in association
  MLT1E1A / LTR                   146 genes ->    0 terms at FDR<0.1,    0 at FDR<0.05   (5.7 s)

Load  Ontology Enrichment Analysis ...
 66% 18,930 of 28,738 population items found in association
  L1PA13 / LINE                   472 genes ->   12 terms at FDR<0.1,   10 at FDR<0.05   (6.3 s)

Load  Ontology Enrichment Analysis ...
 66% 18,930 of 28,738 population items found in association
  Kanga1b / DNA                    28 genes ->    0 terms at FDR<0.1,    0 at FDR<0.05   (5.5 s)

Load  Ontology Enrichment Analysis ...
 66% 18,930 of 28,738 population items found in association
  L4_B_Mam / LINE                 313 genes ->    0 terms at FDR<0.1,    0 at FDR<0.05   (6.0 s)

Load  Ontology Enrichment Analysis ...
 66% 18,930 of 28,738 population items found in association
  MLT1F1 / LTR                    195 genes ->   11 terms at FDR<0.1,    9 at FDR<0.05   (5.8 s)

Load  Ontology Enrichment Analysis ...
 66% 18,930 of 28,738 population items found in association
  L1ME5 / LINE                    337 genes ->    0 terms at FDR<0.1,    0 at FDR<0.05   (6.1 s)

Load  Ontology Enrichment Analysis ...
 66% 18,930 of 28,738 population items found in association
  MamRep4096 / DNA                161 genes ->    0 terms at FDR<0.1,    0 at FDR<0.05   (5.8 s)

Load  Ontology Enrichment Analysis ...
 66% 18,930 of 28,738 population items found in association
  L1MA9 / LINE                    879 genes ->    8 terms at FDR<0.1,    8 at FDR<0.05   (6.8 s)

Load  Ontology Enrichment Analysis ...
 66% 18,930 of 28,738 population items found in association
  LTR85c / LTR                     62 genes ->    0 terms at FDR<0.1,    0 at FDR<0.05   (5.5 s)

Load  Ontology Enrichment Analysis ...
 66% 18,930 of 28,738 population items found in association
  L1P2 / LINE                      65 genes ->    4 terms at FDR<0.1,    3 at FDR<0.05   (5.6 s)

Load  Ontology Enrichment Analysis ...
 66% 18,930 of 28,738 population items found in association
  LTR85a / LTR                    103 genes ->    3 terms at FDR<0.1,    3 at FDR<0.05   (5.6 s)

Load  Ontology Enrichment Analysis ...
 66% 18,930 of 28,738 population items found in association
  Tigger19a / DNA                 385 genes ->    1 terms at FDR<0.1,    1 at FDR<0.05   (6.2 s)

Load  Ontology Enrichment Analysis ...
 66% 18,930 of 28,738 population items found in association
  HAL1ME / LINE                   418 genes ->    0 terms at FDR<0.1,    0 at FDR<0.05   (6.2 s)

Load  Ontology Enrichment Analysis ...
 66% 18,930 of 28,738 population items found in association
  LTR24C / LTR                     31 genes ->    7 terms at FDR<0.1,    6 at FDR<0.05   (5.4 s)

Load  Ontology Enrichment Analysis ...
 66% 18,930 of 28,738 population items found in association
  L1MA1 / LINE                    239 genes ->    6 terms at FDR<0.1,    6 at FDR<0.05   (5.8 s)

Load  Ontology Enrichment Analysis ...
 66% 18,930 of 28,738 population items found in association
  MSTC / LTR                      209 genes ->    0 terms at FDR<0.1,    0 at FDR<0.05   (5.6 s)

Load  Ontology Enrichment Analysis ...
 66% 18,930 of 28,738 population items found in association
  MER21A / LTR                    157 genes ->    1 terms at FDR<0.1,    0 at FDR<0.05   (5.8 s)

Load  Ontology Enrichment Analysis ...
 66% 18,930 of 28,738 population items found in association
  X6a_DNA / DNA                    91 genes ->    1 terms at FDR<0.1,    0 at FDR<0.05   (5.5 s)

Load  Ontology Enrichment Analysis ...
 66% 18,930 of 28,738 population items found in association
  MLT1J2 / LTR                    351 genes ->    0 terms at FDR<0.1,    0 at FDR<0.05   (6.3 s)

Load  Ontology Enrichment Analysis ...
 66% 18,930 of 28,738 population items found in association
  MLT2A2 / LTR                     59 genes ->    0 terms at FDR<0.1,    0 at FDR<0.05   (5.6 s)

Load  Ontology Enrichment Analysis ...
 66% 18,930 of 28,738 population items found in association
  MER48 / LTR                      17 genes ->    0 terms at FDR<0.1,    0 at FDR<0.05   (5.5 s)

Load  Ontology Enrichment Analysis ...
 66% 18,930 of 28,738 population items found in association
  HERVH-int / LTR                  51 genes ->    0 terms at FDR<0.1,    0 at FDR<0.05   (5.6 s)

Load  Ontology Enrichment Analysis ...
 66% 18,930 of 28,738 population items found in association
  L1MCa / LINE                    252 genes ->    1 terms at FDR<0.1,    1 at FDR<0.05   (6.0 s)

Load  Ontology Enrichment Analysis ...
 66% 18,930 of 28,738 population items found in association
  LTR7Y / LTR                      18 genes ->    0 terms at FDR<0.1,    0 at FDR<0.05   (5.5 s)

Load  Ontology Enrichment Analysis ...
 66% 18,930 of 28,738 population items found in association
  L1PA17 / LINE                   328 genes ->    0 terms at FDR<0.1,    0 at FDR<0.05   (6.0 s)
  [425/1143] L1PA17

Load  Ontology Enrichment Analysis ...
 66% 18,930 of 28,738 population items found in association
  LTR53B / LTR                     14 genes ->    0 terms at FDR<0.1,    0 at FDR<0.05   (5.4 s)

Load  Ontology Enrichment Analysis ...
 66% 18,930 of 28,738 population items found in association
  MER4A1_v / LTR                   26 genes ->    0 terms at FDR<0.1,    0 at FDR<0.05   (5.4 s)

Load  Ontology Enrichment Analysis ...
 66% 18,930 of 28,738 population items found in association
  L1ME3E / LINE                   349 genes ->    0 terms at FDR<0.1,    0 at FDR<0.05   (6.1 s)

Load  Ontology Enrichment Analysis ...
 66% 18,930 of 28,738 population items found in association
  MER61B / LTR                     21 genes ->    0 terms at FDR<0.1,    0 at FDR<0.05   (5.5 s)

Load  Ontology Enrichment Analysis ...
 66% 18,930 of 28,738 population items found in association
  LTR16 / LTR                     122 genes ->    0 terms at FDR<0.1,    0 at FDR<0.05   (5.7 s)

Load  Ontology Enrichment Analysis ...
 66% 18,930 of 28,738 population items found in association
  FAM / SINE                      233 genes ->    0 terms at FDR<0.1,    0 at FDR<0.05   (5.9 s)

Load  Ontology Enrichment Analysis ...
 66% 18,930 of 28,738 population items found in association
  LOR1a / LTR                      50 genes ->    0 terms at FDR<0.1,    0 at FDR<0.05   (5.5 s)

Load  Ontology Enrichment Analysis ...
 66% 18,930 of 28,738 population items found in association
  LTR33A_v / LTR                  106 genes ->    3 terms at FDR<0.1,    2 at FDR<0.05   (5.7 s)

Load  Ontology Enrichment Analysis ...
 66% 18,930 of 28,738 population items found in association
  MER57B1 / LTR                    64 genes ->    0 terms at FDR<0.1,    0 at FDR<0.05   (5.4 s)

Load  Ontology Enrichment Analysis ...
 66% 18,930 of 28,738 population items found in association
  LTR16A2 / LTR                    98 genes ->    0 terms at FDR<0.1,    0 at FDR<0.05   (5.8 s)

Load  Ontology Enrichment Analysis ...
 66% 18,930 of 28,738 population items found in association
  LTR53 / LTR                      39 genes ->    0 terms at FDR<0.1,    0 at FDR<0.05   (5.3 s)

Load  Ontology Enrichment Analysis ...
 66% 18,930 of 28,738 population items found in association
  X17_LINE / LINE                  64 genes ->    0 terms at FDR<0.1,    0 at FDR<0.05   (5.6 s)

Load  Ontology Enrichment Analysis ...
 66% 18,930 of 28,738 population items found in association
  MER90a / LTR                    101 genes ->    0 terms at FDR<0.1,    0 at FDR<0.05   (5.6 s)

Load  Ontology Enrichment Analysis ...
 66% 18,930 of 28,738 population items found in association
  LTR50 / LTR                     137 genes ->    0 terms at FDR<0.1,    0 at FDR<0.05   (5.7 s)

Load  Ontology Enrichment Analysis ...
 66% 18,930 of 28,738 population items found in association
  LTR1A2 / LTR                     57 genes ->    0 terms at FDR<0.1,    0 at FDR<0.05   (5.6 s)

Load  Ontology Enrichment Analysis ...
 66% 18,930 of 28,738 population items found in association
  LTR89B / LTR                     30 genes ->    0 terms at FDR<0.1,    0 at FDR<0.05   (5.6 s)

Load  Ontology Enrichment Analysis ...
 66% 18,930 of 28,738 population items found in association
  MER11A / LTR                     58 genes ->    6 terms at FDR<0.1,    3 at FDR<0.05   (5.7 s)

Load  Ontology Enrichment Analysis ...
 66% 18,930 of 28,738 population items found in association
  LTR81AB / LTR                    13 genes ->    0 terms at FDR<0.1,    0 at FDR<0.05   (5.5 s)

Load  Ontology Enrichment Analysis ...
 66% 18,930 of 28,738 population items found in association
  LTR1B1 / LTR                      6 genes ->    0 terms at FDR<0.1,    0 at FDR<0.05   (5.5 s)

Load  Ontology Enrichment Analysis ...
 66% 18,930 of 28,738 population items found in association
  MER61D / LTR                     14 genes ->    0 terms at FDR<0.1,    0 at FDR<0.05   (5.5 s)

Load  Ontology Enrichment Analysis ...
 66% 18,930 of 28,738 population items found in association
  MER61A / LTR                     34 genes ->    0 terms at FDR<0.1,    0 at FDR<0.05   (5.5 s)

Load  Ontology Enrichment Analysis ...
 66% 18,930 of 28,738 population items found in association
  Arthur1 / DNA                   170 genes ->    0 terms at FDR<0.1,    0 at FDR<0.05   (5.8 s)

Load  Ontology Enrichment Analysis ...
 66% 18,930 of 28,738 population items found in association
  X7A_LINE / LINE                 159 genes ->    2 terms at FDR<0.1,    2 at FDR<0.05   (5.8 s)

Load  Ontology Enrichment Analysis ...
 66% 18,930 of 28,738 population items found in association
  LTR8 / LTR                      307 genes ->    0 terms at FDR<0.1,    0 at FDR<0.05   (6.1 s)

Load  Ontology Enrichment Analysis ...
 66% 18,930 of 28,738 population items found in association
  Eutr15 / DNA                     24 genes ->    1 terms at FDR<0.1,    1 at FDR<0.05   (5.6 s)
  [450/1143] Eutr15

Load  Ontology Enrichment Analysis ...
 66% 18,930 of 28,738 population items found in association
  MLT2C1 / LTR                    126 genes ->    0 terms at FDR<0.1,    0 at FDR<0.05   (5.5 s)

Load  Ontology Enrichment Analysis ...
 66% 18,930 of 28,738 population items found in association
  MamRep434 / DNA                 136 genes ->    0 terms at FDR<0.1,    0 at FDR<0.05   (5.8 s)

Load  Ontology Enrichment Analysis ...
 66% 18,930 of 28,738 population items found in association
  L1PB2 / LINE                    198 genes ->    0 terms at FDR<0.1,    0 at FDR<0.05   (5.9 s)

Load  Ontology Enrichment Analysis ...
 66% 18,930 of 28,738 population items found in association
  L1P3 / LINE                     202 genes ->    5 terms at FDR<0.1,    3 at FDR<0.05   (5.7 s)

Load  Ontology Enrichment Analysis ...
 66% 18,930 of 28,738 population items found in association
  EUTREP8 / LTR                    23 genes ->    0 terms at FDR<0.1,    0 at FDR<0.05   (5.5 s)

Load  Ontology Enrichment Analysis ...
 66% 18,930 of 28,738 population items found in association
  CR1_Mam / LINE                  207 genes ->    0 terms at FDR<0.1,    0 at FDR<0.05   (5.6 s)

Load  Ontology Enrichment Analysis ...
 66% 18,930 of 28,738 population items found in association
  MER45R / DNA                     34 genes ->    0 terms at FDR<0.1,    0 at FDR<0.05   (5.4 s)

Load  Ontology Enrichment Analysis ...
 66% 18,930 of 28,738 population items found in association
  MamTip1 / DNA                   104 genes ->    0 terms at FDR<0.1,    0 at FDR<0.05   (5.7 s)

Load  Ontology Enrichment Analysis ...
 66% 18,930 of 28,738 population items found in association
  LTR101_Mam / LTR                 42 genes ->    3 terms at FDR<0.1,    3 at FDR<0.05   (5.5 s)

Load  Ontology Enrichment Analysis ...
 66% 18,930 of 28,738 population items found in association
  X6B_LINE / LINE                  69 genes ->    0 terms at FDR<0.1,    0 at FDR<0.05   (5.8 s)

Load  Ontology Enrichment Analysis ...
 66% 18,930 of 28,738 population items found in association
  MLT1G / LTR                     183 genes ->    0 terms at FDR<0.1,    0 at FDR<0.05   (5.6 s)

Load  Ontology Enrichment Analysis ...
 66% 18,930 of 28,738 population items found in association
  Tigger11a / DNA                  29 genes ->    0 terms at FDR<0.1,    0 at FDR<0.05   (5.4 s)

Load  Ontology Enrichment Analysis ...
 66% 18,930 of 28,738 population items found in association
  MER110 / LTR                     39 genes ->    0 terms at FDR<0.1,    0 at FDR<0.05   (5.4 s)

Load  Ontology Enrichment Analysis ...
 66% 18,930 of 28,738 population items found in association
  Plat_L3 / LINE                  341 genes ->    0 terms at FDR<0.1,    0 at FDR<0.05   (6.1 s)

Load  Ontology Enrichment Analysis ...
 66% 18,930 of 28,738 population items found in association
  MLT1N2 / LTR                    423 genes ->    4 terms at FDR<0.1,    3 at FDR<0.05   (6.2 s)

Load  Ontology Enrichment Analysis ...
 66% 18,930 of 28,738 population items found in association
  LTR66 / LTR                      32 genes ->    0 terms at FDR<0.1,    0 at FDR<0.05   (5.5 s)

Load  Ontology Enrichment Analysis ...
 66% 18,930 of 28,738 population items found in association
  MER54B / LTR                     39 genes ->    2 terms at FDR<0.1,    2 at FDR<0.05   (5.5 s)

Load  Ontology Enrichment Analysis ...
 66% 18,930 of 28,738 population items found in association
  L2-1_AMi / LINE                 128 genes ->    0 terms at FDR<0.1,    0 at FDR<0.05   (5.7 s)

Load  Ontology Enrichment Analysis ...
 66% 18,930 of 28,738 population items found in association
  BLACKJACK / DNA                  53 genes ->    0 terms at FDR<0.1,    0 at FDR<0.05   (5.4 s)

Load  Ontology Enrichment Analysis ...
 66% 18,930 of 28,738 population items found in association
  MER70A / LTR                     32 genes ->    0 terms at FDR<0.1,    0 at FDR<0.05   (5.5 s)

Load  Ontology Enrichment Analysis ...
 66% 18,930 of 28,738 population items found in association
  MLT1E / LTR                      38 genes ->    0 terms at FDR<0.1,    0 at FDR<0.05   (5.5 s)

Load  Ontology Enrichment Analysis ...
 66% 18,930 of 28,738 population items found in association
  L1ME3F / LINE                   328 genes ->    1 terms at FDR<0.1,    1 at FDR<0.05   (6.0 s)

Load  Ontology Enrichment Analysis ...
 66% 18,930 of 28,738 population items found in association
  L1MD1 / LINE                    329 genes ->    1 terms at FDR<0.1,    1 at FDR<0.05   (6.1 s)

Load  Ontology Enrichment Analysis ...
 66% 18,930 of 28,738 population items found in association
  MamGypsy2-I / LTR                63 genes ->    0 terms at FDR<0.1,    0 at FDR<0.05   (5.6 s)

Load  Ontology Enrichment Analysis ...
 66% 18,930 of 28,738 population items found in association
  LTR90B / LTR                     28 genes ->    0 terms at FDR<0.1,    0 at FDR<0.05   (5.5 s)
  [475/1143] LTR90B

Load  Ontology Enrichment Analysis ...
 66% 18,930 of 28,738 population items found in association
  MER20B / DNA                    340 genes ->    4 terms at FDR<0.1,    4 at FDR<0.05   (6.2 s)

Load  Ontology Enrichment Analysis ...
 66% 18,930 of 28,738 population items found in association
  LTR16D / LTR                     52 genes ->    0 terms at FDR<0.1,    0 at FDR<0.05   (5.6 s)

Load  Ontology Enrichment Analysis ...
 66% 18,930 of 28,738 population items found in association
  MLT1F / LTR                     318 genes ->    0 terms at FDR<0.1,    0 at FDR<0.05   (6.1 s)

Load  Ontology Enrichment Analysis ...
 66% 18,930 of 28,738 population items found in association
  LTR24 / LTR                      49 genes ->    6 terms at FDR<0.1,    6 at FDR<0.05   (5.6 s)

Load  Ontology Enrichment Analysis ...
 66% 18,930 of 28,738 population items found in association
  LTR24B / LTR                     62 genes ->    0 terms at FDR<0.1,    0 at FDR<0.05   (5.6 s)

Load  Ontology Enrichment Analysis ...
 66% 18,930 of 28,738 population items found in association
  MER57A1 / LTR                    69 genes ->    0 terms at FDR<0.1,    0 at FDR<0.05   (5.6 s)

Load  Ontology Enrichment Analysis ...
 66% 18,930 of 28,738 population items found in association
  LTR10C / LTR                     73 genes ->    0 terms at FDR<0.1,    0 at FDR<0.05   (5.3 s)

Load  Ontology Enrichment Analysis ...
 66% 18,930 of 28,738 population items found in association
  MER45A / DNA                    377 genes ->    0 terms at FDR<0.1,    0 at FDR<0.05   (6.2 s)

Load  Ontology Enrichment Analysis ...
 66% 18,930 of 28,738 population items found in association
  MADE1 / DNA                     594 genes ->    1 terms at FDR<0.1,    0 at FDR<0.05   (6.2 s)

Load  Ontology Enrichment Analysis ...
 66% 18,930 of 28,738 population items found in association
  MLT2A1 / LTR                    112 genes ->    0 terms at FDR<0.1,    0 at FDR<0.05   (5.6 s)

Load  Ontology Enrichment Analysis ...
 66% 18,930 of 28,738 population items found in association
  LTR48B / LTR                     73 genes ->    0 terms at FDR<0.1,    0 at FDR<0.05   (5.5 s)

Load  Ontology Enrichment Analysis ...
 66% 18,930 of 28,738 population items found in association
  MLT2B5 / LTR                     53 genes ->    0 terms at FDR<0.1,    0 at FDR<0.05   (5.5 s)

Load  Ontology Enrichment Analysis ...
 66% 18,930 of 28,738 population items found in association
  MER70B / LTR                     31 genes ->    4 terms at FDR<0.1,    2 at FDR<0.05   (5.5 s)

Load  Ontology Enrichment Analysis ...
 66% 18,930 of 28,738 population items found in association
  L1PREC2 / LINE                  503 genes ->   14 terms at FDR<0.1,   13 at FDR<0.05   (6.1 s)

Load  Ontology Enrichment Analysis ...
 66% 18,930 of 28,738 population items found in association
  HAL1b / LINE                    280 genes ->    0 terms at FDR<0.1,    0 at FDR<0.05   (6.0 s)

Load  Ontology Enrichment Analysis ...
 66% 18,930 of 28,738 population items found in association
  MER121B / DNA                     3 genes ->    0 terms at FDR<0.1,    0 at FDR<0.05   (5.4 s)

Load  Ontology Enrichment Analysis ...
 66% 18,930 of 28,738 population items found in association
  LFSINE_Vert / SINE              182 genes ->    0 terms at FDR<0.1,    0 at FDR<0.05   (5.7 s)

Load  Ontology Enrichment Analysis ...
 66% 18,930 of 28,738 population items found in association
  Tigger9b / DNA                   30 genes ->    0 terms at FDR<0.1,    0 at FDR<0.05   (5.4 s)

Load  Ontology Enrichment Analysis ...
 66% 18,930 of 28,738 population items found in association
  Kanga2_a / DNA                   83 genes ->    0 terms at FDR<0.1,    0 at FDR<0.05   (5.6 s)

Load  Ontology Enrichment Analysis ...
 66% 18,930 of 28,738 population items found in association
  MamRep1527 / LTR                 44 genes ->    0 terms at FDR<0.1,    0 at FDR<0.05   (5.5 s)

Load  Ontology Enrichment Analysis ...
 66% 18,930 of 28,738 population items found in association
  Tigger23a / DNA                  51 genes ->    2 terms at FDR<0.1,    0 at FDR<0.05   (5.5 s)

Load  Ontology Enrichment Analysis ...
 66% 18,930 of 28,738 population items found in association
  MamGypLTR1a / LTR                68 genes ->    0 terms at FDR<0.1,    0 at FDR<0.05   (5.5 s)

Load  Ontology Enrichment Analysis ...
 66% 18,930 of 28,738 population items found in association
  L1MEj / LINE                     95 genes ->    5 terms at FDR<0.1,    4 at FDR<0.05   (5.6 s)

Load  Ontology Enrichment Analysis ...
 66% 18,930 of 28,738 population items found in association
  L4_A_Mam / LINE                 503 genes ->    0 terms at FDR<0.1,    0 at FDR<0.05   (6.3 s)

Load  Ontology Enrichment Analysis ...
 66% 18,930 of 28,738 population items found in association
  MamRep38 / DNA                  207 genes ->    0 terms at FDR<0.1,    0 at FDR<0.05   (5.9 s)
  [500/1143] MamRep38

Load  Ontology Enrichment Analysis ...
 66% 18,930 of 28,738 population items found in association
  L1PB3 / LINE                    200 genes ->    0 terms at FDR<0.1,    0 at FDR<0.05   (5.9 s)

Load  Ontology Enrichment Analysis ...
 66% 18,930 of 28,738 population items found in association
  LTR23 / LTR                     106 genes ->    0 terms at FDR<0.1,    0 at FDR<0.05   (5.7 s)

Load  Ontology Enrichment Analysis ...
 66% 18,930 of 28,738 population items found in association
  MER34B / LTR                     27 genes ->    0 terms at FDR<0.1,    0 at FDR<0.05   (5.5 s)

Load  Ontology Enrichment Analysis ...
 66% 18,930 of 28,738 population items found in association
  LTR54 / LTR                     108 genes ->    0 terms at FDR<0.1,    0 at FDR<0.05   (5.8 s)

Load  Ontology Enrichment Analysis ...
 66% 18,930 of 28,738 population items found in association
  MER34C / LTR                      7 genes ->    0 terms at FDR<0.1,    0 at FDR<0.05   (5.5 s)

Load  Ontology Enrichment Analysis ...
 66% 18,930 of 28,738 population items found in association
  MER75A / DNA                     11 genes ->    0 terms at FDR<0.1,    0 at FDR<0.05   (5.5 s)

Load  Ontology Enrichment Analysis ...
 66% 18,930 of 28,738 population items found in association
  LTR16A / LTR                    224 genes ->    1 terms at FDR<0.1,    1 at FDR<0.05   (5.9 s)

Load  Ontology Enrichment Analysis ...
 66% 18,930 of 28,738 population items found in association
  L1M6 / LINE                     244 genes ->    0 terms at FDR<0.1,    0 at FDR<0.05   (6.0 s)

Load  Ontology Enrichment Analysis ...
 66% 18,930 of 28,738 population items found in association
  MER44D / DNA                     43 genes ->    0 terms at FDR<0.1,    0 at FDR<0.05   (5.6 s)

Load  Ontology Enrichment Analysis ...
 66% 18,930 of 28,738 population items found in association
  MER34A1 / LTR                    48 genes ->    0 terms at FDR<0.1,    0 at FDR<0.05   (5.6 s)

Load  Ontology Enrichment Analysis ...
 66% 18,930 of 28,738 population items found in association
  L4_C_Mam / LINE                 395 genes ->    0 terms at FDR<0.1,    0 at FDR<0.05   (6.1 s)

Load  Ontology Enrichment Analysis ...
 66% 18,930 of 28,738 population items found in association
  MamRep1879 / DNA                222 genes ->    0 terms at FDR<0.1,    0 at FDR<0.05   (6.0 s)

Load  Ontology Enrichment Analysis ...
 66% 18,930 of 28,738 population items found in association
  LTR16B2 / LTR                    72 genes ->    0 terms at FDR<0.1,    0 at FDR<0.05   (5.6 s)

Load  Ontology Enrichment Analysis ...
 66% 18,930 of 28,738 population items found in association
  Zaphod3 / DNA                    77 genes ->    0 terms at FDR<0.1,    0 at FDR<0.05   (5.6 s)

Load  Ontology Enrichment Analysis ...
 66% 18,930 of 28,738 population items found in association
  MER58D / DNA                     75 genes ->    2 terms at FDR<0.1,    1 at FDR<0.05   (5.7 s)

Load  Ontology Enrichment Analysis ...
 66% 18,930 of 28,738 population items found in association
  MamTip2 / DNA                   461 genes ->    2 terms at FDR<0.1,    2 at FDR<0.05   (6.3 s)

Load  Ontology Enrichment Analysis ...
 66% 18,930 of 28,738 population items found in association
  LTR33A / LTR                    150 genes ->    0 terms at FDR<0.1,    0 at FDR<0.05   (5.8 s)

Load  Ontology Enrichment Analysis ...
 66% 18,930 of 28,738 population items found in association
  MER41A / LTR                    237 genes ->    0 terms at FDR<0.1,    0 at FDR<0.05   (6.0 s)

Load  Ontology Enrichment Analysis ...
 66% 18,930 of 28,738 population items found in association
  LTR8B / LTR                      96 genes ->    1 terms at FDR<0.1,    1 at FDR<0.05   (5.6 s)

Load  Ontology Enrichment Analysis ...
 66% 18,930 of 28,738 population items found in association
  MER5C / DNA                     135 genes ->    0 terms at FDR<0.1,    0 at FDR<0.05   (5.7 s)

Load  Ontology Enrichment Analysis ...
 66% 18,930 of 28,738 population items found in association
  MER2 / DNA                      701 genes ->    0 terms at FDR<0.1,    0 at FDR<0.05   (6.7 s)

Load  Ontology Enrichment Analysis ...
 66% 18,930 of 28,738 population items found in association
  MER4E / LTR                      65 genes ->    0 terms at FDR<0.1,    0 at FDR<0.05   (5.5 s)

Load  Ontology Enrichment Analysis ...
 66% 18,930 of 28,738 population items found in association
  Tigger13a / DNA                 155 genes ->    0 terms at FDR<0.1,    0 at FDR<0.05   (5.7 s)

Load  Ontology Enrichment Analysis ...
 66% 18,930 of 28,738 population items found in association
  LTR16D2 / LTR                    17 genes ->    5 terms at FDR<0.1,    4 at FDR<0.05   (5.4 s)

Load  Ontology Enrichment Analysis ...
 66% 18,930 of 28,738 population items found in association
  ORSL / DNA                      148 genes ->    0 terms at FDR<0.1,    0 at FDR<0.05   (5.8 s)
  [525/1143] ORSL

Load  Ontology Enrichment Analysis ...
 66% 18,930 of 28,738 population items found in association
  MARNA / DNA                     253 genes ->    0 terms at FDR<0.1,    0 at FDR<0.05   (6.0 s)

Load  Ontology Enrichment Analysis ...
 66% 18,930 of 28,738 population items found in association
  LTR16B1 / LTR                    68 genes ->    0 terms at FDR<0.1,    0 at FDR<0.05   (5.7 s)

Load  Ontology Enrichment Analysis ...
 66% 18,930 of 28,738 population items found in association
  L1MA6 / LINE                    288 genes ->    5 terms at FDR<0.1,    5 at FDR<0.05   (6.1 s)

Load  Ontology Enrichment Analysis ...
 66% 18,930 of 28,738 population items found in association
  MLT1G1 / LTR                    223 genes ->    0 terms at FDR<0.1,    0 at FDR<0.05   (5.9 s)

Load  Ontology Enrichment Analysis ...
 66% 18,930 of 28,738 population items found in association
  LTR84b / LTR                     82 genes ->    3 terms at FDR<0.1,    3 at FDR<0.05   (5.7 s)

Load  Ontology Enrichment Analysis ...
 66% 18,930 of 28,738 population items found in association
  LTR1C / LTR                       6 genes ->    0 terms at FDR<0.1,    0 at FDR<0.05   (5.4 s)

Load  Ontology Enrichment Analysis ...
 66% 18,930 of 28,738 population items found in association
  LTR5A / LTR                      53 genes ->    0 terms at FDR<0.1,    0 at FDR<0.05   (5.5 s)

Load  Ontology Enrichment Analysis ...
 66% 18,930 of 28,738 population items found in association
  MST-int / LTR                    30 genes ->   14 terms at FDR<0.1,    5 at FDR<0.05   (5.5 s)

Load  Ontology Enrichment Analysis ...
 66% 18,930 of 28,738 population items found in association
  LTR91 / LTR                      65 genes ->    0 terms at FDR<0.1,    0 at FDR<0.05   (5.6 s)

Load  Ontology Enrichment Analysis ...
 66% 18,930 of 28,738 population items found in association
  SVA_C / Retroposon               72 genes ->    0 terms at FDR<0.1,    0 at FDR<0.05   (5.6 s)

Load  Ontology Enrichment Analysis ...
 66% 18,930 of 28,738 population items found in association
  LTR40a / LTR                     84 genes ->    0 terms at FDR<0.1,    0 at FDR<0.05   (5.7 s)

Load  Ontology Enrichment Analysis ...
 66% 18,930 of 28,738 population items found in association
  L1PA2 / LINE                    291 genes ->    5 terms at FDR<0.1,    2 at FDR<0.05   (6.1 s)

Load  Ontology Enrichment Analysis ...
 66% 18,930 of 28,738 population items found in association
  X12_LINE / LINE                  15 genes ->    0 terms at FDR<0.1,    0 at FDR<0.05   (5.6 s)

Load  Ontology Enrichment Analysis ...
 66% 18,930 of 28,738 population items found in association
  MER105 / DNA                     81 genes ->    0 terms at FDR<0.1,    0 at FDR<0.05   (5.7 s)

Load  Ontology Enrichment Analysis ...
 66% 18,930 of 28,738 population items found in association
  LTR19B / LTR                     31 genes ->    0 terms at FDR<0.1,    0 at FDR<0.05   (5.5 s)

Load  Ontology Enrichment Analysis ...
 66% 18,930 of 28,738 population items found in association
  Charlie16a / DNA                186 genes ->    5 terms at FDR<0.1,    5 at FDR<0.05   (5.8 s)

Load  Ontology Enrichment Analysis ...
 66% 18,930 of 28,738 population items found in association
  FordPrefect / DNA                45 genes ->    0 terms at FDR<0.1,    0 at FDR<0.05   (5.5 s)

Load  Ontology Enrichment Analysis ...
 66% 18,930 of 28,738 population items found in association
  HERVP71A-int / LTR                8 genes ->    0 terms at FDR<0.1,    0 at FDR<0.05   (5.5 s)

Load  Ontology Enrichment Analysis ...
 66% 18,930 of 28,738 population items found in association
  LTR71B / LTR                     26 genes ->    0 terms at FDR<0.1,    0 at FDR<0.05   (5.5 s)

Load  Ontology Enrichment Analysis ...
 66% 18,930 of 28,738 population items found in association
  LTR16D1 / LTR                     9 genes ->    0 terms at FDR<0.1,    0 at FDR<0.05   (5.3 s)

Load  Ontology Enrichment Analysis ...
 66% 18,930 of 28,738 population items found in association
  Charlie18a / DNA                309 genes ->    1 terms at FDR<0.1,    1 at FDR<0.05   (6.1 s)

Load  Ontology Enrichment Analysis ...
 66% 18,930 of 28,738 population items found in association
  MER51E / LTR                     32 genes ->    0 terms at FDR<0.1,    0 at FDR<0.05   (5.5 s)

Load  Ontology Enrichment Analysis ...
 66% 18,930 of 28,738 population items found in association
  L1P1 / LINE                     205 genes ->    0 terms at FDR<0.1,    0 at FDR<0.05   (5.6 s)

Load  Ontology Enrichment Analysis ...
 66% 18,930 of 28,738 population items found in association
  LTR86A1 / LTR                    25 genes ->    0 terms at FDR<0.1,    0 at FDR<0.05   (5.4 s)

Load  Ontology Enrichment Analysis ...
 66% 18,930 of 28,738 population items found in association
  LTR75_1 / LTR                    17 genes ->    0 terms at FDR<0.1,    0 at FDR<0.05   (5.4 s)
  [550/1143] LTR75_1

Load  Ontology Enrichment Analysis ...
 66% 18,930 of 28,738 population items found in association
  MER72 / LTR                      59 genes ->    0 terms at FDR<0.1,    0 at FDR<0.05   (5.5 s)

Load  Ontology Enrichment Analysis ...
 66% 18,930 of 28,738 population items found in association
  SVA_B / Retroposon              124 genes ->    5 terms at FDR<0.1,    5 at FDR<0.05   (5.7 s)

Load  Ontology Enrichment Analysis ...
 66% 18,930 of 28,738 population items found in association
  Charlie32a / DNA                 31 genes ->    0 terms at FDR<0.1,    0 at FDR<0.05   (5.4 s)

Load  Ontology Enrichment Analysis ...
 66% 18,930 of 28,738 population items found in association
  SVA_F / Retroposon              109 genes ->    0 terms at FDR<0.1,    0 at FDR<0.05   (5.7 s)

Load  Ontology Enrichment Analysis ...
 66% 18,930 of 28,738 population items found in association
  AluYj4 / SINE                   150 genes ->    0 terms at FDR<0.1,    0 at FDR<0.05   (5.8 s)

Load  Ontology Enrichment Analysis ...
 66% 18,930 of 28,738 population items found in association
  MLT2C2 / LTR                     76 genes ->    0 terms at FDR<0.1,    0 at FDR<0.05   (5.6 s)

Load  Ontology Enrichment Analysis ...
 66% 18,930 of 28,738 population items found in association
  LTR21B / LTR                      5 genes ->    0 terms at FDR<0.1,    0 at FDR<0.05   (5.5 s)

Load  Ontology Enrichment Analysis ...
 66% 18,930 of 28,738 population items found in association
  HERVFH21-int / LTR               12 genes ->    0 terms at FDR<0.1,    0 at FDR<0.05   (5.5 s)

Load  Ontology Enrichment Analysis ...
 66% 18,930 of 28,738 population items found in association
  LTR14A / LTR                     16 genes ->    0 terms at FDR<0.1,    0 at FDR<0.05   (5.5 s)

Load  Ontology Enrichment Analysis ...
 66% 18,930 of 28,738 population items found in association
  Tigger5b / DNA                  138 genes ->    0 terms at FDR<0.1,    0 at FDR<0.05   (5.8 s)

Load  Ontology Enrichment Analysis ...
 66% 18,930 of 28,738 population items found in association
  LTR12 / LTR                      50 genes ->    0 terms at FDR<0.1,    0 at FDR<0.05   (5.6 s)

Load  Ontology Enrichment Analysis ...
 66% 18,930 of 28,738 population items found in association
  MER101 / LTR                     40 genes ->    0 terms at FDR<0.1,    0 at FDR<0.05   (5.6 s)

Load  Ontology Enrichment Analysis ...
 66% 18,930 of 28,738 population items found in association
  X7C_LINE / LINE                  73 genes ->    0 terms at FDR<0.1,    0 at FDR<0.05   (5.7 s)

Load  Ontology Enrichment Analysis ...
 66% 18,930 of 28,738 population items found in association
  LTR36 / LTR                      41 genes ->    0 terms at FDR<0.1,    0 at FDR<0.05   (5.3 s)

Load  Ontology Enrichment Analysis ...
 66% 18,930 of 28,738 population items found in association
  MER130 / DNA                     14 genes ->    0 terms at FDR<0.1,    0 at FDR<0.05   (5.3 s)

Load  Ontology Enrichment Analysis ...
 66% 18,930 of 28,738 population items found in association
  MER126 / DNA                     19 genes ->    0 terms at FDR<0.1,    0 at FDR<0.05   (5.5 s)

Load  Ontology Enrichment Analysis ...
 66% 18,930 of 28,738 population items found in association
  MLT1M / LTR                     182 genes ->    0 terms at FDR<0.1,    0 at FDR<0.05   (5.9 s)

Load  Ontology Enrichment Analysis ...
 66% 18,930 of 28,738 population items found in association
  AluYk12 / SINE                   95 genes ->    0 terms at FDR<0.1,    0 at FDR<0.05   (5.5 s)

Load  Ontology Enrichment Analysis ...
 66% 18,930 of 28,738 population items found in association
  LTR71A / LTR                      8 genes ->    0 terms at FDR<0.1,    0 at FDR<0.05   (5.5 s)

Load  Ontology Enrichment Analysis ...
 66% 18,930 of 28,738 population items found in association
  Tigger14a / DNA                 115 genes ->    0 terms at FDR<0.1,    0 at FDR<0.05   (5.8 s)

Load  Ontology Enrichment Analysis ...
 66% 18,930 of 28,738 population items found in association
  X24_LINE / LINE                  30 genes ->    0 terms at FDR<0.1,    0 at FDR<0.05   (5.5 s)

Load  Ontology Enrichment Analysis ...
 66% 18,930 of 28,738 population items found in association
  Charlie7a / DNA                 132 genes ->    0 terms at FDR<0.1,    0 at FDR<0.05   (5.8 s)

Load  Ontology Enrichment Analysis ...
 66% 18,930 of 28,738 population items found in association
  MamRep137 / DNA                 183 genes ->    0 terms at FDR<0.1,    0 at FDR<0.05   (5.9 s)

Load  Ontology Enrichment Analysis ...
 66% 18,930 of 28,738 population items found in association
  Charlie29a / DNA                 95 genes ->    0 terms at FDR<0.1,    0 at FDR<0.05   (5.7 s)

Load  Ontology Enrichment Analysis ...
 66% 18,930 of 28,738 population items found in association
  MER4-int / LTR                  107 genes ->    1 terms at FDR<0.1,    1 at FDR<0.05   (5.7 s)
  [575/1143] MER4-int

Load  Ontology Enrichment Analysis ...
 66% 18,930 of 28,738 population items found in association
  MLT2F / LTR                      99 genes ->    0 terms at FDR<0.1,    0 at FDR<0.05   (5.7 s)

Load  Ontology Enrichment Analysis ...
 66% 18,930 of 28,738 population items found in association
  Charlie17a / DNA                134 genes ->    0 terms at FDR<0.1,    0 at FDR<0.05   (5.6 s)

Load  Ontology Enrichment Analysis ...
 66% 18,930 of 28,738 population items found in association
  MER94B / DNA                    102 genes ->    0 terms at FDR<0.1,    0 at FDR<0.05   (5.7 s)

Load  Ontology Enrichment Analysis ...
 66% 18,930 of 28,738 population items found in association
  Eulor2A / DNA                     4 genes ->    0 terms at FDR<0.1,    0 at FDR<0.05   (5.4 s)

Load  Ontology Enrichment Analysis ...
 66% 18,930 of 28,738 population items found in association
  X9_LINE / LINE                   54 genes ->    2 terms at FDR<0.1,    2 at FDR<0.05   (5.6 s)

Load  Ontology Enrichment Analysis ...
 66% 18,930 of 28,738 population items found in association
  Penelope1_Vert / LINE           103 genes ->    0 terms at FDR<0.1,    0 at FDR<0.05   (5.7 s)

Load  Ontology Enrichment Analysis ...
 66% 18,930 of 28,738 population items found in association
  LTR86A2 / LTR                     8 genes ->    0 terms at FDR<0.1,    0 at FDR<0.05   (5.4 s)

Load  Ontology Enrichment Analysis ...
 66% 18,930 of 28,738 population items found in association
  MER102b / DNA                   378 genes ->    0 terms at FDR<0.1,    0 at FDR<0.05   (6.1 s)

Load  Ontology Enrichment Analysis ...
 66% 18,930 of 28,738 population items found in association
  X5B_LINE / LINE                  13 genes ->    0 terms at FDR<0.1,    0 at FDR<0.05   (5.4 s)

Load  Ontology Enrichment Analysis ...
 66% 18,930 of 28,738 population items found in association
  X20_LINE / LINE                  11 genes ->    0 terms at FDR<0.1,    0 at FDR<0.05   (5.5 s)

Load  Ontology Enrichment Analysis ...
 66% 18,930 of 28,738 population items found in association
  Mam_R4 / LINE                    57 genes ->    1 terms at FDR<0.1,    0 at FDR<0.05   (5.6 s)

Load  Ontology Enrichment Analysis ...
 66% 18,930 of 28,738 population items found in association
  Ricksha_c / DNA                  66 genes ->    0 terms at FDR<0.1,    0 at FDR<0.05   (5.7 s)

Load  Ontology Enrichment Analysis ...
 66% 18,930 of 28,738 population items found in association
  X9a_DNA / DNA                    43 genes ->    0 terms at FDR<0.1,    0 at FDR<0.05   (5.6 s)

Load  Ontology Enrichment Analysis ...
 66% 18,930 of 28,738 population items found in association
  CR1-16_AMi / LINE                18 genes ->    0 terms at FDR<0.1,    0 at FDR<0.05   (5.5 s)

Load  Ontology Enrichment Analysis ...
 66% 18,930 of 28,738 population items found in association
  MER96B / DNA                    238 genes ->    0 terms at FDR<0.1,    0 at FDR<0.05   (6.0 s)

Load  Ontology Enrichment Analysis ...
 66% 18,930 of 28,738 population items found in association
  LTR1F / LTR                       3 genes ->    0 terms at FDR<0.1,    0 at FDR<0.05   (5.5 s)

Load  Ontology Enrichment Analysis ...
 66% 18,930 of 28,738 population items found in association
  Charlie24 / DNA                 163 genes ->    0 terms at FDR<0.1,    0 at FDR<0.05   (5.8 s)

Load  Ontology Enrichment Analysis ...
 66% 18,930 of 28,738 population items found in association
  AluYh7 / SINE                    97 genes ->    0 terms at FDR<0.1,    0 at FDR<0.05   (5.7 s)

Load  Ontology Enrichment Analysis ...
 66% 18,930 of 28,738 population items found in association
  MER75B / DNA                      4 genes ->    0 terms at FDR<0.1,    0 at FDR<0.05   (5.5 s)

Load  Ontology Enrichment Analysis ...
 66% 18,930 of 28,738 population items found in association
  Kanga11a / DNA                   49 genes ->    0 terms at FDR<0.1,    0 at FDR<0.05   (5.6 s)

Load  Ontology Enrichment Analysis ...
 66% 18,930 of 28,738 population items found in association
  Tigger3b / DNA                  282 genes ->    0 terms at FDR<0.1,    0 at FDR<0.05   (5.9 s)

Load  Ontology Enrichment Analysis ...
 66% 18,930 of 28,738 population items found in association
  Zaphod / DNA                    103 genes ->    0 terms at FDR<0.1,    0 at FDR<0.05   (5.7 s)

Load  Ontology Enrichment Analysis ...
 66% 18,930 of 28,738 population items found in association
  Charlie30a / DNA                 36 genes ->    0 terms at FDR<0.1,    0 at FDR<0.05   (5.5 s)

Load  Ontology Enrichment Analysis ...
 66% 18,930 of 28,738 population items found in association
  MER84-int / LTR                   7 genes ->    4 terms at FDR<0.1,    3 at FDR<0.05   (5.5 s)

Load  Ontology Enrichment Analysis ...
 66% 18,930 of 28,738 population items found in association
  MER84 / LTR                      22 genes ->    0 terms at FDR<0.1,    0 at FDR<0.05   (5.5 s)
  [600/1143] MER84

Load  Ontology Enrichment Analysis ...
 66% 18,930 of 28,738 population items found in association
  MARE8 / DNA                      37 genes ->    0 terms at FDR<0.1,    0 at FDR<0.05   (5.6 s)

Load  Ontology Enrichment Analysis ...
 66% 18,930 of 28,738 population items found in association
  MARE4 / DNA                      39 genes ->    0 terms at FDR<0.1,    0 at FDR<0.05   (5.6 s)

Load  Ontology Enrichment Analysis ...
 66% 18,930 of 28,738 population items found in association
  L1MA3 / LINE                    400 genes ->    0 terms at FDR<0.1,    0 at FDR<0.05   (6.3 s)

Load  Ontology Enrichment Analysis ...
 66% 18,930 of 28,738 population items found in association
  Charlie10 / DNA                  61 genes ->    6 terms at FDR<0.1,    6 at FDR<0.05   (5.6 s)

Load  Ontology Enrichment Analysis ...
 66% 18,930 of 28,738 population items found in association
  LTR9D / LTR                      68 genes ->    0 terms at FDR<0.1,    0 at FDR<0.05   (5.6 s)

Load  Ontology Enrichment Analysis ...
 66% 18,930 of 28,738 population items found in association
  Charlie26a / DNA                 51 genes ->    0 terms at FDR<0.1,    0 at FDR<0.05   (5.6 s)

Load  Ontology Enrichment Analysis ...
 66% 18,930 of 28,738 population items found in association
  Charlie21a / DNA                 32 genes ->    2 terms at FDR<0.1,    2 at FDR<0.05   (5.5 s)

Load  Ontology Enrichment Analysis ...
 66% 18,930 of 28,738 population items found in association
  MamGypLTR2c / LTR                53 genes ->    0 terms at FDR<0.1,    0 at FDR<0.05   (5.6 s)

Load  Ontology Enrichment Analysis ...
 66% 18,930 of 28,738 population items found in association
  LTR103b_Mam / LTR                40 genes ->    0 terms at FDR<0.1,    0 at FDR<0.05   (5.6 s)

Load  Ontology Enrichment Analysis ...
 66% 18,930 of 28,738 population items found in association
  EuthAT-2 / DNA                   55 genes ->    0 terms at FDR<0.1,    0 at FDR<0.05   (5.6 s)

Load  Ontology Enrichment Analysis ...
 66% 18,930 of 28,738 population items found in association
  LTR29 / LTR                      67 genes ->    0 terms at FDR<0.1,    0 at FDR<0.05   (5.7 s)

Load  Ontology Enrichment Analysis ...
 66% 18,930 of 28,738 population items found in association
  MamGypLTR1b / LTR                75 genes ->    0 terms at FDR<0.1,    0 at FDR<0.05   (5.4 s)

Load  Ontology Enrichment Analysis ...
 66% 18,930 of 28,738 population items found in association
  Charlie10b / DNA                 15 genes ->    0 terms at FDR<0.1,    0 at FDR<0.05   (5.5 s)

Load  Ontology Enrichment Analysis ...
 66% 18,930 of 28,738 population items found in association
  Tigger16b / DNA                 132 genes ->    1 terms at FDR<0.1,    0 at FDR<0.05   (5.8 s)

Load  Ontology Enrichment Analysis ...
 66% 18,930 of 28,738 population items found in association
  LTR86C / LTR                     10 genes ->    1 terms at FDR<0.1,    1 at FDR<0.05   (5.5 s)

Load  Ontology Enrichment Analysis ...
 66% 18,930 of 28,738 population items found in association
  L1M / LINE                      128 genes ->    0 terms at FDR<0.1,    0 at FDR<0.05   (5.8 s)

Load  Ontology Enrichment Analysis ...
 66% 18,930 of 28,738 population items found in association
  Charlie2b / DNA                 190 genes ->    0 terms at FDR<0.1,    0 at FDR<0.05   (5.9 s)

Load  Ontology Enrichment Analysis ...
 66% 18,930 of 28,738 population items found in association
  MER104 / DNA                    249 genes ->    0 terms at FDR<0.1,    0 at FDR<0.05   (6.1 s)

Load  Ontology Enrichment Analysis ...
 66% 18,930 of 28,738 population items found in association
  MER5C1 / DNA                     48 genes ->    0 terms at FDR<0.1,    0 at FDR<0.05   (5.6 s)

Load  Ontology Enrichment Analysis ...
 66% 18,930 of 28,738 population items found in association
  Charlie23a / DNA                132 genes ->    0 terms at FDR<0.1,    0 at FDR<0.05   (5.8 s)

Load  Ontology Enrichment Analysis ...
 66% 18,930 of 28,738 population items found in association
  Tigger9a / DNA                   41 genes ->    0 terms at FDR<0.1,    0 at FDR<0.05   (5.5 s)

Load  Ontology Enrichment Analysis ...
 66% 18,930 of 28,738 population items found in association
  Charlie17 / DNA                   9 genes ->    0 terms at FDR<0.1,    0 at FDR<0.05   (5.4 s)

Load  Ontology Enrichment Analysis ...
 66% 18,930 of 28,738 population items found in association
  L1MCb / LINE                    106 genes ->    0 terms at FDR<0.1,    0 at FDR<0.05   (5.7 s)

Load  Ontology Enrichment Analysis ...
 66% 18,930 of 28,738 population items found in association
  Charlie4 / DNA                   94 genes ->    0 terms at FDR<0.1,    0 at FDR<0.05   (5.7 s)

Load  Ontology Enrichment Analysis ...
 66% 18,930 of 28,738 population items found in association
  ERVL-B4-int / LTR               105 genes ->    0 terms at FDR<0.1,    0 at FDR<0.05   (5.7 s)
  [625/1143] ERVL-B4-int

Load  Ontology Enrichment Analysis ...
 66% 18,930 of 28,738 population items found in association
  HERV9-int / LTR                  12 genes ->    0 terms at FDR<0.1,    0 at FDR<0.05   (5.6 s)

Load  Ontology Enrichment Analysis ...
 66% 18,930 of 28,738 population items found in association
  MER51B / LTR                     74 genes ->    0 terms at FDR<0.1,    0 at FDR<0.05   (5.7 s)

Load  Ontology Enrichment Analysis ...
 66% 18,930 of 28,738 population items found in association
  LTR47A / LTR                     55 genes ->    0 terms at FDR<0.1,    0 at FDR<0.05   (5.6 s)

Load  Ontology Enrichment Analysis ...
 66% 18,930 of 28,738 population items found in association
  LTR82A / LTR                     57 genes ->    0 terms at FDR<0.1,    0 at FDR<0.05   (5.7 s)

Load  Ontology Enrichment Analysis ...
 66% 18,930 of 28,738 population items found in association
  LTR21A / LTR                     12 genes ->    0 terms at FDR<0.1,    0 at FDR<0.05   (5.5 s)

Load  Ontology Enrichment Analysis ...
 66% 18,930 of 28,738 population items found in association
  LTR77 / LTR                       8 genes ->    0 terms at FDR<0.1,    0 at FDR<0.05   (5.5 s)

Load  Ontology Enrichment Analysis ...
 66% 18,930 of 28,738 population items found in association
  LTR61 / LTR                      39 genes ->    0 terms at FDR<0.1,    0 at FDR<0.05   (5.3 s)

Load  Ontology Enrichment Analysis ...
 66% 18,930 of 28,738 population items found in association
  MER106B / DNA                    94 genes ->   16 terms at FDR<0.1,   15 at FDR<0.05   (5.7 s)

Load  Ontology Enrichment Analysis ...
 66% 18,930 of 28,738 population items found in association
  MER52D / LTR                     46 genes ->    0 terms at FDR<0.1,    0 at FDR<0.05   (5.6 s)

Load  Ontology Enrichment Analysis ...
 66% 18,930 of 28,738 population items found in association
  Charlie7 / DNA                  211 genes ->    0 terms at FDR<0.1,    0 at FDR<0.05   (6.0 s)

Load  Ontology Enrichment Analysis ...
 66% 18,930 of 28,738 population items found in association
  LTR56 / LTR                     104 genes ->    0 terms at FDR<0.1,    0 at FDR<0.05   (5.7 s)

Load  Ontology Enrichment Analysis ...
 66% 18,930 of 28,738 population items found in association
  MER4C / LTR                      67 genes ->    0 terms at FDR<0.1,    0 at FDR<0.05   (5.4 s)

Load  Ontology Enrichment Analysis ...
 66% 18,930 of 28,738 population items found in association
  MER41E / LTR                     43 genes ->    0 terms at FDR<0.1,    0 at FDR<0.05   (5.5 s)

Load  Ontology Enrichment Analysis ...
 66% 18,930 of 28,738 population items found in association
  AluYe6 / SINE                    63 genes ->    0 terms at FDR<0.1,    0 at FDR<0.05   (5.4 s)

Load  Ontology Enrichment Analysis ...
 66% 18,930 of 28,738 population items found in association
  MER110A / LTR                    36 genes ->    1 terms at FDR<0.1,    0 at FDR<0.05   (5.5 s)

Load  Ontology Enrichment Analysis ...
 66% 18,930 of 28,738 population items found in association
  MER11D / LTR                     23 genes ->    3 terms at FDR<0.1,    3 at FDR<0.05   (5.5 s)

Load  Ontology Enrichment Analysis ...
 66% 18,930 of 28,738 population items found in association
  Tigger10 / DNA                  113 genes ->    0 terms at FDR<0.1,    0 at FDR<0.05   (5.6 s)

Load  Ontology Enrichment Analysis ...
 66% 18,930 of 28,738 population items found in association
  hAT-N1a_Mam / DNA                45 genes ->    0 terms at FDR<0.1,    0 at FDR<0.05   (5.5 s)

Load  Ontology Enrichment Analysis ...
 66% 18,930 of 28,738 population items found in association
  MamGypLTR3a / LTR                63 genes ->    0 terms at FDR<0.1,    0 at FDR<0.05   (5.5 s)

Load  Ontology Enrichment Analysis ...
 66% 18,930 of 28,738 population items found in association
  Eutr10 / LTR                     40 genes ->    0 terms at FDR<0.1,    0 at FDR<0.05   (5.5 s)

Load  Ontology Enrichment Analysis ...
 66% 18,930 of 28,738 population items found in association
  LTR26E / LTR                     18 genes ->    2 terms at FDR<0.1,    2 at FDR<0.05   (5.5 s)

Load  Ontology Enrichment Analysis ...
 66% 18,930 of 28,738 population items found in association
  MER124 / DNA                     45 genes ->    0 terms at FDR<0.1,    0 at FDR<0.05   (5.5 s)

Load  Ontology Enrichment Analysis ...
 66% 18,930 of 28,738 population items found in association
  MamRep488 / DNA                  90 genes ->    0 terms at FDR<0.1,    0 at FDR<0.05   (5.6 s)

Load  Ontology Enrichment Analysis ...
 66% 18,930 of 28,738 population items found in association
  Zaphod2 / DNA                    98 genes ->    0 terms at FDR<0.1,    0 at FDR<0.05   (5.4 s)

Load  Ontology Enrichment Analysis ...
 66% 18,930 of 28,738 population items found in association
  CR1-3_Croc / LINE               115 genes ->    0 terms at FDR<0.1,    0 at FDR<0.05   (5.7 s)
  [650/1143] CR1-3_Croc

Load  Ontology Enrichment Analysis ...
 66% 18,930 of 28,738 population items found in association
  MER57B2 / LTR                    83 genes ->    1 terms at FDR<0.1,    1 at FDR<0.05   (5.5 s)

Load  Ontology Enrichment Analysis ...
 66% 18,930 of 28,738 population items found in association
  LTR85b / LTR                     56 genes ->    0 terms at FDR<0.1,    0 at FDR<0.05   (5.6 s)

Load  Ontology Enrichment Analysis ...
 66% 18,930 of 28,738 population items found in association
  LTR9 / LTR                       56 genes ->    0 terms at FDR<0.1,    0 at FDR<0.05   (5.3 s)

Load  Ontology Enrichment Analysis ...
 66% 18,930 of 28,738 population items found in association
  LTR2 / LTR                       85 genes ->    0 terms at FDR<0.1,    0 at FDR<0.05   (5.6 s)

Load  Ontology Enrichment Analysis ...
 66% 18,930 of 28,738 population items found in association
  Charlie30b / DNA                 69 genes ->    0 terms at FDR<0.1,    0 at FDR<0.05   (5.6 s)

Load  Ontology Enrichment Analysis ...
 66% 18,930 of 28,738 population items found in association
  MER57C1 / LTR                    28 genes ->    0 terms at FDR<0.1,    0 at FDR<0.05   (5.6 s)

Load  Ontology Enrichment Analysis ...
 66% 18,930 of 28,738 population items found in association
  MER21-int / LTR                  38 genes ->    0 terms at FDR<0.1,    0 at FDR<0.05   (5.5 s)

Load  Ontology Enrichment Analysis ...
 66% 18,930 of 28,738 population items found in association
  Tigger4 / DNA                    82 genes ->    0 terms at FDR<0.1,    0 at FDR<0.05   (5.6 s)

Load  Ontology Enrichment Analysis ...
 66% 18,930 of 28,738 population items found in association
  MER97b / DNA                     21 genes ->    0 terms at FDR<0.1,    0 at FDR<0.05   (5.5 s)

Load  Ontology Enrichment Analysis ...
 66% 18,930 of 28,738 population items found in association
  ORSL-2a / DNA                    48 genes ->    0 terms at FDR<0.1,    0 at FDR<0.05   (5.6 s)

Load  Ontology Enrichment Analysis ...
 66% 18,930 of 28,738 population items found in association
  Kanga1d / DNA                    42 genes ->    0 terms at FDR<0.1,    0 at FDR<0.05   (5.6 s)

Load  Ontology Enrichment Analysis ...
 66% 18,930 of 28,738 population items found in association
  LTR83 / LTR                      45 genes ->    0 terms at FDR<0.1,    0 at FDR<0.05   (5.7 s)

Load  Ontology Enrichment Analysis ...
 66% 18,930 of 28,738 population items found in association
  LTR1D1 / LTR                     10 genes ->    0 terms at FDR<0.1,    0 at FDR<0.05   (5.5 s)

Load  Ontology Enrichment Analysis ...
 66% 18,930 of 28,738 population items found in association
  LTR51 / LTR                      28 genes ->    0 terms at FDR<0.1,    0 at FDR<0.05   (5.5 s)

Load  Ontology Enrichment Analysis ...
 66% 18,930 of 28,738 population items found in association
  HUERS-P1-int / LTR               16 genes ->    0 terms at FDR<0.1,    0 at FDR<0.05   (5.5 s)

Load  Ontology Enrichment Analysis ...
 66% 18,930 of 28,738 population items found in association
  Kanga1c / DNA                    51 genes ->    0 terms at FDR<0.1,    0 at FDR<0.05   (5.6 s)

Load  Ontology Enrichment Analysis ...
 66% 18,930 of 28,738 population items found in association
  Zaphod5a / DNA                   10 genes ->    0 terms at FDR<0.1,    0 at FDR<0.05   (5.5 s)

Load  Ontology Enrichment Analysis ...
 66% 18,930 of 28,738 population items found in association
  Tigger12c / DNA                  52 genes ->    0 terms at FDR<0.1,    0 at FDR<0.05   (5.5 s)

Load  Ontology Enrichment Analysis ...
 66% 18,930 of 28,738 population items found in association
  MER106A / DNA                    41 genes ->    3 terms at FDR<0.1,    3 at FDR<0.05   (5.5 s)

Load  Ontology Enrichment Analysis ...
 66% 18,930 of 28,738 population items found in association
  AluYk11 / SINE                   43 genes ->    0 terms at FDR<0.1,    0 at FDR<0.05   (5.6 s)

Load  Ontology Enrichment Analysis ...
 66% 18,930 of 28,738 population items found in association
  LTR84a / LTR                     45 genes ->    0 terms at FDR<0.1,    0 at FDR<0.05   (5.6 s)

Load  Ontology Enrichment Analysis ...
 66% 18,930 of 28,738 population items found in association
  LTR5 / LTR                       41 genes ->    0 terms at FDR<0.1,    0 at FDR<0.05   (5.5 s)

Load  Ontology Enrichment Analysis ...
 66% 18,930 of 28,738 population items found in association
  UCON29 / DNA                     14 genes ->    0 terms at FDR<0.1,    0 at FDR<0.05   (5.4 s)

Load  Ontology Enrichment Analysis ...
 66% 18,930 of 28,738 population items found in association
  Charlie13a / DNA                 37 genes ->    0 terms at FDR<0.1,    0 at FDR<0.05   (5.5 s)
  [675/1143] Charlie13a

Load  Ontology Enrichment Analysis ...
 66% 18,930 of 28,738 population items found in association
  UCON26 / DNA                      6 genes ->    0 terms at FDR<0.1,    0 at FDR<0.05   (5.4 s)

Load  Ontology Enrichment Analysis ...
 66% 18,930 of 28,738 population items found in association
  UCON105 / DNA                    44 genes ->    0 terms at FDR<0.1,    0 at FDR<0.05   (5.6 s)

Load  Ontology Enrichment Analysis ...
 66% 18,930 of 28,738 population items found in association
  X6b_DNA / DNA                   106 genes ->    0 terms at FDR<0.1,    0 at FDR<0.05   (5.5 s)

Load  Ontology Enrichment Analysis ...
 66% 18,930 of 28,738 population items found in association
  Cheshire / DNA                   71 genes ->    2 terms at FDR<0.1,    1 at FDR<0.05   (5.6 s)

Load  Ontology Enrichment Analysis ...
 66% 18,930 of 28,738 population items found in association
  UCON81 / DNA                      1 genes ->    0 terms at FDR<0.1,    0 at FDR<0.05   (5.4 s)

Load  Ontology Enrichment Analysis ...
 66% 18,930 of 28,738 population items found in association
  UCON73 / DNA                     22 genes ->    0 terms at FDR<0.1,    0 at FDR<0.05   (5.4 s)

Load  Ontology Enrichment Analysis ...
 66% 18,930 of 28,738 population items found in association
  EutTc1-N2 / DNA                  35 genes ->    2 terms at FDR<0.1,    2 at FDR<0.05   (5.5 s)

Load  Ontology Enrichment Analysis ...
 66% 18,930 of 28,738 population items found in association
  L2-2_Mam / LINE                  33 genes ->    0 terms at FDR<0.1,    0 at FDR<0.05   (5.5 s)

Load  Ontology Enrichment Analysis ...
 66% 18,930 of 28,738 population items found in association
  X5a_DNA / DNA                    50 genes ->    0 terms at FDR<0.1,    0 at FDR<0.05   (5.5 s)

Load  Ontology Enrichment Analysis ...
 66% 18,930 of 28,738 population items found in association
  Charlie13b / DNA                 37 genes ->    0 terms at FDR<0.1,    0 at FDR<0.05   (5.5 s)

Load  Ontology Enrichment Analysis ...
 66% 18,930 of 28,738 population items found in association
  LTR105_Mam / LTR                 27 genes ->    0 terms at FDR<0.1,    0 at FDR<0.05   (5.4 s)

Load  Ontology Enrichment Analysis ...
 66% 18,930 of 28,738 population items found in association
  LTR43B / LTR                     15 genes ->    0 terms at FDR<0.1,    0 at FDR<0.05   (5.4 s)

Load  Ontology Enrichment Analysis ...
 66% 18,930 of 28,738 population items found in association
  MSTB2 / LTR                      81 genes ->    0 terms at FDR<0.1,    0 at FDR<0.05   (5.7 s)

Load  Ontology Enrichment Analysis ...
 66% 18,930 of 28,738 population items found in association
  LTR103_Mam / LTR                 50 genes ->    0 terms at FDR<0.1,    0 at FDR<0.05   (5.6 s)

Load  Ontology Enrichment Analysis ...
 66% 18,930 of 28,738 population items found in association
  MamGypLTR4 / LTR                 42 genes ->    0 terms at FDR<0.1,    0 at FDR<0.05   (5.6 s)

Load  Ontology Enrichment Analysis ...
 66% 18,930 of 28,738 population items found in association
  LTR47B2 / LTR                    10 genes ->    3 terms at FDR<0.1,    2 at FDR<0.05   (5.3 s)

Load  Ontology Enrichment Analysis ...
 66% 18,930 of 28,738 population items found in association
  X1_DNA / DNA                     57 genes ->    0 terms at FDR<0.1,    0 at FDR<0.05   (5.6 s)

Load  Ontology Enrichment Analysis ...
 66% 18,930 of 28,738 population items found in association
  X33a_DNA / DNA                    3 genes ->    0 terms at FDR<0.1,    0 at FDR<0.05   (5.5 s)

Load  Ontology Enrichment Analysis ...
 66% 18,930 of 28,738 population items found in association
  Tigger22N1 / DNA                 85 genes ->    0 terms at FDR<0.1,    0 at FDR<0.05   (5.7 s)

Load  Ontology Enrichment Analysis ...
 66% 18,930 of 28,738 population items found in association
  HSMAR1 / DNA                     41 genes ->    0 terms at FDR<0.1,    0 at FDR<0.05   (5.5 s)

Load  Ontology Enrichment Analysis ...
 66% 18,930 of 28,738 population items found in association
  MLT1J-int / LTR                  50 genes ->    0 terms at FDR<0.1,    0 at FDR<0.05   (5.6 s)

Load  Ontology Enrichment Analysis ...
 66% 18,930 of 28,738 population items found in association
  LTR75B / LTR                     25 genes ->    0 terms at FDR<0.1,    0 at FDR<0.05   (5.5 s)

Load  Ontology Enrichment Analysis ...
 66% 18,930 of 28,738 population items found in association
  LTR1C1 / LTR                      2 genes ->    0 terms at FDR<0.1,    0 at FDR<0.05   (5.5 s)

Load  Ontology Enrichment Analysis ...
 66% 18,930 of 28,738 population items found in association
  MER67B / LTR                     56 genes ->    0 terms at FDR<0.1,    0 at FDR<0.05   (5.6 s)

Load  Ontology Enrichment Analysis ...
 66% 18,930 of 28,738 population items found in association
  UCON34 / DNA                     31 genes ->    0 terms at FDR<0.1,    0 at FDR<0.05   (5.6 s)
  [700/1143] UCON34

Load  Ontology Enrichment Analysis ...
 66% 18,930 of 28,738 population items found in association
  AluYd8 / SINE                    36 genes ->    0 terms at FDR<0.1,    0 at FDR<0.05   (5.5 s)

Load  Ontology Enrichment Analysis ...
 66% 18,930 of 28,738 population items found in association
  Eutr11 / DNA                     57 genes ->    0 terms at FDR<0.1,    0 at FDR<0.05   (5.6 s)

Load  Ontology Enrichment Analysis ...
 66% 18,930 of 28,738 population items found in association
  MLT2E / LTR                      25 genes ->    0 terms at FDR<0.1,    0 at FDR<0.05   (5.5 s)

Load  Ontology Enrichment Analysis ...
 66% 18,930 of 28,738 population items found in association
  HSMAR2 / DNA                     83 genes ->    0 terms at FDR<0.1,    0 at FDR<0.05   (5.7 s)

Load  Ontology Enrichment Analysis ...
 66% 18,930 of 28,738 population items found in association
  Tigger8 / DNA                    67 genes ->    0 terms at FDR<0.1,    0 at FDR<0.05   (5.7 s)

Load  Ontology Enrichment Analysis ...
 66% 18,930 of 28,738 population items found in association
  PRIMA41-int / LTR                41 genes ->    0 terms at FDR<0.1,    0 at FDR<0.05   (5.3 s)

Load  Ontology Enrichment Analysis ...
 66% 18,930 of 28,738 population items found in association
  LTR43-int / LTR                   3 genes ->    0 terms at FDR<0.1,    0 at FDR<0.05   (5.5 s)

Load  Ontology Enrichment Analysis ...
 66% 18,930 of 28,738 population items found in association
  LTR22B1 / LTR                     5 genes ->    0 terms at FDR<0.1,    0 at FDR<0.05   (5.4 s)

Load  Ontology Enrichment Analysis ...
 66% 18,930 of 28,738 population items found in association
  MER89-int / LTR                  43 genes ->    0 terms at FDR<0.1,    0 at FDR<0.05   (5.4 s)

Load  Ontology Enrichment Analysis ...
 66% 18,930 of 28,738 population items found in association
  Zaphod4a / DNA                   17 genes ->    0 terms at FDR<0.1,    0 at FDR<0.05   (5.4 s)

Load  Ontology Enrichment Analysis ...
 66% 18,930 of 28,738 population items found in association
  MER70C / LTR                     16 genes ->    0 terms at FDR<0.1,    0 at FDR<0.05   (5.4 s)

Load  Ontology Enrichment Analysis ...
 66% 18,930 of 28,738 population items found in association
  LTR102_Mam / LTR                 28 genes ->    0 terms at FDR<0.1,    0 at FDR<0.05   (5.5 s)

Load  Ontology Enrichment Analysis ...
 66% 18,930 of 28,738 population items found in association
  LTR10F / LTR                     27 genes ->    0 terms at FDR<0.1,    0 at FDR<0.05   (5.5 s)

Load  Ontology Enrichment Analysis ...
 66% 18,930 of 28,738 population items found in association
  MER6 / DNA                       41 genes ->    7 terms at FDR<0.1,    7 at FDR<0.05   (5.6 s)

Load  Ontology Enrichment Analysis ...
 66% 18,930 of 28,738 population items found in association
  Tigger6a / DNA                   32 genes ->    1 terms at FDR<0.1,    1 at FDR<0.05   (5.6 s)

Load  Ontology Enrichment Analysis ...
 66% 18,930 of 28,738 population items found in association
  PRIMA4-int / LTR                 41 genes ->    0 terms at FDR<0.1,    0 at FDR<0.05   (5.6 s)

Load  Ontology Enrichment Analysis ...
 66% 18,930 of 28,738 population items found in association
  HERVK-int / LTR                  15 genes ->    0 terms at FDR<0.1,    0 at FDR<0.05   (5.5 s)

Load  Ontology Enrichment Analysis ...
 66% 18,930 of 28,738 population items found in association
  L1PB / LINE                     131 genes ->    0 terms at FDR<0.1,    0 at FDR<0.05   (5.8 s)

Load  Ontology Enrichment Analysis ...
 66% 18,930 of 28,738 population items found in association
  L1M1 / LINE                     446 genes ->    5 terms at FDR<0.1,    5 at FDR<0.05   (6.3 s)

Load  Ontology Enrichment Analysis ...
 66% 18,930 of 28,738 population items found in association
  MER41G / LTR                     20 genes ->    0 terms at FDR<0.1,    0 at FDR<0.05   (5.5 s)

Load  Ontology Enrichment Analysis ...
 66% 18,930 of 28,738 population items found in association
  LTR44 / LTR                      27 genes ->    7 terms at FDR<0.1,    7 at FDR<0.05   (5.5 s)

Load  Ontology Enrichment Analysis ...
 66% 18,930 of 28,738 population items found in association
  MER34-int / LTR                  33 genes ->    3 terms at FDR<0.1,    3 at FDR<0.05   (5.4 s)

Load  Ontology Enrichment Analysis ...
 66% 18,930 of 28,738 population items found in association
  MER57A-int / LTR                102 genes ->    9 terms at FDR<0.1,    9 at FDR<0.05   (5.7 s)

Load  Ontology Enrichment Analysis ...
 66% 18,930 of 28,738 population items found in association
  LTR45B / LTR                     29 genes ->    0 terms at FDR<0.1,    0 at FDR<0.05   (5.5 s)

Load  Ontology Enrichment Analysis ...
 66% 18,930 of 28,738 population items found in association
  LTR45 / LTR                      19 genes ->    0 terms at FDR<0.1,    0 at FDR<0.05   (5.5 s)
  [725/1143] LTR45

Load  Ontology Enrichment Analysis ...
 66% 18,930 of 28,738 population items found in association
  MER101-int / LTR                 46 genes ->    0 terms at FDR<0.1,    0 at FDR<0.05   (5.6 s)

Load  Ontology Enrichment Analysis ...
 66% 18,930 of 28,738 population items found in association
  PRIMAX-int / LTR                  6 genes ->    0 terms at FDR<0.1,    0 at FDR<0.05   (5.5 s)

Load  Ontology Enrichment Analysis ...
 66% 18,930 of 28,738 population items found in association
  LTR1C3 / LTR                      3 genes ->    1 terms at FDR<0.1,    1 at FDR<0.05   (5.5 s)

Load  Ontology Enrichment Analysis ...
 66% 18,930 of 28,738 population items found in association
  L1M3f / LINE                     23 genes ->    0 terms at FDR<0.1,    0 at FDR<0.05   (5.6 s)

Load  Ontology Enrichment Analysis ...
 66% 18,930 of 28,738 population items found in association
  LTR57 / LTR                      18 genes ->    0 terms at FDR<0.1,    0 at FDR<0.05   (5.5 s)

Load  Ontology Enrichment Analysis ...
 66% 18,930 of 28,738 population items found in association
  HERVE-int / LTR                  27 genes ->    0 terms at FDR<0.1,    0 at FDR<0.05   (5.5 s)

Load  Ontology Enrichment Analysis ...
 66% 18,930 of 28,738 population items found in association
  HERV3-int / LTR                  11 genes ->    2 terms at FDR<0.1,    0 at FDR<0.05   (5.5 s)

Load  Ontology Enrichment Analysis ...
 66% 18,930 of 28,738 population items found in association
  MER4B-int / LTR                  70 genes ->    0 terms at FDR<0.1,    0 at FDR<0.05   (5.6 s)

Load  Ontology Enrichment Analysis ...
 66% 18,930 of 28,738 population items found in association
  ERV24B_Prim-int / LTR            19 genes ->    0 terms at FDR<0.1,    0 at FDR<0.05   (5.5 s)

Load  Ontology Enrichment Analysis ...
 66% 18,930 of 28,738 population items found in association
  LTR12F / LTR                     69 genes ->    0 terms at FDR<0.1,    0 at FDR<0.05   (5.6 s)

Load  Ontology Enrichment Analysis ...
 66% 18,930 of 28,738 population items found in association
  HERV9NC-int / LTR                17 genes ->    0 terms at FDR<0.1,    0 at FDR<0.05   (5.5 s)

Load  Ontology Enrichment Analysis ...
 66% 18,930 of 28,738 population items found in association
  LOR1b / LTR                      74 genes ->    0 terms at FDR<0.1,    0 at FDR<0.05   (5.6 s)

Load  Ontology Enrichment Analysis ...
 66% 18,930 of 28,738 population items found in association
  LTR88a / LTR                     40 genes ->    0 terms at FDR<0.1,    0 at FDR<0.05   (5.5 s)

Load  Ontology Enrichment Analysis ...
 66% 18,930 of 28,738 population items found in association
  X15_LINE / LINE                  23 genes ->    0 terms at FDR<0.1,    0 at FDR<0.05   (5.5 s)

Load  Ontology Enrichment Analysis ...
 66% 18,930 of 28,738 population items found in association
  MER6B / DNA                      49 genes ->    0 terms at FDR<0.1,    0 at FDR<0.05   (5.5 s)

Load  Ontology Enrichment Analysis ...
 66% 18,930 of 28,738 population items found in association
  LTR10B / LTR                     10 genes ->    0 terms at FDR<0.1,    0 at FDR<0.05   (5.4 s)

Load  Ontology Enrichment Analysis ...
 66% 18,930 of 28,738 population items found in association
  MamRep605b / LTR                270 genes ->    0 terms at FDR<0.1,    0 at FDR<0.05   (6.0 s)

Load  Ontology Enrichment Analysis ...
 66% 18,930 of 28,738 population items found in association
  UCON58 / DNA                     19 genes ->    1 terms at FDR<0.1,    0 at FDR<0.05   (5.2 s)

Load  Ontology Enrichment Analysis ...
 66% 18,930 of 28,738 population items found in association
  MamTip1b / DNA                   62 genes ->    1 terms at FDR<0.1,    1 at FDR<0.05   (5.6 s)

Load  Ontology Enrichment Analysis ...
 66% 18,930 of 28,738 population items found in association
  MER6C / DNA                      17 genes ->    0 terms at FDR<0.1,    0 at FDR<0.05   (5.4 s)

Load  Ontology Enrichment Analysis ...
 66% 18,930 of 28,738 population items found in association
  Ricksha / DNA                    29 genes ->    0 terms at FDR<0.1,    0 at FDR<0.05   (5.4 s)

Load  Ontology Enrichment Analysis ...
 66% 18,930 of 28,738 population items found in association
  LTR22A / LTR                     16 genes ->    0 terms at FDR<0.1,    0 at FDR<0.05   (5.4 s)

Load  Ontology Enrichment Analysis ...
 66% 18,930 of 28,738 population items found in association
  Tigger18a / DNA                  81 genes ->    0 terms at FDR<0.1,    0 at FDR<0.05   (5.5 s)

Load  Ontology Enrichment Analysis ...
 66% 18,930 of 28,738 population items found in association
  Ricksha_a / DNA                   5 genes ->    0 terms at FDR<0.1,    0 at FDR<0.05   (5.4 s)

Load  Ontology Enrichment Analysis ...
 66% 18,930 of 28,738 population items found in association
  MER125 / DNA                      5 genes ->    0 terms at FDR<0.1,    0 at FDR<0.05   (5.4 s)
  [750/1143] MER125

Load  Ontology Enrichment Analysis ...
 66% 18,930 of 28,738 population items found in association
  Charlie31a / DNA                 53 genes ->    2 terms at FDR<0.1,    2 at FDR<0.05   (5.6 s)

Load  Ontology Enrichment Analysis ...
 66% 18,930 of 28,738 population items found in association
  UCON35 / DNA                     17 genes ->    0 terms at FDR<0.1,    0 at FDR<0.05   (5.5 s)

Load  Ontology Enrichment Analysis ...
 66% 18,930 of 28,738 population items found in association
  LTR86B1 / LTR                     7 genes ->    0 terms at FDR<0.1,    0 at FDR<0.05   (5.5 s)

Load  Ontology Enrichment Analysis ...
 66% 18,930 of 28,738 population items found in association
  MamGypLTR1c / LTR                64 genes ->    0 terms at FDR<0.1,    0 at FDR<0.05   (5.6 s)

Load  Ontology Enrichment Analysis ...
 66% 18,930 of 28,738 population items found in association
  LTR82B / LTR                     44 genes ->    0 terms at FDR<0.1,    0 at FDR<0.05   (5.6 s)

Load  Ontology Enrichment Analysis ...
 66% 18,930 of 28,738 population items found in association
  LTR88b / LTR                     83 genes ->    0 terms at FDR<0.1,    0 at FDR<0.05   (5.8 s)

Load  Ontology Enrichment Analysis ...
 66% 18,930 of 28,738 population items found in association
  Helitron2Na_Mam / RC             25 genes ->    0 terms at FDR<0.1,    0 at FDR<0.05   (5.6 s)

Load  Ontology Enrichment Analysis ...
 66% 18,930 of 28,738 population items found in association
  LTR55 / LTR                      19 genes ->    0 terms at FDR<0.1,    0 at FDR<0.05   (5.6 s)

Load  Ontology Enrichment Analysis ...
 66% 18,930 of 28,738 population items found in association
  X34_DNA / DNA                     3 genes ->    0 terms at FDR<0.1,    0 at FDR<0.05   (5.3 s)

Load  Ontology Enrichment Analysis ...
 66% 18,930 of 28,738 population items found in association
  L1HS / LINE                      71 genes ->    0 terms at FDR<0.1,    0 at FDR<0.05   (5.7 s)

Load  Ontology Enrichment Analysis ...
 66% 18,930 of 28,738 population items found in association
  MER6A / DNA                      55 genes ->    0 terms at FDR<0.1,    0 at FDR<0.05   (5.7 s)

Load  Ontology Enrichment Analysis ...
 66% 18,930 of 28,738 population items found in association
  Charlie17b / DNA                 54 genes ->    0 terms at FDR<0.1,    0 at FDR<0.05   (5.6 s)

Load  Ontology Enrichment Analysis ...
 66% 18,930 of 28,738 population items found in association
  LTR9A1 / LTR                     16 genes ->    0 terms at FDR<0.1,    0 at FDR<0.05   (5.5 s)

Load  Ontology Enrichment Analysis ...
 66% 18,930 of 28,738 population items found in association
  Tigger12A / DNA                  64 genes ->    0 terms at FDR<0.1,    0 at FDR<0.05   (5.5 s)

Load  Ontology Enrichment Analysis ...
 66% 18,930 of 28,738 population items found in association
  LTR53-int / LTR                   7 genes ->    0 terms at FDR<0.1,    0 at FDR<0.05   (5.4 s)

Load  Ontology Enrichment Analysis ...
 66% 18,930 of 28,738 population items found in association
  MamTip3 / DNA                    82 genes ->    0 terms at FDR<0.1,    0 at FDR<0.05   (5.6 s)

Load  Ontology Enrichment Analysis ...
 66% 18,930 of 28,738 population items found in association
  X6A_LINE / LINE                 111 genes ->    0 terms at FDR<0.1,    0 at FDR<0.05   (5.7 s)

Load  Ontology Enrichment Analysis ...
 66% 18,930 of 28,738 population items found in association
  MER135 / DNA                     41 genes ->    0 terms at FDR<0.1,    0 at FDR<0.05   (5.6 s)

Load  Ontology Enrichment Analysis ...
 66% 18,930 of 28,738 population items found in association
  LTR32 / LTR                     105 genes ->    0 terms at FDR<0.1,    0 at FDR<0.05   (5.7 s)

Load  Ontology Enrichment Analysis ...
 66% 18,930 of 28,738 population items found in association
  Tigger2b_Pri / DNA               61 genes ->    0 terms at FDR<0.1,    0 at FDR<0.05   (5.7 s)

Load  Ontology Enrichment Analysis ...
 66% 18,930 of 28,738 population items found in association
  CR1-1_Amn / LINE                  5 genes ->    0 terms at FDR<0.1,    0 at FDR<0.05   (5.5 s)

Load  Ontology Enrichment Analysis ...
 66% 18,930 of 28,738 population items found in association
  X1_LINE / LINE                    1 genes ->    0 terms at FDR<0.1,    0 at FDR<0.05   (5.5 s)

Load  Ontology Enrichment Analysis ...
 66% 18,930 of 28,738 population items found in association
  LTR16B / LTR                     37 genes ->    0 terms at FDR<0.1,    0 at FDR<0.05   (5.4 s)

Load  Ontology Enrichment Analysis ...
 66% 18,930 of 28,738 population items found in association
  MER127 / DNA                     14 genes ->    0 terms at FDR<0.1,    0 at FDR<0.05   (5.5 s)

Load  Ontology Enrichment Analysis ...
 66% 18,930 of 28,738 population items found in association
  LTR10D / LTR                     25 genes ->    0 terms at FDR<0.1,    0 at FDR<0.05   (5.5 s)
  [775/1143] LTR10D

Load  Ontology Enrichment Analysis ...
 66% 18,930 of 28,738 population items found in association
  PRIMA4_LTR / LTR                 29 genes ->    0 terms at FDR<0.1,    0 at FDR<0.05   (5.5 s)

Load  Ontology Enrichment Analysis ...
 66% 18,930 of 28,738 population items found in association
  MER57E2 / LTR                     6 genes ->    0 terms at FDR<0.1,    0 at FDR<0.05   (5.5 s)

Load  Ontology Enrichment Analysis ...
 66% 18,930 of 28,738 population items found in association
  MamGypLTR2b / LTR                67 genes ->    0 terms at FDR<0.1,    0 at FDR<0.05   (5.6 s)

Load  Ontology Enrichment Analysis ...
 66% 18,930 of 28,738 population items found in association
  UCON78 / DNA                     23 genes ->    0 terms at FDR<0.1,    0 at FDR<0.05   (5.5 s)

Load  Ontology Enrichment Analysis ...
 66% 18,930 of 28,738 population items found in association
  EUTREP2 / DNA                    73 genes ->    0 terms at FDR<0.1,    0 at FDR<0.05   (5.6 s)

Load  Ontology Enrichment Analysis ...
 66% 18,930 of 28,738 population items found in association
  MER57F / LTR                     28 genes ->    0 terms at FDR<0.1,    0 at FDR<0.05   (5.5 s)

Load  Ontology Enrichment Analysis ...
 66% 18,930 of 28,738 population items found in association
  DNA1_Mam / DNA                   16 genes ->    0 terms at FDR<0.1,    0 at FDR<0.05   (5.6 s)

Load  Ontology Enrichment Analysis ...
 66% 18,930 of 28,738 population items found in association
  LTR12_v / LTR                    49 genes ->    0 terms at FDR<0.1,    0 at FDR<0.05   (5.6 s)

Load  Ontology Enrichment Analysis ...
 66% 18,930 of 28,738 population items found in association
  MER90 / LTR                     115 genes ->    0 terms at FDR<0.1,    0 at FDR<0.05   (5.4 s)

Load  Ontology Enrichment Analysis ...
 66% 18,930 of 28,738 population items found in association
  MER129 / LTR                     13 genes ->    0 terms at FDR<0.1,    0 at FDR<0.05   (5.5 s)

Load  Ontology Enrichment Analysis ...
 66% 18,930 of 28,738 population items found in association
  MERX / DNA                       17 genes ->    0 terms at FDR<0.1,    0 at FDR<0.05   (5.5 s)

Load  Ontology Enrichment Analysis ...
 66% 18,930 of 28,738 population items found in association
  LTR34 / LTR                      30 genes ->    0 terms at FDR<0.1,    0 at FDR<0.05   (5.4 s)

Load  Ontology Enrichment Analysis ...
 66% 18,930 of 28,738 population items found in association
  MER9a2 / LTR                     22 genes ->    0 terms at FDR<0.1,    0 at FDR<0.05   (5.5 s)

Load  Ontology Enrichment Analysis ...
 66% 18,930 of 28,738 population items found in association
  LTR23-int / LTR                  34 genes ->    1 terms at FDR<0.1,    1 at FDR<0.05   (5.5 s)

Load  Ontology Enrichment Analysis ...
 66% 18,930 of 28,738 population items found in association
  EUTREP16 / LTR                   35 genes ->    0 terms at FDR<0.1,    0 at FDR<0.05   (5.6 s)

Load  Ontology Enrichment Analysis ...
 66% 18,930 of 28,738 population items found in association
  X9b_DNA / DNA                    40 genes ->    0 terms at FDR<0.1,    0 at FDR<0.05   (5.6 s)

Load  Ontology Enrichment Analysis ...
 66% 18,930 of 28,738 population items found in association
  ERV24_Prim-int / LTR             33 genes ->    1 terms at FDR<0.1,    0 at FDR<0.05   (5.6 s)

Load  Ontology Enrichment Analysis ...
 66% 18,930 of 28,738 population items found in association
  LTR4 / LTR                        8 genes ->    0 terms at FDR<0.1,    0 at FDR<0.05   (5.5 s)

Load  Ontology Enrichment Analysis ...
 66% 18,930 of 28,738 population items found in association
  LTR39-int / LTR                  31 genes ->    0 terms at FDR<0.1,    0 at FDR<0.05   (5.5 s)

Load  Ontology Enrichment Analysis ...
 66% 18,930 of 28,738 population items found in association
  MER87 / LTR                      17 genes ->    0 terms at FDR<0.1,    0 at FDR<0.05   (5.5 s)

Load  Ontology Enrichment Analysis ...
 66% 18,930 of 28,738 population items found in association
  LTR49 / LTR                      80 genes ->    0 terms at FDR<0.1,    0 at FDR<0.05   (5.5 s)

Load  Ontology Enrichment Analysis ...
 66% 18,930 of 28,738 population items found in association
  MER51D / LTR                     28 genes ->    0 terms at FDR<0.1,    0 at FDR<0.05   (5.5 s)

Load  Ontology Enrichment Analysis ...
 66% 18,930 of 28,738 population items found in association
  MLT1F-int / LTR                   6 genes ->    0 terms at FDR<0.1,    0 at FDR<0.05   (5.4 s)

Load  Ontology Enrichment Analysis ...
 66% 18,930 of 28,738 population items found in association
  X4b_DNA / DNA                    60 genes ->    0 terms at FDR<0.1,    0 at FDR<0.05   (5.5 s)

Load  Ontology Enrichment Analysis ...
 66% 18,930 of 28,738 population items found in association
  LTR25 / LTR                      23 genes ->    1 terms at FDR<0.1,    1 at FDR<0.05   (5.4 s)
  [800/1143] LTR25

Load  Ontology Enrichment Analysis ...
 66% 18,930 of 28,738 population items found in association
  LTR54B / LTR                     85 genes ->    1 terms at FDR<0.1,    1 at FDR<0.05   (5.6 s)

Load  Ontology Enrichment Analysis ...
 66% 18,930 of 28,738 population items found in association
  L2-1_Crp / LINE                  28 genes ->    0 terms at FDR<0.1,    0 at FDR<0.05   (5.5 s)

Load  Ontology Enrichment Analysis ...
 66% 18,930 of 28,738 population items found in association
  LTR76 / LTR                      16 genes ->    0 terms at FDR<0.1,    0 at FDR<0.05   (5.4 s)

Load  Ontology Enrichment Analysis ...
 66% 18,930 of 28,738 population items found in association
  PABL_B / LTR                     33 genes ->    0 terms at FDR<0.1,    0 at FDR<0.05   (5.5 s)

Load  Ontology Enrichment Analysis ...
 66% 18,930 of 28,738 population items found in association
  LTR15 / LTR                      35 genes ->    0 terms at FDR<0.1,    0 at FDR<0.05   (5.5 s)

Load  Ontology Enrichment Analysis ...
 66% 18,930 of 28,738 population items found in association
  LTR38B / LTR                     16 genes ->    0 terms at FDR<0.1,    0 at FDR<0.05   (5.5 s)

Load  Ontology Enrichment Analysis ...
 66% 18,930 of 28,738 population items found in association
  HERV-Fc2_LTR / LTR                1 genes ->    0 terms at FDR<0.1,    0 at FDR<0.05   (5.2 s)

Load  Ontology Enrichment Analysis ...
 66% 18,930 of 28,738 population items found in association
  LTR26B / LTR                      8 genes ->    0 terms at FDR<0.1,    0 at FDR<0.05   (5.5 s)

Load  Ontology Enrichment Analysis ...
 66% 18,930 of 28,738 population items found in association
  LTR25-int / LTR                  18 genes ->    2 terms at FDR<0.1,    2 at FDR<0.05   (5.5 s)

Load  Ontology Enrichment Analysis ...
 66% 18,930 of 28,738 population items found in association
  MER61-int / LTR                  14 genes ->    0 terms at FDR<0.1,    0 at FDR<0.05   (5.5 s)

Load  Ontology Enrichment Analysis ...
 66% 18,930 of 28,738 population items found in association
  LTR81A / LTR                     40 genes ->    0 terms at FDR<0.1,    0 at FDR<0.05   (5.5 s)

Load  Ontology Enrichment Analysis ...
 66% 18,930 of 28,738 population items found in association
  UCON44 / DNA                     30 genes ->    0 terms at FDR<0.1,    0 at FDR<0.05   (5.6 s)

Load  Ontology Enrichment Analysis ...
 66% 18,930 of 28,738 population items found in association
  UCON89 / DNA                     14 genes ->    0 terms at FDR<0.1,    0 at FDR<0.05   (5.5 s)

Load  Ontology Enrichment Analysis ...
 66% 18,930 of 28,738 population items found in association
  Kanga1 / DNA                     70 genes ->    0 terms at FDR<0.1,    0 at FDR<0.05   (5.4 s)

Load  Ontology Enrichment Analysis ...
 66% 18,930 of 28,738 population items found in association
  UCON86 / LINE                    11 genes ->    0 terms at FDR<0.1,    0 at FDR<0.05   (5.5 s)

Load  Ontology Enrichment Analysis ...
 66% 18,930 of 28,738 population items found in association
  Helitron1Na_Mam / RC             20 genes ->    0 terms at FDR<0.1,    0 at FDR<0.05   (5.4 s)

Load  Ontology Enrichment Analysis ...
 66% 18,930 of 28,738 population items found in association
  Helitron1Nb_Mam / RC             14 genes ->    0 terms at FDR<0.1,    0 at FDR<0.05   (5.4 s)

Load  Ontology Enrichment Analysis ...
 66% 18,930 of 28,738 population items found in association
  Eutr18 / LTR                     81 genes ->    0 terms at FDR<0.1,    0 at FDR<0.05   (5.6 s)

Load  Ontology Enrichment Analysis ...
 66% 18,930 of 28,738 population items found in association
  X11_DNA / DNA                    29 genes ->    0 terms at FDR<0.1,    0 at FDR<0.05   (5.5 s)

Load  Ontology Enrichment Analysis ...
 66% 18,930 of 28,738 population items found in association
  Chap1_Mam / DNA                  46 genes ->    0 terms at FDR<0.1,    0 at FDR<0.05   (5.5 s)

Load  Ontology Enrichment Analysis ...
 66% 18,930 of 28,738 population items found in association
  X23_DNA / DNA                     1 genes ->    0 terms at FDR<0.1,    0 at FDR<0.05   (5.5 s)

Load  Ontology Enrichment Analysis ...
 66% 18,930 of 28,738 population items found in association
  UCON11 / DNA                      1 genes ->    0 terms at FDR<0.1,    0 at FDR<0.05   (5.5 s)

Load  Ontology Enrichment Analysis ...
 66% 18,930 of 28,738 population items found in association
  LTR1F1 / LTR                      9 genes ->    0 terms at FDR<0.1,    0 at FDR<0.05   (5.5 s)

Load  Ontology Enrichment Analysis ...
 66% 18,930 of 28,738 population items found in association
  X8_LINE / LINE                   18 genes ->    0 terms at FDR<0.1,    0 at FDR<0.05   (5.5 s)

Load  Ontology Enrichment Analysis ...
 66% 18,930 of 28,738 population items found in association
  LTR65 / LTR                      96 genes ->    0 terms at FDR<0.1,    0 at FDR<0.05   (5.7 s)
  [825/1143] LTR65

Load  Ontology Enrichment Analysis ...
 66% 18,930 of 28,738 population items found in association
  MER30B / DNA                     33 genes ->    0 terms at FDR<0.1,    0 at FDR<0.05   (5.4 s)

Load  Ontology Enrichment Analysis ...
 66% 18,930 of 28,738 population items found in association
  HUERS-P3-int / LTR               17 genes ->    0 terms at FDR<0.1,    0 at FDR<0.05   (5.5 s)

Load  Ontology Enrichment Analysis ...
 66% 18,930 of 28,738 population items found in association
  Eutr2B / DNA                     28 genes ->    0 terms at FDR<0.1,    0 at FDR<0.05   (5.5 s)

Load  Ontology Enrichment Analysis ...
 66% 18,930 of 28,738 population items found in association
  HERV35I-int / LTR                31 genes ->    1 terms at FDR<0.1,    1 at FDR<0.05   (5.4 s)

Load  Ontology Enrichment Analysis ...
 66% 18,930 of 28,738 population items found in association
  MER9a3 / LTR                     34 genes ->    0 terms at FDR<0.1,    0 at FDR<0.05   (5.5 s)

Load  Ontology Enrichment Analysis ...
 66% 18,930 of 28,738 population items found in association
  LTR37-int / LTR                  41 genes ->    0 terms at FDR<0.1,    0 at FDR<0.05   (5.7 s)

Load  Ontology Enrichment Analysis ...
 66% 18,930 of 28,738 population items found in association
  MER92-int / LTR                  26 genes ->    0 terms at FDR<0.1,    0 at FDR<0.05   (5.3 s)

Load  Ontology Enrichment Analysis ...
 66% 18,930 of 28,738 population items found in association
  LTR28B / LTR                     13 genes ->    0 terms at FDR<0.1,    0 at FDR<0.05   (5.4 s)

Load  Ontology Enrichment Analysis ...
 66% 18,930 of 28,738 population items found in association
  Charlie14a / DNA                 35 genes ->    0 terms at FDR<0.1,    0 at FDR<0.05   (5.6 s)

Load  Ontology Enrichment Analysis ...
 66% 18,930 of 28,738 population items found in association
  MamRep1894 / DNA                 52 genes ->    0 terms at FDR<0.1,    0 at FDR<0.05   (5.7 s)

Load  Ontology Enrichment Analysis ...
 66% 18,930 of 28,738 population items found in association
  LTR14 / LTR                      21 genes ->    3 terms at FDR<0.1,    0 at FDR<0.05   (5.5 s)

Load  Ontology Enrichment Analysis ...
 66% 18,930 of 28,738 population items found in association
  MER66A / LTR                     34 genes ->    0 terms at FDR<0.1,    0 at FDR<0.05   (5.6 s)

Load  Ontology Enrichment Analysis ...
 66% 18,930 of 28,738 population items found in association
  MamGyp-int / LTR                 50 genes ->    0 terms at FDR<0.1,    0 at FDR<0.05   (5.5 s)

Load  Ontology Enrichment Analysis ...
 66% 18,930 of 28,738 population items found in association
  L1PBa / LINE                     82 genes ->    0 terms at FDR<0.1,    0 at FDR<0.05   (5.6 s)

Load  Ontology Enrichment Analysis ...
 66% 18,930 of 28,738 population items found in association
  L1M2a / LINE                     17 genes ->    8 terms at FDR<0.1,    8 at FDR<0.05   (5.4 s)

Load  Ontology Enrichment Analysis ...
 66% 18,930 of 28,738 population items found in association
  Charlie9 / DNA                  121 genes ->   12 terms at FDR<0.1,   12 at FDR<0.05   (5.7 s)

Load  Ontology Enrichment Analysis ...
 66% 18,930 of 28,738 population items found in association
  LTR26D / LTR                     13 genes ->    0 terms at FDR<0.1,    0 at FDR<0.05   (5.5 s)

Load  Ontology Enrichment Analysis ...
 66% 18,930 of 28,738 population items found in association
  HERVE_a-int / LTR                24 genes ->    0 terms at FDR<0.1,    0 at FDR<0.05   (5.5 s)

Load  Ontology Enrichment Analysis ...
 66% 18,930 of 28,738 population items found in association
  LTR107_Mam / LTR                 26 genes ->    0 terms at FDR<0.1,    0 at FDR<0.05   (5.4 s)

Load  Ontology Enrichment Analysis ...
 66% 18,930 of 28,738 population items found in association
  UCON21 / DNA                      1 genes ->    0 terms at FDR<0.1,    0 at FDR<0.05   (5.4 s)

Load  Ontology Enrichment Analysis ...
 66% 18,930 of 28,738 population items found in association
  Tigger20a / DNA                  63 genes ->    0 terms at FDR<0.1,    0 at FDR<0.05   (5.5 s)

Load  Ontology Enrichment Analysis ...
 66% 18,930 of 28,738 population items found in association
  L1P5 / LINE                      56 genes ->    0 terms at FDR<0.1,    0 at FDR<0.05   (5.3 s)

Load  Ontology Enrichment Analysis ...
 66% 18,930 of 28,738 population items found in association
  X32_DNA / DNA                    36 genes ->    0 terms at FDR<0.1,    0 at FDR<0.05   (5.5 s)

Load  Ontology Enrichment Analysis ...
 66% 18,930 of 28,738 population items found in association
  MER73 / LTR                      13 genes ->    0 terms at FDR<0.1,    0 at FDR<0.05   (5.4 s)
  [850/1143] MER73

Load  Ontology Enrichment Analysis ...
 66% 18,930 of 28,738 population items found in association
  LTR06 / LTR                       5 genes ->    0 terms at FDR<0.1,    0 at FDR<0.05   (5.4 s)

Load  Ontology Enrichment Analysis ...
 66% 18,930 of 28,738 population items found in association
  LTR48 / LTR                      56 genes ->    0 terms at FDR<0.1,    0 at FDR<0.05   (5.6 s)

Load  Ontology Enrichment Analysis ...
 66% 18,930 of 28,738 population items found in association
  X2a_DNA / DNA                    36 genes ->    0 terms at FDR<0.1,    0 at FDR<0.05   (5.6 s)

Load  Ontology Enrichment Analysis ...
 66% 18,930 of 28,738 population items found in association
  hAT-N1_Mam / DNA                 12 genes ->    0 terms at FDR<0.1,    0 at FDR<0.05   (5.5 s)

Load  Ontology Enrichment Analysis ...
 66% 18,930 of 28,738 population items found in association
  PABL_A / LTR                     63 genes ->    0 terms at FDR<0.1,    0 at FDR<0.05   (5.6 s)

Load  Ontology Enrichment Analysis ...
 66% 18,930 of 28,738 population items found in association
  LTR28C / LTR                     23 genes ->    0 terms at FDR<0.1,    0 at FDR<0.05   (5.5 s)

Load  Ontology Enrichment Analysis ...
 66% 18,930 of 28,738 population items found in association
  MER57-int / LTR                  35 genes ->    1 terms at FDR<0.1,    1 at FDR<0.05   (5.5 s)

Load  Ontology Enrichment Analysis ...
 66% 18,930 of 28,738 population items found in association
  MER4D0 / LTR                     31 genes ->    0 terms at FDR<0.1,    0 at FDR<0.05   (5.5 s)

Load  Ontology Enrichment Analysis ...
 66% 18,930 of 28,738 population items found in association
  Charlie10a / DNA                 11 genes ->    0 terms at FDR<0.1,    0 at FDR<0.05   (5.4 s)

Load  Ontology Enrichment Analysis ...
 66% 18,930 of 28,738 population items found in association
  LTR47A2 / LTR                    16 genes ->    0 terms at FDR<0.1,    0 at FDR<0.05   (5.2 s)

Load  Ontology Enrichment Analysis ...
 66% 18,930 of 28,738 population items found in association
  UCON38 / DNA                     29 genes ->    0 terms at FDR<0.1,    0 at FDR<0.05   (5.4 s)

Load  Ontology Enrichment Analysis ...
 66% 18,930 of 28,738 population items found in association
  Arthur2 / DNA                    74 genes ->    0 terms at FDR<0.1,    0 at FDR<0.05   (5.6 s)

Load  Ontology Enrichment Analysis ...
 66% 18,930 of 28,738 population items found in association
  Tigger21a / DNA                  10 genes ->    0 terms at FDR<0.1,    0 at FDR<0.05   (5.4 s)

Load  Ontology Enrichment Analysis ...
 66% 18,930 of 28,738 population items found in association
  Eutr5 / LTR                      41 genes ->    0 terms at FDR<0.1,    0 at FDR<0.05   (5.4 s)

Load  Ontology Enrichment Analysis ...
 66% 18,930 of 28,738 population items found in association
  X4a_DNA / DNA                    15 genes ->    0 terms at FDR<0.1,    0 at FDR<0.05   (5.4 s)

Load  Ontology Enrichment Analysis ...
 66% 18,930 of 28,738 population items found in association
  PABL_B-int / LTR                 25 genes ->    0 terms at FDR<0.1,    0 at FDR<0.05   (5.4 s)

Load  Ontology Enrichment Analysis ...
 66% 18,930 of 28,738 population items found in association
  UCON4 / DNA                      12 genes ->    0 terms at FDR<0.1,    0 at FDR<0.05   (5.4 s)

Load  Ontology Enrichment Analysis ...
 66% 18,930 of 28,738 population items found in association
  hAT-5_Mam / DNA                 100 genes ->    0 terms at FDR<0.1,    0 at FDR<0.05   (5.7 s)

Load  Ontology Enrichment Analysis ...
 66% 18,930 of 28,738 population items found in association
  MER66D / LTR                     11 genes ->    0 terms at FDR<0.1,    0 at FDR<0.05   (5.5 s)

Load  Ontology Enrichment Analysis ...
 66% 18,930 of 28,738 population items found in association
  Charlie3 / DNA                   33 genes ->    0 terms at FDR<0.1,    0 at FDR<0.05   (5.6 s)

Load  Ontology Enrichment Analysis ...
 66% 18,930 of 28,738 population items found in association
  LTR87 / LTR                      29 genes ->    0 terms at FDR<0.1,    0 at FDR<0.05   (5.6 s)

Load  Ontology Enrichment Analysis ...
 66% 18,930 of 28,738 population items found in association
  LTR1 / LTR                       25 genes ->    8 terms at FDR<0.1,    8 at FDR<0.05   (5.3 s)

Load  Ontology Enrichment Analysis ...
 66% 18,930 of 28,738 population items found in association
  MamGypLTR1d / LTR                55 genes ->    0 terms at FDR<0.1,    0 at FDR<0.05   (5.6 s)

Load  Ontology Enrichment Analysis ...
 66% 18,930 of 28,738 population items found in association
  HERV1_LTRd / LTR                  2 genes ->    0 terms at FDR<0.1,    0 at FDR<0.05   (5.5 s)

Load  Ontology Enrichment Analysis ...
 66% 18,930 of 28,738 population items found in association
  Tigger3 / DNA                    96 genes ->    0 terms at FDR<0.1,    0 at FDR<0.05   (5.6 s)
  [875/1143] Tigger3

Load  Ontology Enrichment Analysis ...
 66% 18,930 of 28,738 population items found in association
  LTR80B / LTR                     12 genes ->    0 terms at FDR<0.1,    0 at FDR<0.05   (5.5 s)

Load  Ontology Enrichment Analysis ...
 66% 18,930 of 28,738 population items found in association
  Eutr16 / DNA                     42 genes ->    0 terms at FDR<0.1,    0 at FDR<0.05   (5.5 s)

Load  Ontology Enrichment Analysis ...
 66% 18,930 of 28,738 population items found in association
  MER57E1 / LTR                    47 genes ->    0 terms at FDR<0.1,    0 at FDR<0.05   (5.6 s)

Load  Ontology Enrichment Analysis ...
 66% 18,930 of 28,738 population items found in association
  UCON33 / DNA                     14 genes ->    0 terms at FDR<0.1,    0 at FDR<0.05   (5.4 s)

Load  Ontology Enrichment Analysis ...
 66% 18,930 of 28,738 population items found in association
  MER41C / LTR                     65 genes ->    0 terms at FDR<0.1,    0 at FDR<0.05   (5.6 s)

Load  Ontology Enrichment Analysis ...
 66% 18,930 of 28,738 population items found in association
  LTR1E / LTR                      12 genes ->    0 terms at FDR<0.1,    0 at FDR<0.05   (5.4 s)

Load  Ontology Enrichment Analysis ...
 66% 18,930 of 28,738 population items found in association
  EUTREP7 / LTR                    27 genes ->    0 terms at FDR<0.1,    0 at FDR<0.05   (5.3 s)

Load  Ontology Enrichment Analysis ...
 66% 18,930 of 28,738 population items found in association
  UCON37 / DNA                     18 genes ->    0 terms at FDR<0.1,    0 at FDR<0.05   (5.6 s)

Load  Ontology Enrichment Analysis ...
 66% 18,930 of 28,738 population items found in association
  L1MEg2 / LINE                    38 genes ->    0 terms at FDR<0.1,    0 at FDR<0.05   (5.3 s)

Load  Ontology Enrichment Analysis ...
 66% 18,930 of 28,738 population items found in association
  Looper / DNA                     29 genes ->    0 terms at FDR<0.1,    0 at FDR<0.05   (5.5 s)

Load  Ontology Enrichment Analysis ...
 66% 18,930 of 28,738 population items found in association
  LTR22B2 / LTR                     3 genes ->    0 terms at FDR<0.1,    0 at FDR<0.05   (5.4 s)

Load  Ontology Enrichment Analysis ...
 66% 18,930 of 28,738 population items found in association
  Eulor12 / DNA                     7 genes ->    0 terms at FDR<0.1,    0 at FDR<0.05   (5.4 s)

Load  Ontology Enrichment Analysis ...
 66% 18,930 of 28,738 population items found in association
  LTR6A / LTR                      45 genes ->    0 terms at FDR<0.1,    0 at FDR<0.05   (5.5 s)

Load  Ontology Enrichment Analysis ...
 66% 18,930 of 28,738 population items found in association
  MamGypLTR3 / LTR                 37 genes ->    0 terms at FDR<0.1,    0 at FDR<0.05   (5.5 s)

Load  Ontology Enrichment Analysis ...
 66% 18,930 of 28,738 population items found in association
  X12_DNA / DNA                   111 genes ->    1 terms at FDR<0.1,    1 at FDR<0.05   (5.7 s)

Load  Ontology Enrichment Analysis ...
 66% 18,930 of 28,738 population items found in association
  X2b_DNA / DNA                    11 genes ->    0 terms at FDR<0.1,    0 at FDR<0.05   (5.5 s)

Load  Ontology Enrichment Analysis ...
 66% 18,930 of 28,738 population items found in association
  MER51C / LTR                     27 genes ->    0 terms at FDR<0.1,    0 at FDR<0.05   (5.5 s)

Load  Ontology Enrichment Analysis ...
 66% 18,930 of 28,738 population items found in association
  LTR35A / LTR                     10 genes ->    0 terms at FDR<0.1,    0 at FDR<0.05   (5.5 s)

Load  Ontology Enrichment Analysis ...
 66% 18,930 of 28,738 population items found in association
  MER4CL34 / LTR                   62 genes ->    1 terms at FDR<0.1,    1 at FDR<0.05   (5.4 s)

Load  Ontology Enrichment Analysis ...
 66% 18,930 of 28,738 population items found in association
  MER51-int / LTR                  24 genes ->    0 terms at FDR<0.1,    0 at FDR<0.05   (5.5 s)

Load  Ontology Enrichment Analysis ...
 66% 18,930 of 28,738 population items found in association
  MER97c / DNA                     15 genes ->    0 terms at FDR<0.1,    0 at FDR<0.05   (5.5 s)

Load  Ontology Enrichment Analysis ...
 66% 18,930 of 28,738 population items found in association
  MER41-int / LTR                  40 genes ->    1 terms at FDR<0.1,    1 at FDR<0.05   (5.5 s)

Load  Ontology Enrichment Analysis ...
 66% 18,930 of 28,738 population items found in association
  MamGypsy2-LTR / LTR              44 genes ->    0 terms at FDR<0.1,    0 at FDR<0.05   (5.6 s)

Load  Ontology Enrichment Analysis ...
 66% 18,930 of 28,738 population items found in association
  MER34D / LTR                     22 genes ->    0 terms at FDR<0.1,    0 at FDR<0.05   (5.5 s)

Load  Ontology Enrichment Analysis ...
 66% 18,930 of 28,738 population items found in association
  MER65C / LTR                     72 genes ->    5 terms at FDR<0.1,    5 at FDR<0.05   (5.6 s)
  [900/1143] MER65C

Load  Ontology Enrichment Analysis ...
 66% 18,930 of 28,738 population items found in association
  MamTip3B / DNA                   60 genes ->    1 terms at FDR<0.1,    0 at FDR<0.05   (5.5 s)

Load  Ontology Enrichment Analysis ...
 66% 18,930 of 28,738 population items found in association
  UCON55 / DNA                     31 genes ->    0 terms at FDR<0.1,    0 at FDR<0.05   (5.6 s)

Load  Ontology Enrichment Analysis ...
 66% 18,930 of 28,738 population items found in association
  MER57C2 / LTR                    26 genes ->    0 terms at FDR<0.1,    0 at FDR<0.05   (5.6 s)

Load  Ontology Enrichment Analysis ...
 66% 18,930 of 28,738 population items found in association
  LTR35 / LTR                       8 genes ->    0 terms at FDR<0.1,    0 at FDR<0.05   (5.5 s)

Load  Ontology Enrichment Analysis ...
 66% 18,930 of 28,738 population items found in association
  MER50B / LTR                     43 genes ->    0 terms at FDR<0.1,    0 at FDR<0.05   (5.6 s)

Load  Ontology Enrichment Analysis ...
 66% 18,930 of 28,738 population items found in association
  LTR1D / LTR                      11 genes ->    0 terms at FDR<0.1,    0 at FDR<0.05   (5.5 s)

Load  Ontology Enrichment Analysis ...
 66% 18,930 of 28,738 population items found in association
  LTR91A / LTR                    102 genes ->    0 terms at FDR<0.1,    0 at FDR<0.05   (5.7 s)

Load  Ontology Enrichment Analysis ...
 66% 18,930 of 28,738 population items found in association
  L1MDb / LINE                     62 genes ->    4 terms at FDR<0.1,    3 at FDR<0.05   (5.4 s)

Load  Ontology Enrichment Analysis ...
 66% 18,930 of 28,738 population items found in association
  UCON7 / DNA                       1 genes ->    0 terms at FDR<0.1,    0 at FDR<0.05   (5.5 s)

Load  Ontology Enrichment Analysis ...
 66% 18,930 of 28,738 population items found in association
  LTR31 / LTR                      24 genes ->    0 terms at FDR<0.1,    0 at FDR<0.05   (5.5 s)

Load  Ontology Enrichment Analysis ...
 66% 18,930 of 28,738 population items found in association
  Tigger17d / DNA                  16 genes ->    0 terms at FDR<0.1,    0 at FDR<0.05   (5.5 s)

Load  Ontology Enrichment Analysis ...
 66% 18,930 of 28,738 population items found in association
  LTR1F2 / LTR                      4 genes ->    0 terms at FDR<0.1,    0 at FDR<0.05   (5.5 s)

Load  Ontology Enrichment Analysis ...
 66% 18,930 of 28,738 population items found in association
  L1M3c / LINE                     44 genes ->    0 terms at FDR<0.1,    0 at FDR<0.05   (5.5 s)

Load  Ontology Enrichment Analysis ...
 66% 18,930 of 28,738 population items found in association
  HERVK22-int / LTR                16 genes ->    0 terms at FDR<0.1,    0 at FDR<0.05   (5.5 s)

Load  Ontology Enrichment Analysis ...
 66% 18,930 of 28,738 population items found in association
  LTR17 / LTR                      52 genes ->    0 terms at FDR<0.1,    0 at FDR<0.05   (5.5 s)

Load  Ontology Enrichment Analysis ...
 66% 18,930 of 28,738 population items found in association
  MER83B / LTR                     11 genes ->    0 terms at FDR<0.1,    0 at FDR<0.05   (5.5 s)

Load  Ontology Enrichment Analysis ...
 66% 18,930 of 28,738 population items found in association
  PrimLTR79 / LTR                  24 genes ->    2 terms at FDR<0.1,    1 at FDR<0.05   (5.5 s)

Load  Ontology Enrichment Analysis ...
 66% 18,930 of 28,738 population items found in association
  LTR14B / LTR                     22 genes ->    0 terms at FDR<0.1,    0 at FDR<0.05   (5.3 s)

Load  Ontology Enrichment Analysis ...
 66% 18,930 of 28,738 population items found in association
  MLT1H-int / LTR                  15 genes ->    0 terms at FDR<0.1,    0 at FDR<0.05   (5.5 s)

Load  Ontology Enrichment Analysis ...
 66% 18,930 of 28,738 population items found in association
  LTR27 / LTR                      19 genes ->    0 terms at FDR<0.1,    0 at FDR<0.05   (5.5 s)

Load  Ontology Enrichment Analysis ...
 66% 18,930 of 28,738 population items found in association
  MER74C / LTR                     12 genes ->    0 terms at FDR<0.1,    0 at FDR<0.05   (5.5 s)

Load  Ontology Enrichment Analysis ...
 66% 18,930 of 28,738 population items found in association
  L1PBa1 / LINE                    33 genes ->    0 terms at FDR<0.1,    0 at FDR<0.05   (5.5 s)

Load  Ontology Enrichment Analysis ...
 66% 18,930 of 28,738 population items found in association
  MER99 / DNA                       9 genes ->    0 terms at FDR<0.1,    0 at FDR<0.05   (5.5 s)

Load  Ontology Enrichment Analysis ...
 66% 18,930 of 28,738 population items found in association
  LTR88c / LTR                     58 genes ->    0 terms at FDR<0.1,    0 at FDR<0.05   (5.6 s)

Load  Ontology Enrichment Analysis ...
 66% 18,930 of 28,738 population items found in association
  L1M3e / LINE                     39 genes ->    3 terms at FDR<0.1,    3 at FDR<0.05   (5.6 s)
  [925/1143] L1M3e

Load  Ontology Enrichment Analysis ...
 66% 18,930 of 28,738 population items found in association
  LTR6B / LTR                      30 genes ->    0 terms at FDR<0.1,    0 at FDR<0.05   (5.6 s)

Load  Ontology Enrichment Analysis ...
 66% 18,930 of 28,738 population items found in association
  LTR38A1 / LTR                    12 genes ->    0 terms at FDR<0.1,    0 at FDR<0.05   (5.5 s)

Load  Ontology Enrichment Analysis ...
 66% 18,930 of 28,738 population items found in association
  EUTREP15 / LTR                   12 genes ->    0 terms at FDR<0.1,    0 at FDR<0.05   (5.5 s)

Load  Ontology Enrichment Analysis ...
 66% 18,930 of 28,738 population items found in association
  LTR89 / LTR                      61 genes ->    0 terms at FDR<0.1,    0 at FDR<0.05   (5.6 s)

Load  Ontology Enrichment Analysis ...
 66% 18,930 of 28,738 population items found in association
  L1P / LINE                       16 genes ->    0 terms at FDR<0.1,    0 at FDR<0.05   (5.5 s)

Load  Ontology Enrichment Analysis ...
 66% 18,930 of 28,738 population items found in association
  HERVS71-int / LTR                 5 genes ->    0 terms at FDR<0.1,    0 at FDR<0.05   (5.3 s)

Load  Ontology Enrichment Analysis ...
 66% 18,930 of 28,738 population items found in association
  HERVK11-int / LTR                13 genes ->    0 terms at FDR<0.1,    0 at FDR<0.05   (5.5 s)

Load  Ontology Enrichment Analysis ...
 66% 18,930 of 28,738 population items found in association
  LTR90A / LTR                     30 genes ->    0 terms at FDR<0.1,    0 at FDR<0.05   (5.4 s)

Load  Ontology Enrichment Analysis ...
 66% 18,930 of 28,738 population items found in association
  THE1-int / LTR                   14 genes ->    0 terms at FDR<0.1,    0 at FDR<0.05   (5.5 s)

Load  Ontology Enrichment Analysis ...
 66% 18,930 of 28,738 population items found in association
  L1M6B / LINE                     21 genes ->    0 terms at FDR<0.1,    0 at FDR<0.05   (5.5 s)

Load  Ontology Enrichment Analysis ...
 66% 18,930 of 28,738 population items found in association
  MLT1-int / LTR                   19 genes ->    0 terms at FDR<0.1,    0 at FDR<0.05   (5.5 s)

Load  Ontology Enrichment Analysis ...
 66% 18,930 of 28,738 population items found in association
  LTR86B2 / LTR                    14 genes ->    0 terms at FDR<0.1,    0 at FDR<0.05   (5.5 s)

Load  Ontology Enrichment Analysis ...
 66% 18,930 of 28,738 population items found in association
  MER97d / DNA                      2 genes ->    0 terms at FDR<0.1,    0 at FDR<0.05   (5.5 s)

Load  Ontology Enrichment Analysis ...
 66% 18,930 of 28,738 population items found in association
  LTR69 / LTR                       7 genes ->    0 terms at FDR<0.1,    0 at FDR<0.05   (5.5 s)

Load  Ontology Enrichment Analysis ...
 66% 18,930 of 28,738 population items found in association
  THE1D-int / LTR                  19 genes ->    0 terms at FDR<0.1,    0 at FDR<0.05   (5.5 s)

Load  Ontology Enrichment Analysis ...
 66% 18,930 of 28,738 population items found in association
  LTR72B / LTR                     12 genes ->    0 terms at FDR<0.1,    0 at FDR<0.05   (5.5 s)

Load  Ontology Enrichment Analysis ...
 66% 18,930 of 28,738 population items found in association
  HERVFH19-int / LTR                2 genes ->    0 terms at FDR<0.1,    0 at FDR<0.05   (5.5 s)

Load  Ontology Enrichment Analysis ...
 66% 18,930 of 28,738 population items found in association
  Tigger6b / DNA                   10 genes ->    0 terms at FDR<0.1,    0 at FDR<0.05   (5.4 s)

Load  Ontology Enrichment Analysis ...
 66% 18,930 of 28,738 population items found in association
  LTR80A / LTR                      9 genes ->    0 terms at FDR<0.1,    0 at FDR<0.05   (5.4 s)

Load  Ontology Enrichment Analysis ...
 66% 18,930 of 28,738 population items found in association
  L1MEg1 / LINE                    29 genes ->    0 terms at FDR<0.1,    0 at FDR<0.05   (5.4 s)

Load  Ontology Enrichment Analysis ...
 66% 18,930 of 28,738 population items found in association
  LTR19-int / LTR                  12 genes ->    0 terms at FDR<0.1,    0 at FDR<0.05   (5.5 s)

Load  Ontology Enrichment Analysis ...
 66% 18,930 of 28,738 population items found in association
  LTR2752 / LTR                    16 genes ->    0 terms at FDR<0.1,    0 at FDR<0.05   (5.3 s)

Load  Ontology Enrichment Analysis ...
 66% 18,930 of 28,738 population items found in association
  hAT-4b_Ther / DNA                12 genes ->    0 terms at FDR<0.1,    0 at FDR<0.05   (5.5 s)

Load  Ontology Enrichment Analysis ...
 66% 18,930 of 28,738 population items found in association
  Zaphod5b / DNA                    2 genes ->    0 terms at FDR<0.1,    0 at FDR<0.05   (5.4 s)

Load  Ontology Enrichment Analysis ...
 66% 18,930 of 28,738 population items found in association
  X24_DNA / DNA                    33 genes ->    0 terms at FDR<0.1,    0 at FDR<0.05   (5.6 s)
  [950/1143] X24_DNA

Load  Ontology Enrichment Analysis ...
 66% 18,930 of 28,738 population items found in association
  Eulor2B / DNA                     4 genes ->    0 terms at FDR<0.1,    0 at FDR<0.05   (5.5 s)

Load  Ontology Enrichment Analysis ...
 66% 18,930 of 28,738 population items found in association
  CR1-L3A_Croc / LINE              13 genes ->    0 terms at FDR<0.1,    0 at FDR<0.05   (5.4 s)

Load  Ontology Enrichment Analysis ...
 66% 18,930 of 28,738 population items found in association
  Eulor3 / DNA                      1 genes ->    0 terms at FDR<0.1,    0 at FDR<0.05   (5.5 s)

Load  Ontology Enrichment Analysis ...
 66% 18,930 of 28,738 population items found in association
  UCON14 / DNA                      3 genes ->    0 terms at FDR<0.1,    0 at FDR<0.05   (5.5 s)

Load  Ontology Enrichment Analysis ...
 66% 18,930 of 28,738 population items found in association
  LTR1B0 / LTR                      4 genes ->    0 terms at FDR<0.1,    0 at FDR<0.05   (5.5 s)

Load  Ontology Enrichment Analysis ...
 66% 18,930 of 28,738 population items found in association
  LTR43 / LTR                      29 genes ->    0 terms at FDR<0.1,    0 at FDR<0.05   (5.5 s)

Load  Ontology Enrichment Analysis ...
 66% 18,930 of 28,738 population items found in association
  UCON40 / DNA                     11 genes ->    0 terms at FDR<0.1,    0 at FDR<0.05   (5.5 s)

Load  Ontology Enrichment Analysis ...
 66% 18,930 of 28,738 population items found in association
  MER70-int / LTR                   5 genes ->    0 terms at FDR<0.1,    0 at FDR<0.05   (5.5 s)

Load  Ontology Enrichment Analysis ...
 66% 18,930 of 28,738 population items found in association
  L1M3d / LINE                     36 genes ->    0 terms at FDR<0.1,    0 at FDR<0.05   (5.5 s)

Load  Ontology Enrichment Analysis ...
 66% 18,930 of 28,738 population items found in association
  L1MEa / LINE                     17 genes ->    0 terms at FDR<0.1,    0 at FDR<0.05   (5.5 s)

Load  Ontology Enrichment Analysis ...
 66% 18,930 of 28,738 population items found in association
  L1M3de / LINE                    15 genes ->    0 terms at FDR<0.1,    0 at FDR<0.05   (5.3 s)

Load  Ontology Enrichment Analysis ...
 66% 18,930 of 28,738 population items found in association
  Eulor9B / DNA                     1 genes ->    0 terms at FDR<0.1,    0 at FDR<0.05   (5.5 s)

Load  Ontology Enrichment Analysis ...
 66% 18,930 of 28,738 population items found in association
  Eulor9A / DNA                     2 genes ->    0 terms at FDR<0.1,    0 at FDR<0.05   (5.5 s)

Load  Ontology Enrichment Analysis ...
 66% 18,930 of 28,738 population items found in association
  HERV17-int / LTR                 29 genes ->    0 terms at FDR<0.1,    0 at FDR<0.05   (5.5 s)

Load  Ontology Enrichment Analysis ...
 66% 18,930 of 28,738 population items found in association
  UCON99 / RC                       3 genes ->    0 terms at FDR<0.1,    0 at FDR<0.05   (5.5 s)

Load  Ontology Enrichment Analysis ...
 66% 18,930 of 28,738 population items found in association
  L1PBb / LINE                     19 genes ->    0 terms at FDR<0.1,    0 at FDR<0.05   (5.5 s)

Load  Ontology Enrichment Analysis ...
 66% 18,930 of 28,738 population items found in association
  EuthAT-N1 / DNA                  14 genes ->    2 terms at FDR<0.1,    2 at FDR<0.05   (5.5 s)

Load  Ontology Enrichment Analysis ...
 66% 18,930 of 28,738 population items found in association
  MER68C / LTR                      7 genes ->    0 terms at FDR<0.1,    0 at FDR<0.05   (5.5 s)

Load  Ontology Enrichment Analysis ...
 66% 18,930 of 28,738 population items found in association
  LTR3B / LTR                      16 genes ->    0 terms at FDR<0.1,    0 at FDR<0.05   (5.5 s)

Load  Ontology Enrichment Analysis ...
 66% 18,930 of 28,738 population items found in association
  Ricksha_b / DNA                   4 genes ->    0 terms at FDR<0.1,    0 at FDR<0.05   (5.5 s)

Load  Ontology Enrichment Analysis ...
 66% 18,930 of 28,738 population items found in association
  MER76 / LTR                      24 genes ->    0 terms at FDR<0.1,    0 at FDR<0.05   (5.5 s)

Load  Ontology Enrichment Analysis ...
 66% 18,930 of 28,738 population items found in association
  CR1-12_AMi / LINE                 4 genes ->    0 terms at FDR<0.1,    0 at FDR<0.05   (5.5 s)

Load  Ontology Enrichment Analysis ...
 66% 18,930 of 28,738 population items found in association
  MER97a / DNA                     23 genes ->    0 terms at FDR<0.1,    0 at FDR<0.05   (5.3 s)

Load  Ontology Enrichment Analysis ...
 66% 18,930 of 28,738 population items found in association
  LTR27B / LTR                     10 genes ->    0 terms at FDR<0.1,    0 at FDR<0.05   (5.5 s)

Load  Ontology Enrichment Analysis ...
 66% 18,930 of 28,738 population items found in association
  LTR47B4 / LTR                    15 genes ->    0 terms at FDR<0.1,    0 at FDR<0.05   (5.5 s)
  [975/1143] LTR47B4

Load  Ontology Enrichment Analysis ...
 66% 18,930 of 28,738 population items found in association
  FordPrefect_a / DNA              16 genes ->    0 terms at FDR<0.1,    0 at FDR<0.05   (5.5 s)

Load  Ontology Enrichment Analysis ...
 66% 18,930 of 28,738 population items found in association
  PABL_A-int / LTR                 17 genes ->    2 terms at FDR<0.1,    1 at FDR<0.05   (5.5 s)

Load  Ontology Enrichment Analysis ...
 66% 18,930 of 28,738 population items found in association
  LTR59 / LTR                      12 genes ->    0 terms at FDR<0.1,    0 at FDR<0.05   (5.4 s)

Load  Ontology Enrichment Analysis ...
 66% 18,930 of 28,738 population items found in association
  HUERS-P3b-int / LTR              13 genes ->    0 terms at FDR<0.1,    0 at FDR<0.05   (5.5 s)

Load  Ontology Enrichment Analysis ...
 66% 18,930 of 28,738 population items found in association
  Merlin1_HS / DNA                  3 genes ->    0 terms at FDR<0.1,    0 at FDR<0.05   (5.5 s)

Load  Ontology Enrichment Analysis ...
 66% 18,930 of 28,738 population items found in association
  LTR108a_Mam / LTR                10 genes ->    0 terms at FDR<0.1,    0 at FDR<0.05   (5.5 s)

Load  Ontology Enrichment Analysis ...
 66% 18,930 of 28,738 population items found in association
  X10b_DNA / DNA                   26 genes ->    0 terms at FDR<0.1,    0 at FDR<0.05   (5.3 s)

Load  Ontology Enrichment Analysis ...
 66% 18,930 of 28,738 population items found in association
  Eutr2 / DNA                      21 genes ->    0 terms at FDR<0.1,    0 at FDR<0.05   (5.5 s)

Load  Ontology Enrichment Analysis ...
 66% 18,930 of 28,738 population items found in association
  L1P4b / LINE                      5 genes ->    0 terms at FDR<0.1,    0 at FDR<0.05   (5.4 s)

Load  Ontology Enrichment Analysis ...
 66% 18,930 of 28,738 population items found in association
  UCON39 / DNA                     12 genes ->    0 terms at FDR<0.1,    0 at FDR<0.05   (5.5 s)

Load  Ontology Enrichment Analysis ...
 66% 18,930 of 28,738 population items found in association
  MER61F / LTR                     15 genes ->    0 terms at FDR<0.1,    0 at FDR<0.05   (5.5 s)

Load  Ontology Enrichment Analysis ...
 66% 18,930 of 28,738 population items found in association
  HERV4_I / LTR                    10 genes ->    0 terms at FDR<0.1,    0 at FDR<0.05   (5.5 s)

Load  Ontology Enrichment Analysis ...
 66% 18,930 of 28,738 population items found in association
  LTR1A1 / LTR                     14 genes ->    0 terms at FDR<0.1,    0 at FDR<0.05   (5.5 s)

Load  Ontology Enrichment Analysis ...
 66% 18,930 of 28,738 population items found in association
  L1M3a / LINE                     33 genes ->    0 terms at FDR<0.1,    0 at FDR<0.05   (5.5 s)

Load  Ontology Enrichment Analysis ...
 66% 18,930 of 28,738 population items found in association
  LTR12B / LTR                     17 genes ->    3 terms at FDR<0.1,    2 at FDR<0.05   (5.5 s)

Load  Ontology Enrichment Analysis ...
 66% 18,930 of 28,738 population items found in association
  HERV9N-int / LTR                  7 genes ->    0 terms at FDR<0.1,    0 at FDR<0.05   (5.4 s)

Load  Ontology Enrichment Analysis ...
 66% 18,930 of 28,738 population items found in association
  LTR60 / LTR                       5 genes ->    0 terms at FDR<0.1,    0 at FDR<0.05   (5.4 s)

Load  Ontology Enrichment Analysis ...
 66% 18,930 of 28,738 population items found in association
  EUTREP4 / DNA                    19 genes ->    0 terms at FDR<0.1,    0 at FDR<0.05   (5.5 s)

Load  Ontology Enrichment Analysis ...
 66% 18,930 of 28,738 population items found in association
  Eulor1 / DNA                      3 genes ->    0 terms at FDR<0.1,    0 at FDR<0.05   (5.4 s)

Load  Ontology Enrichment Analysis ...
 66% 18,930 of 28,738 population items found in association
  L1M2b / LINE                     19 genes ->    0 terms at FDR<0.1,    0 at FDR<0.05   (5.4 s)

Load  Ontology Enrichment Analysis ...
 66% 18,930 of 28,738 population items found in association
  L1P4e / LINE                      7 genes ->    4 terms at FDR<0.1,    3 at FDR<0.05   (5.4 s)

Load  Ontology Enrichment Analysis ...
 66% 18,930 of 28,738 population items found in association
  LTR27E / LTR                      9 genes ->    0 terms at FDR<0.1,    0 at FDR<0.05   (5.4 s)

Load  Ontology Enrichment Analysis ...
 66% 18,930 of 28,738 population items found in association
  Tigger17 / DNA                   15 genes ->    0 terms at FDR<0.1,    0 at FDR<0.05   (5.2 s)

Load  Ontology Enrichment Analysis ...
 66% 18,930 of 28,738 population items found in association
  L1P3b / LINE                      5 genes ->    0 terms at FDR<0.1,    0 at FDR<0.05   (5.5 s)

Load  Ontology Enrichment Analysis ...
 66% 18,930 of 28,738 population items found in association
  CR1-11_Crp / LINE                 4 genes ->    0 terms at FDR<0.1,    0 at FDR<0.05   (5.4 s)
  [1000/1143] CR1-11_Crp

Load  Ontology Enrichment Analysis ...
 66% 18,930 of 28,738 population items found in association
  LTR22C0 / LTR                     3 genes ->    0 terms at FDR<0.1,    0 at FDR<0.05   (5.3 s)

Load  Ontology Enrichment Analysis ...
 66% 18,930 of 28,738 population items found in association
  LTR68 / LTR                      16 genes ->    0 terms at FDR<0.1,    0 at FDR<0.05   (5.5 s)

Load  Ontology Enrichment Analysis ...
 66% 18,930 of 28,738 population items found in association
  CR1-L3B_Croc / LINE               8 genes ->    0 terms at FDR<0.1,    0 at FDR<0.05   (5.5 s)

Load  Ontology Enrichment Analysis ...
 66% 18,930 of 28,738 population items found in association
  LTR28 / LTR                       4 genes ->    0 terms at FDR<0.1,    0 at FDR<0.05   (5.5 s)

Load  Ontology Enrichment Analysis ...
 66% 18,930 of 28,738 population items found in association
  L1M2a1 / LINE                     5 genes ->    0 terms at FDR<0.1,    0 at FDR<0.05   (5.5 s)

Load  Ontology Enrichment Analysis ...
 66% 18,930 of 28,738 population items found in association
  MER132 / DNA                      3 genes ->    0 terms at FDR<0.1,    0 at FDR<0.05   (5.5 s)

Load  Ontology Enrichment Analysis ...
 66% 18,930 of 28,738 population items found in association
  X2_LINE / LINE                   10 genes ->    0 terms at FDR<0.1,    0 at FDR<0.05   (5.5 s)

Load  Ontology Enrichment Analysis ...
 66% 18,930 of 28,738 population items found in association
  UCON8 / DNA                      12 genes ->    0 terms at FDR<0.1,    0 at FDR<0.05   (5.4 s)

Load  Ontology Enrichment Analysis ...
 66% 18,930 of 28,738 population items found in association
  MARE6 / LINE                     12 genes ->    0 terms at FDR<0.1,    0 at FDR<0.05   (5.4 s)

Load  Ontology Enrichment Analysis ...
 66% 18,930 of 28,738 population items found in association
  Eulor6B / DNA                     2 genes ->    0 terms at FDR<0.1,    0 at FDR<0.05   (5.4 s)

Load  Ontology Enrichment Analysis ...
 66% 18,930 of 28,738 population items found in association
  MER68B / LTR                     34 genes ->    0 terms at FDR<0.1,    0 at FDR<0.05   (5.5 s)

Load  Ontology Enrichment Analysis ...
 66% 18,930 of 28,738 population items found in association
  MER123 / DNA                      2 genes ->    0 terms at FDR<0.1,    0 at FDR<0.05   (5.5 s)

Load  Ontology Enrichment Analysis ...
 66% 18,930 of 28,738 population items found in association
  MER95 / LTR                       8 genes ->    0 terms at FDR<0.1,    0 at FDR<0.05   (5.5 s)

Load  Ontology Enrichment Analysis ...
 66% 18,930 of 28,738 population items found in association
  MER57D / LTR                     27 genes ->    0 terms at FDR<0.1,    0 at FDR<0.05   (5.5 s)

Load  Ontology Enrichment Analysis ...
 66% 18,930 of 28,738 population items found in association
  Eulor5A / DNA                     8 genes ->    0 terms at FDR<0.1,    0 at FDR<0.05   (5.5 s)

Load  Ontology Enrichment Analysis ...
 66% 18,930 of 28,738 population items found in association
  MER61C / LTR                     10 genes ->    0 terms at FDR<0.1,    0 at FDR<0.05   (5.5 s)

Load  Ontology Enrichment Analysis ...
 66% 18,930 of 28,738 population items found in association
  HERVK14-int / LTR                 7 genes ->    0 terms at FDR<0.1,    0 at FDR<0.05   (5.5 s)

Load  Ontology Enrichment Analysis ...
 66% 18,930 of 28,738 population items found in association
  MER61E / LTR                     19 genes ->    0 terms at FDR<0.1,    0 at FDR<0.05   (5.5 s)

Load  Ontology Enrichment Analysis ...
 66% 18,930 of 28,738 population items found in association
  UCON69 / DNA                      1 genes ->    0 terms at FDR<0.1,    0 at FDR<0.05   (5.5 s)

Load  Ontology Enrichment Analysis ...
 66% 18,930 of 28,738 population items found in association
  MER133A / DNA                     1 genes ->    0 terms at FDR<0.1,    0 at FDR<0.05   (5.5 s)

Load  Ontology Enrichment Analysis ...
 66% 18,930 of 28,738 population items found in association
  LTR18A / LTR                      3 genes ->    0 terms at FDR<0.1,    0 at FDR<0.05   (5.5 s)

Load  Ontology Enrichment Analysis ...
 66% 18,930 of 28,738 population items found in association
  LTR38-int / LTR                   6 genes ->    0 terms at FDR<0.1,    0 at FDR<0.05   (5.5 s)

Load  Ontology Enrichment Analysis ...
 66% 18,930 of 28,738 population items found in association
  MER72B / LTR                      6 genes ->    0 terms at FDR<0.1,    0 at FDR<0.05   (5.5 s)

Load  Ontology Enrichment Analysis ...
 66% 18,930 of 28,738 population items found in association
  LTR47B3 / LTR                    10 genes ->    0 terms at FDR<0.1,    0 at FDR<0.05   (5.3 s)
  [1025/1143] LTR47B3

Load  Ontology Enrichment Analysis ...
 66% 18,930 of 28,738 population items found in association
  Eulor9C / DNA                    15 genes ->    0 terms at FDR<0.1,    0 at FDR<0.05   (5.5 s)

Load  Ontology Enrichment Analysis ...
 66% 18,930 of 28,738 population items found in association
  HERVL18-int / LTR                 6 genes ->    0 terms at FDR<0.1,    0 at FDR<0.05   (5.5 s)

Load  Ontology Enrichment Analysis ...
 66% 18,930 of 28,738 population items found in association
  L1M3b / LINE                     22 genes ->    0 terms at FDR<0.1,    0 at FDR<0.05   (5.5 s)

Load  Ontology Enrichment Analysis ...
 66% 18,930 of 28,738 population items found in association
  LTR1B / LTR                      11 genes ->    0 terms at FDR<0.1,    0 at FDR<0.05   (5.5 s)

Load  Ontology Enrichment Analysis ...
 66% 18,930 of 28,738 population items found in association
  LTR9C / LTR                       8 genes ->    0 terms at FDR<0.1,    0 at FDR<0.05   (5.5 s)

Load  Ontology Enrichment Analysis ...
 66% 18,930 of 28,738 population items found in association
  UCON80 / DNA                      7 genes ->    0 terms at FDR<0.1,    0 at FDR<0.05   (5.5 s)

Load  Ontology Enrichment Analysis ...
 66% 18,930 of 28,738 population items found in association
  LTR52-int / LTR                   6 genes ->    0 terms at FDR<0.1,    0 at FDR<0.05   (5.4 s)

Load  Ontology Enrichment Analysis ...
 66% 18,930 of 28,738 population items found in association
  MARE10 / DNA                      6 genes ->    0 terms at FDR<0.1,    0 at FDR<0.05   (5.5 s)

Load  Ontology Enrichment Analysis ...
 66% 18,930 of 28,738 population items found in association
  MER67D / LTR                     41 genes ->    0 terms at FDR<0.1,    0 at FDR<0.05   (5.5 s)

Load  Ontology Enrichment Analysis ...
 66% 18,930 of 28,738 population items found in association
  MER92D / LTR                      8 genes ->    0 terms at FDR<0.1,    0 at FDR<0.05   (5.4 s)

Load  Ontology Enrichment Analysis ...
 66% 18,930 of 28,738 population items found in association
  MER50-int / LTR                  20 genes ->    0 terms at FDR<0.1,    0 at FDR<0.05   (5.5 s)

Load  Ontology Enrichment Analysis ...
 66% 18,930 of 28,738 population items found in association
  Tigger6 / DNA                    12 genes ->    0 terms at FDR<0.1,    0 at FDR<0.05   (5.5 s)

Load  Ontology Enrichment Analysis ...
 66% 18,930 of 28,738 population items found in association
  MER83C / LTR                      9 genes ->    0 terms at FDR<0.1,    0 at FDR<0.05   (5.5 s)

Load  Ontology Enrichment Analysis ...
 66% 18,930 of 28,738 population items found in association
  L1P4a / LINE                     19 genes ->    0 terms at FDR<0.1,    0 at FDR<0.05   (5.5 s)

Load  Ontology Enrichment Analysis ...
 66% 18,930 of 28,738 population items found in association
  L1P4d / LINE                      7 genes ->    0 terms at FDR<0.1,    0 at FDR<0.05   (5.2 s)

Load  Ontology Enrichment Analysis ...
 66% 18,930 of 28,738 population items found in association
  MER101B / LTR                     9 genes ->    0 terms at FDR<0.1,    0 at FDR<0.05   (5.5 s)

Load  Ontology Enrichment Analysis ...
 66% 18,930 of 28,738 population items found in association
  Eulor6D / DNA                     4 genes ->    0 terms at FDR<0.1,    0 at FDR<0.05   (5.4 s)

Load  Ontology Enrichment Analysis ...
 66% 18,930 of 28,738 population items found in association
  MER110-int / LTR                 20 genes ->    0 terms at FDR<0.1,    0 at FDR<0.05   (5.5 s)

Load  Ontology Enrichment Analysis ...
 66% 18,930 of 28,738 population items found in association
  HERVL66-int / LTR                 2 genes ->    0 terms at FDR<0.1,    0 at FDR<0.05   (5.4 s)

Load  Ontology Enrichment Analysis ...
 66% 18,930 of 28,738 population items found in association
  HERVL32-int / LTR                 5 genes ->    0 terms at FDR<0.1,    0 at FDR<0.05   (5.4 s)

Load  Ontology Enrichment Analysis ...
 66% 18,930 of 28,738 population items found in association
  Tigger17c / DNA                  17 genes ->    0 terms at FDR<0.1,    0 at FDR<0.05   (5.5 s)

Load  Ontology Enrichment Analysis ...
 66% 18,930 of 28,738 population items found in association
  LTR58 / LTR                       2 genes ->    0 terms at FDR<0.1,    0 at FDR<0.05   (5.4 s)

Load  Ontology Enrichment Analysis ...
 66% 18,930 of 28,738 population items found in association
  X7D_LINE / LINE                   5 genes ->    0 terms at FDR<0.1,    0 at FDR<0.05   (5.4 s)

Load  Ontology Enrichment Analysis ...
 66% 18,930 of 28,738 population items found in association
  Eulor8 / DNA                      4 genes ->    0 terms at FDR<0.1,    0 at FDR<0.05   (5.2 s)

Load  Ontology Enrichment Analysis ...
 66% 18,930 of 28,738 population items found in association
  LTR22E / LTR                      1 genes ->    0 terms at FDR<0.1,    0 at FDR<0.05   (5.4 s)
  [1050/1143] LTR22E

Load  Ontology Enrichment Analysis ...
 66% 18,930 of 28,738 population items found in association
  LTR73 / LTR                      21 genes ->    0 terms at FDR<0.1,    0 at FDR<0.05   (5.4 s)

Load  Ontology Enrichment Analysis ...
 66% 18,930 of 28,738 population items found in association
  MER68-int / LTR                  11 genes ->    0 terms at FDR<0.1,    0 at FDR<0.05   (5.4 s)

Load  Ontology Enrichment Analysis ...
 66% 18,930 of 28,738 population items found in association
  X13_LINE / LINE                  14 genes ->    0 terms at FDR<0.1,    0 at FDR<0.05   (5.5 s)

Load  Ontology Enrichment Analysis ...
 66% 18,930 of 28,738 population items found in association
  LTR35B / LTR                     18 genes ->    0 terms at FDR<0.1,    0 at FDR<0.05   (5.5 s)

Load  Ontology Enrichment Analysis ...
 66% 18,930 of 28,738 population items found in association
  LTR22B / LTR                      8 genes ->    0 terms at FDR<0.1,    0 at FDR<0.05   (5.5 s)

Load  Ontology Enrichment Analysis ...
 66% 18,930 of 28,738 population items found in association
  UCON2 / DNA                      11 genes ->    0 terms at FDR<0.1,    0 at FDR<0.05   (5.5 s)

Load  Ontology Enrichment Analysis ...
 66% 18,930 of 28,738 population items found in association
  UCON15 / DNA                      4 genes ->    0 terms at FDR<0.1,    0 at FDR<0.05   (5.5 s)

Load  Ontology Enrichment Analysis ...
 66% 18,930 of 28,738 population items found in association
  UCON9 / DNA                       3 genes ->    2 terms at FDR<0.1,    1 at FDR<0.05   (5.5 s)

Load  Ontology Enrichment Analysis ...
 66% 18,930 of 28,738 population items found in association
  UCON9B / DNA                      2 genes ->    0 terms at FDR<0.1,    0 at FDR<0.05   (5.3 s)

Load  Ontology Enrichment Analysis ...
 66% 18,930 of 28,738 population items found in association
  CR1-13_AMi / LINE                 4 genes ->    0 terms at FDR<0.1,    0 at FDR<0.05   (5.5 s)

Load  Ontology Enrichment Analysis ...
 66% 18,930 of 28,738 population items found in association
  LTR27D / LTR                      3 genes ->    0 terms at FDR<0.1,    0 at FDR<0.05   (5.5 s)

Load  Ontology Enrichment Analysis ...
 66% 18,930 of 28,738 population items found in association
  UCON83 / DNA                      1 genes ->    0 terms at FDR<0.1,    0 at FDR<0.05   (5.4 s)

Load  Ontology Enrichment Analysis ...
 66% 18,930 of 28,738 population items found in association
  Eulor2C / DNA                     1 genes ->    0 terms at FDR<0.1,    0 at FDR<0.05   (5.5 s)

Load  Ontology Enrichment Analysis ...
 66% 18,930 of 28,738 population items found in association
  UCON62 / DNA                      2 genes ->    0 terms at FDR<0.1,    0 at FDR<0.05   (5.5 s)

Load  Ontology Enrichment Analysis ...
 66% 18,930 of 28,738 population items found in association
  Tigger1a_Mars / DNA               1 genes ->    0 terms at FDR<0.1,    0 at FDR<0.05   (5.5 s)

Load  Ontology Enrichment Analysis ...
 66% 18,930 of 28,738 population items found in association
  Eulor11 / DNA                     4 genes ->    0 terms at FDR<0.1,    0 at FDR<0.05   (5.5 s)

Load  Ontology Enrichment Analysis ...
 66% 18,930 of 28,738 population items found in association
  MER133B / DNA                     2 genes ->    0 terms at FDR<0.1,    0 at FDR<0.05   (5.5 s)

Load  Ontology Enrichment Analysis ...
 66% 18,930 of 28,738 population items found in association
  AmnHarb1 / DNA                    6 genes ->    0 terms at FDR<0.1,    0 at FDR<0.05   (5.5 s)

Load  Ontology Enrichment Analysis ...
 66% 18,930 of 28,738 population items found in association
  LTR19C / LTR                     14 genes ->    0 terms at FDR<0.1,    0 at FDR<0.05   (5.3 s)

Load  Ontology Enrichment Analysis ...
 66% 18,930 of 28,738 population items found in association
  HERVK14C-int / LTR                4 genes ->    0 terms at FDR<0.1,    0 at FDR<0.05   (5.5 s)

Load  Ontology Enrichment Analysis ...
 66% 18,930 of 28,738 population items found in association
  LTR30 / LTR                       5 genes ->    0 terms at FDR<0.1,    0 at FDR<0.05   (5.4 s)

Load  Ontology Enrichment Analysis ...
 66% 18,930 of 28,738 population items found in association
  MER134 / DNA                      7 genes ->    0 terms at FDR<0.1,    0 at FDR<0.05   (5.4 s)

Load  Ontology Enrichment Analysis ...
 66% 18,930 of 28,738 population items found in association
  UCON51 / LTR                      1 genes ->    0 terms at FDR<0.1,    0 at FDR<0.05   (5.4 s)

Load  Ontology Enrichment Analysis ...
 66% 18,930 of 28,738 population items found in association
  HERVKC4-int / LTR                 4 genes ->    0 terms at FDR<0.1,    0 at FDR<0.05   (5.4 s)

Load  Ontology Enrichment Analysis ...
 66% 18,930 of 28,738 population items found in association
  LTR10G / LTR                     11 genes ->    0 terms at FDR<0.1,    0 at FDR<0.05   (5.4 s)

Load  Ontology Enrichment Analysis ...
 66% 18,930 of 28,738 population items found in association
  MER52-int / LTR                   4 genes ->    0 terms at FDR<0.1,    0 at FDR<0.05   (5.4 s)

Load  Ontology Enrichment Analysis ...
 66% 18,930 of 28,738 population items found in association
  HUERS-P2-int / LTR                9 genes ->    0 terms at FDR<0.1,    0 at FDR<0.05   (5.4 s)

Load  Ontology Enrichment Analysis ...
 66% 18,930 of 28,738 population items found in association
  LTR22 / LTR                       7 genes ->    0 terms at FDR<0.1,    0 at FDR<0.05   (5.4 s)

Load  Ontology Enrichment Analysis ...
 66% 18,930 of 28,738 population items found in association
  Eulor6E / DNA                     4 genes ->    0 terms at FDR<0.1,    0 at FDR<0.05   (5.5 s)

Load  Ontology Enrichment Analysis ...
 66% 18,930 of 28,738 population items found in association
  UCON103 / LTR                     3 genes ->    0 terms at FDR<0.1,    0 at FDR<0.05   (5.2 s)

Load  Ontology Enrichment Analysis ...
 66% 18,930 of 28,738 population items found in association
  MER87B / LTR                     13 genes ->    0 terms at FDR<0.1,    0 at FDR<0.05   (5.5 s)

Load  Ontology Enrichment Analysis ...
 66% 18,930 of 28,738 population items found in association
  Charlie11 / DNA                   1 genes ->    0 terms at FDR<0.1,    0 at FDR<0.05   (5.5 s)

Load  Ontology Enrichment Analysis ...
 66% 18,930 of 28,738 population items found in association
  MER88 / LTR                      11 genes ->    0 terms at FDR<0.1,    0 at FDR<0.05   (5.5 s)

Load  Ontology Enrichment Analysis ...
 66% 18,930 of 28,738 population items found in association
  LTR108e_Mam / LTR                10 genes ->    0 terms at FDR<0.1,    0 at FDR<0.05   (5.5 s)

Load  Ontology Enrichment Analysis ...
 66% 18,930 of 28,738 population items found in association
  MER92C / LTR                     15 genes ->    0 terms at FDR<0.1,    0 at FDR<0.05   (5.5 s)

Load  Ontology Enrichment Analysis ...
 66% 18,930 of 28,738 population items found in association
  LTR10B1 / LTR                    19 genes ->    0 terms at FDR<0.1,    0 at FDR<0.05   (5.5 s)

Load  Ontology Enrichment Analysis ...
 66% 18,930 of 28,738 population items found in association
  MER50C / LTR                      5 genes ->    0 terms at FDR<0.1,    0 at FDR<0.05   (5.5 s)

Load  Ontology Enrichment Analysis ...
 66% 18,930 of 28,738 population items found in association
  LTR3 / LTR                       14 genes ->    2 terms at FDR<0.1,    2 at FDR<0.05   (5.5 s)

Load  Ontology Enrichment Analysis ...
 66% 18,930 of 28,738 population items found in association
  HERVK3-int / LTR                 10 genes ->    0 terms at FDR<0.1,    0 at FDR<0.05   (5.5 s)

Load  Ontology Enrichment Analysis ...
 66% 18,930 of 28,738 population items found in association
  LTR108d_Mam / LTR                 3 genes ->    0 terms at FDR<0.1,    0 at FDR<0.05   (5.5 s)

Load  Ontology Enrichment Analysis ...
 66% 18,930 of 28,738 population items found in association
  LTR18C / LTR                      4 genes ->    0 terms at FDR<0.1,    0 at FDR<0.05   (5.5 s)

Load  Ontology Enrichment Analysis ...
 66% 18,930 of 28,738 population items found in association
  MER83A-int / LTR                  3 genes ->    0 terms at FDR<0.1,    0 at FDR<0.05   (5.5 s)

Load  Ontology Enrichment Analysis ...
 66% 18,930 of 28,738 population items found in association
  MER92A / LTR                     14 genes ->    0 terms at FDR<0.1,    0 at FDR<0.05   (5.3 s)

Load  Ontology Enrichment Analysis ...
 66% 18,930 of 28,738 population items found in association
  MER11B / LTR                      6 genes ->    0 terms at FDR<0.1,    0 at FDR<0.05   (5.3 s)

Load  Ontology Enrichment Analysis ...
 66% 18,930 of 28,738 population items found in association
  MER83B-int / LTR                  6 genes ->    1 terms at FDR<0.1,    0 at FDR<0.05   (5.2 s)

Load  Ontology Enrichment Analysis ...
 66% 18,930 of 28,738 population items found in association
  HERV-Fc2-int / LTR                2 genes ->    0 terms at FDR<0.1,    0 at FDR<0.05   (5.5 s)

Load  Ontology Enrichment Analysis ...
 66% 18,930 of 28,738 population items found in association
  Charlie6 / DNA                    9 genes ->    0 terms at FDR<0.1,    0 at FDR<0.05   (5.3 s)
  [1100/1143] Charlie6

Load  Ontology Enrichment Analysis ...
 66% 18,930 of 28,738 population items found in association
  LTR72 / LTR                      18 genes ->    0 terms at FDR<0.1,    0 at FDR<0.05   (5.6 s)

Load  Ontology Enrichment Analysis ...
 66% 18,930 of 28,738 population items found in association
  EuthAT-N1a / DNA                  9 genes ->    0 terms at FDR<0.1,    0 at FDR<0.05   (5.5 s)

Load  Ontology Enrichment Analysis ...
 66% 18,930 of 28,738 population items found in association
  UCON23 / DNA                      1 genes ->    0 terms at FDR<0.1,    0 at FDR<0.05   (5.4 s)

Load  Ontology Enrichment Analysis ...
 66% 18,930 of 28,738 population items found in association
  HERVH48-int / LTR                 9 genes ->    0 terms at FDR<0.1,    0 at FDR<0.05   (5.5 s)

Load  Ontology Enrichment Analysis ...
 66% 18,930 of 28,738 population items found in association
  LTR14C / LTR                      9 genes ->    0 terms at FDR<0.1,    0 at FDR<0.05   (5.5 s)

Load  Ontology Enrichment Analysis ...
 66% 18,930 of 28,738 population items found in association
  UCON59 / DNA                      2 genes ->    0 terms at FDR<0.1,    0 at FDR<0.05   (5.4 s)

Load  Ontology Enrichment Analysis ...
 66% 18,930 of 28,738 population items found in association
  LTR47B / LTR                      2 genes ->    0 terms at FDR<0.1,    0 at FDR<0.05   (5.4 s)

Load  Ontology Enrichment Analysis ...
 66% 18,930 of 28,738 population items found in association
  LTR38C / LTR                     10 genes ->    0 terms at FDR<0.1,    0 at FDR<0.05   (5.5 s)

Load  Ontology Enrichment Analysis ...
 66% 18,930 of 28,738 population items found in association
  HERV1_LTRa / LTR                  5 genes ->    0 terms at FDR<0.1,    0 at FDR<0.05   (5.2 s)

Load  Ontology Enrichment Analysis ...
 66% 18,930 of 28,738 population items found in association
  UCON97 / DNA                      1 genes ->    0 terms at FDR<0.1,    0 at FDR<0.05   (5.4 s)

Load  Ontology Enrichment Analysis ...
 66% 18,930 of 28,738 population items found in association
  LTR108b_Mam / LTR                 1 genes ->    0 terms at FDR<0.1,    0 at FDR<0.05   (5.4 s)

Load  Ontology Enrichment Analysis ...
 66% 18,930 of 28,738 population items found in association
  MER76-int / LTR                   8 genes ->    2 terms at FDR<0.1,    0 at FDR<0.05   (5.4 s)

Load  Ontology Enrichment Analysis ...
 66% 18,930 of 28,738 population items found in association
  LTR22C / LTR                      3 genes ->    0 terms at FDR<0.1,    0 at FDR<0.05   (5.4 s)

Load  Ontology Enrichment Analysis ...
 66% 18,930 of 28,738 population items found in association
  ERVL47-int / LTR                 17 genes ->    0 terms at FDR<0.1,    0 at FDR<0.05   (5.5 s)

Load  Ontology Enrichment Analysis ...
 66% 18,930 of 28,738 population items found in association
  HERVL74-int / LTR                18 genes ->    0 terms at FDR<0.1,    0 at FDR<0.05   (5.5 s)

Load  Ontology Enrichment Analysis ...
 66% 18,930 of 28,738 population items found in association
  MER136 / DNA                      1 genes ->    0 terms at FDR<0.1,    0 at FDR<0.05   (5.4 s)

Load  Ontology Enrichment Analysis ...
 66% 18,930 of 28,738 population items found in association
  HERV15-int / LTR                  4 genes ->    0 terms at FDR<0.1,    0 at FDR<0.05   (5.4 s)

Load  Ontology Enrichment Analysis ...
 66% 18,930 of 28,738 population items found in association
  EutTc1-N1 / DNA                  16 genes ->    0 terms at FDR<0.1,    0 at FDR<0.05   (5.5 s)

Load  Ontology Enrichment Analysis ...
 66% 18,930 of 28,738 population items found in association
  MER57E3 / LTR                    86 genes ->   16 terms at FDR<0.1,   16 at FDR<0.05   (5.4 s)

Load  Ontology Enrichment Analysis ...
 66% 18,930 of 28,738 population items found in association
  LTR70 / LTR                      11 genes ->    8 terms at FDR<0.1,    8 at FDR<0.05   (5.5 s)

Load  Ontology Enrichment Analysis ...
 66% 18,930 of 28,738 population items found in association
  L1P4c / LINE                      8 genes ->   11 terms at FDR<0.1,   11 at FDR<0.05   (5.5 s)

Load  Ontology Enrichment Analysis ...
 66% 18,930 of 28,738 population items found in association
  HERVK11D-int / LTR                1 genes ->    0 terms at FDR<0.1,    0 at FDR<0.05   (5.5 s)
  [1125/1143] HERVK11D-int

Load  Ontology Enrichment Analysis ...
 66% 18,930 of 28,738 population items found in association
  HERVI-int / LTR                   1 genes ->    0 terms at FDR<0.1,    0 at FDR<0.05   (5.5 s)

Load  Ontology Enrichment Analysis ...
 66% 18,930 of 28,738 population items found in association
  LTR109A2 / LTR                    2 genes ->    0 terms at FDR<0.1,    0 at FDR<0.05   (5.5 s)

Load  Ontology Enrichment Analysis ...
 66% 18,930 of 28,738 population items found in association
  UCON100 / DNA                     1 genes ->    0 terms at FDR<0.1,    0 at FDR<0.05   (5.4 s)

Load  Ontology Enrichment Analysis ...
 66% 18,930 of 28,738 population items found in association
  Charlie12 / DNA                   3 genes ->    0 terms at FDR<0.1,    0 at FDR<0.05   (5.4 s)

Load  Ontology Enrichment Analysis ...
 66% 18,930 of 28,738 population items found in association
  Charlie7b_Mars / DNA              1 genes ->    0 terms at FDR<0.1,    0 at FDR<0.05   (5.4 s)

Load  Ontology Enrichment Analysis ...
 66% 18,930 of 28,738 population items found in association
  HERV1_LTRc / LTR                  4 genes ->    0 terms at FDR<0.1,    0 at FDR<0.05   (5.2 s)

Load  Ontology Enrichment Analysis ...
 66% 18,930 of 28,738 population items found in association
  MER9B / LTR                       2 genes ->    0 terms at FDR<0.1,    0 at FDR<0.05   (5.4 s)

Load  Ontology Enrichment Analysis ...
 66% 18,930 of 28,738 population items found in association
  LTR46-int / LTR                   7 genes ->    0 terms at FDR<0.1,    0 at FDR<0.05   (5.4 s)

Load  Ontology Enrichment Analysis ...
 66% 18,930 of 28,738 population items found in association
  HERV30-int / LTR                  2 genes ->    0 terms at FDR<0.1,    0 at FDR<0.05   (5.4 s)

Load  Ontology Enrichment Analysis ...
 66% 18,930 of 28,738 population items found in association
  HERV-Fc1_LTR1 / LTR               1 genes ->    0 terms at FDR<0.1,    0 at FDR<0.05   (5.4 s)

Load  Ontology Enrichment Analysis ...
 66% 18,930 of 28,738 population items found in association
  HERV1_I / LTR                     1 genes ->    0 terms at FDR<0.1,    0 at FDR<0.05   (5.4 s)

Load  Ontology Enrichment Analysis ...
 66% 18,930 of 28,738 population items found in association
  HERV1_LTRb / LTR                  5 genes ->    0 terms at FDR<0.1,    0 at FDR<0.05   (5.4 s)

Load  Ontology Enrichment Analysis ...
 66% 18,930 of 28,738 population items found in association
  HERV-Fc1-int / LTR                2 genes ->    0 terms at FDR<0.1,    0 at FDR<0.05   (5.4 s)

subfamilies: 1,231 terms at FDR<0.1 -> 1,003 at FDR<0.05 (-18.5 %)
  wrote GO_subfamilies_fdr01_reference.csv (reference, NOT for publication)
  wrote GO_subfamilies_fdr005.csv (this is what ships)
