seed,class_name,n,mean_divergence,sd_divergence
1,DNA,117743,228.24472792437766,62.6315579578116
1,LINE,313609,232.27922986904076,85.0561394403624
1,LTR,139199,205.460470261999,71.81163524476453
1,RC,448,271.75669642857144,42.82555144938076
1,Retroposon,1602,167.2234706616729,97.7322005260542
1,SINE,428901,177.84086770606737,85.38341769450524
2,DNA,118047,227.88058146331545,63.03887529824197
2,LINE,314567,231.97198371094234,84.89818217005849
2,LTR,138803,205.57748031382607,71.8243356847726
2,RC,451,278.00443458980044,40.59551139897874
2,Retroposon,1780,170.03202247191012,96.80726007782049
2,SINE,430166,177.90860505014342,85.39257864456876
3,DNA,117706,228.14953358367458,62.7445179028964
3,LINE,315204,231.53073247801424,85.06727670357225
3,LTR,139292,204.56263101972834,71.5695965611971
3,RC,453,273.22295805739515,43.76392824613048
3,Retroposon,1607,170.25948973242066,95.32787161631072
3,SINE,430323,177.575163307562,85.38652481096696
4,DNA,118299,228.36110195352455,62.74673223157486
4,LINE,314011,231.4874351535456,84.94914044646563
4,LTR,138759,205.6751850330429,71.72137930763809
4,RC,479,276.1544885177453,41.214915309206525
4,Retroposon,1827,163.26217843459222,97.30005790307573
4,SINE,429531,177.79878285851314,85.35233781242657
5,DNA,118618,228.14179972685426,62.895579404163975
5,LINE,314407,231.48299179089523,85.08066816057531
5,LTR,137739,205.3868330683394,71.649334951422
5,RC,464,270.97629310344826,41.97214642967512
5,Retroposon,1705,166.1325513196481,96.79085304752057
5,SINE,430492,177.90567536678964,85.35577549587532
6,DNA,118316,228.33193312823286,62.52187223290326
6,LINE,313095,231.44499592775355,85.19882502148059
6,LTR,139546,205.1433792441202,71.60549543933126
6,RC,492,268.0589430894309,42.92675011348639
6,Retroposon,1674,165.8327359617682,94.10565367609343
6,SINE,431237,177.7035899053189,85.26740141133342
7,DNA,117596,228.09012211299705,62.86667972589192
7,LINE,314464,231.30111554899767,85.07418734985423
7,LTR,138969,205.3401118235002,71.94492857224161
7,RC,501,272.52694610778445,40.341033384211634
7,Retroposon,1670,166.36347305389222,95.22688435576143
7,SINE,429803,177.593206655142,85.31835165340397
8,DNA,117426,227.92570640232998,63.00671159419424
8,LINE,314531,231.99702414070472,84.93006681944269
8,LTR,138642,206.02444425210254,71.73268276732081
8,RC,511,273.26223091976516,44.73236046217665
8,Retroposon,1713,167.47285464098073,95.60763057300034
8,SINE,428326,177.37507646045302,85.30966068755578
9,DNA,117256,228.2564389029133,62.84367963194042
9,LINE,314182,231.80958489028652,85.10673154924767
9,LTR,139493,205.8801445233811,71.57818940531034
9,RC,484,269.9152892561983,45.225822883556724
9,Retroposon,1693,161.05020673360897,96.23876567763094
9,SINE,429781,177.57393183970441,85.3559644025318
10,DNA,117154,227.99968417638323,62.90640732870178
10,LINE,314326,231.76860011580334,84.76153029397172
10,LTR,138284,205.7107402157878,71.796237683557
10,RC,496,271.7157258064516,41.07332441506851
10,Retroposon,1714,166.80338389731622,96.71118312122923
10,SINE,430011,177.74478094746414,85.38843179706282
11,DNA,117423,228.5427556781891,62.729145685472616
11,LINE,314511,231.53591448311823,85.15343271424884
11,LTR,138819,205.8007045145117,71.76234078638221
11,RC,461,271.85032537960956,40.21117446624589
11,Retroposon,1597,168.76205385097057,95.85522368455663
11,SINE,430031,177.5619711137104,85.2890620771966
12,DNA,118435,227.93685143749735,62.86838377506992
12,LINE,313993,231.50435837741605,85.21780163750162
12,LTR,139569,205.39783906168276,71.59374778585536
12,RC,473,266.6744186046512,46.83301857546991
12,Retroposon,1682,163.06302021403093,95.53254987451938
12,SINE,430700,178.03834687717668,85.23901053659584
13,DNA,118744,228.3405308899818,62.722454096082
13,LINE,314785,231.41504518957385,85.06161755959162
13,LTR,138809,205.6712244883257,71.51705508231895
13,RC,475,272.5705263157895,40.96628619958306
13,Retroposon,1638,161.32356532356533,95.09675206324522
13,SINE,428787,177.7738154375016,85.40151686793912
14,DNA,118123,227.75051429442192,62.899864415001346
14,LINE,314352,231.54777128823739,85.18102127012557
14,LTR,139557,205.6178264078477,71.46322447985634
14,RC,455,269.13626373626374,40.22091609517166
14,Retroposon,1704,164.99765258215962,94.86033095480865
14,SINE,430054,177.96097931887624,85.38540118384492
15,DNA,118421,228.08078803590578,62.57016214331464
15,LINE,314444,231.83425347597665,84.79821260690333
15,LTR,138739,205.94599211469017,71.47215146048553
15,RC,493,273.5070993914807,40.6566593012983
15,Retroposon,1638,165.06288156288156,96.0799503110293
15,SINE,430504,177.90611469347556,85.40378670223829
16,DNA,116849,227.6281525729788,63.12753331696987
16,LINE,314240,231.94625763747453,84.64597936587036
16,LTR,139492,205.3998437186362,71.56312379920493
16,RC,419,268.77326968973745,44.995079567124336
16,Retroposon,1766,162.99660249150622,96.64997962495062
16,SINE,429826,177.8496507889239,85.3110043635363
17,DNA,116987,228.23087180626908,62.43947485280754
17,LINE,313532,231.80249543906203,84.86206952210392
17,LTR,138135,205.64001882216672,71.63831200774692
17,RC,468,269.79487179487177,46.10876002973068
17,Retroposon,1678,168.79618593563765,96.31493922663311
17,SINE,431083,178.17084181004586,85.45833724529155
18,DNA,118389,228.16645972176468,62.715389938459445
18,LINE,314394,231.31985343231742,85.20471980314171
18,LTR,138643,205.81689663380047,71.7386368294733
18,RC,516,276.1007751937984,39.687948488338726
18,Retroposon,1696,162.12676886792454,96.47061137413512
18,SINE,429978,177.77068361637106,85.45542044683775
19,DNA,117282,227.7368053068672,62.806900269472735
19,LINE,314736,231.81653195058715,84.9265069185618
19,LTR,139298,205.84858361211215,71.69261206328402
19,RC,513,274.3625730994152,41.070674630771805
19,Retroposon,1769,170.53080836630866,97.86915322882665
19,SINE,429065,177.77496416626852,85.30248385138046
20,DNA,117157,227.9356163097382,62.929253933050745
20,LINE,313019,231.7938591587092,85.0796062540451
20,LTR,138842,205.91971449561373,71.50929242449224
20,RC,498,271.22289156626505,42.66960627038134
20,Retroposon,1748,172.2517162471396,96.56920676975224
20,SINE,431122,177.51403778976717,85.25655686487738
21,DNA,118286,228.2392506298294,62.76282366134144
21,LINE,315761,231.7588714249068,85.10327540849659
21,LTR,139210,205.2058903814381,71.6649804704548
21,RC,452,274.70575221238937,41.911618582700754
21,Retroposon,1659,161.1350210970464,96.62435030828435
21,SINE,430918,177.804296873187,85.36536581113475
22,DNA,118546,228.41416833971624,62.88809451709786
22,LINE,314153,231.53239026843607,85.05712986840608
22,LTR,139016,205.57297001783968,71.41083224365912
22,RC,488,272.2950819672131,39.215240121414105
22,Retroposon,1604,167.12468827930175,93.363256529486
22,SINE,431201,177.82753286750264,85.31136013307598
23,DNA,118262,228.10080160998461,62.8633352240619
23,LINE,312562,231.96924770125608,84.96876232768787
23,LTR,139131,205.34321610568458,71.7405276935153
23,RC,480,271.3020833333333,43.92126473201474
23,Retroposon,1659,166.65883062085592,96.38881384620501
23,SINE,431624,177.87949696958464,85.46259401951993
24,DNA,117753,227.92280451453468,62.791090969465095
24,LINE,314572,231.7912210877001,84.94206032727504
24,LTR,139393,205.6661310108829,71.80727999031741
24,RC,449,268.4610244988864,41.60658804932584
24,Retroposon,1607,169.77100186683262,96.34219932450492
24,SINE,429372,177.84655962661748,85.41173645368588
25,DNA,117452,228.63805639750706,62.678160090555046
25,LINE,314921,231.61719288329454,84.98159899746247
25,LTR,139556,205.30938118031472,71.77935050899157
25,RC,478,271.2803347280335,44.40189305650073
25,Retroposon,1611,165.43016759776538,96.93204084527476
25,SINE,430375,177.95656578565206,85.44768739442532
26,DNA,118147,228.43250357605356,62.98077064695065
26,LINE,313775,231.81374870528245,84.88072043039385
26,LTR,139625,205.24261414503133,71.38094981177444
26,RC,466,272.44635193133047,39.29909408249089
26,Retroposon,1616,165.71782178217822,95.79574666144465
26,SINE,429303,177.97792701192398,85.44759017150682
27,DNA,116653,228.11840244142886,62.71017181260005
27,LINE,315135,231.20152632998557,85.20972903030078
27,LTR,139387,205.39406831340082,71.58373610109454
27,RC,497,273.1327967806841,41.96863913507382
27,Retroposon,1695,164.2395280235988,95.94286264132751
27,SINE,429739,177.65365954684123,85.36293480914647
28,DNA,117952,228.16439738198588,62.7410207015235
28,LINE,313132,231.54706641288658,85.06260877581374
28,LTR,139106,205.81584547036073,71.67094535515656
28,RC,471,271.76008492569,42.41889700266526
28,Retroposon,1735,167.9371757925072,97.81375041730178
28,SINE,431367,177.76870275194904,85.32363859043923
29,DNA,117725,227.59230409853473,62.843249883116705
29,LINE,313808,231.75062139907203,84.96320009855704
29,LTR,139667,205.79980238710647,71.58956189094961
29,RC,465,272.0258064516129,40.32885490970616
29,Retroposon,1664,169.70372596153845,98.53185781942801
29,SINE,430150,177.80866441938858,85.29135054345058
30,DNA,117998,228.12675638570144,62.98023904003797
30,LINE,313810,231.40398967528122,85.01107720293567
30,LTR,139174,205.7920660468191,71.78377230222087
30,RC,472,271.77966101694915,42.43227616923278
30,Retroposon,1700,167.85117647058823,97.34549552298718
30,SINE,431590,177.92798952709748,85.3120807539117
31,DNA,118098,228.11493844095583,62.98631884958214
31,LINE,313236,231.769643336015,84.91159802971188
31,LTR,137983,205.7420189443627,71.51318485678134
31,RC,490,273.2795918367347,39.92126679716646
31,Retroposon,1612,167.62655086848636,96.29481066267313
31,SINE,429613,177.87508990649724,85.42355840689967
32,DNA,117513,228.1064137584778,62.85623559604225
32,LINE,313727,231.64981337277314,85.03935608899151
32,LTR,139089,205.63632638095032,71.49061217829926
32,RC,496,277.6431451612903,36.25847611397865
32,Retroposon,1728,164.36863425925927,94.9081554689777
32,SINE,429354,177.74489582023224,85.41441401600332
33,DNA,117272,227.84408042840576,62.557247675525986
33,LINE,313886,231.97064857942055,84.83944777141379
33,LTR,139684,205.57914292259673,71.53314212149056
33,RC,499,269.8436873747495,46.27528951903599
33,Retroposon,1697,160.9351797289334,95.45636706897649
33,SINE,432717,177.7028843331785,85.4615765191146
34,DNA,118255,228.13453976576042,62.83361115327768
34,LINE,312987,232.21367021633486,84.86885805206907
34,LTR,138613,205.6979648373529,71.54655530178385
34,RC,471,275.30573248407643,41.756344459196875
34,Retroposon,1610,166.4472049689441,96.1771076325363
34,SINE,431406,177.88221072493198,85.30442214686349
35,DNA,117748,228.35954750823794,62.90083262581385
35,LINE,313212,231.58516915060724,85.03276008659668
35,LTR,138386,205.65951758125823,71.53942027379604
35,RC,525,274.1009523809524,41.0131140356654
35,Retroposon,1637,168.48564447159438,98.36349040545218
35,SINE,431474,177.71533163064288,85.37659762072505
36,DNA,117244,228.27902493944254,63.18473472509104
36,LINE,314693,231.66189905717636,85.12550567573024
36,LTR,138646,206.0497309695195,71.49312138832863
36,RC,454,273.49118942731275,40.84383778943164
36,Retroposon,1656,169.8580917874396,96.4630590965877
36,SINE,428411,177.66671490694682,85.28171951065397
37,DNA,117585,227.6002551345835,62.738748527197345
37,LINE,314453,231.83266497696,84.89433584403179
37,LTR,138972,205.65156290475778,71.81851817357109
37,RC,494,273.6437246963563,41.11643621494117
37,Retroposon,1679,165.1524717093508,96.63158013546767
37,SINE,430287,177.69641425374226,85.2926487192828
38,DNA,117662,227.88003773520762,62.98501770616195
38,LINE,313469,231.8310742051048,85.0082200020862
38,LTR,138774,205.01882917549398,71.5585348162585
38,RC,469,269.20255863539444,40.12331091449497
38,Retroposon,1685,167.0474777448071,96.16031434260752
38,SINE,430267,178.00136659330136,85.49074059993595
39,DNA,117985,227.66326227910326,62.86477464170042
39,LINE,311661,231.9110860839181,85.07413770077412
39,LTR,138791,206.2548652290134,71.56606603782689
39,RC,516,272.83527131782944,37.36108632572151
39,Retroposon,1644,168.07907542579076,94.75852175595541
39,SINE,429614,177.77870600120107,85.25083236672086
40,DNA,118462,227.50834866877142,62.89792017121299
40,LINE,315488,231.74853243229538,85.00272807006249
40,LTR,139583,205.82767242429236,71.5339059170856
40,RC,465,272.7010752688172,38.42617414027645
40,Retroposon,1705,165.55601173020528,97.47279010011027
40,SINE,430417,178.00743697391135,85.54001803467854
41,DNA,118627,227.6832424321613,62.90819729337566
41,LINE,313620,231.79874689114214,85.07700676966836
41,LTR,138203,205.30376330470395,71.56760503736736
41,RC,466,272.04935622317595,41.474586686153586
41,Retroposon,1665,162.23183183183184,96.18747495430907
41,SINE,430357,177.5620496471534,85.29666172328011
42,DNA,117340,228.11719788648372,62.86224847285888
42,LINE,313854,231.59583755504153,85.12103318075688
42,LTR,138835,205.90037814672093,71.76958581345458
42,RC,453,269.84326710816777,40.3384104214633
42,Retroposon,1681,162.84414039262344,94.29336165195161
42,SINE,429358,177.4543085257524,85.22751312425515
43,DNA,117364,228.12814832486964,62.918489437425606
43,LINE,313659,231.83400444431692,84.97152651502024
43,LTR,138964,204.93997006418928,71.49483241518656
43,RC,419,275.15751789976133,42.14702088517648
43,Retroposon,1758,170.4806598407281,97.76709817156711
43,SINE,430568,177.62146281191357,85.15863129323675
44,DNA,117696,228.31170133224578,62.946114281405514
44,LINE,312978,232.1197400456262,85.04038566428731
44,LTR,138437,205.45118718261736,71.68522336574617
44,RC,482,271.8692946058091,40.13159798417987
44,Retroposon,1645,166.61884498480242,96.59905546746806
44,SINE,430672,177.84944691087418,85.29537231274134
45,DNA,118413,227.76438397811052,63.0278612825766
45,LINE,312847,231.68435689010923,85.49653683024363
45,LTR,139173,205.3567071199155,71.52420938256954
45,RC,455,271.8857142857143,38.2082799018907
45,Retroposon,1608,169.4825870646766,97.24614072468073
45,SINE,431169,177.85823888081006,85.4316873577229
46,DNA,118743,228.01771893922168,62.709209049802126
46,LINE,313297,231.8209686016783,85.41393775053834
46,LTR,139784,205.40312911348937,71.70419924863644
46,RC,481,274.08731808731807,40.62593245730662
46,Retroposon,1696,164.23820754716982,97.47774832002344
46,SINE,432025,177.98449858225797,85.35346901675908
47,DNA,117426,228.1963875121353,62.78135263040969
47,LINE,313864,231.94879629393623,84.7934659564953
47,LTR,139630,205.58906395473753,71.6499879666843
47,RC,443,270.30699774266367,41.47359703784242
47,Retroposon,1671,166.31358467983245,96.08083595949873
47,SINE,430516,177.7923259530424,85.21258480900644
48,DNA,117660,228.7086690464049,62.71387541541911
48,LINE,314106,231.50664107021197,84.95815126755141
48,LTR,139754,205.7994833779355,71.57558761044048
48,RC,513,272.83820662768034,40.58441425725494
48,Retroposon,1784,166.01008968609867,95.8280931710484
48,SINE,429182,177.27445932028837,85.37630465306242
49,DNA,117559,227.97073809746595,62.74624294727504
49,LINE,313870,232.08766049638385,84.81394423225397
49,LTR,139411,205.85250087869682,71.91375027471892
49,RC,569,271.2671353251318,40.672237747978464
49,Retroposon,1740,166.03218390804597,96.11040166924519
49,SINE,430179,178.09334718803103,85.51013135501464
50,DNA,118617,228.18176989807532,62.906905850679685
50,LINE,313099,232.00865221543344,84.68103541706748
50,LTR,139277,205.52269218894722,71.71812995130414
50,RC,464,267.9073275862069,43.09074764393601
50,Retroposon,1646,164.9034021871203,97.17594882969995
50,SINE,430233,177.94062287179273,85.5259970125423
51,DNA,117944,228.2263701417622,62.64794801010186
51,LINE,314752,231.60636945912972,85.09945558274269
51,LTR,139376,206.2428323384227,71.49992154535381
51,RC,472,270.09957627118644,45.34094755564976
51,Retroposon,1700,166.78764705882352,96.93802853790976
51,SINE,430648,177.65900689193958,85.34014764738562
52,DNA,117489,228.40599545489366,62.830127337110916
52,LINE,312437,231.57917916251915,85.05457098346467
52,LTR,139199,205.89594752835868,71.63886427925704
52,RC,486,276.39506172839504,42.245903401564235
52,Retroposon,1780,166.62696629213482,96.31426296425249
52,SINE,430026,177.5598987037993,85.16462669543827
53,DNA,118637,227.81831974847645,62.96990590743838
53,LINE,315573,231.81380536357673,84.99798892992688
53,LTR,139599,205.36049685169664,71.8210910583366
53,RC,486,275.1090534979424,39.11819222946869
53,Retroposon,1705,164.5642228739003,97.05055434306581
53,SINE,429903,177.799510587272,85.3076168713838
54,DNA,116819,228.29165632302966,62.800153008677746
54,LINE,313615,231.78182803756198,84.85379397069056
54,LTR,139150,205.58280273086598,71.65746932558291
54,RC,514,269.3307392996109,42.274528355766
54,Retroposon,1688,162.86196682464455,96.43412664075785
54,SINE,429646,177.42014123254958,85.28135235075469
55,DNA,118216,228.58712864586857,62.76541361044708
55,LINE,313925,232.00686151150754,84.87148191358806
55,LTR,139075,205.77933489124572,71.70700832069589
55,RC,463,271.8488120950324,39.007321039789346
55,Retroposon,1651,161.2253179890975,95.4230853730516
55,SINE,432021,178.04276181018977,85.33729296495423
56,DNA,118384,228.09882247601027,62.6769568746177
56,LINE,313889,231.78060397146763,85.25368333976719
56,LTR,139467,205.4623817820703,71.50744266648758
56,RC,445,272.4943820224719,47.675335435503406
56,Retroposon,1638,166.92185592185592,96.86528161519968
56,SINE,429913,177.77861102129967,85.4478946010574
57,DNA,117652,227.95072756944208,63.13253821521512
57,LINE,314886,231.65039411088458,85.00281373152622
57,LTR,138322,205.70527464900738,71.71923574292967
57,RC,460,270.80652173913046,39.43761668307089
57,Retroposon,1642,163.44640682095007,97.24924901250336
57,SINE,430524,178.00328901524654,85.3771903348967
58,DNA,117617,228.15555574449272,62.97351144351099
58,LINE,314614,231.93106155479413,85.05337695655207
58,LTR,138686,205.5397156165727,71.71539158955005
58,RC,458,269.7510917030568,41.04108135844124
58,Retroposon,1660,164.7620481927711,95.41450159109566
58,SINE,430906,177.76132613609465,85.23061508892526
59,DNA,118197,228.07885140908823,62.94316740878554
59,LINE,313426,231.96050742440002,84.98015806647585
59,LTR,138184,205.9834857870665,71.77995268243909
59,RC,428,272.9883177570093,40.51730164613726
59,Retroposon,1707,171.51552431165788,96.61563105012394
59,SINE,428999,177.64929055778686,85.3231696726922
60,DNA,117365,228.1324926511311,63.29805500341805
60,LINE,313930,231.9334979135476,85.013477107412
60,LTR,139493,205.87243087466754,71.60175417775791
60,RC,484,276.41735537190084,36.584886410471455
60,Retroposon,1687,170.3609958506224,96.18325337455411
60,SINE,430515,177.8981615042449,85.28117542863245
61,DNA,118003,227.9676364160233,62.79899129220331
61,LINE,313336,232.12451489774554,84.7822084342598
61,LTR,139561,205.80147749012977,71.73256527745387
61,RC,527,272.1404174573055,42.580732765674455
61,Retroposon,1588,163.0,93.85945331893839
61,SINE,431430,177.85524418793315,85.43195185997273
62,DNA,117399,228.58435761803764,62.862775569683365
62,LINE,312852,232.05172733433062,84.9138557580489
62,LTR,139849,205.53596378951585,71.66559539985933
62,RC,514,272.13813229571986,44.20823542058598
62,Retroposon,1655,170.0441087613293,96.60133849085024
62,SINE,430329,177.96281914535157,85.29464379863573
63,DNA,117933,227.67501886664462,62.97322701250944
63,LINE,313542,231.68732099686804,85.14631995618129
63,LTR,138688,205.48395679510844,71.6583700607844
63,RC,498,269.6004016064257,45.00467356185348
63,Retroposon,1652,164.3044794188862,95.60803204267317
63,SINE,430008,178.0148648397239,85.466010263739
64,DNA,117333,227.99236361466936,62.8877625386199
64,LINE,314686,231.58533268083104,85.06898264964869
64,LTR,139625,205.71299552372426,71.88504240976239
64,RC,452,266.7787610619469,44.65665168883526
64,Retroposon,1593,161.63653483992468,95.33209062993767
64,SINE,430417,177.73715025196495,85.37124546452371
65,DNA,117935,227.67666935176157,63.12245656226414
65,LINE,312919,231.6353688973824,85.1479497150497
65,LTR,138682,205.7177860140465,71.65394456252328
65,RC,516,271.7751937984496,41.23514349521497
65,Retroposon,1578,169.4828897338403,97.98090279131708
65,SINE,429949,177.82489783672017,85.25101432856678
66,DNA,118092,228.29394031771838,62.84556473186409
66,LINE,313515,231.6006443072899,85.07934380389388
66,LTR,139577,205.76816380922358,71.84972367646843
66,RC,478,273.64853556485355,36.9482549504105
66,Retroposon,1696,162.9498820754717,96.0183893672676
66,SINE,429656,177.28682248124082,85.16925179586259
67,DNA,117802,228.18703417599022,62.867688113125006
67,LINE,313565,231.81896257554254,84.8599469387614
67,LTR,139369,205.8645394599947,71.34109207510065
67,RC,503,268.3558648111332,45.58930022088335
67,Retroposon,1608,167.37748756218906,96.74263140930225
67,SINE,430581,177.8322336563852,85.31640516145515
68,DNA,118211,228.05987598446845,62.779430601900856
68,LINE,313944,231.70069821369415,84.86822822552753
68,LTR,138321,205.6318852524201,71.72898843963311
68,RC,475,270.6905263157895,41.59138340338299
68,Retroposon,1648,168.62196601941747,97.30881643180165
68,SINE,428651,177.78370982454257,85.36513644455209
69,DNA,117175,227.88860251760187,62.903392655595766
69,LINE,312884,231.06407166873345,85.38143099053214
69,LTR,139127,205.7767866769211,71.61333511174632
69,RC,486,271.26748971193416,42.88560787530306
69,Retroposon,1592,165.36306532663318,95.56888038025996
69,SINE,430969,178.15967273748228,85.19764590613394
70,DNA,118308,228.3894073097339,63.0225475405901
70,LINE,314606,232.01736457664506,84.98729333798401
70,LTR,138865,205.75861448169084,71.41139597640716
70,RC,489,271.74233128834356,42.56594868205255
70,Retroposon,1755,166.5054131054131,96.01844165986792
70,SINE,430819,178.10915488871197,85.4156929026305
71,DNA,118231,228.36333956407373,62.57476394782054
71,LINE,314169,231.68807870922976,84.95746481059058
71,LTR,139571,205.6908240250482,71.72743958986534
71,RC,476,274.5693277310924,38.71042875642219
71,Retroposon,1712,163.87091121495328,95.69968136653156
71,SINE,431212,178.0170217897461,85.35689571588831
72,DNA,118189,227.74869911751517,62.628311502255755
72,LINE,314931,231.70382718754266,84.96497367969047
72,LTR,140067,205.33876644748585,71.388182958858
72,RC,470,275.6276595744681,37.810047083809025
72,Retroposon,1613,165.69621822690638,98.33708222330436
72,SINE,430280,177.74430603328065,85.48325037137114
73,DNA,118292,227.8202245291313,62.64038566126282
73,LINE,314271,231.88934391019217,84.72709117783197
73,LTR,138827,205.90704257817282,71.53389201704657
73,RC,526,273.9068441064639,42.011369893238374
73,Retroposon,1703,169.9336465061656,94.73264757604731
73,SINE,430629,177.76740767574873,85.08402356302967
74,DNA,117641,228.19449001623585,62.788565235906994
74,LINE,314284,231.59617416094997,84.95852775885834
74,LTR,138923,205.85882107354433,71.54618360532264
74,RC,459,276.91938997821353,41.85742002270146
74,Retroposon,1659,165.80409885473176,95.30858903655911
74,SINE,430109,177.7884582745304,85.40339907921494
75,DNA,118270,227.8168174515938,62.8957269158836
75,LINE,312903,232.0057110350492,84.84304433762611
75,LTR,138653,205.43318211650669,71.52836982998268
75,RC,467,270.06852248394006,42.27973042079457
75,Retroposon,1630,161.9398773006135,92.59930868037355
75,SINE,430655,177.60280270750368,85.31246064792008
76,DNA,118687,228.3870769334468,63.07770956944463
76,LINE,313537,231.95690460774964,84.98886574462574
76,LTR,138728,205.74637419987315,71.57651421746178
76,RC,519,276.2774566473988,41.99215557175156
76,Retroposon,1653,160.1058681185723,96.2158243725899
76,SINE,429677,177.462177403026,85.31255532811251
77,DNA,118197,228.25811145798963,62.87566340742452
77,LINE,315097,231.68649971278685,84.96282773254686
77,LTR,138499,205.85482205647693,71.76246395513517
77,RC,476,275.1995798319328,45.958924845264846
77,Retroposon,1666,158.85114045618246,94.2428890609541
77,SINE,428771,177.8309797071164,85.43409894396373
78,DNA,117375,227.7241746538871,63.12061400096437
78,LINE,314353,231.78853709046837,85.1298974686871
78,LTR,139626,205.80840244653575,71.69304510291886
78,RC,486,274.46090534979425,40.70436314975651
78,Retroposon,1597,166.20976831559173,96.82976924818966
78,SINE,430091,178.03073070582738,85.45171982644642
79,DNA,118376,228.01338953841994,62.5800687212969
79,LINE,313780,231.95289056026516,85.01994568688124
79,LTR,138530,205.85148343319136,71.50678894300958
79,RC,462,276.4307359307359,41.72574038026068
79,Retroposon,1724,166.580626450116,97.40358369456904
79,SINE,430665,177.6866543601175,85.21561853722989
80,DNA,117741,227.80804477624616,63.00018628565699
80,LINE,314212,231.24055414815476,85.33204165490243
80,LTR,138721,205.36478254914542,71.54038933322786
80,RC,487,269.95071868583165,41.76296703174451
80,Retroposon,1689,163.22735346358792,95.12814172938997
80,SINE,430547,177.79277523708214,85.14574432581513
81,DNA,117782,228.0526905639232,62.94671353874776
81,LINE,315296,231.82611577692074,85.01369944478616
81,LTR,138659,206.18798635501483,71.70685178935172
81,RC,427,270.40046838407494,39.87799073398357
81,Retroposon,1639,163.34411226357534,96.95260889411294
81,SINE,431706,177.90069862360033,85.4891363228161
82,DNA,117303,228.2917487191291,62.834889378586716
82,LINE,313757,231.84171508524113,84.99143814923521
82,LTR,139044,206.1431848911136,71.46098884053166
82,RC,500,269.348,43.81158403892742
82,Retroposon,1673,162.72265391512252,97.01091967614578
82,SINE,429451,177.82257347171156,85.5134346495061
83,DNA,117838,228.29851151580985,62.711670557551514
83,LINE,313404,231.4538455156922,85.09242635291918
83,LTR,139348,205.63281137870655,71.58905745352192
83,RC,466,271.5815450643777,42.43079195310032
83,Retroposon,1693,164.43709391612524,99.91020348240164
83,SINE,429350,177.5662932339583,85.26640821205935
84,DNA,117510,227.97201940260405,63.03388911466097
84,LINE,312903,231.80312748679304,85.07419823602686
84,LTR,139332,206.21595900439237,71.64288246652764
84,RC,493,273.8235294117647,44.25868194034935
84,Retroposon,1665,162.4912912912913,96.6377531276664
84,SINE,429876,177.50914682373522,85.21642549786607
85,DNA,118735,228.5079378447804,63.043033231138644
85,LINE,312748,231.5200480898359,85.04028490045599
85,LTR,139580,205.57834933371544,71.47334661394962
85,RC,468,269.28205128205127,44.49091833841667
85,Retroposon,1606,163.98256537982564,97.39990075657894
85,SINE,428456,178.01214593797263,85.39917802373809
86,DNA,117559,228.09625804914978,62.97634824774768
86,LINE,313905,231.54084197448273,85.0108915379662
86,LTR,139523,205.7209635687306,71.49297220477973
86,RC,499,274.82765531062125,39.749445197391466
86,Retroposon,1751,163.175899486008,96.8453754223493
86,SINE,430410,177.51642619827606,85.21763961224326
87,DNA,117837,227.75436407919415,62.98573399859369
87,LINE,315178,231.93797790454917,85.04603758147606
87,LTR,139174,205.4855935735123,71.89587203401197
87,RC,520,274.78846153846155,39.11877207176072
87,Retroposon,1743,159.4750430292599,96.82162584579879
87,SINE,429027,177.72205945080378,85.19987310474822
88,DNA,117480,228.49284133469527,62.541373162037395
88,LINE,313980,231.22291228740684,85.16252800808482
88,LTR,138449,205.56823090090936,71.41390084594282
88,RC,469,271.57142857142856,45.44245540207796
88,Retroposon,1716,167.65034965034965,96.11086562170657
88,SINE,429796,177.7933345121872,85.45685691760022
89,DNA,117444,228.22271891284356,63.054160283256266
89,LINE,314105,231.96362681269002,85.09870457778634
89,LTR,138936,206.08169948753383,71.55190593888503
89,RC,490,264.16326530612247,45.884747783263386
89,Retroposon,1652,171.3904358353511,97.29238517793414
89,SINE,430242,177.64661051222336,85.46399943242734
90,DNA,117413,228.42237230971017,62.800723786411915
90,LINE,314169,232.11450206735864,84.8707668955864
90,LTR,139233,206.01273405011742,71.56215000211569
90,RC,479,270.2526096033403,41.891310657925494
90,Retroposon,1769,164.73092142453365,99.2873245686992
90,SINE,429515,177.48521239071977,85.24028577799956
91,DNA,117948,228.44303421846917,63.390833490352286
91,LINE,315766,231.47061114876206,85.10986101866924
91,LTR,138944,205.57117975587286,71.58965724792147
91,RC,459,272.91503267973854,38.12711471400707
91,Retroposon,1745,159.31862464183382,94.77356771465028
91,SINE,429847,177.8375631329287,85.27914140892162
92,DNA,117595,228.69364343722097,62.69867964117513
92,LINE,315139,231.68758230495115,85.08029735907121
92,LTR,139767,205.82447931199783,71.61659905896927
92,RC,499,273.99599198396794,41.40551675324367
92,Retroposon,1585,160.96719242902208,98.18081656157678
92,SINE,430049,178.05224753458327,85.51481703023808
93,DNA,117809,228.38599767420146,62.88470752988192
93,LINE,314373,231.32554322413185,85.4933568341454
93,LTR,138296,205.3665832706658,71.7610837270117
93,RC,491,273.27902240325864,40.56552301770691
93,Retroposon,1716,162.4329836829837,95.33802973843994
93,SINE,430970,177.52436596514838,85.23094916887361
94,DNA,117816,228.23218408365588,62.829900264555185
94,LINE,314525,231.64109689213893,85.06930898949395
94,LTR,138806,205.6316369609383,71.74137474793015
94,RC,524,272.2538167938931,41.01431611831969
94,Retroposon,1768,169.6764705882353,97.985411178567
94,SINE,430175,177.2461486604289,85.39651997256603
95,DNA,117211,228.15893559478206,62.66632833321632
95,LINE,315442,231.53579104875064,85.1905151041969
95,LTR,139339,205.26943641048092,71.63344591329765
95,RC,478,275.5502092050209,40.81882346820665
95,Retroposon,1670,165.78023952095808,96.40838891836563
95,SINE,429470,178.11581717000024,85.49051624662296
96,DNA,117943,228.00161094766116,63.015986102039776
96,LINE,314209,231.85066945886336,85.04322877804935
96,LTR,138981,205.43064879372,71.7569573477941
96,RC,469,278.0426439232409,41.98144445225196
96,Retroposon,1716,170.28030303030303,97.27399295428083
96,SINE,430064,177.82274731202799,85.2742900938772
97,DNA,117200,228.0142918088737,62.79894478725469
97,LINE,314014,231.74234269809625,84.8876731507205
97,LTR,139670,205.93617813417342,71.6277112010336
97,RC,428,276.0911214953271,41.39945161556311
97,Retroposon,1722,166.47851335656213,97.16909272653236
97,SINE,431170,177.55281907368322,85.33793962269003
98,DNA,117493,228.5634803775544,63.0185173135153
98,LINE,315329,231.93202655004774,85.01036639362756
98,LTR,139462,205.87600923549067,71.58780882264456
98,RC,463,270.60043196544274,44.09397680307556
98,Retroposon,1657,162.58418829209415,99.22334038342822
98,SINE,431014,177.80634735762644,85.37806272907706
99,DNA,118676,228.31327311335065,63.18620701535283
99,LINE,313052,231.55796161660044,85.03200923838435
99,LTR,139020,205.42878003165012,71.55450962838897
99,RC,504,272.1547619047619,42.81827437183107
99,Retroposon,1654,163.0671100362757,96.75263448505187
99,SINE,430222,177.54197600308677,85.28678135900437
100,DNA,117423,228.14865060507736,62.711381812925914
100,LINE,314431,231.4727809916961,85.0109940849432
100,LTR,137537,205.7274406159797,71.35058713060933
100,RC,461,271.6594360086768,41.58407659364485
100,Retroposon,1707,167.14294083186877,95.32470676709468
100,SINE,429754,177.98930550966367,85.40735223973603
101,DNA,118099,228.39842843715866,62.88211680567192
101,LINE,314536,231.3396081847547,85.35882413508723
101,LTR,139489,205.56955745614349,71.8998030798393
101,RC,510,273.5843137254902,40.283550735047484
101,Retroposon,1662,165.98014440433212,95.8415896974966
101,SINE,429791,177.6658701554942,85.20895445392897
102,DNA,117667,227.91518437624822,63.149488114989495
102,LINE,314194,231.9707982965938,84.8505128147454
102,LTR,139193,205.67902121514732,71.49814025785858
102,RC,487,273.2073921971253,38.18414405299317
102,Retroposon,1596,170.31766917293234,94.79653036373924
102,SINE,429308,177.67520055531227,85.41520213482505
103,DNA,118321,227.9403909703265,62.98634609663803
103,LINE,314735,231.68026117209715,85.27725080892652
103,LTR,138784,205.49714664514642,71.9007881161579
103,RC,463,273.5723542116631,41.570396878277634
103,Retroposon,1663,166.88394467829224,97.67269148051594
103,SINE,430439,177.67208594016807,85.47895952802139
104,DNA,117789,227.84281214714446,62.87649728257481
104,LINE,315701,231.4279682357674,85.36104511134599
104,LTR,138677,205.80272864281747,71.37475144327247
104,RC,504,274.3174603174603,41.814860424018775
104,Retroposon,1752,163.11244292237444,97.46574403706563
104,SINE,429519,177.9717963582519,85.20559968441506
105,DNA,117551,228.16850558481,62.53968492729628
105,LINE,314584,231.7155386160771,85.19103851876696
105,LTR,138265,205.97342783784762,71.48581756139399
105,RC,490,272.6673469387755,39.357513027842295
105,Retroposon,1703,164.23957721667645,95.1298900406799
105,SINE,430296,177.6207912692658,85.34809772418042
106,DNA,118219,228.1979631023778,63.139901318634706
106,LINE,313978,231.9389161024021,84.91551773262773
106,LTR,138350,205.5119262739429,71.74050776289283
106,RC,488,270.27868852459017,38.28640179247011
106,Retroposon,1708,170.82669789227165,97.17861431988807
106,SINE,429910,177.79407783024354,85.37151666426335
107,DNA,117688,228.60598361770104,62.8845022661885
107,LINE,313377,231.8219014158665,84.7457387167905
107,LTR,139197,205.80905479284755,71.38251994827054
107,RC,466,269.1244635193133,42.634658701181905
107,Retroposon,1656,166.2747584541063,96.05041570984189
107,SINE,429856,177.69210154098116,85.20707103391145
108,DNA,118075,228.07806902392548,63.08030931543063
108,LINE,314413,231.5928794292857,85.19366034464308
108,LTR,140151,205.74437570905667,71.66681320302587
108,RC,460,274.36304347826086,42.065848270743814
108,Retroposon,1735,167.43861671469742,97.68048015480801
108,SINE,430828,177.75567511860882,85.45153666282779
109,DNA,117792,228.59431030969844,62.94944621697465
109,LINE,313577,231.71453901274646,85.0168543492677
109,LTR,139090,205.72223740024444,71.5636377783089
109,RC,470,276.1276595744681,39.095419017314924
109,Retroposon,1662,162.1383874849579,95.5393397809261
109,SINE,429072,178.09958235447664,85.28345688385453
110,DNA,116961,228.61019485127522,62.74839195478893
110,LINE,315002,231.58658357724713,85.1877464009571
110,LTR,139577,205.7099951997822,71.6602862398913
110,RC,522,275.13409961685824,41.45090372466696
110,Retroposon,1657,165.61074230537116,96.98318430476466
110,SINE,430620,177.60564767080024,85.33001845358456
111,DNA,117230,228.16726947027212,63.27161828091116
111,LINE,314018,231.5916030291257,85.08050045465242
111,LTR,139059,205.80873586031828,71.7413245804844
111,RC,509,271.3064833005894,40.53037834721973
111,Retroposon,1629,164.23449969306324,97.35538746183293
111,SINE,428645,177.79370341424723,85.33627597733529
112,DNA,118043,228.5817879925112,62.789058415823106
112,LINE,315899,231.7460264198367,85.10382412774793
112,LTR,138213,205.54622937060913,71.80626018589405
112,RC,502,273.5956175298805,40.973971680762745
112,Retroposon,1748,168.3340961098398,96.73904744051318
112,SINE,430186,177.556828906566,85.23716226971098
113,DNA,118504,228.27736616485518,62.96233320632347
113,LINE,313154,231.77640713514756,85.38861717160788
113,LTR,139695,205.57196750062636,71.59142949112545
113,RC,453,274.96467991169976,45.13040792391289
113,Retroposon,1742,165.74167623421354,96.57123434685506
113,SINE,431320,178.0240401558008,85.4268900675824
114,DNA,117968,228.12377085311272,63.002253450944416
114,LINE,315382,231.7240647849275,85.0544845803152
114,LTR,138606,205.503758856038,71.34300418909699
114,RC,451,268.17960088691797,39.94937073918833
114,Retroposon,1671,166.393776181927,94.55302545737605
114,SINE,430974,177.79053724818667,85.45682793265824
115,DNA,117758,227.51501384194705,63.09820229473837
115,LINE,314601,232.00386839202673,84.9852223757969
115,LTR,138926,205.80943092005816,71.62929737233296
115,RC,494,269.165991902834,45.98984196642885
115,Retroposon,1689,163.78034339846062,95.46601138324668
115,SINE,428809,177.47651984916362,85.3288607912429
116,DNA,118687,228.34971816626927,63.03268123017594
116,LINE,314871,231.8900343315199,84.8897106589149
116,LTR,140039,205.97549254136348,71.94198444255056
116,RC,499,272.1743486973948,43.34985678746403
116,Retroposon,1718,165.86786961583238,98.15406567780038
116,SINE,429525,177.7049834119085,85.4301742735279
117,DNA,118629,227.86757032428832,63.11493785790608
117,LINE,314899,231.53347263725828,85.12554135330792
117,LTR,139852,206.37037010554013,71.43313604306255
117,RC,437,274.4279176201373,40.29635580973422
117,Retroposon,1610,162.6863354037267,95.28080956006653
117,SINE,431307,177.99132172675147,85.38236747058346
118,DNA,117942,228.60143121195165,63.031329248716304
118,LINE,315101,231.7206609944113,85.00693623390589
118,LTR,138790,205.3211758772246,71.88003467684
118,RC,497,271.78672032193157,42.12373725287376
118,Retroposon,1681,167.17906008328376,96.01447164034875
118,SINE,429903,177.38969488466003,85.45154794452644
119,DNA,117958,228.10887773614337,63.097282966979726
119,LINE,313726,231.7803688569006,85.13308293586373
119,LTR,139248,205.5067433643571,72.0919955954762
119,RC,468,270.5149572649573,40.92485544720032
119,Retroposon,1624,165.6613300492611,96.7499116339991
119,SINE,429997,177.79042179364043,85.31357350562241
120,DNA,118071,228.33089412302766,63.107485515319226
120,LINE,313748,231.65321531930084,84.82751465223113
120,LTR,139062,206.06088651105262,71.80364042501817
120,RC,499,273.02404809619236,39.471704469824935
120,Retroposon,1619,160.39654107473748,96.03880026022354
120,SINE,431175,177.79385864208268,85.34855969389403
121,DNA,119305,227.7658438456058,62.7819657888412
121,LINE,314331,231.52501025988528,85.11709558360654
121,LTR,138181,205.34034346255999,71.5934611165959
121,RC,463,276.91360691144706,40.255355123857214
121,Retroposon,1622,170.70221948212082,94.17450801861735
121,SINE,430815,178.01715585576176,85.4362280696619
122,DNA,118343,228.36575885350211,62.872378409570025
122,LINE,314245,231.9441645849576,84.92626653950508
122,LTR,139367,205.52803030846613,71.69738229977084
122,RC,519,272.47591522157995,40.55642490458179
122,Retroposon,1654,164.8845223700121,95.22516098186536
122,SINE,429286,177.4216256761227,85.32587965454468
123,DNA,117738,228.2181029064533,62.99304769539774
123,LINE,314937,231.4895233014857,85.33422007010215
123,LTR,138324,205.3809244961106,71.69294676745346
123,RC,461,270.9522776572668,43.39214694758916
123,Retroposon,1672,163.48564593301435,95.69050131943393
123,SINE,429628,177.8547720353422,85.30359558274813
124,DNA,117072,228.2021405630723,62.914978319326615
124,LINE,314958,231.65097251062048,85.16423521884627
124,LTR,139116,205.44343569395323,71.78174734740129
124,RC,500,272.042,41.3765662664267
124,Retroposon,1704,163.67194835680752,95.77647717108047
124,SINE,430391,177.89633379880155,85.22860106766595
125,DNA,117423,227.91092886402154,62.87117540174267
125,LINE,312304,231.62785939341154,85.15661035077811
125,LTR,139037,205.43082776527112,71.70218620711434
125,RC,459,268.8845315904139,41.239585868986566
125,Retroposon,1720,162.87848837209302,95.14385559866753
125,SINE,430313,177.58380992440385,85.14204623698889
126,DNA,117618,227.96125593021478,62.90821778116383
126,LINE,313358,231.31443269359647,85.32634221705875
126,LTR,139883,205.39465124425413,71.57256698436481
126,RC,462,272.6190476190476,39.50765590722192
126,Retroposon,1659,168.623869801085,95.84669575239475
126,SINE,430258,177.64418325748736,85.40326586465149
127,DNA,116845,228.35290341905943,62.673192652184326
127,LINE,315759,231.93028227223928,85.00721421009878
127,LTR,139115,205.7139345146102,71.56730502442788
127,RC,526,268.4239543726236,46.315754987135165
127,Retroposon,1695,159.94218289085546,94.50775540252339
127,SINE,432023,177.6151778956213,85.33597206353878
128,DNA,117631,228.41846111994286,62.678974045811856
128,LINE,313568,231.9080964894377,85.15365224268939
128,LTR,139224,205.68710136183418,71.58487029257921
128,RC,512,269.2109375,42.34136798535321
128,Retroposon,1677,170.6881335718545,98.21778550395636
128,SINE,430656,177.79894393669193,85.467506373762
129,DNA,118744,228.24437445260392,62.67402241611746
129,LINE,314273,232.0442004244717,84.9859036301233
129,LTR,138668,205.6598205786483,71.75482907474405
129,RC,454,273.5484581497797,38.237100382224575
129,Retroposon,1721,166.12085996513656,96.08305790180958
129,SINE,429986,177.89918276409,85.38757349410385
130,DNA,118585,228.21909179069866,62.490870524430136
130,LINE,314630,231.54620347710008,84.84574915721727
130,LTR,140146,205.52880567408275,71.74541454502715
130,RC,448,271.1138392857143,41.16010752332061
130,Retroposon,1652,161.96489104116222,95.11910452591201
130,SINE,430513,177.81701133299111,85.37034108001761
131,DNA,118192,228.22001489102476,62.96126919636086
131,LINE,314675,231.5854389449432,85.09536440324617
131,LTR,140296,205.54239607686605,71.70087423653688
131,RC,491,273.80244399185335,39.601832876055035
131,Retroposon,1734,163.4313725490196,93.91410998260831
131,SINE,430659,177.39519666371768,85.25640529838617
132,DNA,117472,227.98702669572324,63.05271352790827
132,LINE,314574,231.63439762981048,85.396782577569
132,LTR,138968,205.86316993840308,71.7455289583313
132,RC,432,276.5046296296296,39.98170851281329
132,Retroposon,1675,157.73910447761193,96.83430065980063
132,SINE,429124,177.83394543302168,85.32200948047414
133,DNA,118132,228.2735583923069,62.808653547171716
133,LINE,313875,231.65440063719635,84.8323729019976
133,LTR,140342,205.68138547263115,71.74736978042813
133,RC,470,270.52127659574467,38.56884662892056
133,Retroposon,1672,167.11363636363637,95.41162526182131
133,SINE,429520,177.88883171912832,85.38864502640457
134,DNA,118253,227.80122280195852,63.198876622416506
134,LINE,315640,232.0688695982765,85.00111255790249
134,LTR,138290,205.494728469159,71.70886135819406
134,RC,548,269.978102189781,42.287116837317186
134,Retroposon,1632,164.77450980392157,94.70515073500543
134,SINE,428866,177.93417524354928,85.41658858706275
135,DNA,117971,228.04802875282908,62.88786492653803
135,LINE,315200,231.6073255076142,84.98162695737068
135,LTR,139424,205.74992827633693,71.69172507455205
135,RC,472,272.22033898305085,42.59916359352776
135,Retroposon,1689,165.6672587329781,96.8643035865129
135,SINE,429227,177.51449000179392,85.26969811140017
136,DNA,117951,228.12805317462335,63.16297016207532
136,LINE,315369,231.27229055487382,85.27012322401089
136,LTR,138485,205.62119363107917,71.5921214971761
136,RC,528,274.67045454545456,39.66953116465699
136,Retroposon,1664,165.45252403846155,96.33251411065336
136,SINE,431719,177.51543712461114,85.03793538614738
137,DNA,118069,227.63584005962616,63.004511699700075
137,LINE,315196,231.5662032513103,85.07219688164832
137,LTR,138539,206.35018298096566,71.7319916421996
137,RC,480,270.43541666666664,42.76914770789479
137,Retroposon,1756,165.0871298405467,97.34503972564886
137,SINE,430553,177.67531058894028,85.43512756762796
138,DNA,118059,228.22690349740384,62.448205981866
138,LINE,314246,231.8075297696709,85.04537817570328
138,LTR,138551,205.7504023789074,71.64470969756293
138,RC,452,274.37831858407077,37.928621466860356
138,Retroposon,1714,168.83780630105016,98.55604199214449
138,SINE,429754,177.4905899654221,85.18179753353598
139,DNA,118567,227.6064250592492,62.96457089880442
139,LINE,313610,231.3093619463665,85.29446745491119
139,LTR,138421,206.0206616048143,71.56517643826413
139,RC,472,274.1207627118644,39.262699460299416
139,Retroposon,1728,169.6070601851852,97.13741994170714
139,SINE,428351,177.90207563423454,85.39107124309702
140,DNA,117234,227.94495624136343,62.981236585880886
140,LINE,313083,231.65481357978555,85.0425554702537
140,LTR,137851,205.9699530652661,71.73870649922524
140,RC,460,268.3695652173913,45.00138099120195
140,Retroposon,1650,167.42727272727274,95.89459419379325
140,SINE,430693,177.78246453970695,85.2451640373824
141,DNA,117852,227.90527101788683,62.98126161091729
141,LINE,314107,232.10475092882362,85.03127012806608
141,LTR,138815,205.4615279328603,71.70036666810154
141,RC,503,267.3737574552684,45.074132302021496
141,Retroposon,1670,163.46526946107784,95.4364367757323
141,SINE,432360,177.6267138495698,85.32579357257949
142,DNA,117893,228.39934516892436,62.833965519461096
142,LINE,315260,231.59881367759945,85.00097395720547
142,LTR,139475,205.5148808030113,71.83038553800225
142,RC,477,277.2683438155136,39.28703308390542
142,Retroposon,1640,162.1,94.47924536573124
142,SINE,431920,177.7219577699574,85.29770764128644
143,DNA,118231,228.22719083827423,63.44619464059805
143,LINE,312947,231.95187363994543,85.226450247187
143,LTR,138011,205.41356848367158,71.69353669635764
143,RC,493,272.90669371196753,40.82405994020588
143,Retroposon,1753,166.09469480889902,97.62413888607082
143,SINE,429974,177.66146325126635,85.34825740874297
144,DNA,117863,228.0310699710681,63.17489340014712
144,LINE,312478,231.85933089689513,85.11896698615277
144,LTR,138823,205.6860462603459,71.42591426013414
144,RC,521,272.0710172744722,42.420986104909744
144,Retroposon,1652,159.46246973365618,96.57592665063204
144,SINE,430307,177.64361955534073,85.24804537911562
145,DNA,118030,228.34943658391936,62.92899550510866
145,LINE,314956,231.24826642451643,85.17415086463939
145,LTR,139076,205.35604992953492,71.79216678195783
145,RC,477,269.1614255765199,39.759986687170276
145,Retroposon,1689,166.33392539964476,96.09889095074128
145,SINE,429372,177.77952684385568,85.30623626412053
146,DNA,117888,227.9872421281216,63.0400309938343
146,LINE,313327,231.95547463193404,84.98873766505045
146,LTR,138654,205.73008351724437,71.62369374497068
146,RC,480,273.29791666666665,43.78547128511605
146,Retroposon,1705,168.49794721407625,96.78557562852542
146,SINE,430197,177.81335527676856,85.46494326878276
147,DNA,118868,228.23977016522528,62.84279130609633
147,LINE,314453,231.6304566978213,85.12576048110883
147,LTR,139598,205.70513187868022,71.68356435302809
147,RC,490,275.3204081632653,40.156853074076835
147,Retroposon,1597,161.30807764558548,94.5379709086147
147,SINE,431101,177.58654236478228,85.22076530961643
148,DNA,117596,228.41777781557195,62.83213284242902
148,LINE,315497,231.73945869532832,85.02138061313565
148,LTR,138336,205.55843742771225,71.79288156532249
148,RC,468,268.0790598290598,45.443636423857754
148,Retroposon,1614,162.34076827757124,95.97049634873284
148,SINE,428362,177.82325929937764,85.39749385084548
149,DNA,117912,228.0494606146957,62.773738116433016
149,LINE,314607,231.57737431144253,84.9860680374663
149,LTR,138870,205.60632966083386,71.9478928325447
149,RC,450,271.68666666666667,41.49856275958375
149,Retroposon,1746,163.96334478808706,94.8812836760745
149,SINE,429553,177.49997555598495,85.11904837057847
150,DNA,117328,227.72737965362063,62.817354521074236
150,LINE,315712,231.30642484289478,84.98126682573064
150,LTR,139670,205.71035297486932,71.73630788352023
150,RC,445,273.0629213483146,40.390961226109674
150,Retroposon,1744,166.50630733944953,98.76183569362847
150,SINE,431337,177.68790759893076,85.14098305974197
151,DNA,117589,228.07096752247233,62.831408721663195
151,LINE,314646,231.8621371318879,85.04515468996335
151,LTR,138577,205.69908426362238,71.4004745545295
151,RC,478,273.4916317991632,38.69144831420813
151,Retroposon,1739,161.57216791259344,96.54417269690148
151,SINE,430246,178.07152419778453,85.51309807818917
152,DNA,118302,227.9572703758178,62.74931204975101
152,LINE,313271,231.62569149394614,85.00340971353022
152,LTR,138536,205.70500086620083,71.62499568413274
152,RC,458,275.45633187772927,44.05191525007625
152,Retroposon,1643,168.5514303104078,96.8771941746332
152,SINE,430846,177.97663202165043,85.44783999486434
153,DNA,118124,228.3069401645728,62.916657918303805
153,LINE,314044,231.97805721491255,85.11613558332539
153,LTR,138800,205.90899135446685,71.44932971992417
153,RC,467,271.71734475374734,43.251287302635355
153,Retroposon,1631,161.51808706315143,95.58895246573105
153,SINE,429242,178.14941454936843,85.40648476507958
154,DNA,117557,228.20640200073157,62.7027531820948
154,LINE,313860,231.73506659019947,85.15132556372436
154,LTR,139446,205.71742466617903,71.70382307942843
154,RC,466,276.33261802575106,38.00642153235815
154,Retroposon,1635,170.18776758409786,94.96734141795754
154,SINE,431766,177.70464325583765,85.222542987683
155,DNA,118188,228.09014451551764,63.07689355295236
155,LINE,315301,231.8767463471413,84.94544306842764
155,LTR,138628,205.51814929162938,71.6716296633705
155,RC,435,274.2252873563218,40.40256967584709
155,Retroposon,1779,160.00056211354695,95.25596710409494
155,SINE,429214,177.68753815113206,85.31772377004394
156,DNA,118283,228.46485970088685,62.95504879979712
156,LINE,314776,231.4592090883676,85.15751078942203
156,LTR,139296,205.2707256489777,71.52267225393223
156,RC,493,274.2068965517241,38.134673721713014
156,Retroposon,1720,165.96511627906978,94.98275212758716
156,SINE,431164,177.57903953020195,85.1945878330316
157,DNA,117774,228.70825479307828,62.918873982296546
157,LINE,313035,231.87787308128483,84.93934676521002
157,LTR,139497,205.4402173523445,71.98311701700607
157,RC,486,274.4074074074074,44.636053018618625
157,Retroposon,1654,164.7714631197098,95.75400393868526
157,SINE,430641,177.5327941371119,85.24785532243588
158,DNA,117920,228.10345149253732,62.733048478436935
158,LINE,312992,231.67006824455578,85.08222595230525
158,LTR,139302,205.5626983101463,71.77648274823142
158,RC,452,275.2367256637168,41.7177004080021
158,Retroposon,1647,160.29447480267152,94.52580074513641
158,SINE,430269,177.71272157650213,85.15094798520899
159,DNA,117870,228.03919572410283,63.05740535308303
159,LINE,312964,231.589872956634,85.19902323967892
159,LTR,138816,205.4184099815583,71.69276710338862
159,RC,542,274.02583025830256,41.31535722212567
159,Retroposon,1717,160.33546884100176,96.92932768813132
159,SINE,430698,177.8457016285193,85.26915200275582
160,DNA,117606,228.21276975664506,62.90982160731107
160,LINE,314398,231.77539615391956,85.16441034429037
160,LTR,138809,205.38563781887342,71.6239143558094
160,RC,483,274.33954451345755,41.679997404552026
160,Retroposon,1805,166.64875346260388,96.21651285559862
160,SINE,431022,177.75339309826413,85.32569671358861
161,DNA,118997,228.24975419548392,62.62726631393098
161,LINE,313757,231.52619383790642,85.09941852318347
161,LTR,138192,205.78946682876,71.67338683357346
161,RC,443,272.6997742663657,42.856921653139715
161,Retroposon,1655,160.98489425981873,96.42551285901865
161,SINE,430694,177.6165746446433,85.2488676067061
162,DNA,117212,227.83458178343514,63.02809528586396
162,LINE,315174,231.37731856054117,85.12465708555536
162,LTR,139655,205.94758512047545,71.68542281930385
162,RC,491,275.40733197556006,42.964830348241016
162,Retroposon,1633,168.43600734843847,96.38782133715672
162,SINE,430237,178.24644323942385,85.4361328576311
163,DNA,116917,227.96414550493085,62.307298433212644
163,LINE,313487,231.96542121363885,84.81734183900869
163,LTR,139688,205.86288013286753,71.5870043950477
163,RC,491,273.2219959266802,42.39814204619624
163,Retroposon,1674,165.03405017921148,96.20306908450607
163,SINE,430247,177.96708867232078,85.3453933640811
164,DNA,117761,228.54774500895883,62.854891942629386
164,LINE,313543,231.91753284238524,85.039027203179
164,LTR,138860,205.62474434682414,71.79583814469076
164,RC,512,271.322265625,44.2074262482215
164,Retroposon,1697,163.73600471420153,97.38369982305483
164,SINE,431075,177.5174157629183,85.20694887938296
165,DNA,117337,228.14293019252239,62.975664141635995
165,LINE,313071,231.88268156424581,85.0450970115596
165,LTR,139149,206.11573205700364,71.77746943589413
165,RC,526,271.65589353612165,42.80521619741333
165,Retroposon,1643,164.92939744370054,96.03300625189713
165,SINE,431198,177.46051002091846,85.25095253678222
166,DNA,118150,228.17584426576386,63.21722223517147
166,LINE,313552,231.72463578608972,85.00628403875794
166,LTR,138729,205.3570486343879,71.69187369129102
166,RC,483,274.2173913043478,39.36925511445665
166,Retroposon,1739,172.44910868315122,94.89728185557203
166,SINE,430920,177.8044903926483,85.35043978504575
167,DNA,117595,227.5082103830945,62.94126911240449
167,LINE,313500,231.702653907496,85.14022241959748
167,LTR,139837,205.66040461394337,71.73458405488746
167,RC,553,276.28390596745027,42.4250520253615
167,Retroposon,1631,169.9546290619252,97.06431098779618
167,SINE,430934,177.7401667076629,85.26755249107885
168,DNA,118134,228.1703319958691,62.94930528048213
168,LINE,314839,231.70284812237367,85.02353478465363
168,LTR,139378,205.1573275552813,71.69483008800596
168,RC,410,272.0536585365854,44.613648231974146
168,Retroposon,1742,165.9345579793341,96.77471720215861
168,SINE,430311,177.68344755304884,85.30106221078924
169,DNA,117330,227.95859541464247,62.84745200302217
169,LINE,313220,231.62989911244492,84.97835261471941
169,LTR,138678,205.93951455890624,71.7779231640185
169,RC,427,272.62060889929745,38.61290930464603
169,Retroposon,1687,167.70717249555423,97.03446103860851
169,SINE,431253,177.60835055060485,85.27458474722238
170,DNA,118353,227.8381705575693,63.041798130940144
170,LINE,313584,231.68621485790092,85.01828280837147
170,LTR,139354,205.84016963990987,71.62103987978904
170,RC,470,272.6446808510638,39.082337026479564
170,Retroposon,1606,170.17434620174348,95.78653617546072
170,SINE,430145,177.9081728254426,85.32681793549663
171,DNA,117278,227.9507324476884,63.259461115513815
171,LINE,313977,231.9153090831494,84.79265295067175
171,LTR,139237,205.65443093430625,71.2889207328745
171,RC,554,269.28339350180505,43.39622060146904
171,Retroposon,1658,162.74306393244873,95.07992493790348
171,SINE,430449,177.79819444347646,85.39802583786341
172,DNA,117552,227.94405029263646,62.853811322389724
172,LINE,314868,231.84013618405172,85.08288821325412
172,LTR,138627,205.76024151139387,71.76343966535356
172,RC,416,273.0793269230769,38.56738552806042
172,Retroposon,1610,162.88385093167702,94.85265225510939
172,SINE,429605,177.78570314591312,85.30852942087577
173,DNA,117584,228.4353993740645,62.912362564370326
173,LINE,314241,232.04458998030174,85.19614900218969
173,LTR,139262,205.64789389783286,71.7831925015908
173,RC,453,270.76379690949227,43.31204417448385
173,Retroposon,1626,162.85547355473554,98.53619609633259
173,SINE,428277,177.55886727515136,85.25536296081856
174,DNA,117642,228.25993267710513,63.205295723643204
174,LINE,313627,231.66679526953993,85.09256352068728
174,LTR,138576,205.64944146172496,71.62154840346886
174,RC,477,275.48637316561843,39.959024122951895
174,Retroposon,1708,166.59016393442624,96.38036083546307
174,SINE,429910,178.08368495731665,85.32820485051823
175,DNA,118560,227.7193741565452,62.809945659623565
175,LINE,314007,231.87126401640728,85.08124899596646
175,LTR,138439,204.81097089692932,71.47993536085598
175,RC,441,274.2879818594104,39.56602525438346
175,Retroposon,1716,164.96911421911423,95.5535930214486
175,SINE,430331,177.87569568541426,85.3557426874681
176,DNA,117083,228.54429763501105,62.965954845804525
176,LINE,314518,231.59741254872534,84.9929299707723
176,LTR,138549,206.06576734584877,71.56984928802986
176,RC,558,275.5412186379928,42.21969660372538
176,Retroposon,1678,162.21930870083432,96.21669677358663
176,SINE,429779,177.66310126832627,85.3899937828115
177,DNA,118214,227.92115147106097,63.03495246002856
177,LINE,313607,231.73809576954596,84.7509830099247
177,LTR,138916,205.9330098764721,71.86218741373297
177,RC,438,272.76027397260276,39.62028183071178
177,Retroposon,1602,165.25717852684144,94.67712410737234
177,SINE,430037,177.84186709515694,85.42034475248093
178,DNA,117914,228.399121393558,62.758930441370815
178,LINE,312116,231.8546309705366,85.04285599458174
178,LTR,138607,205.68095406436905,71.29689244094334
178,RC,529,278.0661625708885,40.097251444018895
178,Retroposon,1588,169.14357682619647,96.12646236103576
178,SINE,431133,177.76863983967823,85.3223154054551
179,DNA,117674,228.22166323911824,63.101900989808136
179,LINE,315188,232.11501072375853,84.9610410755712
179,LTR,139476,205.60265565401932,71.89425927125869
179,RC,522,267.40038314176246,45.854035448398776
179,Retroposon,1666,160.55942376950782,95.54901891822117
179,SINE,430656,178.27766709392182,85.43311511149437
180,DNA,117909,228.30052837357624,62.90200719395882
180,LINE,314881,231.8609696996643,85.00860342243902
180,LTR,139230,205.88842203548086,71.74208944609711
180,RC,475,269.5810526315789,45.68052975712921
180,Retroposon,1579,168.37618746041798,96.33722220892241
180,SINE,430894,177.46321601136242,85.41710255324666
181,DNA,118241,228.42453971126767,62.72703704308302
181,LINE,314546,231.91013397086596,85.22173708751644
181,LTR,140004,205.98577183509042,71.78989515550171
181,RC,554,275.01083032490976,42.61260163052842
181,Retroposon,1725,160.59884057971016,95.99363021645763
181,SINE,430074,177.49792826350813,85.30305021246026
182,DNA,117578,228.81544166425692,62.892467837641405
182,LINE,314801,231.73447670115405,85.07964950766473
182,LTR,139334,205.5612915727676,71.60484596585762
182,RC,489,273.3006134969325,41.14831296852058
182,Retroposon,1669,163.34571599760335,96.65144184866378
182,SINE,430532,177.61245157154406,85.25041520539826
183,DNA,118383,228.38600136843974,62.88590766415569
183,LINE,314513,231.2122169830818,85.18314667925134
183,LTR,138886,205.64920150339128,71.6055102951986
183,RC,457,271.671772428884,41.77067658085765
183,Retroposon,1782,166.486531986532,96.65299211524881
183,SINE,427502,177.5794054764656,85.24013710488873
184,DNA,118432,227.6277019724399,63.09371411615767
184,LINE,314319,231.8088025222783,85.09413606664177
184,LTR,138788,205.4872251203274,71.65310286050718
184,RC,462,268.6233766233766,42.37159026193952
184,Retroposon,1640,169.62621951219512,95.1491572081184
184,SINE,431180,177.67305069808432,85.25436583670334
185,DNA,117644,227.97695590085343,62.89710989139764
185,LINE,314914,231.38305378611304,85.38358881620405
185,LTR,139146,205.4433185287396,71.6623594727745
185,RC,512,275.806640625,41.18080980902512
185,Retroposon,1654,162.78295042321645,93.54148986411725
185,SINE,429001,177.50783098407695,85.28809884105026
186,DNA,118218,227.9043885025969,62.82815008179974
186,LINE,314018,231.56728913629155,85.19853383164664
186,LTR,138775,205.71698072419383,71.36164897356082
186,RC,477,273.37735849056605,40.18818613687502
186,Retroposon,1641,167.16879951249237,92.86869713251184
186,SINE,430189,178.0757318294982,85.28353860414046
187,DNA,117093,227.59559495443793,63.07442162572985
187,LINE,313302,231.55458311788627,85.19376001045778
187,LTR,139130,205.4626536332926,71.35353675883577
187,RC,517,270.17021276595744,42.103102273323074
187,Retroposon,1708,170.08196721311475,96.99767774263962
187,SINE,430087,177.66933434398157,85.23827543122812
188,DNA,118564,227.94411457103337,62.73368093552363
188,LINE,313147,231.59691454811957,85.14856351123204
188,LTR,138602,205.822773120157,71.55376169885207
188,RC,499,271.22645290581164,39.464689852240745
188,Retroposon,1679,168.1500893388922,98.8138351586112
188,SINE,431605,177.70543205013843,85.30173874246067
189,DNA,118082,227.63491472027914,63.12224331489053
189,LINE,315359,231.45869310848906,85.19189625402875
189,LTR,139158,205.82991994711048,71.81001510174173
189,RC,469,272.1620469083156,44.70380331446289
189,Retroposon,1686,162.82621589561091,95.08670601867153
189,SINE,430447,177.95865693105074,85.38155845699247
190,DNA,118004,228.22434832717536,62.84580674634559
190,LINE,315178,231.39838757781317,85.15421371114572
190,LTR,138852,205.6750929046755,71.76782650417961
190,RC,457,271.5689277899344,44.58194036276358
190,Retroposon,1793,167.5978806469604,95.21506191557313
190,SINE,428315,177.86379883963906,85.31555427774086
191,DNA,118184,228.18800345224395,62.752251378447134
191,LINE,314853,231.91136816228527,85.02322528858586
191,LTR,138270,205.48105879800391,71.60157080490546
191,RC,482,274.53941908713693,41.425976351499415
191,Retroposon,1717,163.3191613278975,96.41052022357327
191,SINE,428875,177.98993412999127,85.38025315826268
192,DNA,116406,228.2160112021717,63.047790419345304
192,LINE,315983,231.9951801204495,85.03081373212113
192,LTR,139839,205.76166877623552,71.46913242973731
192,RC,486,269.4938271604938,43.01094418773836
192,Retroposon,1724,163.63515081206498,95.24295928530744
192,SINE,430030,177.7034183661605,85.42788278520929
193,DNA,118758,228.39632698428738,62.84099038766922
193,LINE,314232,232.08377249929987,85.245392398899
193,LTR,140172,205.37486801929057,71.66306021847157
193,RC,464,271.7586206896552,44.07211384523277
193,Retroposon,1725,166.66028985507248,97.06779620855492
193,SINE,430431,177.92655501114,85.372818040824
194,DNA,117826,227.85791760731928,62.92781597388624
194,LINE,315389,231.66430344748866,85.13829752227434
194,LTR,139569,205.82179423797547,71.56734330789526
194,RC,464,271.9741379310345,41.47126367092922
194,Retroposon,1655,167.797583081571,97.62196396889074
194,SINE,431308,177.8663878249418,85.10808802685725
195,DNA,118298,228.03841992256844,63.019549711892054
195,LINE,314743,231.74625646956406,84.88273356665104
195,LTR,139041,205.88670248344013,71.64411517125606
195,RC,524,272.38358778625957,39.421869266192424
195,Retroposon,1697,161.12787271655864,95.93681397439236
195,SINE,429529,177.7628495398448,85.40193884949426
196,DNA,118113,227.96878413045135,62.58273887469789
196,LINE,312437,231.6038433348163,84.94851669825897
196,LTR,138870,205.50298120544394,71.6662237681824
196,RC,411,275.47688564476886,40.33746124380159
196,Retroposon,1725,166.93623188405797,94.07934050809978
196,SINE,430708,178.17007810395907,85.39148219863428
197,DNA,118305,228.0671991885381,62.97721341321289
197,LINE,313177,231.6892172796853,85.24436655065398
197,LTR,139079,205.72922583567612,71.53298979306231
197,RC,513,277.30214424951265,42.4598461303605
197,Retroposon,1731,165.3483535528596,99.32373569809877
197,SINE,431452,177.3932488434403,85.1650057882574
198,DNA,117661,228.56654286467054,63.083001747950846
198,LINE,313880,231.7206320886963,85.00485868291537
198,LTR,140009,205.3735188452171,71.69918646173335
198,RC,508,269.2007874015748,45.698806814422284
198,Retroposon,1774,166.10541149943631,97.10470205528438
198,SINE,430411,177.79437560843007,85.38410912664601
199,DNA,117857,227.95696479632096,63.15174341239711
199,LINE,313989,231.82776466691507,85.23561211343446
199,LTR,138953,206.1775420465913,71.47086602790156
199,RC,485,271.3278350515464,38.6780225890036
199,Retroposon,1732,164.02078521939953,98.85348891189008
199,SINE,430546,178.19712179418693,85.51431441688449
200,DNA,118179,227.90402694218093,62.75022322678852
200,LINE,315070,231.69074808772655,85.06606797849079
200,LTR,138721,205.8064820755329,71.20074748358225
200,RC,494,272.2186234817814,43.04762424061365
200,Retroposon,1650,162.5218181818182,95.78292918869698
200,SINE,431183,177.9840137482229,85.23692359232459
201,DNA,117669,228.2515955774248,62.99373241152363
201,LINE,314197,231.90097932189042,85.01003511711932
201,LTR,139434,205.62286099516618,71.3566655055194
201,RC,492,270.530487804878,43.580981127347385
201,Retroposon,1718,162.29569266589058,94.80841470824787
201,SINE,430222,177.61212583270964,85.15148843274177
202,DNA,117841,228.4487572237167,63.00487157795625
202,LINE,315034,231.4715871937632,84.99972365546563
202,LTR,138602,205.77788199304484,71.52124444970937
202,RC,435,273.0252873563218,38.047179478861985
202,Retroposon,1716,169.69172494172494,97.33290601604409
202,SINE,431523,177.77919601040963,85.44681142222045
203,DNA,118276,228.03407284656228,62.56321384265457
203,LINE,314328,231.4301812119824,85.17473501998532
203,LTR,138532,205.83762596367626,71.58191866181053
203,RC,459,274.9542483660131,35.989106292206465
203,Retroposon,1613,166.62120272783633,96.49139821052259
203,SINE,429597,177.73882033626865,85.38836833289567
204,DNA,118777,228.06877594147014,62.71923168264081
204,LINE,314527,231.72302536825137,84.98163457007017
204,LTR,138478,205.54153728390068,71.52605705640397
204,RC,528,273.9261363636364,40.52272368773247
204,Retroposon,1594,167.98996235884567,98.7606317495081
204,SINE,429153,177.71958485668281,85.28068749292889
205,DNA,117631,227.87811886322484,63.02933085155635
205,LINE,313955,232.29079963689063,84.91939747607724
205,LTR,139726,205.19812347022028,71.4771993423202
205,RC,441,265.85260770975054,42.660432673328415
205,Retroposon,1610,168.0086956521739,95.14295187161927
205,SINE,429869,177.69707050287414,85.35194306474904
206,DNA,118524,228.1628784043738,63.07517202818047
206,LINE,313400,231.8913369495852,84.93553850019731
206,LTR,139350,205.68441334768568,71.79011890863266
206,RC,437,275.370709382151,41.027421345275556
206,Retroposon,1752,166.93607305936072,96.20704236231488
206,SINE,430618,177.78698289435184,85.22682364175017
207,DNA,116733,228.16132541783387,62.73179725421168
207,LINE,314599,231.97045127289024,84.94958397412636
207,LTR,139181,205.95245040630545,71.64273241700214
207,RC,522,274.97892720306515,37.762434662585534
207,Retroposon,1646,158.68894289185906,95.09389980716435
207,SINE,430494,177.69547775346462,85.29894388780042
208,DNA,118008,228.1307792692021,62.532808735555406
208,LINE,313043,231.58770839788784,85.23868473244843
208,LTR,138928,205.6545764712657,71.7508858954864
208,RC,467,271.4625267665953,45.662294835373544
208,Retroposon,1765,167.3597733711048,95.78284144926975
208,SINE,429377,177.7928091164641,85.19058487598892
209,DNA,117610,228.23191905450216,62.54852585546839
209,LINE,313286,231.37722719815122,85.22458882898886
209,LTR,139436,205.99857999368885,71.59131452311105
209,RC,446,273.2354260089686,43.33409371076444
209,Retroposon,1698,160.88928150765608,96.45370062016065
209,SINE,427794,178.18154298564264,85.35934529234576
210,DNA,118906,228.50730829394647,62.71132508102047
210,LINE,313741,231.85269696979356,85.03634039198194
210,LTR,139501,205.23242844137317,71.77110912480305
210,RC,461,274.2277657266811,40.25183965558322
210,Retroposon,1665,166.63843843843844,94.46719989403616
210,SINE,428745,177.92999102030345,85.20646991302458
211,DNA,118925,227.9685095648518,62.94703253805057
211,LINE,314655,231.4849470054504,85.00640115754342
211,LTR,139521,205.65889005956092,72.01081635125571
211,RC,506,277.97430830039525,39.45119229045115
211,Retroposon,1649,159.05154639175257,94.65772696959053
211,SINE,430436,177.7145986859835,85.42739767949817
212,DNA,118380,228.31575435039701,62.69885145786402
212,LINE,314813,231.513704961358,84.94148760383648
212,LTR,138755,205.77812691434542,71.89285333317035
212,RC,491,272.19755600814665,41.993352132865105
212,Retroposon,1794,169.38127090301003,98.18675812373364
212,SINE,430036,177.56084839408794,85.29123436206947
213,DNA,117506,228.5608479567001,62.970231530749636
213,LINE,314069,231.57529396406522,85.16840762389498
213,LTR,138625,205.24602344454465,71.5910055944383
213,RC,526,267.680608365019,45.46448792175391
213,Retroposon,1686,169.52135231316726,96.32353526946088
213,SINE,430898,177.89047291934517,85.32007625229265
214,DNA,116755,228.55945355659287,62.58083979620434
214,LINE,313139,231.7377266964511,84.99551345108183
214,LTR,138141,206.11481746910766,71.72250789879945
214,RC,518,272.7104247104247,42.30557535357754
214,Retroposon,1626,170.8210332103321,96.42372955639448
214,SINE,431152,177.873012301926,85.42908925838985
215,DNA,118055,228.42959637457116,62.65069950588804
215,LINE,314412,232.21081574494613,84.95492434941467
215,LTR,138947,205.83925525560105,71.67613815893009
215,RC,493,273.6369168356998,39.095244599974386
215,Retroposon,1707,155.84124194493262,94.91035444935939
215,SINE,430201,177.8502513941158,85.42974236284641
216,DNA,118211,228.31567282232618,62.88750862053292
216,LINE,314873,231.71128994864597,84.85883839792179
216,LTR,139629,205.88930666265603,71.57568698441047
216,RC,497,271.89738430583503,41.538078978577936
216,Retroposon,1726,163.31691772885284,96.78357923003304
216,SINE,429719,177.76715946932762,85.31416659509875
217,DNA,118342,228.06209967720673,62.41528443468894
217,LINE,312686,231.67445296559487,84.90023310296621
217,LTR,139012,205.80267890541825,71.65120495004751
217,RC,514,268.41634241245134,43.98480686408752
217,Retroposon,1670,166.6952095808383,96.39339264034933
217,SINE,431104,177.60968582986936,85.31607477137189
218,DNA,117705,228.06894354530394,63.100335285815724
218,LINE,314317,231.72975053846912,84.97214545036387
218,LTR,138529,205.86486584036555,71.38618795919847
218,RC,448,270.75892857142856,40.59897419880086
218,Retroposon,1835,167.71553133514988,97.01568037354406
218,SINE,429875,178.10478627507996,85.48595758505125
219,DNA,118752,228.45707019671246,62.956858345467516
219,LINE,313734,231.72260258690483,84.96545224193439
219,LTR,139363,205.3025264955548,71.59907794661324
219,RC,488,274.2356557377049,40.98065066184734
219,Retroposon,1689,167.36708111308465,97.25694427046143
219,SINE,430173,177.67423106517612,85.27009091124134
220,DNA,117644,227.9591734385094,62.62794193865955
220,LINE,314783,232.13872731373675,85.00942733361445
220,LTR,138774,205.80847276867425,71.7293995958472
220,RC,515,272.54563106796115,45.19235431662554
220,Retroposon,1659,165.36226642555758,95.47976403033088
220,SINE,429434,177.47812003707205,85.22026331413299
221,DNA,117905,228.07717229973284,62.80420096447921
221,LINE,313918,231.81829649781153,84.97338400566245
221,LTR,139468,205.42690079444748,71.72036286422565
221,RC,509,271.26129666011786,44.479929637515816
221,Retroposon,1657,168.86119493059746,97.8884308038227
221,SINE,431621,177.67145713484746,85.31898933667213
222,DNA,118324,228.1347824617153,62.75168104196099
222,LINE,314148,231.69183633191997,85.03484694195465
222,LTR,138897,205.2604663887629,71.59270776814678
222,RC,523,273.96940726577435,42.57804689589383
222,Retroposon,1717,170.79615608619685,98.2034267201842
222,SINE,430392,177.91641340917118,85.26820346734065
223,DNA,117528,228.30437853107344,63.10444969729412
223,LINE,313729,231.95640823768284,85.03220050617037
223,LTR,138619,205.85604426521616,71.62482389547185
223,RC,523,271.3690248565966,40.82700944468408
223,Retroposon,1642,162.5816077953715,97.26145297187064
223,SINE,430636,177.98195924167976,85.54723158507478
224,DNA,117911,229.1524115646547,63.226801395860306
224,LINE,314796,231.5405913671076,85.04255992711239
224,LTR,138203,205.80904900761922,71.70067735693742
224,RC,477,274.42348008385744,42.61589099933021
224,Retroposon,1634,165.32435740514074,97.03765275903805
224,SINE,428517,177.9331835143063,85.31550530545901
225,DNA,117866,228.15974920672627,62.904231983147206
225,LINE,314123,231.9492459959952,84.99961032089556
225,LTR,138854,205.7203969637173,71.87644651441487
225,RC,561,268.6524064171123,42.81967369088034
225,Retroposon,1674,165.83930704898447,96.15578065764237
225,SINE,429905,177.45904327700305,85.25851328211286
226,DNA,117305,228.2363411619283,63.09181125838353
226,LINE,313218,232.05411247118622,84.94947943441001
226,LTR,139530,205.8714254998925,71.77922861474602
226,RC,494,276.14777327935224,41.94898126837731
226,Retroposon,1632,165.93075980392157,97.37660358825153
226,SINE,431394,177.92347598714863,85.31282368256886
227,DNA,117887,228.3147760143188,63.189834332148166
227,LINE,313980,231.87877890311483,85.26121295950789
227,LTR,138211,205.53169429350774,71.56672921446581
227,RC,443,274.7990970654628,41.64384951400363
227,Retroposon,1686,165.349940688019,95.45360749217654
227,SINE,429691,177.7736350074821,85.41488173098489
228,DNA,117476,227.96734652184276,62.692575919293006
228,LINE,315068,231.4846731499232,85.0995611759227
228,LTR,139014,205.84067791733207,71.70389978884455
228,RC,486,271.3333333333333,42.32643085556817
228,Retroposon,1635,167.97064220183486,95.6855598052552
228,SINE,429645,177.93088480024207,85.294965713265
229,DNA,117559,227.78439762161977,62.756212621234454
229,LINE,314657,232.1028389643326,84.60382063592859
229,LTR,138907,205.37226345684522,71.92989842302303
229,RC,494,271.9595141700405,39.893968532474204
229,Retroposon,1662,171.18652226233453,99.08350225963606
229,SINE,430743,177.51543727930576,85.32790397569218
230,DNA,117740,228.02896211992527,62.85126162197422
230,LINE,313889,232.05013555747414,85.10271688866919
230,LTR,138938,205.1837294332724,71.76662701896856
230,RC,485,277.83711340206185,37.32233879476005
230,Retroposon,1586,169.92749054224464,97.80241895513441
230,SINE,428922,177.67510876103347,85.26111255972721
231,DNA,117832,228.3576278090841,62.775648478730645
231,LINE,315410,231.43252908912208,85.12999432462236
231,LTR,139367,205.89219829658384,71.44913867110894
231,RC,464,272.3448275862069,43.42107454480423
231,Retroposon,1807,157.80962921970115,95.20296819712428
231,SINE,432097,177.57940231012944,85.36191088293174
232,DNA,116553,227.95331737492813,62.71318026323739
232,LINE,314637,231.40367153259152,85.0735414240097
232,LTR,139337,205.15911064541365,71.7135166474696
232,RC,510,271.19607843137254,39.60388157241272
232,Retroposon,1748,162.27059496567506,96.08237731995288
232,SINE,430798,177.6206806902539,85.24238715658994
233,DNA,118115,228.32518308428226,63.14074541764745
233,LINE,315041,231.87459410045042,85.05466864374691
233,LTR,139731,205.64760146281068,71.57285227703689
233,RC,467,277.3254817987152,37.537148673673315
233,Retroposon,1590,159.9704402515723,93.29543124398508
233,SINE,430519,177.8564081956894,85.35526153819869
234,DNA,119324,228.09881499111663,62.94278850929895
234,LINE,314192,231.77606368080663,85.26481032402053
234,LTR,139509,205.08081199062426,71.97136019574705
234,RC,503,275.5864811133201,40.28294530009984
234,Retroposon,1782,163.06060606060606,96.23496269068292
234,SINE,430089,177.96792524337985,85.39375417263325
235,DNA,118261,228.6887477697635,62.9115937689
235,LINE,314132,231.33209606152826,84.78449268827602
235,LTR,138982,205.02478018736238,71.69570678354599
235,RC,474,273.24050632911394,41.188067745867194
235,Retroposon,1561,167.68353619474695,96.7855421554627
235,SINE,428665,177.5923530029277,85.35912406804484
236,DNA,117224,227.93407493346072,63.0165713357022
236,LINE,313897,231.45865044903263,85.10656122232582
236,LTR,139313,205.2154859919749,71.45072747536858
236,RC,528,274.7121212121212,40.342666770642786
236,Retroposon,1607,171.26073428749223,96.03261137240217
236,SINE,430241,177.56624078132953,85.1408093837282
237,DNA,117788,227.9251281964207,62.6624543832786
237,LINE,311952,231.39234882289583,85.20860652284331
237,LTR,138447,206.13412352741483,71.72045074275924
237,RC,491,275.75356415478615,37.66491723542998
237,Retroposon,1782,165.78731762065095,96.41914319643821
237,SINE,429003,177.79369375039334,85.3386570573077
238,DNA,118002,228.35659565092118,62.958442863537094
238,LINE,315543,231.68611567995487,85.11934903597937
238,LTR,139233,205.3997830973979,71.2508407571521
238,RC,503,273.0178926441352,41.95772839537201
238,Retroposon,1599,168.9718574108818,94.09065038592283
238,SINE,430267,177.72446178768067,85.24779287676074
239,DNA,117104,228.46031732477115,62.93930047072411
239,LINE,312945,232.35586125357491,84.76599212117026
239,LTR,139846,205.49289218139953,71.65253727408061
239,RC,498,271.781124497992,38.3145704710635
239,Retroposon,1629,168.64088397790056,97.4120588973305
239,SINE,430645,177.72256731182296,85.20958165864052
240,DNA,118007,227.80962146313354,62.56639260610058
240,LINE,313832,232.17154719722654,85.03770281178393
240,LTR,139892,205.63436794098305,71.71220799086468
240,RC,467,272.44111349036405,41.936097267227815
240,Retroposon,1679,161.7712924359738,95.86928444500495
240,SINE,430836,177.6850797055028,85.25131704566563
241,DNA,117352,228.45695855204855,62.9855423479907
241,LINE,313012,231.60877857717915,85.10502875571922
241,LTR,138654,205.61630389314408,71.6494031148811
241,RC,459,267.57080610021785,42.641088350205976
241,Retroposon,1615,165.728173374613,98.624746698632
241,SINE,429160,177.70106021064404,85.138787790867
242,DNA,118239,227.66767310278334,62.854498989801826
242,LINE,312863,231.87133026276678,84.77799007971912
242,LTR,138719,205.75841809701626,71.41421554819033
242,RC,494,273.31174089068827,40.64933461523826
242,Retroposon,1594,163.28544542032623,96.53061717223345
242,SINE,430452,177.4319854478548,85.17050754423538
243,DNA,117030,228.15486627360505,62.95594672405089
243,LINE,314205,231.64060088159005,85.2885846075419
243,LTR,139077,205.54778288286346,71.69385618373796
243,RC,463,268.3153347732181,39.86960282229535
243,Retroposon,1733,158.12406231967685,98.05292659914541
243,SINE,430862,177.71604597295655,85.2982187034803
244,DNA,117729,228.22699589735748,62.66418181062785
244,LINE,315876,231.7239011510846,85.10022504359338
244,LTR,139396,205.5444273867256,71.94449398324652
244,RC,430,270.1488372093023,40.89875401577982
244,Retroposon,1716,166.62121212121212,97.45756289977157
244,SINE,429541,177.5365937128237,85.38730649401671
245,DNA,118795,227.469346352961,62.962759734516546
245,LINE,312681,232.1384222258468,84.80944608862049
245,LTR,138991,205.69235418120599,71.61380859887403
245,RC,526,271.4448669201521,37.113890616497166
245,Retroposon,1721,165.93375944218477,95.41880665120742
245,SINE,429355,177.58855026726135,85.28251376464777
246,DNA,118142,228.3159587614904,62.61455164954221
246,LINE,314317,231.9058561897702,84.95079525738288
246,LTR,138702,206.1027959221929,71.6890779062273
246,RC,447,270.8366890380313,46.849014427156526
246,Retroposon,1616,173.38923267326732,94.33096285091925
246,SINE,429648,177.79229974304548,85.46229967797971
247,DNA,117610,227.83677408383642,62.87290221367283
247,LINE,314250,231.6739093078759,85.0493025657996
247,LTR,138583,205.57398815150486,71.75463842048207
247,RC,479,268.56367432150313,43.47551822141338
247,Retroposon,1661,167.24382901866346,97.1700293258456
247,SINE,431525,177.65150338914316,85.30750582110001
248,DNA,118662,227.71918558595002,62.737610268291654
248,LINE,313980,231.70140136314416,85.24767184923594
248,LTR,138736,205.73500028831737,71.65757328917321
248,RC,509,273.7308447937132,39.108034481112846
248,Retroposon,1714,163.0110851808635,94.82574077744701
248,SINE,431237,177.9078696865065,85.48897014906379
249,DNA,118026,228.027604087235,62.77034433164511
249,LINE,314377,231.5975437134396,84.93127283274053
249,LTR,138552,205.4119608522432,71.66933176198364
249,RC,504,275.20238095238096,43.00649076940967
249,Retroposon,1710,163.99181286549708,94.8783089026269
249,SINE,431015,177.60190944630696,85.2902031016544
250,DNA,118207,228.10863992826145,62.80867035905053
250,LINE,314157,231.70670397285434,84.77737074889393
250,LTR,139832,206.26913009897592,71.46907032982396
250,RC,500,276.292,41.566317325449944
250,Retroposon,1719,163.21407795229786,97.06347880421471
250,SINE,430083,177.24256713239072,85.3212356977457
251,DNA,117433,228.4089225345516,62.93992192449187
251,LINE,313543,231.57915501223118,85.0983708612285
251,LTR,138652,205.41387791016356,71.56071569884652
251,RC,478,279.1380753138075,44.7644903500038
251,Retroposon,1720,160.1813953488372,96.28936345376923
251,SINE,430132,177.94081816744628,85.33059235686144
252,DNA,117428,228.36162584732773,62.881163806377856
252,LINE,314377,231.57948259573698,85.1996989737209
252,LTR,138768,205.61071716822323,71.53867134770051
252,RC,474,271.1603375527426,43.90620551341781
252,Retroposon,1625,174.1716923076923,96.12774544754706
252,SINE,430065,177.59926755257925,85.22447887241792
253,DNA,117736,227.97750900319357,62.85590575210398
253,LINE,315075,231.72212330397525,85.12023727869146
253,LTR,139494,205.8246304500552,71.71736017612669
253,RC,473,270.99577167019027,42.45808756739065
253,Retroposon,1617,163.58008658008657,94.97620663139908
253,SINE,428365,177.82904999241302,85.41015252604447
254,DNA,118288,228.48647369132965,62.997599326863856
254,LINE,314431,231.3992577067783,85.037824472352
254,LTR,140538,205.6843416015597,71.51616900967645
254,RC,469,269.9914712153518,44.24057043313492
254,Retroposon,1721,161.93434049970946,97.7209190740717
254,SINE,430352,178.09600513068372,85.37937182352398
255,DNA,117332,228.28266798486345,63.0313112325755
255,LINE,314779,231.90899329370765,84.83122134544365
255,LTR,138812,205.6754675388295,71.40875481192458
255,RC,459,267.78867102396515,42.80071113700041
255,Retroposon,1617,169.34632034632034,97.51489130562999
255,SINE,430570,177.8420256868802,85.32294997086085
256,DNA,117344,228.02133044723206,62.83567233210897
256,LINE,314126,231.82086487587785,84.8998647812463
256,LTR,140123,206.28782569599565,71.9170763845984
256,RC,531,271.50282485875704,39.81857977404116
256,Retroposon,1689,160.70870337477797,94.80590212426884
256,SINE,430168,177.9775669040933,85.33093977282994
257,DNA,117423,227.79908535806445,62.81862617571198
257,LINE,313407,231.67373415399146,85.06887863959075
257,LTR,139297,205.923207247823,71.77512794680098
257,RC,426,272.5,39.78765526814931
257,Retroposon,1595,158.7115987460815,95.98494962818005
257,SINE,429210,177.67722793038374,85.24760588645613
258,DNA,117522,228.4952774799612,62.763620435414914
258,LINE,313283,231.97328294225989,84.97177383464263
258,LTR,139387,205.93890391499926,71.41958373435736
258,RC,456,273.375,40.00934307002224
258,Retroposon,1654,166.3627569528416,92.91159072770618
258,SINE,429379,177.68061549353834,85.29181727702608
259,DNA,118481,228.14329723753175,63.032445853992684
259,LINE,313974,231.87254040143452,84.95874577547463
259,LTR,139800,205.91173819742488,71.33846544406666
259,RC,507,273.38856015779095,40.72737216527705
259,Retroposon,1741,163.24641010913268,95.09536701804095
259,SINE,430456,177.5142198041147,85.36110285689966
260,DNA,117812,228.30209995586188,62.49885565519256
260,LINE,314783,231.6200874888415,85.11245387451167
260,LTR,139114,205.55765774832153,71.60898417937463
260,RC,466,271.6931330472103,44.64834265906387
260,Retroposon,1596,165.0388471177945,95.8490537116446
260,SINE,429042,177.74112790822343,85.23225398619512
261,DNA,117610,228.05012328883598,62.931659536242016
261,LINE,314580,231.6649373768199,85.1263116844514
261,LTR,138976,205.90453747409626,71.5001567154552
261,RC,506,272.0711462450593,38.4060230458193
261,Retroposon,1725,164.04811594202897,96.01140332749071
261,SINE,430157,177.72572804813126,85.43770070948096
262,DNA,118100,228.40538526672313,62.98718669846849
262,LINE,314191,231.64485615437744,85.16182535883826
262,LTR,139223,205.9591949606028,71.50954481954555
262,RC,497,271.88732394366195,43.184916374765194
262,Retroposon,1651,163.09206541490005,98.68061165666401
262,SINE,430529,177.64258156825673,85.2365592954799
263,DNA,118666,228.69634099067972,62.60496297716612
263,LINE,314081,231.94785421595066,85.03557859617617
263,LTR,138874,205.6081843973674,71.76818827530872
263,RC,521,276.084452975048,40.23291793237665
263,Retroposon,1686,165.40984578884934,96.34270518602963
263,SINE,430469,177.9765348956603,85.18595185009454
264,DNA,117731,227.93180215915945,63.016419506455975
264,LINE,314174,231.55101631579953,85.1050443593611
264,LTR,139181,205.6620731277976,71.72402698177272
264,RC,516,272.36821705426354,40.62691948380513
264,Retroposon,1606,163.7876712328767,96.86317588111001
264,SINE,429502,177.86656639549992,85.19954960329586
265,DNA,118373,228.41913274141908,63.07368016601459
265,LINE,314536,231.39269590762265,85.17559393218349
265,LTR,140078,205.2532874541327,71.54666205764416
265,RC,524,268.42557251908397,45.434419169643945
265,Retroposon,1678,163.74851013110847,97.5755074855874
265,SINE,431680,177.70958117123794,85.34591300952974
266,DNA,117872,228.15499015881633,62.967877844663974
266,LINE,315484,231.64103092391375,85.1809726839727
266,LTR,138422,205.09577234832614,71.62868349653274
266,RC,530,275.5641509433962,38.66357846540851
266,Retroposon,1645,167.93617021276594,95.7916885616429
266,SINE,430765,177.83019511798776,85.30078184112817
267,DNA,118491,228.27350600467545,62.46897326555176
267,LINE,314209,231.41202511703995,85.2086141440936
267,LTR,139187,204.946086919037,71.74917420668162
267,RC,488,278.2909836065574,40.393572983542576
267,Retroposon,1588,165.05037783375315,96.42025316426142
267,SINE,428847,177.44423768849964,85.1956857707476
268,DNA,117805,227.90798353210815,62.855373956729736
268,LINE,315052,232.06204055203585,84.89152936268988
268,LTR,139495,205.59019319688878,71.67689113701462
268,RC,475,271.05894736842106,40.016426876279176
268,Retroposon,1699,157.3884638022366,93.05400285772826
268,SINE,430685,177.60401221310238,85.39344392738059
269,DNA,117547,228.23899376419644,62.96551100107598
269,LINE,314460,231.46700057240986,85.1015117263732
269,LTR,138733,205.6185766904774,71.58634460777898
269,RC,493,270.10953346855985,43.38436368740762
269,Retroposon,1623,163.8626001232286,98.68802440683041
269,SINE,432050,177.77637541951162,85.31094342238256
270,DNA,118766,228.75863462607143,63.13322789475138
270,LINE,314397,231.66411893243256,85.11262381281102
270,LTR,139357,205.12745681953544,71.41259859346161
270,RC,463,270.524838012959,41.020446473209546
270,Retroposon,1649,171.26015767131594,97.97344163204029
270,SINE,429554,177.5520260549314,85.15998054225012
271,DNA,117926,228.21899326696402,62.86573188199951
271,LINE,313301,231.978726528163,84.85333162231399
271,LTR,139693,205.41880409182994,71.60091262021346
271,RC,506,275.4486166007905,37.604851151174856
271,Retroposon,1697,166.58868591632293,96.54823722490866
271,SINE,430514,177.97120186567685,85.43420946035266
272,DNA,118370,227.7320604882994,62.962166290315224
272,LINE,313879,231.60505800005734,84.97325762171461
272,LTR,139508,205.7070992344525,71.60974392787533
272,RC,499,275.0180360721443,38.406402837398325
272,Retroposon,1691,166.23122412773506,96.80648388978054
272,SINE,430221,177.56061419595974,85.29904937628488
273,DNA,117963,227.91781321261752,63.29549332095372
273,LINE,313721,231.9924200165115,84.81993707233937
273,LTR,138889,205.72757381794094,71.66615464977717
273,RC,498,271.87751004016064,42.25870619436647
273,Retroposon,1734,164.42560553633217,95.7581292699918
273,SINE,429575,177.62623523249724,85.26889402097812
274,DNA,117041,228.45565229278628,63.12482056174322
274,LINE,314366,231.37241622821807,85.12583725712868
274,LTR,139561,205.50266191844426,71.58389787805659
274,RC,469,277.5138592750533,44.68260872203199
274,Retroposon,1639,161.6870042708969,95.90401073935558
274,SINE,430715,177.99360133731122,85.38291734441668
275,DNA,118246,228.0056238688835,62.815066276272056
275,LINE,315175,231.85425239946062,85.01639367921806
275,LTR,139609,206.33377504315624,71.61832426328368
275,RC,472,275.0720338983051,39.88775434529644
275,Retroposon,1753,163.8819167142042,94.74311669615126
275,SINE,430833,177.594856939928,85.32211797986098
276,DNA,117648,228.07885386916905,63.05798181075108
276,LINE,314177,232.1097756996852,84.94142698632584
276,LTR,139113,205.6184756277271,71.68110580291808
276,RC,470,274.2148936170213,44.13266498417815
276,Retroposon,1650,162.7048484848485,98.21337087645672
276,SINE,430853,177.37847711400408,85.19193909052244
277,DNA,117212,227.86021909019556,62.9234734484228
277,LINE,314349,231.7350238111144,84.93157880527531
277,LTR,139254,205.55097878696483,71.86609274623198
277,RC,449,275.29398663697106,38.58069938104199
277,Retroposon,1725,168.19130434782608,96.24637126851405
277,SINE,429930,177.76818551857278,85.4440408787984
278,DNA,118575,228.04220957200084,62.93572140198183
278,LINE,313743,231.97691103865264,84.80798161151587
278,LTR,139045,205.6821820274012,71.67518230257173
278,RC,452,270.50221238938053,43.52155904031959
278,Retroposon,1675,165.77253731343285,96.66729628563107
278,SINE,430646,177.87575642174778,85.35559390042349
279,DNA,117177,228.03000588852763,62.8458807075723
279,LINE,315235,231.72737164337715,84.89780121595535
279,LTR,139600,205.14118911174785,71.69283108083708
279,RC,517,272.6537717601547,43.08825509989146
279,Retroposon,1700,166.20529411764707,95.94155497995808
279,SINE,431182,177.7207606068899,85.2520890265165
280,DNA,117758,228.4691485928769,62.78597695853696
280,LINE,313350,231.87117280995693,84.82260691220692
280,LTR,139730,205.76474629642883,71.89391894347533
280,RC,460,274.8782608695652,41.42198488433448
280,Retroposon,1703,161.16970052847915,95.4520534799191
280,SINE,430630,177.7008824280705,85.397133191351
281,DNA,118317,228.64945020580305,63.15874919915504
281,LINE,315164,231.63064626670558,84.95509733103762
281,LTR,140220,205.8031165311653,71.56239569240478
281,RC,440,275.7409090909091,41.10149476479933
281,Retroposon,1738,165.5143843498274,98.646228167328
281,SINE,430307,177.7592532773113,85.19958498743883
282,DNA,117750,228.11550743099787,63.076091411206775
282,LINE,314644,231.82791027319766,85.00890533810959
282,LTR,139568,205.59124584431962,71.90046644397242
282,RC,473,273.51797040169134,39.61319577617616
282,Retroposon,1715,162.72186588921284,95.73966258176725
282,SINE,431276,178.0641862751463,85.28722616026569
283,DNA,118063,228.10455434810228,62.930692455244476
283,LINE,314446,231.70347849869293,85.00673704122825
283,LTR,138590,205.79787141929432,71.5637891683988
283,RC,518,271.6177606177606,41.15594030042558
283,Retroposon,1737,164.2832469775475,95.01403296800208
283,SINE,429698,177.72726193745373,85.21282185177434
284,DNA,117770,227.77616540714953,63.195208760315126
284,LINE,314236,231.6273978793009,84.92035123453144
284,LTR,139443,205.64908242077408,71.65387249459873
284,RC,479,264.1795407098121,41.63767964699918
284,Retroposon,1692,164.6128841607565,96.95588745897905
284,SINE,432077,177.76724287569112,85.36368219901827
285,DNA,119199,227.84805241654712,62.94890815312997
285,LINE,314409,232.03621715663357,84.92720372748788
285,LTR,139180,205.72979594769365,71.68450807774953
285,RC,454,274.4251101321586,41.15547382632021
285,Retroposon,1633,163.75199020208206,98.25395615236489
285,SINE,430505,177.80557020243668,85.28583104041955
286,DNA,118457,228.51985952708577,62.979578225365245
286,LINE,313886,231.40495912528752,85.2445673180519
286,LTR,138657,205.5156032511882,71.80903265471143
286,RC,468,271.53632478632477,42.45164122743738
286,Retroposon,1494,166.3975903614458,96.03131402818276
286,SINE,428610,177.8048738946828,85.23618318972945
287,DNA,118921,228.03912681528072,63.010345617905784
287,LINE,314472,232.0337454526953,85.0015675784565
287,LTR,139512,205.90663885543896,71.52035713074673
287,RC,459,272.3551198257081,40.957204815426934
287,Retroposon,1602,156.70973782771534,94.13616730599537
287,SINE,428835,177.92179742791515,85.46002946815759
288,DNA,117208,228.1115367551703,63.03993510622222
288,LINE,314130,231.76602998758474,85.10275255643243
288,LTR,139071,205.68211920529802,71.62436914773171
288,RC,470,271.6723404255319,41.41537232399553
288,Retroposon,1660,165.25903614457832,99.07375436456549
288,SINE,430150,177.80507497384633,85.41314108933041
289,DNA,117101,228.10677961759507,63.03327938019969
289,LINE,314595,231.76330520192627,85.10004725163022
289,LTR,138733,205.63866563831243,71.39825666015642
289,RC,492,264.1016260162602,46.362282265525565
289,Retroposon,1718,170.34109429569267,97.30334371312625
289,SINE,429751,177.6133784447273,85.3140079960713
290,DNA,117894,228.28980270412404,63.009933255099355
290,LINE,313366,231.650102436129,84.83811631954063
290,LTR,138349,205.93374003426118,71.55738435621289
290,RC,482,266.74896265560164,45.57804451791941
290,Retroposon,1745,161.41432664756448,95.97903735382054
290,SINE,432227,177.6908383789074,85.19405166036415
291,DNA,118302,228.64374228668999,62.71671353908547
291,LINE,313918,231.83550162781364,84.93525117641339
291,LTR,138998,205.31119872228376,71.71398710585288
291,RC,527,263.76660341555976,44.37408453170365
291,Retroposon,1698,164.5530035335689,96.46389234482753
291,SINE,431056,177.6833033294978,85.26331579564389
292,DNA,117595,227.93617075555935,62.933914310610795
292,LINE,314229,231.80931104385655,84.89180581788199
292,LTR,139144,205.79560742827573,71.62128213085941
292,RC,531,269.7212806026365,42.948941558951795
292,Retroposon,1692,168.52423167848698,94.21055591307098
292,SINE,430607,177.68354206968303,85.3648748138078
293,DNA,117712,227.98116589642518,63.07388820656743
293,LINE,314008,231.67802412677383,85.27597817258926
293,LTR,139230,204.9690512102277,71.70803051785974
293,RC,451,273.95565410199555,44.809701423300304
293,Retroposon,1700,166.80235294117648,95.28618068617183
293,SINE,430134,177.7477669749427,85.36224592580845
294,DNA,117424,228.12389290094018,62.99979017843
294,LINE,314134,231.6518874111048,85.33292943275362
294,LTR,138587,205.75359882240036,71.57192584671937
294,RC,443,274.2821670428894,40.36654094432131
294,Retroposon,1609,164.1914232442511,95.357672965721
294,SINE,429278,177.70185287855423,85.350071552261
295,DNA,117355,228.05000213028845,63.20705850450122
295,LINE,314091,231.76424029978574,84.94921499739438
295,LTR,138021,205.71536215503437,71.57712920712845
295,RC,435,273.81609195402297,40.028704854309034
295,Retroposon,1582,169.55246523388115,97.47513912155819
295,SINE,431382,177.87354363418038,85.3460258864799
296,DNA,117838,228.10252210662097,62.7605058507502
296,LINE,314734,231.73589443784275,85.00758320386672
296,LTR,138266,205.5233896981181,71.85402606770924
296,RC,482,270.7240663900415,39.90253428525103
296,Retroposon,1682,163.00416171224734,94.51684186050755
296,SINE,427587,177.91060064969236,85.07027897192977
297,DNA,118166,227.96143560753515,62.870368908967656
297,LINE,314010,231.573370274832,85.10401711957164
297,LTR,137387,205.56912953918493,71.80428317518273
297,RC,472,274.03389830508473,39.59459435014293
297,Retroposon,1612,162.2866004962779,98.0134618500336
297,SINE,430362,177.69738034491894,85.35389749873285
298,DNA,118231,228.09784235944886,63.04902650083957
298,LINE,313813,231.79274281180193,84.94927000145734
298,LTR,138433,206.08131009224678,71.82292296384374
298,RC,480,273.31666666666666,39.28686874205624
298,Retroposon,1610,166.21801242236026,96.09087468272817
298,SINE,431054,177.53206790796511,85.17827876756448
299,DNA,117145,228.3739212087584,62.996482833996645
299,LINE,313330,231.86788370089045,84.78401817759497
299,LTR,139700,205.5867859699356,71.7681133649842
299,RC,541,273.7707948243993,44.51881943449818
299,Retroposon,1689,166.8478389579633,95.8232099411073
299,SINE,429676,177.72026596784553,85.36686600504386
300,DNA,117293,227.7265906746353,62.966229345660544
300,LINE,315806,231.96819249792594,85.0322908629084
300,LTR,139548,205.95312007337978,71.76301024445993
300,RC,521,269.2476007677543,43.89721591696857
300,Retroposon,1689,166.36234458259324,95.65623349259064
300,SINE,430623,177.793694252281,85.28831811876759
301,DNA,116868,228.14616490399425,62.668175980744685
301,LINE,313767,231.5529070934802,85.16895945578645
301,LTR,139279,205.7815679319926,71.54691701269597
301,RC,487,275.04312114989733,39.71593420900675
301,Retroposon,1797,163.32276015581525,96.16606161950577
301,SINE,431791,177.73187954357547,85.32344788833757
302,DNA,118098,228.23218005385357,63.13284135345238
302,LINE,315064,231.88031003224742,85.10588560287063
302,LTR,139412,205.46982325768226,71.84363370624858
302,RC,462,274.4199134199134,39.47234597743338
302,Retroposon,1609,168.1566190180236,97.56270483525746
302,SINE,431190,177.70494909436675,85.4965552847438
303,DNA,118339,228.2358647614058,63.08191100423496
303,LINE,315053,231.75400646875286,84.89637867488332
303,LTR,139348,205.37543416482475,71.78892515260326
303,RC,473,273.30232558139534,43.185811414029
303,Retroposon,1658,165.0102533172497,96.36917238319752
303,SINE,430525,177.6098182451658,85.31501330654342
304,DNA,117926,228.34280820175366,63.12757733427017
304,LINE,313148,231.6030503148671,85.2052788738211
304,LTR,139704,205.8800750157476,71.41027553624066
304,RC,433,271.56812933025407,44.35486335712242
304,Retroposon,1623,167.3536660505237,95.91363373355603
304,SINE,430960,177.5035966214962,85.3319115136637
305,DNA,118490,228.05643514220608,62.99084295390547
305,LINE,314969,231.91755061609237,85.00019405943569
305,LTR,139070,205.39624649457107,71.56981688339526
305,RC,524,270.21374045801525,42.11983225530558
305,Retroposon,1802,166.496115427303,95.63664377198165
305,SINE,430259,177.87100560360156,85.5429405383966
306,DNA,117953,227.6807796325655,63.435159228487684
306,LINE,312846,231.87238129942529,84.74887785467654
306,LTR,139298,205.66691553360423,71.75340401783873
306,RC,448,268.50892857142856,45.55373505458657
306,Retroposon,1693,166.99586532782044,96.11834655891612
306,SINE,430965,177.87835903147587,85.30688986390165
307,DNA,117704,228.22914259498404,62.8915948680653
307,LINE,313868,231.57283316553455,85.12721613228943
307,LTR,138998,205.8218319688053,71.80664630556078
307,RC,503,268.18091451292247,45.46902768573932
307,Retroposon,1649,165.38023044269255,96.9990109403991
307,SINE,429265,177.89122337017926,85.32420751366595
308,DNA,117667,228.22148945753696,62.81102335996309
308,LINE,313504,231.48181522404818,85.11988155097771
308,LTR,138737,205.7399395979443,71.80658201799329
308,RC,484,265.6301652892562,47.24069718177975
308,Retroposon,1645,161.26322188449848,96.93394180008434
308,SINE,430683,177.83604878762338,85.12191603426912
309,DNA,117495,228.18567598621217,62.740898290103864
309,LINE,315253,231.8160429876956,85.09170469398501
309,LTR,139332,205.49844974593057,71.71058895652808
309,RC,505,271.84554455445544,37.57300359248494
309,Retroposon,1724,168.36600928074245,96.49213463535332
309,SINE,430427,177.70086681365248,85.26172555519075
310,DNA,117531,228.35901166500753,62.85605866938925
310,LINE,314025,231.70376243929624,85.08260953731997
310,LTR,138917,205.55160995414528,71.44879650026307
310,RC,451,269.7450110864745,42.629317443625716
310,Retroposon,1720,165.2,95.08367551182069
310,SINE,428663,177.70247257169385,85.40875647194697
311,DNA,118445,228.03198953100596,62.95422539643415
311,LINE,315404,231.78319235012873,85.21852441718113
311,LTR,139277,205.66751868578444,71.83564839982516
311,RC,438,274.9406392694064,41.543410112703164
311,Retroposon,1737,164.71387449625792,95.12442173599355
311,SINE,431266,177.77379389982053,85.40431395429896
312,DNA,116919,228.21767206356537,62.82438318891763
312,LINE,313272,231.56357733854287,84.9948182845567
312,LTR,140299,205.73222902515343,71.75545413147205
312,RC,446,271.9887892376682,39.14142874021763
312,Retroposon,1686,165.61150652431792,95.80216534814592
312,SINE,430107,177.89882052605515,85.3989892541833
313,DNA,117885,228.0794842431183,62.80252284102423
313,LINE,313364,231.9569893159393,85.1450427868333
313,LTR,139506,205.61838917322552,71.85777789020945
313,RC,445,272.4629213483146,43.92201050949354
313,Retroposon,1727,161.71916618413434,95.37819395251762
313,SINE,430340,177.93941302226148,85.27994474920415
314,DNA,118247,228.1217028761829,63.023383251659595
314,LINE,314753,231.75659644228966,85.1062218531898
314,LTR,139778,205.64677560131065,71.79496580298331
314,RC,448,266.95982142857144,44.540042096613604
314,Retroposon,1668,165.07434052757793,96.67864635242015
314,SINE,430079,177.71818433357592,85.37850743141304
315,DNA,117701,228.1618677836212,62.802068135265074
315,LINE,314722,231.71321674366584,85.02474415530456
315,LTR,139412,205.26162023355235,71.59656861710899
315,RC,522,273.2758620689655,40.64136851761769
315,Retroposon,1656,164.64794685990339,97.37361359117746
315,SINE,428828,177.58388911171846,85.19477047088291
316,DNA,118509,228.0183952273667,62.797215026429996
316,LINE,315047,231.7916247417052,84.9526777623026
316,LTR,139591,205.60570523887642,71.91195408447696
316,RC,452,269.89823008849555,41.855982501951814
316,Retroposon,1792,163.5234375,96.29327939187
316,SINE,431741,177.88910017811605,85.28219692955588
317,DNA,117208,227.93822094055014,63.1562984729545
317,LINE,313536,231.67793491018574,85.15475525198498
317,LTR,138509,205.3897652860103,71.61854000297372
317,RC,483,272.0993788819876,43.48035014205263
317,Retroposon,1633,159.9779546846295,95.49545026038652
317,SINE,431184,177.53344743775278,85.22522508794883
318,DNA,118612,227.77130475837183,62.846055448496536
318,LINE,314540,231.09878870731862,85.05960423780753
318,LTR,139371,205.6828321530304,71.61086534171537
318,RC,488,271.32377049180326,38.79995046743224
318,Retroposon,1598,164.2008760951189,96.13021948433307
318,SINE,429514,177.787352682334,85.49796128304655
319,DNA,117463,228.07868860832772,62.56023940700203
319,LINE,315608,231.36161947732631,85.17142069407801
319,LTR,139704,205.63415507072096,71.8210132410915
319,RC,544,269.7720588235294,42.26461058055488
319,Retroposon,1758,165.49488054607508,97.03861825204814
319,SINE,431218,177.5888854361367,85.04897636399961
320,DNA,117926,228.67452470193172,62.910072603172196
320,LINE,313659,231.63625465872173,85.05802435749777
320,LTR,139192,205.82704465773895,71.86367308915348
320,RC,506,271.99407114624506,41.27898388167081
320,Retroposon,1621,168.9691548426897,95.94843122479148
320,SINE,432188,177.05191953501716,85.07090592230878
321,DNA,117671,227.7549693637345,62.8283532886772
321,LINE,313708,231.60250615221798,84.88031701174953
321,LTR,139473,205.6703232883784,71.53130190665131
321,RC,485,271.8412371134021,42.061584090491756
321,Retroposon,1831,165.40961223375206,95.86759481191585
321,SINE,431509,177.62302987886696,85.15073336562592
322,DNA,117647,228.62822681411342,62.83329041024793
322,LINE,314665,231.7224159026266,85.20633336037156
322,LTR,138900,205.35516918646508,71.47506290999634
322,RC,473,273.4862579281184,39.9917581539793
322,Retroposon,1715,165.66239067055395,93.69318927613509
322,SINE,430548,177.9979653836506,85.35926102983524
323,DNA,118777,227.95395573217036,62.80495714210534
323,LINE,314065,231.1129384044704,85.21798532636016
323,LTR,138626,205.36897840231993,71.65760687859931
323,RC,488,275.202868852459,41.785089210079185
323,Retroposon,1564,165.46994884910487,94.4589844128896
323,SINE,428579,177.573208206655,85.27257584904855
324,DNA,117563,227.9833621122292,62.91711534972488
324,LINE,313255,231.45816028475204,84.91708887766255
324,LTR,138667,205.45174410638435,71.24493706195237
324,RC,529,273.14555765595463,43.8259530721836
324,Retroposon,1647,166.95628415300547,97.99712166466529
324,SINE,428807,178.05157798263554,85.22956253277168
325,DNA,117501,227.97487680955908,62.75297425522666
325,LINE,313055,231.8760601172318,85.10395097499689
325,LTR,139556,206.25225715841668,71.33371407838288
325,RC,509,271.53241650294694,45.38156751580918
325,Retroposon,1679,164.98808814770697,96.51982845585502
325,SINE,430768,177.5884954314155,85.31605603507073
326,DNA,117909,227.99994911329924,62.94655834600228
326,LINE,315192,231.43334856214625,84.97596314175519
326,LTR,138811,205.4115740107052,71.37745161854428
326,RC,470,270.20212765957444,39.64807413616842
326,Retroposon,1619,162.6874613959234,97.2752754760506
326,SINE,430870,177.90247406410288,85.45975847072495
327,DNA,117751,228.61800749038224,62.81875075267849
327,LINE,313311,231.36462173367676,85.24343393021682
327,LTR,139928,206.06945000285862,71.64310454127612
327,RC,488,273.1844262295082,43.775821458231015
327,Retroposon,1667,169.0899820035993,96.1277285364684
327,SINE,430465,177.7492920446494,85.23878572931112
328,DNA,119405,228.3411414932373,62.91479911696929
328,LINE,313939,231.8267625239298,85.09894439676292
328,LTR,139288,205.56114668887486,71.90955828726189
328,RC,470,272.53617021276597,41.89914144010395
328,Retroposon,1646,173.32563791008505,97.62191013208715
328,SINE,429227,177.7370295904032,85.33785774313036
329,DNA,118895,227.687842213718,63.113126095358126
329,LINE,314565,231.41314831592834,85.19034398514258
329,LTR,138665,206.02982006995276,71.53474853549646
329,RC,498,271.1004016064257,42.80156370111259
329,Retroposon,1587,157.59609325771896,94.27495381093705
329,SINE,429496,177.63420148266806,85.29469710307261
330,DNA,117728,228.06244903506388,62.88228363774012
330,LINE,313628,232.12519609218566,84.67695658707729
330,LTR,138650,205.71987017670392,71.83593348568363
330,RC,483,274.3768115942029,39.971403346470616
330,Retroposon,1609,166.15848353014295,94.4608217894513
330,SINE,428926,177.84557242974313,85.39730102724124
331,DNA,118739,227.8756179519787,62.98595021486195
331,LINE,315453,231.90627129873548,85.09253850589717
331,LTR,139041,205.58003035075984,71.5913580195206
331,RC,459,271.75599128540307,43.85628815740632
331,Retroposon,1757,172.24416619237337,96.88908471485848
331,SINE,432534,177.5102697129012,85.3734772535387
332,DNA,117770,228.1435424980895,62.70264188422897
332,LINE,314243,231.9469932504463,85.01194119459059
332,LTR,139268,205.67158284745958,71.45134169653042
332,RC,461,271.9240780911063,41.75619617686614
332,Retroposon,1745,165.3753581661891,96.37363161824948
332,SINE,430599,178.02047148274846,85.43416567188694
333,DNA,117479,227.53012878897505,62.99748819464505
333,LINE,313365,231.98094554273771,84.96394861742058
333,LTR,138991,205.51544344597852,71.56498764783112
333,RC,467,271.8222698072805,40.94081612311315
333,Retroposon,1771,164.0412196499153,97.9101963274022
333,SINE,431341,177.8514330889018,85.51045815028854
334,DNA,117102,227.645232361531,62.96674260182545
334,LINE,313674,231.44846879244056,85.25672977154514
334,LTR,138925,205.84973186971388,71.82190092583467
334,RC,473,269.9154334038055,40.54868442158975
334,Retroposon,1758,161.54266211604096,94.23486954032323
334,SINE,429246,177.56608564785694,85.2678122577121
335,DNA,119001,228.055495331972,62.80753278182439
335,LINE,313908,231.42670782522268,85.30709501502238
335,LTR,138856,205.0547329607651,71.70197156225123
335,RC,474,274.0,41.37963583217445
335,Retroposon,1623,161.0991990141713,95.26060189252371
335,SINE,429576,177.93483807289047,85.37775243799804
336,DNA,117906,227.7131274065781,62.96688763539363
336,LINE,314003,231.46121533870695,85.10641897815081
336,LTR,138491,205.53173852452505,71.83197098663936
336,RC,480,271.67083333333335,47.351566140648636
336,Retroposon,1689,160.38602723505034,97.05089614127832
336,SINE,429107,178.0537791273505,85.23577594938192
337,DNA,118039,227.914528249138,63.24824251651086
337,LINE,314708,231.50632014438781,84.89390374092822
337,LTR,139018,205.58517602037145,71.48871020634478
337,RC,526,271.94296577946767,42.71107925145329
337,Retroposon,1614,165.5291201982652,95.63514973987702
337,SINE,428958,177.61598804544968,85.25988348583147
338,DNA,118572,227.7941082211652,62.97084818588332
338,LINE,313515,232.03982584565333,84.9071928329993
338,LTR,139323,205.98296045879002,71.52359999700906
338,RC,505,272.07722772277225,41.45196404282369
338,Retroposon,1729,158.45575477154424,96.2728760650763
338,SINE,430124,177.6837539872223,85.31628408543656
339,DNA,117670,228.2024900144472,62.950707612693094
339,LINE,314278,231.47828673976542,85.18565871486852
339,LTR,138086,205.4602059586055,71.66717008943377
339,RC,477,278.8888888888889,41.64935769060629
339,Retroposon,1615,170.3752321981424,97.87617314192937
339,SINE,430830,177.51769375391686,85.23739935239117
340,DNA,117906,228.33255305073533,63.05253210984204
340,LINE,313283,232.15358956598348,84.95958072704597
340,LTR,138763,205.76240063994004,71.70461300095225
340,RC,456,273.9956140350877,39.613483196239514
340,Retroposon,1669,166.93948472139004,96.17881067938475
340,SINE,430269,177.85295245532447,85.36231355421492
341,DNA,117628,228.34578501717277,62.74139125971391
341,LINE,313630,231.64163504766762,85.08108625222444
341,LTR,138850,205.7039106949946,71.52362841403371
341,RC,439,273.0,40.427555500373295
341,Retroposon,1753,166.98630918425556,94.88796549745746
341,SINE,428806,177.88931824647975,85.32246127672563
342,DNA,117716,228.04849808012506,63.06782739446866
342,LINE,313377,231.68834981507896,85.22316770915525
342,LTR,139222,205.34006119722457,71.59344761807223
342,RC,537,272.340782122905,42.05916372230395
342,Retroposon,1783,165.6146943353898,97.54177756596513
342,SINE,429844,177.55556899712454,85.21359804436219
343,DNA,118658,228.14770179844595,62.97035210692136
343,LINE,315139,231.96020486198154,84.92442795323066
343,LTR,138301,205.78569930803104,71.68441088751547
343,RC,496,273.96774193548384,42.19223202543617
343,Retroposon,1730,162.15260115606935,97.2568012192844
343,SINE,431267,177.85774937567678,85.33662116103457
344,DNA,118428,228.11720201303746,63.09348819872412
344,LINE,313890,231.82789830832456,85.00542634178636
344,LTR,138977,205.2320383948423,71.81527763805983
344,RC,443,270.7358916478555,44.63547110357829
344,Retroposon,1723,157.48520023215323,94.47935460239898
344,SINE,430649,178.03911073751476,85.30175953134389
345,DNA,117395,228.200315175263,62.98349098130931
345,LINE,313833,231.5786007207655,85.16468453161042
345,LTR,139273,205.70934782764786,71.40237792106065
345,RC,452,276.8429203539823,42.992998178267214
345,Retroposon,1693,163.26343768458358,96.9664159799325
345,SINE,429988,177.96613161297523,85.45548888247818
346,DNA,118207,228.63590142715745,62.83183190528323
346,LINE,312934,231.6707708334665,85.0707983332518
346,LTR,139081,205.77595070498487,71.67611658243838
346,RC,486,266.50411522633743,44.803032391345724
346,Retroposon,1785,163.74733893557422,97.18025946175072
346,SINE,429237,178.05710831079332,85.35425366575213
347,DNA,118388,228.26773828428557,62.90769977712696
347,LINE,312199,231.79409607333784,84.94710825447699
347,LTR,138803,205.59037628869692,71.78796089305938
347,RC,452,270.63274336283183,42.85066256027427
347,Retroposon,1599,161.24953095684802,96.15862519278753
347,SINE,429680,177.78236594675107,85.38313472279629
348,DNA,117936,227.94897232397233,63.03101544084831
348,LINE,314096,231.52684847944576,85.0441134212594
348,LTR,138510,206.11579669337954,71.71966094696633
348,RC,467,269.79014989293364,41.35332260599734
348,Retroposon,1676,166.99403341288783,96.58708197031656
348,SINE,430780,177.81030456381447,85.20762749222897
349,DNA,117748,228.3647960050277,63.22602581740459
349,LINE,313476,232.10947249550205,85.01120909239455
349,LTR,139369,205.3004039635787,71.50131429015285
349,RC,442,274.04977375565613,37.34112362427615
349,Retroposon,1652,161.23547215496367,93.79212177653119
349,SINE,430063,177.8717257704104,85.35335189613053
350,DNA,117989,227.89917704192763,62.8163065425309
350,LINE,313975,231.57167927382753,85.22389583679436
350,LTR,138421,205.97238858265726,71.58899236683018
350,RC,520,271.3692307692308,41.31462554621146
350,Retroposon,1801,164.69683509161578,97.91458637714872
350,SINE,431186,177.7897195177951,85.46835402615551
351,DNA,116659,228.17878603451084,62.83851898333876
351,LINE,314855,231.6588207270013,85.23719420339346
351,LTR,139000,205.8579712230216,71.3097610070099
351,RC,494,272.90283400809716,38.13520948539176
351,Retroposon,1761,161.62180579216354,95.28022605946617
351,SINE,429788,177.67302716688226,85.19549091995243
352,DNA,117994,228.32003322202823,63.10499055881171
352,LINE,313862,231.7647851603571,85.1338595113065
352,LTR,139321,205.48251878754817,71.53011985912255
352,RC,481,274.90852390852393,39.31899434263766
352,Retroposon,1702,159.73560517038777,92.72465025641407
352,SINE,429018,177.60636849735909,85.28717415389998
353,DNA,117227,228.1121328704138,63.09894426543206
353,LINE,312918,231.2944701167718,85.18548443758965
353,LTR,139579,205.3355805672773,71.93126124378867
353,RC,527,272.7153700189753,42.52172802104054
353,Retroposon,1716,163.22202797202797,98.24003240524151
353,SINE,429850,177.3566220774689,85.27038106856129
354,DNA,118122,228.2893279829329,63.13207513897462
354,LINE,312954,231.83994452858886,85.10863651399386
354,LTR,139435,205.8251013016818,71.60287377820997
354,RC,563,274.65364120781527,41.16378627192496
354,Retroposon,1797,162.7723984418475,98.18296864346247
354,SINE,431129,177.6695768551872,85.38324373734486
355,DNA,117674,228.24592518313307,62.695443461930246
355,LINE,314554,232.04294652110607,84.97574133396348
355,LTR,139291,205.3546747456763,71.60115137452917
355,RC,544,273.84007352941177,42.06483717388173
355,Retroposon,1718,169.0977881257276,97.3884173048445
355,SINE,430287,177.75058275058274,85.28035032872457
356,DNA,117290,228.0464916020121,62.95780589049244
356,LINE,313421,231.7739653692637,85.0190670405879
356,LTR,138919,205.94835839589976,71.76304805848274
356,RC,492,272.9857723577236,40.33308725668661
356,Retroposon,1687,161.59158269116776,95.90645635288833
356,SINE,429606,177.69392652802802,85.34647586550741
357,DNA,118224,228.22996176749223,62.626719489015
357,LINE,313974,231.66678769579647,85.23424456302978
357,LTR,139135,205.82759909440472,71.52658662108982
357,RC,457,272.03063457330416,39.27152773759357
357,Retroposon,1703,169.88490898414562,94.64971252533176
357,SINE,429540,177.99593285840666,85.38211607495032
358,DNA,118469,227.7984451628696,62.833212593042056
358,LINE,312933,231.64053327709127,85.07063471475647
358,LTR,139835,205.95339507276432,71.44919044328756
358,RC,495,274.1151515151515,39.662374006679556
358,Retroposon,1690,163.9396449704142,96.20443544187826
358,SINE,429127,177.70147532082578,85.16620275949492
359,DNA,118017,227.80779040307752,63.10939307951848
359,LINE,312364,231.8786479876042,84.74872886321951
359,LTR,138479,205.09490969749925,71.87641681326002
359,RC,502,272.996015936255,37.62670472457062
359,Retroposon,1694,164.44510035419125,94.40619862614699
359,SINE,430746,177.57355146652552,85.18133645650991
360,DNA,117913,228.209323823497,62.93875833337448
360,LINE,312778,231.47155810191254,85.17779857088934
360,LTR,138804,205.88853347165787,71.6242705574829
360,RC,453,273.7880794701987,40.501537202155845
360,Retroposon,1685,168.23026706231454,96.35799550403064
360,SINE,430441,177.86868583615407,85.24823517730705
361,DNA,117743,228.4838843922781,62.72961342828034
361,LINE,314834,231.70232884631267,85.28696597421347
361,LTR,137982,205.7174414054007,71.4973765279731
361,RC,499,267.2625250501002,40.23225680236814
361,Retroposon,1727,168.61725535610887,96.55965632580218
361,SINE,429163,177.6194639332841,85.23687911561028
362,DNA,118357,228.1276646079235,62.802851215815814
362,LINE,313565,231.79099070368184,85.15718002271713
362,LTR,139019,205.49472374279776,71.6861056253752
362,RC,458,274.19868995633186,43.56721753450216
362,Retroposon,1622,166.93218249075215,96.47006058586996
362,SINE,429497,177.54629485188488,85.35522959007713
363,DNA,117876,228.09907020937257,63.07515613945923
363,LINE,313962,231.71486039711812,85.00291166345026
363,LTR,139884,205.9395570615653,71.76796501265102
363,RC,468,271.5790598290598,42.44775760404553
363,Retroposon,1755,165.0997150997151,97.88876048923218
363,SINE,429955,177.98040492609692,85.38381230634045
364,DNA,117781,227.84877017515558,62.64977281518732
364,LINE,313678,231.686812591256,85.25726631974474
364,LTR,139940,206.1953551522081,71.6514458613208
364,RC,436,268.54587155963304,38.74771619694399
364,Retroposon,1601,169.63960024984385,96.48466121453735
364,SINE,429594,177.64137767287252,85.38205550076098
365,DNA,118016,228.029258744577,63.03120541687148
365,LINE,313632,231.5222521936537,84.82690357119102
365,LTR,138750,205.97023423423423,71.5943788154011
365,RC,465,273.69247311827957,45.27861237985299
365,Retroposon,1615,165.80495356037153,97.15094240478145
365,SINE,430744,178.00882658841445,85.35616099916004
366,DNA,118282,228.1682673610524,63.24679155803955
366,LINE,313754,231.24917610612135,85.12571405391935
366,LTR,139615,205.67022168105146,71.52579980384236
366,RC,479,273.72651356993737,40.70165326946523
366,Retroposon,1671,161.30640335128666,96.81635098352085
366,SINE,432466,177.81797181743767,85.29484496372062
367,DNA,118974,228.44666902012204,62.88384483063955
367,LINE,314630,231.6356386867114,84.98228107715879
367,LTR,137989,205.35541963489842,71.82588757296034
367,RC,474,270.0337552742616,42.744690491601524
367,Retroposon,1654,167.6602176541717,96.36622457901967
367,SINE,431228,178.02189792870593,85.44163498169137
368,DNA,118411,228.1458817170702,63.157591021099854
368,LINE,314156,231.56072460815645,85.16191637942032
368,LTR,138630,205.3127605857318,71.74456135593721
368,RC,469,267.4413646055437,46.25639211349571
368,Retroposon,1773,165.16638465877045,97.48955984576135
368,SINE,428968,177.8128974655452,85.41535497108934
369,DNA,117732,228.02808072571602,62.97292093281842
369,LINE,313705,231.71073779506224,84.98413512361232
369,LTR,138644,205.92235509650615,71.6001763140878
369,RC,490,271.8734693877551,39.05888163916274
369,Retroposon,1638,163.2851037851038,96.49416165518119
369,SINE,430498,178.22132739292633,85.47806561910443
370,DNA,118094,227.76085152505632,62.8928420160203
370,LINE,314756,231.69971660587885,84.86161603421147
370,LTR,138848,205.1704021663978,71.7070014633235
370,RC,520,274.7269230769231,40.52855648222059
370,Retroposon,1612,166.57196029776674,96.89216798202261
370,SINE,429922,177.94271751620062,85.53480896457533
371,DNA,117722,228.31519172287253,62.65040141150605
371,LINE,315065,231.8323044451145,84.88578737594881
371,LTR,138920,206.0548949035416,71.50987003830774
371,RC,492,270.9573170731707,41.34452961864809
371,Retroposon,1662,160.04753309265945,94.4110161944688
371,SINE,430315,177.2915724527381,85.36612995227641
372,DNA,117571,227.63990269709367,62.93313725758683
372,LINE,314461,231.3182906624351,85.13230711287433
372,LTR,139369,205.71365942210966,71.66779632885974
372,RC,495,273.3919191919192,43.42991492575269
372,Retroposon,1646,166.9465370595383,95.47847560855249
372,SINE,430123,177.7459447646371,85.46100550119564
373,DNA,118026,228.31903139986105,63.02093401190314
373,LINE,313516,231.30974495719516,85.12535542013107
373,LTR,139310,205.21878544253823,71.81922501196054
373,RC,480,272.50416666666666,43.72156198763819
373,Retroposon,1584,166.99810606060606,96.04520385361094
373,SINE,430910,177.79821308393863,85.28704385861063
374,DNA,118277,228.3856032871987,62.923763370150766
374,LINE,313895,231.51369725545166,85.28423947739248
374,LTR,139353,205.77967463922556,71.8038239091289
374,RC,497,274.2837022132797,41.85211575938638
374,Retroposon,1678,165.36769964243146,96.71447147373424
374,SINE,430414,177.8135283703597,85.26596915958966
375,DNA,117826,228.3160847351179,62.907919643821344
375,LINE,313335,231.79985957521504,85.07033094818328
375,LTR,140016,205.79564478345333,71.65182213047218
375,RC,422,272.9739336492891,43.198667953565675
375,Retroposon,1679,165.45205479452054,95.90291239872774
375,SINE,430419,177.73864304317422,85.24685449006816
376,DNA,118397,228.0344012094901,62.9278428085786
376,LINE,314789,231.35391007945003,85.2507591911395
376,LTR,138913,205.922109521787,71.56392064367132
376,RC,529,274.351606805293,42.47753995948752
376,Retroposon,1648,159.8998786407767,94.43752905063302
376,SINE,431325,177.86980814930737,85.45292410134199
377,DNA,117062,227.69988553074438,62.820999860138066
377,LINE,314377,231.5549356346043,85.11975494252306
377,LTR,139348,205.92916295892297,71.59804658682583
377,RC,484,271.84090909090907,42.303379649291216
377,Retroposon,1650,166.49757575757576,96.21752026655156
377,SINE,429535,177.65915932345445,85.3493758894093
378,DNA,118169,228.86741869695098,62.508884514287374
378,LINE,314114,231.83850130844215,84.95411109406562
378,LTR,139639,206.0287956802899,71.55255858916608
378,RC,437,273.487414187643,38.152325696001846
378,Retroposon,1587,165.99054820415878,96.51405785542144
378,SINE,428576,177.81018535802284,85.49237457960128
379,DNA,117356,227.5711510276424,62.627550265238845
379,LINE,314432,231.37686685833503,85.48740040777811
379,LTR,138984,205.28773096183733,71.60123011569917
379,RC,502,274.8685258964143,41.86168942187252
379,Retroposon,1646,167.78189550425273,97.68460014764912
379,SINE,427810,177.92118931301277,85.46804879873737
380,DNA,117461,227.69807851116542,62.87905634542234
380,LINE,314079,231.5430735579265,85.04892445099104
380,LTR,138490,206.04356993284713,71.68948227907647
380,RC,462,273.75757575757575,40.761338116309915
380,Retroposon,1652,166.79721549636804,96.01775797719966
380,SINE,430669,178.06518695332147,85.39346672355897
381,DNA,117962,228.16674861396044,62.66220044383075
381,LINE,314958,231.63223667917626,85.12483702924479
381,LTR,139005,205.70696018128845,71.65214185821313
381,RC,430,268.4813953488372,39.21074102853056
381,Retroposon,1693,166.2663910218547,95.96071521476856
381,SINE,429109,177.75273182338287,85.27057824783597
382,DNA,117304,228.17147752847302,62.658018323209
382,LINE,313660,231.85052604731237,85.2993057519519
382,LTR,138438,205.46627371097532,71.29960852500149
382,RC,508,270.0570866141732,43.65368688797955
382,Retroposon,1599,167.76485303314573,97.08095944051786
382,SINE,429606,177.6708123257124,85.48037655252575
383,DNA,117704,227.9230782301366,62.813655397613815
383,LINE,313510,231.66735032375362,84.98968435074768
383,LTR,138924,205.54835017707524,71.6630131906245
383,RC,425,270.1482352941176,42.34284886290706
383,Retroposon,1668,168.4124700239808,97.7051620612717
383,SINE,429198,177.82012963713717,85.37187266273038
384,DNA,118379,227.82860980410376,62.867178439202874
384,LINE,313844,231.5337301334421,85.00715068417742
384,LTR,137598,205.97640954083636,71.53645254879777
384,RC,499,272.7695390781563,43.53945753811596
384,Retroposon,1655,166.31903323262839,94.83141202799028
384,SINE,430076,177.83274816544053,85.21104312571454
385,DNA,117994,227.91028357374103,62.71046285494574
385,LINE,313959,231.43984087094174,85.31246958256273
385,LTR,139573,205.39898117830813,71.75066592158996
385,RC,501,274.688622754491,41.098863938864184
385,Retroposon,1580,164.92215189873417,96.28931031763226
385,SINE,429843,177.64198556217036,85.32922013848732
386,DNA,118798,227.57670162797353,62.82074542925176
386,LINE,312839,231.78485419017449,85.0121171980978
386,LTR,138531,205.60207462589602,71.67225470504005
386,RC,537,267.6536312849162,45.45396048814358
386,Retroposon,1700,164.32470588235293,96.16518497556214
386,SINE,430891,177.48963194868307,85.37232123782317
387,DNA,117392,227.78105833446912,62.791938914896654
387,LINE,313961,231.9416519886228,84.90286700948307
387,LTR,139215,205.75615415005566,71.67805721796532
387,RC,524,272.5687022900763,41.052110960905324
387,Retroposon,1566,159.69795657726692,95.52042078870221
387,SINE,430604,177.8260211238168,85.3196541112931
388,DNA,117572,228.48604259517572,63.00752186460668
388,LINE,313490,231.65987112826565,85.05300758694342
388,LTR,138915,205.27213043947737,71.54412641608633
388,RC,563,273.7371225577265,42.010636692065546
388,Retroposon,1614,160.41573729863694,95.95668438925615
388,SINE,428826,177.6682803747907,85.11174229744674
389,DNA,118076,228.05810664317897,62.936353611680524
389,LINE,314082,232.07573818302228,84.86704334169816
389,LTR,139883,205.80350721674543,71.76884127376088
389,RC,513,271.4502923976608,44.22785637628845
389,Retroposon,1680,161.24107142857142,97.32001508912377
389,SINE,429446,177.70878294360642,85.17965968091144
390,DNA,117194,228.52107616430877,63.00600335586343
390,LINE,315250,231.67399841395718,85.11455437295236
390,LTR,139848,205.43060322636003,71.6564895717243
390,RC,475,270.50947368421055,43.38616581277398
390,Retroposon,1550,162.42322580645163,96.86141867794345
390,SINE,431229,177.55738830180715,85.30216356464787
391,DNA,118054,228.3930997679028,62.68515497982751
391,LINE,315883,231.62934061028926,84.99409223408486
391,LTR,138966,205.64430148381618,71.52636896423473
391,RC,498,268.85341365461846,45.136613229271084
391,Retroposon,1695,161.97817109144543,96.41276856504955
391,SINE,430908,177.6690082337761,85.50052482022147
392,DNA,118081,227.91015489367467,62.60636006106803
392,LINE,313141,231.63587010324423,85.21769687844103
392,LTR,140391,205.8967241489839,71.50941722565649
392,RC,502,266.4681274900398,46.226770629025424
392,Retroposon,1620,166.9098765432099,95.5413324103772
392,SINE,429136,177.6642346482234,85.29486289348273
393,DNA,117790,228.53068172170813,62.79263807988002
393,LINE,314190,231.49278780355834,85.15211528236334
393,LTR,139356,205.84774247251644,71.76755335425871
393,RC,523,274.2810707456979,40.275287950598184
393,Retroposon,1732,167.60508083140877,97.56968219747294
393,SINE,430738,177.8117811755638,85.33129857120302
394,DNA,118192,227.75057533504807,62.75720603598376
394,LINE,313299,231.61234156508638,84.95788079004691
394,LTR,139722,205.815318990567,71.66535580375748
394,RC,456,275.5855263157895,39.926101267745764
394,Retroposon,1720,168.38023255813954,96.18388193523883
394,SINE,430302,177.97777607354834,85.35683139505316
395,DNA,118001,228.02883873865477,62.916479637580814
395,LINE,315159,231.93654314171576,85.05221524348808
395,LTR,138633,205.64201885553945,71.81221540007935
395,RC,440,276.9931818181818,42.81033699367942
395,Retroposon,1728,164.3130787037037,99.1234371940851
395,SINE,430488,177.74545864228503,85.27037606928134
396,DNA,117885,228.03680705772575,63.015170364723666
396,LINE,316174,231.71359441320286,85.0608504123761
396,LTR,139129,205.9438362958118,71.48666761074901
396,RC,491,272.1507128309572,40.797319489103025
396,Retroposon,1648,167.29247572815535,98.22198773912167
396,SINE,429547,177.9117582010816,85.4281706812406
397,DNA,117496,228.2934227548172,62.72189085427791
397,LINE,313973,231.4519942797629,85.3497679171326
397,LTR,139532,205.71327007424821,71.87307484669846
397,RC,509,268.2514734774067,44.705757319550266
397,Retroposon,1665,161.15795795795796,96.62853381782224
397,SINE,428774,177.8922672550108,85.3813805769103
398,DNA,117158,228.58626811656055,62.75781503683584
398,LINE,313340,231.85517329418522,84.86298776437344
398,LTR,139380,205.55537379824938,71.50366983594166
398,RC,462,268.75324675324674,43.985679244909726
398,Retroposon,1824,167.359100877193,96.76862945933043
398,SINE,433144,177.2075914707349,85.03675364983198
399,DNA,117906,228.39621393313317,63.07007515868851
399,LINE,313238,231.77264891232863,85.07637033096768
399,LTR,139095,205.76119199108524,71.68472981728958
399,RC,485,272.5773195876289,38.59133898119863
399,Retroposon,1608,166.8476368159204,94.80958158638036
399,SINE,428878,177.75482304991164,85.17758691864768
400,DNA,117696,228.1465300435019,63.202838179410556
400,LINE,313682,231.47924968598772,85.07458663403169
400,LTR,139025,205.29943535335372,71.64950654295373
400,RC,483,272.27536231884056,40.1016920800664
400,Retroposon,1576,159.60723350253807,95.08770289628771
400,SINE,430016,177.39921537803244,85.3172740694948
401,DNA,117857,228.1007067887355,62.89817244690958
401,LINE,313695,231.8674285532125,85.07500256611412
401,LTR,139100,205.54849029475199,71.69000162568716
401,RC,543,273.6169429097606,44.64095197497997
401,Retroposon,1574,159.91550190597204,94.97045538632304
401,SINE,431362,177.7436445491258,85.27067221870999
402,DNA,117787,228.1755541783049,62.942086329486884
402,LINE,314746,231.54965909018702,85.01240346382077
402,LTR,139303,205.85897647573992,71.59474133034286
402,RC,509,271.9371316306483,39.35476615706627
402,Retroposon,1729,174.24349334875652,95.62428432783196
402,SINE,429832,177.47576262353664,85.19567606174853
403,DNA,118243,228.00944664800454,62.793709559439385
403,LINE,313562,231.87263124996014,85.07565394644918
403,LTR,138841,205.4469645133642,71.75857592168806
403,RC,501,272.373253493014,40.357662486210856
403,Retroposon,1752,162.00171232876713,97.67823246519437
403,SINE,432762,177.750916207985,85.29379279458918
404,DNA,117956,227.7638017565872,63.2191317628449
404,LINE,313058,231.67110567370904,85.04287605306463
404,LTR,139506,205.72004071509468,71.78264181627127
404,RC,453,267.0044150110375,43.30119349384173
404,Retroposon,1666,163.97238895558223,95.974795141517
404,SINE,430867,177.71886220109687,85.348680260411
405,DNA,118167,227.88595800858107,62.929247068333844
405,LINE,312876,231.92266265229676,85.07260903517879
405,LTR,138765,205.4049291968436,71.55602349024625
405,RC,488,269.3893442622951,44.403838460901234
405,Retroposon,1760,164.8943181818182,95.73724203867316
405,SINE,430333,177.70249318550984,85.36878184739734
406,DNA,118143,228.3189439916034,62.80294409540079
406,LINE,312119,231.54023945994956,84.85413131825281
406,LTR,138674,205.36962949074808,71.85913073025313
406,RC,464,271.7133620689655,38.73130464348119
406,Retroposon,1629,165.23449969306324,95.22720857500694
406,SINE,430319,177.8414548276976,85.49414564268216
407,DNA,117207,227.54628989736108,62.69525702740169
407,LINE,314873,231.50653755641164,85.20996894918424
407,LTR,138949,205.74376929664842,71.6374785739108
407,RC,485,272.1360824742268,43.21614385629091
407,Retroposon,1823,169.44432254525506,95.77943697816498
407,SINE,428165,177.92436327116883,85.49992299864174
408,DNA,117780,227.98593988792663,62.87002097512443
408,LINE,314285,231.4761538094405,85.25237825950309
408,LTR,139320,205.40573499856447,71.81599329961215
408,RC,402,271.94278606965173,39.54585738125942
408,Retroposon,1717,168.48980780430983,95.56448810667995
408,SINE,429280,177.5492871785315,85.10669868557898
409,DNA,117625,228.16021253985122,63.00756075574112
409,LINE,313434,231.67286573887964,85.10463669339093
409,LTR,139845,205.64758840144447,71.71000844285335
409,RC,496,274.75604838709677,40.11408835290608
409,Retroposon,1638,163.9896214896215,96.62444076976168
409,SINE,430925,177.60275221906363,85.22397533628747
410,DNA,117119,227.99760073088055,63.090017404287266
410,LINE,314146,231.8059755655014,85.0002185534501
410,LTR,138373,205.7928208537793,71.83392544044726
410,RC,501,273.13972055888223,45.52519469938512
410,Retroposon,1689,168.38010657193607,96.20733842382347
410,SINE,431668,177.83762521196846,85.42390746848298
411,DNA,117403,228.14233878180286,62.69207185115008
411,LINE,315188,231.5720966534259,85.27570023642726
411,LTR,139259,205.90486072713432,71.43170084689345
411,RC,439,271.3439635535307,43.239099552096604
411,Retroposon,1650,173.80121212121213,96.70262695054785
411,SINE,430049,177.78173184916136,85.37891052274674
412,DNA,118600,228.20575042158515,63.02507860798831
412,LINE,312907,231.58554778256797,85.0000434965471
412,LTR,139375,205.94764484304932,71.70093359065571
412,RC,470,275.0851063829787,40.21470557069414
412,Retroposon,1707,164.45342706502637,96.43253177939845
412,SINE,429842,178.10972636457117,85.39602147031728
413,DNA,117739,227.9545180441485,62.91268424341884
413,LINE,313772,231.68112514819677,85.08857273871837
413,LTR,138435,205.43640697800413,71.85381368774462
413,RC,431,276.0904872389791,36.6276007841867
413,Retroposon,1717,164.06406523005242,97.87739990541748
413,SINE,430034,177.64111674890822,85.21144563848472
414,DNA,118647,227.903031682217,63.03205684121366
414,LINE,313206,231.4532001302657,85.30939946897767
414,LTR,139457,205.28211563420982,71.6894692938504
414,RC,464,267.4159482758621,40.99444669032136
414,Retroposon,1699,161.82577987051206,96.64649647075477
414,SINE,430063,177.98606948284322,85.48202114055793
415,DNA,118212,228.28773728555475,62.573562089385106
415,LINE,313271,231.5683641320135,85.11777919312433
415,LTR,139028,205.73767154817733,71.7885378409467
415,RC,455,272.96923076923076,44.90325544944079
415,Retroposon,1659,165.2959614225437,96.63775528331267
415,SINE,430599,177.4012387395233,85.27565901656205
416,DNA,117902,228.0184390425947,63.12872812097611
416,LINE,313432,231.82595586921565,85.20541034800688
416,LTR,139179,205.7810661091113,71.54053212074783
416,RC,437,275.34553775743706,38.03487571566706
416,Retroposon,1702,164.68860164512338,96.09652584255154
416,SINE,431125,177.59915801681646,85.22681071597894
417,DNA,118187,228.1959352551465,63.03405067215806
417,LINE,313736,231.4209271489405,85.0430416794363
417,LTR,139603,205.54870597336733,71.71497410211529
417,RC,504,268.593253968254,40.2044777836516
417,Retroposon,1705,166.0574780058651,97.10051739960011
417,SINE,429629,177.46596714840013,85.27906687553104
418,DNA,118068,228.2302740793441,62.95297693931285
418,LINE,314284,231.79388705756577,84.67203649471153
418,LTR,138018,205.21347215580576,71.66293025866054
418,RC,523,267.9713193116635,42.839746956441296
418,Retroposon,1740,163.43333333333334,95.6034532231929
418,SINE,429938,177.83038252027038,85.25282133154631
419,DNA,118042,227.97796546991748,62.986670383035545
419,LINE,313893,231.71862386227153,85.12313001311144
419,LTR,139135,205.9252308908614,71.56311147944638
419,RC,458,276.79694323144105,37.37722597015262
419,Retroposon,1650,165.9830303030303,94.67890720538098
419,SINE,431290,177.6596535973475,85.29754365043577
420,DNA,117753,228.03451292111453,62.9793843889571
420,LINE,314793,231.91949630392034,84.95455543544247
420,LTR,138605,205.639320370838,71.64253180856008
420,RC,440,275.9045454545454,42.0244515109167
420,Retroposon,1698,169.27679623085984,98.43594266858375
420,SINE,430302,177.94310042714187,85.29940775447977
421,DNA,118009,227.9480802311688,62.9667571411547
421,LINE,314152,232.0170618044768,84.92857024024096
421,LTR,138244,205.49163073985127,71.43568352011386
421,RC,500,270.822,41.497642294472584
421,Retroposon,1668,166.29676258992805,96.00433425504386
421,SINE,431604,177.81886636824495,85.3534167557527
422,DNA,117838,227.925346662367,63.03309246113919
422,LINE,314184,231.95814554528556,85.06154620344805
422,LTR,139258,205.86518548306023,71.85964559081582
422,RC,435,279.71954022988507,38.213609656861806
422,Retroposon,1742,166.2732491389208,97.23608614383107
422,SINE,430698,177.9369395725079,85.37318491309881
423,DNA,117800,228.40543293718167,62.96941859714778
423,LINE,315052,231.70566128766046,85.1397106781878
423,LTR,138633,205.70399544120087,71.5895151124164
423,RC,474,266.5337552742616,41.55236541464185
423,Retroposon,1828,167.99398249452955,97.95286158603265
423,SINE,429744,177.50773716445138,85.45533479775906
424,DNA,117624,228.29351152825953,62.87681030037706
424,LINE,313496,231.6635937938602,84.8163004019218
424,LTR,139593,205.26825843702764,71.64466641119279
424,RC,464,270.1185344827586,46.47483747730501
424,Retroposon,1673,165.7890017931859,95.39018721480564
424,SINE,430128,177.53807238775434,85.2023178641271
425,DNA,118243,227.6363843948479,62.79801012707652
425,LINE,313752,231.63820469670313,84.88232069763292
425,LTR,139330,205.41176343931673,71.70674235294189
425,RC,471,275.19532908704883,39.181975949779115
425,Retroposon,1720,165.79476744186047,96.98935014932195
425,SINE,428677,177.73099093256695,85.29488705067871
426,DNA,116672,228.21326453647833,63.00761371918759
426,LINE,315068,232.04536163621822,84.77191843321414
426,LTR,137857,205.64663383070862,71.84775078016139
426,RC,436,274.5366972477064,38.37288119375682
426,Retroposon,1762,168.01418842224746,97.07874053840497
426,SINE,431491,177.8602589625276,85.33101807299063
427,DNA,117347,227.87592354299642,62.637992394306984
427,LINE,313781,231.50044457758756,85.23595550868757
427,LTR,139285,205.75679362458268,71.4701449779958
427,RC,480,269.81458333333336,44.98125762277427
427,Retroposon,1739,166.382403680276,94.25998421514599
427,SINE,430937,177.7824670427464,85.268823349471
428,DNA,116878,227.97775458170057,62.886075565189266
428,LINE,314088,231.84625646315683,85.07316584729203
428,LTR,139608,206.0728253395221,71.43994528731174
428,RC,430,271.8813953488372,42.944121377013865
428,Retroposon,1690,164.0171597633136,95.89792558537451
428,SINE,430200,178.1257949790795,85.42635948478438
429,DNA,118548,227.59530316833687,62.84235856036487
429,LINE,314258,231.8188208414742,85.09397486260809
429,LTR,138955,205.38419632255048,71.5240424076488
429,RC,489,275.10224948875253,40.46991074763318
429,Retroposon,1605,163.40809968847353,96.43824455202753
429,SINE,431093,177.40218004003776,85.20435367507723
430,DNA,117040,228.48983253588517,63.09402410279374
430,LINE,313428,231.732225582909,85.06311237989424
430,LTR,139150,206.09776500179663,71.84081646643176
430,RC,461,279.2819956616052,40.1485673874231
430,Retroposon,1615,167.67616099071208,98.86209437467657
430,SINE,429648,177.53561054630768,85.33009715391745
431,DNA,116702,228.51079673013317,62.8195123651465
431,LINE,313472,231.59978243670886,85.0534549887379
431,LTR,138601,205.7521662902865,71.68217523619977
431,RC,468,271.14957264957263,39.85828340793954
431,Retroposon,1684,162.93705463182897,99.04295994347699
431,SINE,428611,177.97686713593444,85.38067135776706
432,DNA,117903,228.3187281070032,62.7639871216625
432,LINE,314003,231.94632216889647,85.12105870626073
432,LTR,138976,205.36058024407092,71.6968765668992
432,RC,476,274.1575630252101,39.66618013071078
432,Retroposon,1724,163.32772621809744,95.1817282309449
432,SINE,430512,177.7964516668525,85.41766537717763
433,DNA,117627,228.18368231783518,62.822288231656835
433,LINE,313079,231.81968768266157,85.0978191425496
433,LTR,139667,205.8258500576371,71.71575399208119
433,RC,477,271.8846960167715,43.980285708340496
433,Retroposon,1688,165.6824644549763,98.0139322990979
433,SINE,430573,177.43556144951032,85.20083120420625
434,DNA,116903,228.15842193955672,62.78309878063992
434,LINE,314665,231.5687794956541,84.98913319640191
434,LTR,138584,205.10849015759396,71.61099690275469
434,RC,471,274.7685774946921,43.24334380372079
434,Retroposon,1696,166.43985849056602,95.63503574655121
434,SINE,429412,177.84286419569085,85.4469520173065
435,DNA,117609,228.20747561836254,62.80789229252827
435,LINE,313004,231.65209070810596,85.09444582782358
435,LTR,140018,205.55667842705938,71.60593308050971
435,RC,494,267.1518218623482,49.454097093697726
435,Retroposon,1742,161.92652123995407,97.6895037727703
435,SINE,430732,177.64385511176323,85.2520996876918
436,DNA,118403,228.02539631597173,62.85540357584579
436,LINE,314182,232.03842677174376,84.93759086370734
436,LTR,139321,205.82848242547786,71.76750066634695
436,RC,473,267.2198731501057,46.229301023636665
436,Retroposon,1660,161.1457831325301,94.55706099188389
436,SINE,429614,178.00941310106282,85.2775053569706
437,DNA,118218,228.26251501463398,62.907904231517456
437,LINE,314290,231.6057081039804,85.16609807255735
437,LTR,138813,205.67949687709364,71.55859011957992
437,RC,499,271.5170340681363,41.706018683274735
437,Retroposon,1702,164.80258519388954,94.94316336965801
437,SINE,429217,177.96790667657618,85.35687661135485
438,DNA,117494,227.9537678519754,63.12683840025036
438,LINE,314701,231.8277444304276,85.10740801503096
438,LTR,139113,205.55714419213157,71.6011336049563
438,RC,440,271.6818181818182,45.880215941907174
438,Retroposon,1765,163.7688385269122,96.83356734886155
438,SINE,430063,177.72285455851818,85.3760631925131
439,DNA,117591,228.18037094675614,62.686957058336525
439,LINE,313690,231.70819598967134,85.09423252131018
439,LTR,140002,205.76814616934044,71.60789574596956
439,RC,442,268.9343891402715,38.810629033607746
439,Retroposon,1632,165.48100490196077,96.49214324396418
439,SINE,430966,178.0204030016289,85.49915326609559
440,DNA,117353,228.0537012262149,63.21469678057564
440,LINE,314553,231.42684062781154,85.09770460243122
440,LTR,139834,205.9587582419154,71.6869854258662
440,RC,512,271.28125,40.444490798346074
440,Retroposon,1656,161.03562801932367,94.51970789163285
440,SINE,429531,177.71782479029454,85.39777645985066
441,DNA,117780,228.63990490745456,62.955640316869456
441,LINE,313915,231.5740216300591,85.13885308796922
441,LTR,140473,206.29591451738057,71.48570944489546
441,RC,473,270.76532769556025,43.70057041863135
441,Retroposon,1750,164.548,95.13939087465296
441,SINE,431131,177.71698161347712,85.21852367293585
442,DNA,117343,228.2085083899338,62.8068661178755
442,LINE,313169,231.73011696560005,85.08314039478084
442,LTR,139399,205.8598196543734,71.85277933268746
442,RC,449,272.4031180400891,45.1749392367491
442,Retroposon,1762,166.5209988649262,96.09576464946447
442,SINE,429875,178.15111834835707,85.40437908201919
443,DNA,118047,228.5986174998094,62.76236398691809
443,LINE,315425,231.58053419988903,85.07826876318433
443,LTR,138980,205.09763275291408,71.6927051013671
443,RC,440,272.9977272727273,41.35426211208116
443,Retroposon,1588,165.03337531486147,95.72924149401972
443,SINE,431476,177.70124641926782,85.22656965805871
444,DNA,117761,228.78224539533463,62.744707103744396
444,LINE,314089,232.12555040131937,84.99906698929391
444,LTR,139542,205.51137291998108,71.66648911472733
444,RC,491,275.05091649694504,35.54480626932982
444,Retroposon,1644,168.6903892944039,95.33838890561621
444,SINE,429449,177.72726680001583,85.33651206901078
445,DNA,118154,227.88484520202448,62.6455145558241
445,LINE,313410,232.07932420790658,84.98037515631408
445,LTR,139834,205.68224466152725,71.41182484444062
445,RC,452,272.9225663716814,45.306436712381476
445,Retroposon,1730,165.95838150289018,96.43909996471734
445,SINE,430528,178.02080004088003,85.13244771184941
446,DNA,117375,227.87161661341852,62.93741898373636
446,LINE,314925,231.7815733904898,85.03823385594673
446,LTR,139232,205.5503619857504,71.90203224741089
446,RC,487,274.45379876796716,45.69806969517476
446,Retroposon,1667,170.54349130173966,95.22339974479269
446,SINE,429808,177.5659410713621,85.28317434459296
447,DNA,117053,228.3332934653533,63.00308828395626
447,LINE,313527,231.55454235201435,85.05890837149582
447,LTR,139516,205.34834714298,71.78599601160613
447,RC,518,272.007722007722,42.10764769521863
447,Retroposon,1682,166.98156956004757,94.9390455575426
447,SINE,430902,177.8980649892551,85.43715898546613
448,DNA,117980,227.85621291744363,62.913511859834024
448,LINE,314113,231.85660256022516,84.875000866146
448,LTR,138844,205.78624931577886,71.48045521275097
448,RC,467,276.16274089935763,41.18713837653777
448,Retroposon,1758,165.3703071672355,96.46202082637458
448,SINE,430451,177.5735774803636,85.3077155672962
449,DNA,117195,228.33897350569563,62.89239667702938
449,LINE,312875,231.51567878545745,85.29750536431325
449,LTR,138929,205.6142490048874,71.82818229418562
449,RC,456,275.6929824561403,44.56369917418674
449,Retroposon,1700,168.6970588235294,98.32954491460939
449,SINE,430445,177.56498275040946,85.19325075007272
450,DNA,117571,227.8906448018644,62.88063726787473
450,LINE,315163,231.43713887734285,85.00649253377578
450,LTR,138906,205.96433559385483,71.5464025491611
450,RC,426,276.3333333333333,40.040257519429396
450,Retroposon,1828,166.71608315098467,96.42489409302378
450,SINE,430824,177.57354047128294,85.37744283590456
451,DNA,118052,228.07106190492325,62.70852388437522
451,LINE,312863,231.48813698008394,85.04618423265573
451,LTR,138798,205.7753569936166,71.51932638480099
451,RC,493,269.82961460446245,42.93406633410452
451,Retroposon,1575,162.10222222222222,95.00833895638954
451,SINE,429198,177.72061146603664,85.39520213910127
452,DNA,117894,227.8869153646496,62.50467662661042
452,LINE,313378,231.74663824518632,84.93938014328589
452,LTR,139200,205.95185344827587,71.42680922166213
452,RC,492,267.0447154471545,41.38135691003592
452,Retroposon,1662,161.28941034897713,94.35847039238556
452,SINE,431468,177.49741348141694,85.1858538278732
453,DNA,117758,227.77835051546393,62.813241176498465
453,LINE,313386,231.20421780168866,85.15553729600266
453,LTR,138346,205.35859367094096,71.82250358100713
453,RC,529,276.61058601134215,42.504970925090525
453,Retroposon,1789,165.5489100055897,95.22583838677522
453,SINE,430650,177.79634738186462,85.27182801815178
454,DNA,117782,228.21024434973086,62.67031374868358
454,LINE,314892,232.0232937006974,84.9142118317027
454,LTR,139478,205.72870273448143,71.72522035459346
454,RC,512,271.6484375,45.03155835143387
454,Retroposon,1625,169.2129230769231,95.36394522238842
454,SINE,431257,177.83373023510342,85.37434514256252
455,DNA,118002,228.46417009881188,62.68917858289358
455,LINE,313564,231.93524129045426,85.0723860110274
455,LTR,139000,205.42105755395684,71.73121170117642
455,RC,449,273.6815144766147,42.45079574255698
455,Retroposon,1685,162.0540059347181,95.49263207540355
455,SINE,431143,177.939952637524,85.28455797438954
456,DNA,116747,227.55413843610543,63.21625420859887
456,LINE,315604,232.11240668686074,85.19839947128833
456,LTR,140103,205.5399099234135,71.73243357709326
456,RC,402,275.26119402985074,39.85781865615615
456,Retroposon,1631,165.2385039852851,98.51940778636545
456,SINE,430877,178.06703073034765,85.39736175706705
457,DNA,117342,228.65053433553203,63.04482844288494
457,LINE,313848,231.80662932374906,84.99749030910134
457,LTR,138269,205.84077414315573,71.4183683982305
457,RC,446,275.06053811659194,38.97254884961966
457,Retroposon,1649,164.71619163129168,94.87627249041687
457,SINE,429303,177.53688187597106,85.23584608620003
458,DNA,117692,228.02059613227746,62.80561943114181
458,LINE,312767,231.5726850978524,84.90762974943323
458,LTR,139470,205.49305943930594,71.70937701184621
458,RC,527,277.4648956356736,38.31025597219551
458,Retroposon,1731,160.8902368573079,96.09387604166608
458,SINE,431991,177.39802681074374,85.20408157414079
459,DNA,117358,227.9695973005675,63.115974877431064
459,LINE,314213,231.6368705305,85.17321271401804
459,LTR,138757,205.61735984490872,71.72532664613901
459,RC,519,266.9922928709056,47.62036709818058
459,Retroposon,1615,168.3015479876161,94.99101520533381
459,SINE,429714,177.67662445254285,85.2265123172826
460,DNA,117439,228.25075996900517,62.98052814465557
460,LINE,314550,231.79820378318232,84.78946587893317
460,LTR,139817,205.4589356086885,71.77331389522303
460,RC,459,269.46187363834423,42.24573002590843
460,Retroposon,1605,158.44859813084113,98.20413290294132
460,SINE,431005,177.5434739736198,85.17199698449781
461,DNA,117957,227.98123044838374,62.641535119216684
461,LINE,313284,231.98772359903475,85.07026663228069
461,LTR,138605,205.97990692976444,71.46256421917033
461,RC,429,270.9184149184149,43.21351943882124
461,Retroposon,1709,165.50087770626098,94.64691938846715
461,SINE,429614,177.54854357632667,85.2067746539603
462,DNA,117843,228.0274178355948,62.876303966682244
462,LINE,313889,231.6835314394579,85.00018092324498
462,LTR,139318,205.65334701904993,71.76758726427913
462,RC,489,270.1267893660532,42.57369741727536
462,Retroposon,1649,169.77622801697999,94.47943753282009
462,SINE,430596,177.57494960473392,85.30379509301913
463,DNA,118124,228.39932613186144,62.79395602414377
463,LINE,312580,232.05371424915222,84.91536218402828
463,LTR,139399,205.75765966757294,71.83357166453571
463,RC,487,270.93839835728954,42.743928611718566
463,Retroposon,1721,167.8524113887275,95.57572728995231
463,SINE,429598,177.74860916484712,85.33463490950912
464,DNA,118159,228.01837354750802,62.7470336839218
464,LINE,313732,231.37080055588848,85.05897373068741
464,LTR,139716,205.90401242520542,71.6694412969476
464,RC,481,275.58004158004155,48.56958418708543
464,Retroposon,1761,168.00113571834186,96.71425916597909
464,SINE,430464,177.64449059619386,85.27335435556022
465,DNA,118314,228.46606487820546,62.83504151130148
465,LINE,314754,232.10575242888098,84.95246556191617
465,LTR,139905,205.4191201172224,71.65778886638324
465,RC,451,272.50554323725055,40.75062705819577
465,Retroposon,1633,161.8193508879363,96.33529204117707
465,SINE,430250,177.1651133062173,85.1532722391842
466,DNA,117599,228.15491628330173,63.06072311061989
466,LINE,314410,231.93604847174072,85.00786563207372
466,LTR,139064,205.72376028303515,71.72491362534379
466,RC,444,274.10135135135135,45.6867625078
466,Retroposon,1724,165.59396751740138,94.2965830688384
466,SINE,430169,177.4044108245829,85.14686425306341
467,DNA,118863,227.99216745328656,63.03221057783089
467,LINE,313767,231.57066230674354,84.99835054087522
467,LTR,138878,205.2970376877547,71.69838217363827
467,RC,471,269.1656050955414,41.96442439322969
467,Retroposon,1638,167.81379731379732,97.95867724197161
467,SINE,432377,177.68807776546856,85.26420034544272
468,DNA,118133,227.9678244013104,63.464025504620146
468,LINE,312632,231.42413444561018,85.11271287730145
468,LTR,140261,205.97585216132782,71.77698914349563
468,RC,480,269.67083333333335,41.41004285563534
468,Retroposon,1762,167.87457434733258,96.23591566963665
468,SINE,430344,177.70518701318016,85.21611270073383
469,DNA,118158,228.05320841584995,63.009105824773734
469,LINE,312965,231.64569840077965,85.03337099518458
469,LTR,139023,205.38021766182575,71.65069219422453
469,RC,465,269.0516129032258,44.16247522307429
469,Retroposon,1618,166.11001236093944,96.0810921981915
469,SINE,431776,177.41919421181353,85.31133562573976
470,DNA,118487,228.0398102745449,62.73439114050622
470,LINE,314753,231.41768307212322,85.10673860675544
470,LTR,138756,205.94309435267664,71.76164290870189
470,RC,482,274.46473029045643,37.94716518080378
470,Retroposon,1780,165.61516853932585,96.74640018982977
470,SINE,431192,177.92793465555948,85.3141259132325
471,DNA,117626,227.59881318756058,63.15172101366612
471,LINE,315349,231.49705247202306,84.99873520161144
471,LTR,139188,205.9992815472598,71.40783953160337
471,RC,493,271.07505070993915,45.53335542918434
471,Retroposon,1692,163.58451536643025,97.69770799733728
471,SINE,430603,177.68718517985243,85.27279332795649
472,DNA,117467,228.24406854691105,62.98825143467734
472,LINE,314554,231.31858758750485,85.17018381772027
472,LTR,138646,205.70830748813526,71.78290358514684
472,RC,494,269.1761133603239,45.080577389475906
472,Retroposon,1758,161.22241183162686,97.48814588238234
472,SINE,429683,177.60836942583254,85.2542856528073
473,DNA,118256,228.3305540522257,62.75901212074613
473,LINE,313620,231.43321854473567,85.39825909520974
473,LTR,138577,205.60441487404114,71.30505502466833
473,RC,476,274.63235294117646,43.33368335314992
473,Retroposon,1628,159.57800982800984,98.53241616270178
473,SINE,428603,177.85456471373274,85.17874179955936
474,DNA,118180,228.58715518700288,63.09049375256607
474,LINE,314307,231.28906133175525,85.15261863013394
474,LTR,139111,205.68404367735118,71.63386950228099
474,RC,490,275.4795918367347,43.42331490552539
474,Retroposon,1707,167.59695371997657,95.74249265565213
474,SINE,429905,177.64749421383794,85.33512532072191
475,DNA,117734,228.3825657838857,62.953400211993156
475,LINE,314224,231.47152349915984,84.88717792723929
475,LTR,139975,205.87370601893195,71.5533562377817
475,RC,483,274.888198757764,42.5522200857916
475,Retroposon,1735,163.80345821325648,97.1741654548409
475,SINE,430486,177.47771356095205,85.27706620959248
476,DNA,117599,227.8454833799607,62.9482710478964
476,LINE,313890,231.64303736977922,84.99651838698296
476,LTR,138572,205.78118956210488,71.63756646658874
476,RC,522,270.3333333333333,40.57796053556725
476,Retroposon,1707,165.84182776801407,96.86567588326542
476,SINE,430071,177.69918920364313,85.30453818112207
477,DNA,117622,228.14454778867898,62.81884357023075
477,LINE,313055,231.78125888422161,85.17217376582576
477,LTR,138064,205.8677135241627,71.46018878331176
477,RC,422,268.4454976303318,44.44049875919074
477,Retroposon,1736,161.68836405529953,96.68438964491797
477,SINE,430864,178.068736306584,85.18852498126965
478,DNA,117713,228.2480184856388,63.15866326140141
478,LINE,314380,231.70942171893887,85.04533099833458
478,LTR,139451,205.87354698065988,71.49869784779925
478,RC,483,271.8633540372671,42.06829164881073
478,Retroposon,1802,167.7286348501665,95.32291722044047
478,SINE,431802,178.21768773650885,85.48354894177064
479,DNA,118002,228.23986881578278,62.68155971617011
479,LINE,314667,231.4263713703693,85.07968356307849
479,LTR,138604,205.9234581974546,71.90696583336897
479,RC,463,271.4816414686825,43.77015349333857
479,Retroposon,1608,161.71455223880596,95.50264374540475
479,SINE,429681,177.7864438967513,85.18863215393051
480,DNA,118599,228.46932098921576,62.91221567288022
480,LINE,314091,231.60354483254852,85.25297919222751
480,LTR,140349,205.29457994000668,71.71278866773956
480,RC,498,274.69879518072287,40.20561658492645
480,Retroposon,1684,165.54691211401425,95.29271473183967
480,SINE,430623,177.5467659646605,85.08530818209617
481,DNA,118389,227.45604743683958,62.71777446280779
481,LINE,314333,231.43211498633616,85.1767215193913
481,LTR,138981,205.91217504550983,71.2706904313277
481,RC,502,275.3784860557769,41.141483791237114
481,Retroposon,1675,166.64358208955224,95.38748695591917
481,SINE,431584,177.5513851301253,85.12770230554787
482,DNA,117993,227.89569720237643,63.02156056711685
482,LINE,312638,231.53111585923656,85.05002016200382
482,LTR,139091,205.80033934618342,71.5544711949427
482,RC,486,270.7860082304527,43.090051768732316
482,Retroposon,1714,166.95332555425904,94.0803681671772
482,SINE,431474,178.166302025151,85.5141708287609
483,DNA,117989,228.27690716931238,62.77225061640046
483,LINE,314128,231.55367875515714,85.05666311925314
483,LTR,139674,205.83652648309635,71.70285739127638
483,RC,491,273.14867617107944,37.750390042346716
483,Retroposon,1668,163.818345323741,96.99297224978301
483,SINE,429282,177.66696018002153,85.22633667899179
484,DNA,118514,228.19319236545894,63.11923537699777
484,LINE,313527,231.63458330542505,84.8938224729508
484,LTR,139128,206.31109481915934,71.85062910777434
484,RC,477,275.09224318658283,37.909357338183796
484,Retroposon,1780,166.76685393258427,93.13793758824676
484,SINE,430082,177.55302942229622,85.2308706540222
485,DNA,118287,227.91594173493283,62.86628939026083
485,LINE,313725,231.87495099211094,85.01273684441959
485,LTR,139719,205.80464360609508,71.39471817059194
485,RC,536,269.04477611940297,47.474913355204826
485,Retroposon,1557,167.68850353243417,96.71141720200923
485,SINE,430420,177.7692300543655,85.38777424398424
486,DNA,117459,228.77807575409292,63.03769759705822
486,LINE,313230,231.47298151518055,85.00208708650766
486,LTR,139290,205.67011989374686,71.91501210780424
486,RC,515,271.7747572815534,39.85965358811324
486,Retroposon,1697,165.7424867413082,97.17025277309413
486,SINE,430024,177.59059494353804,85.28699330608632
487,DNA,117385,228.17766324487798,63.004327817932314
487,LINE,315120,231.83442180756538,85.03398749338959
487,LTR,139048,205.41384989356195,71.8111123385571
487,RC,487,267.3162217659138,41.70339439914668
487,Retroposon,1697,168.67472009428403,98.06892230064129
487,SINE,431937,177.47826187615323,85.36313339533451
488,DNA,117244,228.23658353519156,62.86187934653109
488,LINE,313128,231.8298714902532,85.0989257268529
488,LTR,139100,205.41359453630483,71.66775961156246
488,RC,446,272.8609865470852,41.778118298140846
488,Retroposon,1696,169.1503537735849,98.03933034596965
488,SINE,432357,177.6134398194085,85.2826732551358
489,DNA,118114,228.46722657771306,63.05312424118393
489,LINE,315472,231.91953327078156,84.92028295208402
489,LTR,138743,205.57585607922562,71.71987999321685
489,RC,456,273.7916666666667,42.469473255807294
489,Retroposon,1615,164.66811145510835,97.56277048320786
489,SINE,429400,178.16853283651608,85.44629886536734
490,DNA,118329,228.0392465076186,63.015868786462676
490,LINE,314364,231.55421104197683,85.20752123671065
490,LTR,139567,205.59752663595262,71.70054919779828
490,RC,484,273.79545454545456,42.53070718573826
490,Retroposon,1642,162.83069427527406,97.56142052716969
490,SINE,429978,177.68754447901986,85.27759007671054
491,DNA,118405,227.93212279886828,62.95634923069876
491,LINE,312720,231.75492453312867,84.85812074792527
491,LTR,138981,205.70798886178687,71.58849674305975
491,RC,481,274.5696465696466,41.929599368483004
491,Retroposon,1766,163.2718006795017,98.66387548630009
491,SINE,430260,177.79967926370102,85.18888515713412
492,DNA,117735,228.8175224020045,63.11876456452475
492,LINE,312836,231.6636160799908,85.0999926368415
492,LTR,139615,205.60356695197507,71.31169434037402
492,RC,443,273.71331828442436,45.69569064107753
492,Retroposon,1645,167.01337386018238,100.13582176156177
492,SINE,430577,178.05980811794407,85.277233264045
493,DNA,117641,228.16234136058006,62.98750248304476
493,LINE,314386,231.75751782840203,85.1306108281016
493,LTR,139554,205.41310173839517,71.62172386412396
493,RC,452,267.1725663716814,44.153506856760764
493,Retroposon,1822,169.62952799121845,94.64126308351368
493,SINE,430603,177.55807785825922,85.41485855134489
494,DNA,117798,227.36703509397444,63.08422201420587
494,LINE,314023,232.04560493976555,84.79310475638809
494,LTR,139079,205.36223297550313,71.68764950153992
494,RC,481,269.08731808731807,43.43131678683631
494,Retroposon,1697,164.34944018856805,95.76459604779892
494,SINE,429316,177.90231204986537,85.22845004762969
495,DNA,118120,228.65508804605486,62.765156394941336
495,LINE,313922,232.0413446652353,84.97918599467415
495,LTR,138678,205.1709139156896,71.59046295103332
495,RC,443,269.2573363431151,46.84036247498039
495,Retroposon,1733,161.9798038084247,97.62924407075208
495,SINE,429430,177.97251938616304,85.51475996601394
496,DNA,117133,227.81130851254557,63.117085919510586
496,LINE,314370,231.41316601456882,85.42267147806204
496,LTR,139808,205.7705281528954,71.5962986793332
496,RC,454,272.6696035242291,41.2773588494625
496,Retroposon,1724,165.8538283062645,95.00750112263141
496,SINE,431219,177.57163065634862,85.301191201242
497,DNA,118780,227.9667199865297,62.90608299166296
497,LINE,314534,231.54735259145275,85.21558092513897
497,LTR,138077,205.21291018779377,71.5922595752646
497,RC,508,268.5728346456693,44.15078639400298
497,Retroposon,1706,167.76729191090269,98.26380448823527
497,SINE,429913,177.8610067618332,85.31587565861898
498,DNA,118316,227.97810101761385,63.01894937360201
498,LINE,313234,231.51184737289054,85.2228651190353
498,LTR,140176,205.81608834607923,71.6890853201543
498,RC,487,271.0390143737166,44.896281538101334
498,Retroposon,1674,162.90979689366787,96.47573338522393
498,SINE,428650,177.78561297095533,85.39611078121227
499,DNA,117814,228.01308842752135,63.006520286408175
499,LINE,313631,231.96584521300508,85.20906316351838
499,LTR,138569,205.76469484516738,71.66932195237585
499,RC,503,274.08151093439363,42.901191622698484
499,Retroposon,1678,167.25506555423124,97.35220096200739
499,SINE,429504,177.82859298167187,85.31895241265777
500,DNA,119073,228.4203555801903,62.532868311338426
500,LINE,312962,231.61305206382883,85.03030834262914
500,LTR,138646,205.23573705696523,71.84349667063026
500,RC,472,271.8093220338983,43.35986679745343
500,Retroposon,1577,160.23145212428662,95.3761651840177
500,SINE,429679,177.98273827671355,85.28670697091931
