seed,class_name,n,mean_divergence,sd_divergence
1,DNA,32555,227.4185532176317,62.97176886188063
1,LINE,126276,228.07613481580032,84.8599988722372
1,LTR,39942,204.11256321666417,72.22995146359074
1,RC,132,271.32575757575756,36.00494414957421
1,Retroposon,465,170.4021505376344,98.04661824975862
1,SINE,112508,178.01734098908523,85.29468425288547
2,DNA,32626,228.12566664623307,62.85312984298871
2,LINE,126802,228.0659374457816,84.7774377604467
2,LTR,39647,204.57976643882262,72.3818957851788
2,RC,109,275.3119266055046,37.33525211400924
2,Retroposon,550,170.69636363636363,98.46825323863408
2,SINE,113111,178.21894422293147,85.46730770259938
3,DNA,32291,227.4393793936391,62.898287798201174
3,LINE,127382,227.55722943587006,85.02049863782771
3,LTR,39958,204.81287852244856,72.38701106315276
3,RC,122,263.6639344262295,49.201261255281395
3,Retroposon,488,172.547131147541,95.00356891466647
3,SINE,113030,178.22509068388922,85.34289208707989
4,DNA,32741,228.16193763171557,62.52136360247257
4,LINE,126700,227.5453906866614,84.76909879293879
4,LTR,40238,205.49299169938863,72.365901411873
4,RC,129,282.91472868217056,40.48715577891242
4,Retroposon,537,161.82122905027933,97.10658428416993
4,SINE,111209,177.2620741127067,85.18528673432931
5,DNA,32753,227.04292736543218,62.965601088277
5,LINE,126709,227.33239154282649,84.95864679197187
5,LTR,39736,205.2133329977854,72.11344372765575
5,RC,141,269.86524822695037,36.16593355301475
5,Retroposon,524,172.13167938931298,98.44084047158563
5,SINE,112318,177.2541088694599,85.05260220695492
6,DNA,32599,227.4821620295101,62.275137967704225
6,LINE,126840,227.4926994638915,84.98991626052201
6,LTR,40000,204.83435,72.18034538624417
6,RC,163,268.9877300613497,40.7284871484263
6,Retroposon,491,165.0773930753564,92.9300928491487
6,SINE,112937,177.88285504307711,85.38325700148471
7,DNA,32755,227.99364982445428,62.53449438686244
7,LINE,126704,227.476259628741,84.84188329984879
7,LTR,40259,204.50659479867855,72.602735705347
7,RC,134,276.3059701492537,37.610975615442065
7,Retroposon,532,166.45676691729324,93.12260498650147
7,SINE,113212,177.5484312617037,85.26840790839671
8,DNA,32294,227.55895832043103,62.77153987259886
8,LINE,127318,227.93147080538495,84.91157590610096
8,LTR,39595,205.62833691122617,72.12201371201539
8,RC,141,265.78014184397165,51.4430198035137
8,Retroposon,566,173.87985865724383,94.43720061153856
8,SINE,112187,177.20753741520855,85.255731791138
9,DNA,32940,227.51748633879782,62.85465711709431
9,LINE,126740,228.0767792330756,84.89178771494815
9,LTR,40551,205.26588740105052,72.42483170666294
9,RC,124,266.7983870967742,47.46288530282911
9,Retroposon,508,162.79921259842519,98.58482417915607
9,SINE,112938,177.579016805681,85.24048664479878
10,DNA,32497,227.97775179247316,62.60712170588677
10,LINE,127013,228.27726295733507,84.70596840491379
10,LTR,39413,205.12934818460914,72.75916638244824
10,RC,128,273.3515625,43.604327093862985
10,Retroposon,524,164.30152671755727,95.37237544314986
10,SINE,112047,177.97363606343765,85.4408139907098
11,DNA,32446,226.96458731430684,62.79553766766861
11,LINE,127414,227.41596684822704,85.00855351730195
11,LTR,40149,204.5406610376348,72.4738917796252
11,RC,124,272.3467741935484,36.8585010885874
11,Retroposon,497,165.57344064386317,98.3184327793017
11,SINE,112206,177.8755948879739,85.35887789596345
12,DNA,32590,227.84323412089597,62.82580623853586
12,LINE,127015,227.85705625319844,84.983956180217
12,LTR,40138,204.42094773033037,72.20299130534235
12,RC,130,272.1923076923077,46.86085723531317
12,Retroposon,529,161.25708884688092,95.24666053929731
12,SINE,112833,177.6369147323921,85.04663439290637
13,DNA,32827,227.75757760380174,62.731153147739164
13,LINE,127143,227.30814909196732,85.0434835357903
13,LTR,40004,205.44595540445957,71.80961524618714
13,RC,139,278.9424460431655,31.59108557080704
13,Retroposon,525,164.0095238095238,95.47224929521421
13,SINE,112939,178.3166045387333,85.49087423408007
14,DNA,32652,226.759769692515,62.995281872573216
14,LINE,127347,227.4370106873346,85.22357665866045
14,LTR,40189,205.64487795167832,71.74013649629032
14,RC,129,269.49612403100775,38.39192502932726
14,Retroposon,538,160.9163568773234,95.40248564774689
14,SINE,112862,178.06998812709327,85.49363835709534
15,DNA,32848,227.5548283000487,62.663459714065624
15,LINE,127403,227.94074707816927,84.59274660321452
15,LTR,40034,205.66615876504972,72.03237616907617
15,RC,121,275.44628099173553,43.71147898733108
15,Retroposon,495,161.75151515151515,94.37557076007631
15,SINE,112455,177.79488684362633,85.60128773593836
16,DNA,32409,226.73451818939185,63.00392412440875
16,LINE,127062,227.97855377689632,84.4091058889439
16,LTR,40203,204.57625052856753,72.39506557142366
16,RC,108,265.462962962963,46.53044123572461
16,Retroposon,543,157.8987108655617,94.93160695120531
16,SINE,112091,177.61474159388354,85.23696146088612
17,DNA,32353,227.85800389453837,62.25610568910943
17,LINE,126796,227.54620019558976,85.15605421337867
17,LTR,39698,204.98274472265607,72.65929185822057
17,RC,141,275.27659574468083,46.32633342444542
17,Retroposon,518,170.75482625482624,97.80936330467722
17,SINE,112735,177.75147913247883,85.19396387032589
18,DNA,32923,227.8948151748018,62.493118108484126
18,LINE,127055,227.7612057770257,84.88409091060123
18,LTR,39794,205.0512891390662,72.7978027581652
18,RC,153,277.01960784313724,38.24883621421229
18,Retroposon,534,164.77715355805245,94.93327521979684
18,SINE,112265,177.79160913909055,85.46780346991504
19,DNA,32315,227.5729227912734,62.620663138281664
19,LINE,126977,227.52510297140427,84.9075442484722
19,LTR,39774,204.4901945994871,72.20019736064592
19,RC,133,274.1954887218045,42.758714302716136
19,Retroposon,536,173.02238805970148,95.98767539185951
19,SINE,112578,177.65178809358844,85.2623044608016
20,DNA,32175,227.59667443667445,62.815582882037255
20,LINE,126471,227.83716425109313,84.93210545691905
20,LTR,39953,205.4283533151453,72.13145736726715
20,RC,145,276.6896551724138,44.87845919682509
20,Retroposon,544,171.97058823529412,96.51595731950772
20,SINE,113083,177.01052324398893,85.25759459645076
21,DNA,32652,227.99660051451673,63.25943836619562
21,LINE,127830,227.99471172651178,84.71940647370057
21,LTR,39940,205.17789183775665,72.08354238372443
21,RC,106,271.0377358490566,47.44647918788549
21,Retroposon,509,163.51080550098231,95.66811071511293
21,SINE,112350,177.90535825545172,85.17807565383339
22,DNA,32588,227.97523628329446,63.020856065603056
22,LINE,127318,227.4818957256633,85.03446814087327
22,LTR,40007,204.7574174519459,72.10623959960864
22,RC,120,267.01666666666665,33.641735818606165
22,Retroposon,506,165.25494071146244,91.679499657271
22,SINE,112359,177.51107610427292,85.20014199348539
23,DNA,32850,228.0359208523592,62.6415260007895
23,LINE,126525,228.1017743528947,85.02378092670183
23,LTR,40563,204.85785075068412,72.26387791533735
23,RC,118,278.66101694915255,36.278868187030255
23,Retroposon,513,162.9083820662768,94.43560358301282
23,SINE,113186,177.956098810807,85.65063566329728
24,DNA,32546,227.61144226633073,62.612750703785586
24,LINE,127458,227.76644855560264,84.86689768005094
24,LTR,39995,205.24655581947744,72.93238981763979
24,RC,125,271.288,37.680512947676284
24,Retroposon,511,164.92759295499022,95.97419256157384
24,SINE,112540,177.83214856939756,85.26416364230305
25,DNA,32407,228.1543493689635,62.95504779233959
25,LINE,127161,227.60688418618915,84.75067679109688
25,LTR,40232,204.8632431895009,72.14282385866085
25,RC,122,265.54918032786884,46.8571429302986
25,Retroposon,503,162.77335984095427,94.79514548959445
25,SINE,113220,177.85280869104398,85.32310019007272
26,DNA,32865,227.9529590750038,62.56690738507977
26,LINE,126902,227.71834171250256,84.7376353574626
26,LTR,40513,204.94549897563746,71.74531525779562
26,RC,136,274.69117647058823,38.02679293562446
26,Retroposon,516,164.3391472868217,92.42316785234117
26,SINE,111959,177.09806268366097,85.15570180585532
27,DNA,32255,227.73864517129127,62.657674315577054
27,LINE,127788,227.5329843177763,85.26913132196208
27,LTR,39999,204.22598064951623,72.23421283270356
27,RC,125,274.584,41.83705228622112
27,Retroposon,515,167.8233009708738,97.24800564893773
27,SINE,111902,176.682579399832,85.25899495119533
28,DNA,32873,228.09135156511422,62.454513529373784
28,LINE,126653,227.35200903255353,85.09240239971173
28,LTR,40326,204.76645340475127,72.6992250049895
28,RC,127,275.1653543307087,39.06299450675895
28,Retroposon,469,157.3859275053305,98.17265530546726
28,SINE,112809,177.9865790850021,85.49704299879588
29,DNA,32795,226.95209635615186,62.756082052092026
29,LINE,126642,227.48850302427314,84.76028995102199
29,LTR,40089,204.32891815710045,72.63363279408435
29,RC,112,276.3482142857143,37.20208083212276
29,Retroposon,517,167.88974854932303,95.30290420870581
29,SINE,112847,177.4900706266006,85.21296266643003
30,DNA,32476,227.5423081660303,62.76383771478909
30,LINE,126299,227.51275148655176,84.54675855039365
30,LTR,40215,205.5829416884247,72.33277311043753
30,RC,124,265.96774193548384,44.65854964272202
30,Retroposon,476,163.88655462184875,94.29965060876998
30,SINE,112649,177.64966400056812,85.30118714313191
31,DNA,32851,226.99464247663693,63.39996819043547
31,LINE,126641,227.7634652284805,84.63240471196227
31,LTR,39596,204.52659359531265,72.02954851379063
31,RC,142,274.38028169014086,39.40342667489044
31,Retroposon,472,163.15889830508473,98.08046552413144
31,SINE,112741,177.69509761311323,85.46550508901039
32,DNA,32142,227.21930807043742,62.616891896774774
32,LINE,126301,227.51887950214171,84.9475415482936
32,LTR,40260,205.15983606557376,72.26933266942352
32,RC,122,282.1393442622951,37.13275156670012
32,Retroposon,526,165.16920152091254,94.72431422526152
32,SINE,112269,178.0708922320498,85.48662628530784
33,DNA,32282,227.15407967288272,62.078685549428776
33,LINE,127196,228.49724047926034,84.30413871747265
33,LTR,40043,204.78393227280674,72.60288456590256
33,RC,122,264.5327868852459,47.229156114790335
33,Retroposon,507,166.12623274161734,94.95106100723405
33,SINE,113294,177.5056578459583,85.21890763967541
34,DNA,32705,227.48200580950925,63.06053072568411
34,LINE,126777,228.07335715468895,84.75311914996519
34,LTR,39795,205.46005779620555,72.02470804671059
34,RC,132,276.47727272727275,41.47643834777197
34,Retroposon,469,153.93390191897655,91.86609508601556
34,SINE,112560,177.75924840085287,85.02655982011603
35,DNA,32916,227.8743468222141,62.97767040638923
35,LINE,126480,227.71329063883618,84.95154812367318
35,LTR,40299,205.3258641653639,72.29417762935137
35,RC,137,271.88321167883214,42.69088787942099
35,Retroposon,516,165.34302325581396,97.82336839842212
35,SINE,112819,177.48816245490565,85.35745245261786
36,DNA,32428,227.48374861231034,62.76018752668026
36,LINE,127162,228.185652946635,84.956642803029
36,LTR,39933,204.6318583627576,72.14199023842033
36,RC,128,275.6484375,36.055423881970846
36,Retroposon,506,166.05533596837944,97.87608575758965
36,SINE,112253,177.57660819755375,85.16495715073044
37,DNA,32388,226.91796344325058,62.29643520183172
37,LINE,126998,227.99893699113372,84.72152866852534
37,LTR,40069,204.6922808155931,72.51181977890373
37,RC,143,269.6643356643357,42.51465301589741
37,Retroposon,533,167.63789868667916,94.57120682487053
37,SINE,112814,177.36892584253727,85.3108927525593
38,DNA,32422,228.00567515884276,62.889209313453726
38,LINE,127183,227.75876492927515,84.8911146922542
38,LTR,40397,204.2216253682204,71.95884498543904
38,RC,117,268.6923076923077,43.93885836206644
38,Retroposon,540,159.27777777777777,95.38965249160486
38,SINE,112420,177.58470912648994,85.15302049928185
39,DNA,32434,227.541807979281,62.85060698049377
39,LINE,125834,228.33084063130792,84.94803555307958
39,LTR,39907,205.49672989701054,72.21567158917057
39,RC,146,272.3767123287671,38.37542385843452
39,Retroposon,478,167.9539748953975,94.7946358518891
39,SINE,112463,177.93803295306012,85.12554067105087
40,DNA,32792,227.16662600634302,62.59776241675652
40,LINE,127519,227.51233149569867,84.89833031709514
40,LTR,40120,205.48120638085743,71.92122259085554
40,RC,121,269.2396694214876,35.93796877803082
40,Retroposon,515,167.06796116504853,96.33429478723468
40,SINE,113215,177.56205449807888,85.37249998046029
41,DNA,32977,226.8179337113746,62.88230688138966
41,LINE,127086,227.34689108162976,84.98464311501324
41,LTR,39925,204.76420788979337,72.23573325231114
41,RC,130,268.8538461538462,46.92204853854161
41,Retroposon,506,159.17391304347825,95.41226021074064
41,SINE,112389,177.43884187954336,85.20204551586404
42,DNA,32631,227.45331126842572,62.82344046311545
42,LINE,126775,227.19733385919938,84.92139989030028
42,LTR,39765,205.52890733056708,72.21213318813275
42,RC,126,272.87301587301585,39.33090874831145
42,Retroposon,523,159.8910133843212,93.01897242446951
42,SINE,111350,177.3812932195779,85.02227450207828
43,DNA,32269,226.56853326722242,63.003647969979994
43,LINE,126756,228.03879106314494,84.9778600168936
43,LTR,39762,204.87696795935818,71.90152563082559
43,RC,109,274.11009174311926,39.46903081619265
43,Retroposon,496,173.59072580645162,97.84477829601222
43,SINE,112797,177.313909057865,84.80720740686128
44,DNA,32190,227.81997514756137,62.96679197861097
44,LINE,126879,228.1592540924818,84.91098372723354
44,LTR,39968,204.69910928742993,72.04847828917897
44,RC,131,275.9618320610687,35.03115398206727
44,Retroposon,502,167.70119521912352,96.00019898803734
44,SINE,112356,177.4695788386913,85.20466253235755
45,DNA,32456,227.02375523786048,63.043353854844845
45,LINE,126339,227.73426257925107,85.19142702396215
45,LTR,40276,204.54325156420697,72.24437361973865
45,RC,129,266.5426356589147,36.717021326202456
45,Retroposon,491,168.72097759674133,98.02691735088489
45,SINE,111975,177.59966956910026,85.59551766697598
46,DNA,32796,227.0358275399439,62.53836995209753
46,LINE,126669,227.73653380069314,84.94567357799576
46,LTR,40045,204.83436134348858,72.18363368089047
46,RC,112,270.1517857142857,40.94316832544241
46,Retroposon,553,156.64556962025316,95.34633293262537
46,SINE,113201,177.6152507486683,85.20738224360885
47,DNA,32141,227.8198562583616,62.490626027432235
47,LINE,126243,227.7382825186347,84.62786667347864
47,LTR,39971,204.84251082034476,72.22521089571028
47,RC,128,274.0703125,38.77543189511039
47,Retroposon,497,165.70422535211267,94.362773594763
47,SINE,112809,177.77219016213246,85.2349147235597
48,DNA,32101,228.0377246814741,62.57659318883826
48,LINE,126590,227.30957421597282,84.62493269081865
48,LTR,39896,205.34171345498297,72.33533751390226
48,RC,146,274.4657534246575,38.648958302352845
48,Retroposon,530,171.88867924528302,95.17378773507184
48,SINE,111993,176.8288553748895,85.42219848529928
49,DNA,32595,226.80748581070716,62.83684622046903
49,LINE,126072,228.00095976902088,84.87688407481511
49,LTR,40415,205.233527155759,72.41654083927348
49,RC,147,270.86394557823127,39.22439187247835
49,Retroposon,559,162.94454382826476,93.47443070983181
49,SINE,112805,177.88634369043925,85.49731927563279
50,DNA,32680,227.96799265605875,62.6122528101978
50,LINE,126120,228.44330003171584,84.41081055914883
50,LTR,39774,205.01827827223815,72.3543252414524
50,RC,124,267.5,45.804370125356435
50,Retroposon,522,168.19731800766283,94.81480917443186
50,SINE,112946,178.22486852124024,85.54734514820757
51,DNA,32585,227.88700322234158,62.684051283244976
51,LINE,126878,227.9199151941235,84.7564007407651
51,LTR,39911,205.0988699857182,72.1966296487657
51,RC,136,270.9117647058824,42.23054208888524
51,Retroposon,533,158.02251407129455,96.64941897032004
51,SINE,112272,177.42052337181133,85.12813008873074
52,DNA,32353,227.55067536240844,62.83039267733401
52,LINE,126215,227.55128154339818,84.97509005469773
52,LTR,39985,205.12137051394274,72.14323975510999
52,RC,114,275.5438596491228,41.600468188761546
52,Retroposon,548,168.54744525547446,97.11814392962107
52,SINE,112838,177.59954979705418,85.27953100741065
53,DNA,32773,227.6766545632075,62.346747882658974
53,LINE,127426,227.9479776497732,84.70616525432295
53,LTR,40266,204.45167138528782,72.53828145314942
53,RC,130,273.38461538461536,36.30350366973173
53,Retroposon,523,167.18355640535373,98.70459605403111
53,SINE,112701,177.61332197584758,85.23184746071549
54,DNA,32005,227.98353382284017,62.68405196660618
54,LINE,126552,227.7834091914786,84.61174847880099
54,LTR,40298,204.8516799841183,72.26441020422502
54,RC,147,268.2448979591837,38.926861795003134
54,Retroposon,524,164.54007633587787,98.82659034274529
54,SINE,112056,177.42019168986934,85.24196063530593
55,DNA,32795,228.14965695990242,62.55616253469322
55,LINE,126241,228.33489912152154,84.70680178028424
55,LTR,40120,205.77133599202392,71.88010404719975
55,RC,121,266.12396694214874,43.932813137947164
55,Retroposon,506,159.35573122529644,94.49823772725192
55,SINE,113302,177.58957476478793,85.39126443152566
56,DNA,32736,227.70857771260998,62.68949324468369
56,LINE,126856,227.88917355111306,85.31702325693162
56,LTR,40216,205.13201213447385,72.0762290674802
56,RC,92,271.20652173913044,48.437888970326746
56,Retroposon,492,162.859756097561,95.73055984243165
56,SINE,112988,177.6335894077247,85.3402579639543
57,DNA,32791,227.43862645238022,63.04637710494426
57,LINE,127647,227.20482267503348,85.05562223727405
57,LTR,39679,205.1362433529071,72.47770730793843
57,RC,114,272.60526315789474,34.61888198430199
57,Retroposon,499,164.9759519038076,96.85652169283472
57,SINE,112175,177.81093826610208,85.48667874692686
58,DNA,32624,226.8805787150564,63.1991718433532
58,LINE,127893,228.042770128154,84.74342401544085
58,LTR,40062,204.62760221656433,72.0445468720501
58,RC,127,269.503937007874,33.58849494058918
58,Retroposon,540,165.65555555555557,95.23189954714768
58,SINE,113250,177.67742163355408,85.27791013177173
59,DNA,32786,227.23293478923932,62.97002025870829
59,LINE,126854,227.8132892932032,84.77718288356894
59,LTR,39848,205.39577896004818,72.40483462825668
59,RC,114,269.7543859649123,37.626875754026216
59,Retroposon,508,174.91535433070865,97.26129026052536
59,SINE,112262,176.98291496677416,85.20683028257956
60,DNA,32659,227.20129213999203,63.07368259792521
60,LINE,126218,227.88671187944666,84.73488519641568
60,LTR,40074,205.07950291959875,72.14839045770893
60,RC,136,272.34558823529414,36.93224692445984
60,Retroposon,505,165.73069306930694,95.25535638126412
60,SINE,112750,177.4108470066519,84.91107707251848
61,DNA,32122,227.73236411182367,62.89948628529414
61,LINE,126499,228.41752899232404,84.72819500940238
61,LTR,40079,205.97305321989072,72.30408569259036
61,RC,139,269.6546762589928,38.40220921219515
61,Retroposon,455,157.05054945054945,95.9674376708303
61,SINE,112544,177.48343758885414,85.1032902378571
62,DNA,32340,228.43243661100803,62.58305486434182
62,LINE,126696,228.32363294815937,84.82562310313301
62,LTR,40518,204.94629547361666,72.45540969908927
62,RC,138,274.8695652173913,41.13319229657013
62,Retroposon,484,157.53925619834712,98.03882952848085
62,SINE,113113,177.6896643179829,85.19440597557833
63,DNA,32705,227.5312031799419,62.80431151063735
63,LINE,126718,227.93995328209095,84.70618375376932
63,LTR,39741,204.73259354319217,72.44900995941998
63,RC,143,268.72027972027973,43.92657662722524
63,Retroposon,470,160.45106382978724,96.07898318314243
63,SINE,112601,177.60380458432874,85.49080358613436
64,DNA,32613,227.47603716309447,62.77505789136908
64,LINE,127245,227.3631498290699,84.89940543525289
64,LTR,40101,204.71030647614774,72.39320913950635
64,RC,113,266.7345132743363,36.01917328635021
64,Retroposon,518,153.01544401544402,91.66187525564814
64,SINE,112365,177.71100431629065,85.348521690722
65,DNA,32516,226.88744002952393,63.09838655217257
65,LINE,126229,227.87271546158172,85.1164496639817
65,LTR,40025,204.60964397251718,72.19131101503402
65,RC,156,273.8269230769231,40.11124969470542
65,Retroposon,477,174.92033542976938,97.05086276705008
65,SINE,112585,177.9639383576853,85.48000150698451
66,DNA,32449,228.05916977410706,63.11363091704405
66,LINE,126581,227.62565471911267,84.78658931847589
66,LTR,39983,204.9261436110347,72.49577483159739
66,RC,137,273.57664233576645,36.80719594586939
66,Retroposon,534,155.69850187265916,96.13460502025174
66,SINE,112526,177.3884168992055,85.31605298529124
67,DNA,32461,227.65949909121716,62.65083200054564
67,LINE,126482,227.58852643063835,84.75001115480657
67,LTR,40633,205.7382915364359,71.74858774075463
67,RC,114,269.4736842105263,45.62532586306428
67,Retroposon,477,160.63522012578616,96.40518232351388
67,SINE,112482,177.16037232623887,85.06536593259821
68,DNA,32410,227.82098117864857,62.6628059932362
68,LINE,126794,227.85842390018456,84.72873877538542
68,LTR,40015,205.0555291765588,72.42192495818341
68,RC,130,266.66923076923075,39.89686482024881
68,Retroposon,516,166.71124031007753,96.82042010663051
68,SINE,111943,177.58099211205703,85.24957092097307
69,DNA,32142,227.2610602949412,62.78069602800666
69,LINE,126338,227.14561731228926,85.13122457459924
69,LTR,40696,204.9090574012188,71.9898222671857
69,RC,141,273.29787234042556,43.17402434858011
69,Retroposon,477,168.24109014675054,94.93181128462753
69,SINE,112847,178.01054525153526,85.20145634948409
70,DNA,32545,228.12044860961745,62.869743397423676
70,LINE,127404,227.95556654422154,84.81285578795696
70,LTR,40284,204.54306920861882,72.11653461903396
70,RC,137,264.3430656934307,41.46996766744279
70,Retroposon,508,158.71653543307087,94.14383346838368
70,SINE,112112,177.51262130726417,85.21269802380365
71,DNA,32656,228.43373346398823,62.58916877732641
71,LINE,126653,227.87179932571672,84.8772871876317
71,LTR,40052,204.93750624188556,72.38897707007234
71,RC,145,270.66896551724136,42.5429689757858
71,Retroposon,548,164.03467153284672,94.064141236169
71,SINE,113538,177.67832796068276,85.19724552481489
72,DNA,32571,226.71600503515398,62.59363341366928
72,LINE,127691,227.4881471677722,85.04866469497384
72,LTR,40442,204.75137233569063,71.63573603196788
72,RC,143,268.57342657342656,39.92589105293059
72,Retroposon,505,173.25148514851486,100.5277466390697
72,SINE,112115,177.41292422958568,85.27748425836651
73,DNA,32715,227.06578022313923,62.27521814556318
73,LINE,127153,227.83843086675108,84.69793137542591
73,LTR,40124,204.7347223606819,71.98984783445076
73,RC,154,280.0779220779221,39.945503862125996
73,Retroposon,475,162.8084210526316,95.41576131873204
73,SINE,112226,177.4332685830378,84.72018373499178
74,DNA,32522,227.11801242236024,62.570396998421174
74,LINE,126837,227.2766937092489,84.75909778559834
74,LTR,39792,204.8623592681946,72.0448155446768
74,RC,120,276.69166666666666,41.534683465214414
74,Retroposon,482,162.69294605809128,94.90393216449674
74,SINE,112196,177.51603443973048,85.57253945016915
75,DNA,32568,227.1388172439204,62.979884878144354
75,LINE,125942,228.0606390243128,84.89989331181549
75,LTR,40006,205.54431835224716,71.73677019812968
75,RC,106,270.92452830188677,40.28827679882834
75,Retroposon,477,160.8846960167715,97.52179413764819
75,SINE,112262,177.27734228857494,85.22670894994955
76,DNA,32573,227.70724219445552,62.893314728948106
76,LINE,126283,228.09997386821664,84.68500682838346
76,LTR,40089,204.86856743745167,72.04140886206419
76,RC,134,277.8805970149254,38.621207687301315
76,Retroposon,493,169.7789046653144,95.32977778571856
76,SINE,111654,177.2021512888029,85.10489672813651
77,DNA,32529,227.72824249131546,62.60947512925362
77,LINE,127280,227.57093023255814,84.8853715394908
77,LTR,40099,204.52699568567795,72.27712246389514
77,RC,135,277.3333333333333,43.08235008549196
77,Retroposon,514,152.55642023346303,94.72139018401016
77,SINE,112433,177.9452829685235,85.3595976696799
78,DNA,32322,226.92228203700267,62.91087303525281
78,LINE,126929,227.86769768925936,85.15196587422072
78,LTR,40252,205.30433270396503,72.01769672564451
78,RC,114,274.7719298245614,39.99803396214845
78,Retroposon,481,165.17255717255716,97.1383765301653
78,SINE,112340,177.75267936620972,85.38371549464756
79,DNA,32611,227.487473551869,62.33997935073348
79,LINE,127158,227.7993048019,84.7595510416204
79,LTR,39796,205.2400995074882,72.07412285331002
79,RC,152,272.375,38.909783051377495
79,Retroposon,503,161.30218687872764,95.66934926535109
79,SINE,112197,177.9574587555817,85.31457077451824
80,DNA,32304,226.84927563150075,63.10055280922209
80,LINE,126874,227.31887541970775,85.30399911065838
80,LTR,40056,205.11156880367486,71.75004469334158
80,RC,138,266.4130434782609,44.47531936665802
80,Retroposon,553,163.4611211573237,96.92273739271812
80,SINE,111774,177.82578238230715,85.13272220209446
81,DNA,32577,227.39580071829818,63.05851679242156
81,LINE,127174,227.5215924638684,84.96106369350082
81,LTR,39192,206.2668912022862,72.53554715512026
81,RC,122,274.1803278688525,36.503764996352025
81,Retroposon,529,160.8695652173913,95.82847389120616
81,SINE,112985,178.07872726468116,85.43492061346497
82,DNA,32684,227.9181862685106,62.65859897410089
82,LINE,126204,227.4579173401794,85.06274093607574
82,LTR,40169,205.56680524782792,71.71806479539795
82,RC,141,276.7659574468085,37.44738877693551
82,Retroposon,534,157.1760299625468,97.23757012294595
82,SINE,112543,177.5194370151853,85.427134072723
83,DNA,32321,228.46146468240462,62.40182791430274
83,LINE,126471,227.57933439286478,84.92716031814766
83,LTR,39999,205.23128078201955,72.56499174869259
83,RC,121,266.27272727272725,40.071011347521825
83,Retroposon,471,176.1380042462845,97.78862804212417
83,SINE,112352,177.38942786955283,85.24845981000975
84,DNA,32630,228.06310144039227,63.21834456075205
84,LINE,126561,227.31286889326097,84.77983201869708
84,LTR,40066,204.9013128338242,72.16380173750291
84,RC,115,272.23478260869564,35.84394447305603
84,Retroposon,510,166.21176470588236,98.8423098401331
84,SINE,112460,177.19215721145295,85.10340236292477
85,DNA,33058,227.74030491862786,62.843604586921614
85,LINE,126568,227.44306617786486,84.68099602014695
85,LTR,40104,204.79455914621983,71.9277706343678
85,RC,140,261.4428571428571,48.718179567879616
85,Retroposon,486,154.2551440329218,96.49459314625217
85,SINE,112122,177.73428943472288,85.26508295339742
86,DNA,32806,227.68048527708345,62.78881858092136
86,LINE,126909,227.257129124018,84.97547256021646
86,LTR,40090,205.27637814916437,72.06648902826295
86,RC,142,271.27464788732397,42.7831321845877
86,Retroposon,533,161.76735459662288,97.10224734252071
86,SINE,112247,177.32625370833964,85.38556750974325
87,DNA,32839,227.03888668960687,62.88964641616048
87,LINE,127249,228.19684241133527,84.93502009245334
87,LTR,40176,204.9724960175229,72.42034663087085
87,RC,139,267.7482014388489,39.625239672049126
87,Retroposon,513,161.60233918128654,94.72894415132741
87,SINE,111877,177.1901999517327,85.1604788407631
88,DNA,32406,228.0591865703882,62.17727751693001
88,LINE,127399,227.65110401180544,84.76807654888523
88,LTR,40236,204.60637240282335,71.72864006864292
88,RC,115,276.3304347826087,46.33708660957374
88,Retroposon,541,171.4158964879852,99.83410845626513
88,SINE,112043,177.556250725168,85.35978590797745
89,DNA,32270,226.99705608924697,63.02196525126501
89,LINE,126710,227.96992344724174,84.87931370959215
89,LTR,40052,205.4295915310097,71.49475303529543
89,RC,141,265.65248226950354,47.52811572762464
89,Retroposon,492,180.02642276422765,96.8845664723578
89,SINE,112614,177.26538441046407,85.47790611816956
90,DNA,32337,228.15508550576737,61.8645334426201
90,LINE,126781,228.06571962675795,84.71384075894744
90,LTR,40026,205.1956977964323,72.16106436294103
90,RC,134,272.0149253731343,35.52316567567277
90,Retroposon,543,159.21731123388582,99.74799145731554
90,SINE,112663,177.51496942208178,85.40077240971416
91,DNA,32321,226.84177469756506,64.02173160730418
91,LINE,127397,227.9003822695982,85.16756985631083
91,LTR,39842,204.0273831634958,72.20313312617047
91,RC,125,278.872,34.90008045835997
91,Retroposon,525,152.40190476190477,92.11620195730255
91,SINE,111903,177.70297489790264,84.94522707757318
92,DNA,32523,228.3049226701104,62.18703274673615
92,LINE,127677,227.8976323065235,85.01069465508351
92,LTR,40739,205.2569282505707,71.80665243899921
92,RC,151,271.02649006622516,39.24940578617442
92,Retroposon,481,151.58627858627858,94.84078648207097
92,SINE,112418,178.21923535376897,85.7025160926728
93,DNA,32654,227.90191094506034,63.29573782104864
93,LINE,127293,227.20939093273,85.23662308943963
93,LTR,40011,205.30844017895078,72.5599796862187
93,RC,157,272.0700636942675,39.572414417097306
93,Retroposon,526,156.18250950570342,95.09479440126832
93,SINE,112872,177.58923382238288,85.30484401156635
94,DNA,32334,227.4067544999072,62.78956263289227
94,LINE,126629,227.49742160168682,84.83512182287166
94,LTR,40379,205.16298075732436,72.39417125152636
94,RC,176,275.3011363636364,42.96411291658048
94,Retroposon,491,170.87983706720976,97.81500797373668
94,SINE,112842,177.4763563212279,85.36696358668848
95,DNA,32319,227.5464587394412,62.904467723189725
95,LINE,127045,227.5026801527018,84.95409554399482
95,LTR,40168,205.20220075682136,72.45895034637249
95,RC,141,274.07801418439715,39.55767329638982
95,Retroposon,511,157.38943248532289,96.41038245580606
95,SINE,112113,178.1478775877909,85.42609914300826
96,DNA,32840,227.00852618757614,63.04895619568199
96,LINE,127480,227.79581110762473,85.03658061134851
96,LTR,39902,204.55611247556513,72.33031071086748
96,RC,143,278.5104895104895,44.18822852660899
96,Retroposon,547,170.617915904936,94.09407506524603
96,SINE,111924,177.6381741181516,85.37826547831992
97,DNA,32181,227.10761008048226,62.855955038119646
97,LINE,127048,227.59141426862288,84.96084692190142
97,LTR,39976,205.3763508104863,72.57836241791465
97,RC,126,273.45238095238096,44.815071009306244
97,Retroposon,493,163.62271805273835,96.1620275826108
97,SINE,112772,177.78191395027133,85.24744042259167
98,DNA,32652,227.8062599534485,63.16191389915047
98,LINE,126906,227.83205679794494,84.92636121859344
98,LTR,40455,205.48631813125695,72.19912558808271
98,RC,103,281.3592233009709,35.681942992323414
98,Retroposon,506,163.8695652173913,100.3163316014744
98,SINE,112561,177.71701566261848,85.44146940962379
99,DNA,32704,227.4639799412916,63.33122727650187
99,LINE,125644,227.68737066632707,84.8221404873477
99,LTR,39927,204.89959175495278,72.08308649963865
99,RC,165,273.8787878787879,44.07703832634029
99,Retroposon,530,156.8698113207547,92.91186752175146
99,SINE,112814,177.46266420834294,85.26321317832455
100,DNA,32574,227.36044084238964,62.39373112383513
100,LINE,127210,227.2853156198412,84.70568668286211
100,LTR,39798,205.31051811648825,71.89874221811723
100,RC,132,269.6060606060606,43.17841028551428
100,Retroposon,539,169.15398886827458,94.06542761997238
100,SINE,112546,178.00521564515842,85.43800070216338
101,DNA,32895,227.4328925368597,62.975859562861565
101,LINE,127508,226.8454214637513,85.45156231438311
101,LTR,40485,204.92750401383228,72.90158524945075
101,RC,112,275.08035714285717,39.439632530719194
101,Retroposon,479,163.33611691022963,98.75822827353404
101,SINE,112456,177.23528313295867,85.08669547161472
102,DNA,32701,227.33769609492063,62.966165149557014
102,LINE,127547,228.01822857456466,84.66789876780149
102,LTR,40150,205.1293897882939,72.02436643525402
102,RC,163,275.5460122699387,34.644948011915325
102,Retroposon,483,168.38923395445136,95.60153701667917
102,SINE,112396,176.8855475283818,85.15334127730837
103,DNA,32704,227.7843077299413,63.17880462272902
103,LINE,127562,228.09683134475785,85.01592331090906
103,LTR,40397,204.5765032056836,72.43777878191126
103,RC,136,272.74264705882354,41.00537918864846
103,Retroposon,503,165.35188866799206,97.24949688070488
103,SINE,112362,177.54770296007547,85.48917518919087
104,DNA,32523,227.3068905082557,62.08729803864855
104,LINE,128125,227.12888975609755,85.19578029237067
104,LTR,40435,205.36676146902437,71.7130920808645
104,RC,145,273.6275862068965,40.66837199078049
104,Retroposon,517,162.18568665377177,96.4293085907125
104,SINE,112396,178.09213851026726,85.2178437353347
105,DNA,32217,228.12390973709532,62.5805225095678
105,LINE,126250,227.9394297029703,84.9416447242861
105,LTR,40052,205.2788375112354,72.14503842972037
105,RC,120,269.80833333333334,37.12238673930088
105,Retroposon,519,164.7437379576108,93.06708083920616
105,SINE,112883,177.66248239327444,85.21141619664417
106,DNA,32621,227.59483155022838,62.73952743598533
106,LINE,127428,227.8864142888533,84.82640928851258
106,LTR,40051,204.9553069835959,72.3043632900206
106,RC,131,266.9770992366412,43.84000502327222
106,Retroposon,541,163.8687615526802,96.79167256605048
106,SINE,112680,177.55194355697552,85.22322741527256
107,DNA,32529,227.42660395339544,62.950773886337316
107,LINE,126692,227.84236573737883,84.47589243857765
107,LTR,39994,205.96526979046857,72.01459910577944
107,RC,131,267.4580152671756,48.87126874798664
107,Retroposon,490,174.42857142857142,98.96167058461553
107,SINE,112117,177.4961067456318,85.02544851731014
108,DNA,32753,227.14951302170795,63.173223206276106
108,LINE,126962,227.76689875710844,85.1357136946178
108,LTR,40170,205.6824495892457,72.06522495227823
108,RC,113,280.2920353982301,38.764704641537634
108,Retroposon,469,166.7228144989339,97.29696443158431
108,SINE,112623,177.68030508865863,85.53320639476101
109,DNA,32672,227.90931072477963,62.70710550872987
109,LINE,126666,227.64176653561336,84.83503571733745
109,LTR,40159,205.2423865136084,72.3666846035239
109,RC,132,274.8333333333333,39.00721896409858
109,Retroposon,461,165.08459869848156,95.62020067948139
109,SINE,112176,177.84731136785052,85.26145022223056
110,DNA,32504,228.1773935515629,62.65974199551928
110,LINE,126778,227.44394137784158,85.20591930286452
110,LTR,40191,205.31867831106467,72.36015098126109
110,RC,149,270.9865771812081,46.099249011510494
110,Retroposon,485,167.6659793814433,97.81022956493848
110,SINE,112350,177.7577570093458,85.28282928704918
111,DNA,32573,227.1937801246431,63.33037019587062
111,LINE,127487,227.61177218069292,84.97755442764344
111,LTR,40116,205.7623392162728,71.96986511898565
111,RC,137,264.35766423357666,47.15028577388258
111,Retroposon,496,166.6673387096774,95.82300668763983
111,SINE,112309,178.11323224318622,85.51250102770435
112,DNA,32407,227.38223223377665,62.770147925976254
112,LINE,127539,227.41151334101727,85.01770130618497
112,LTR,39977,205.00867999099484,72.40282347248608
112,RC,133,280.2781954887218,34.94944864591591
112,Retroposon,497,162.41046277665995,94.49303750014147
112,SINE,112133,177.51404136159738,85.157889228043
113,DNA,32927,227.21930330731618,62.53205195347235
113,LINE,126642,227.6597179450735,85.32188839112729
113,LTR,40392,205.21682511388394,72.12529278361316
113,RC,109,269.1926605504587,42.262716356605644
113,Retroposon,525,166.6552380952381,95.81329660279773
113,SINE,112532,177.61822414957524,85.38436497381268
114,DNA,32629,228.0784578136014,62.9293561797356
114,LINE,127549,227.72983716062063,84.82788279774755
114,LTR,39923,204.31856323422588,71.6509479359793
114,RC,116,269.57758620689657,43.19106526020786
114,Retroposon,532,168.84774436090225,95.5481875365966
114,SINE,112678,177.50825360762528,85.35566150543197
115,DNA,32506,227.12080846612932,62.42598437386673
115,LINE,126872,227.7435131471089,84.80668228999228
115,LTR,39844,204.94174781648428,71.93991740759672
115,RC,140,271.72857142857146,41.15247655403757
115,Retroposon,493,161.98782961460446,94.29518546555353
115,SINE,112452,177.3939280759791,85.37201321509575
116,DNA,32756,227.3809989009647,63.375265863670165
116,LINE,126661,227.89629009718857,84.60470971504625
116,LTR,40191,204.38847005548507,72.3494026459355
116,RC,127,271.0866141732283,41.509703565684255
116,Retroposon,534,163.0318352059925,99.85144826492031
116,SINE,112446,177.525861302314,85.34446661260226
117,DNA,32797,227.032929841144,62.82975428466032
117,LINE,127664,227.3885746960772,85.07957306232689
117,LTR,40598,205.51507463421842,72.11557288042992
117,RC,116,275.8448275862069,41.417055342529316
117,Retroposon,507,154.91518737672584,96.48387825655864
117,SINE,112679,178.0779648381686,85.30296997679368
118,DNA,32837,227.962694521424,62.90699715821408
118,LINE,126918,227.8321908633921,84.96052820857616
118,LTR,39923,205.08328532424918,72.3078759720754
118,RC,136,269.24264705882354,41.47226151713963
118,Retroposon,552,163.17934782608697,96.59880093253568
118,SINE,112527,177.32615283443084,85.25802321271462
119,DNA,32433,227.19443159744705,62.823545652851934
119,LINE,127262,228.1539029718219,85.12383116077277
119,LTR,40512,204.10201915481832,72.54373227432899
119,RC,131,263.9618320610687,44.07685941142869
119,Retroposon,473,162.52008456659618,96.74619767013695
119,SINE,112192,177.76047311751284,85.1491774334226
120,DNA,32677,227.54487866083178,63.23938101612689
120,LINE,126088,227.77333291034833,84.74480785697705
120,LTR,39988,205.43795638691608,72.18830703269451
120,RC,127,273.755905511811,39.56032302747686
120,Retroposon,441,159.10204081632654,94.95978869899601
120,SINE,113162,177.43645393329916,85.13800197018807
121,DNA,32971,226.99375208516574,62.68340502964487
121,LINE,127537,227.53552302469086,85.12138729158828
121,LTR,39573,204.73047279710914,72.19790557295775
121,RC,113,279.7433628318584,37.49685031281464
121,Retroposon,499,169.73947895791582,95.04761102337902
121,SINE,112951,177.90805747625078,85.34853957535887
122,DNA,32583,228.19016051315103,62.33589049317197
122,LINE,126805,227.94899254761248,84.7332029037792
122,LTR,40135,204.8404634359038,71.98850341601941
122,RC,134,272.15671641791045,41.09015469791621
122,Retroposon,499,160.6813627254509,93.86215895190628
122,SINE,112140,177.1138130907794,85.16769358150987
123,DNA,32549,227.80220590494332,62.81559004977721
123,LINE,127195,227.29451629387947,85.21982840090598
123,LTR,39381,204.82941012163226,72.29791734146487
123,RC,135,267.14814814814815,44.77722941795777
123,Retroposon,514,164.64591439688715,96.67066274644563
123,SINE,112365,177.72236906510034,85.4277220133182
124,DNA,32608,227.55743989205104,62.55011249456508
124,LINE,127912,227.54900243917695,85.01385264441643
124,LTR,40155,204.46327979081062,72.43830682384979
124,RC,142,265.5845070422535,44.325181689410435
124,Retroposon,486,159.34979423868313,91.99987179025133
124,SINE,111845,177.2607894854486,85.08896592954021
125,DNA,32600,226.86687116564417,62.782864251200174
125,LINE,126510,227.4185835111849,85.10046432203055
125,LTR,40070,204.6985275767407,72.19414978803232
125,RC,120,274.4916666666667,38.99187860596386
125,Retroposon,497,165.1891348088531,96.04777715090398
125,SINE,112566,177.6577474548265,85.02187174530197
126,DNA,32451,227.83809435764692,63.14809840172692
126,LINE,126947,227.23713045601707,85.41536637541888
126,LTR,40493,204.64156767836417,72.45313000176166
126,RC,122,271.55737704918033,39.224667961968606
126,Retroposon,510,162.1156862745098,95.89228203531705
126,SINE,112456,177.99191683858575,85.3335411161502
127,DNA,32174,228.2901721887238,62.412669876499336
127,LINE,127511,228.19486161978182,84.90125913343799
127,LTR,39810,204.83931173072094,71.88606511087444
127,RC,157,272.7452229299363,40.53871381709011
127,Retroposon,479,159.12734864300626,93.05249412737528
127,SINE,113190,177.77111052213093,85.54806692643284
128,DNA,32616,227.79831984302183,62.629012626640645
128,LINE,126850,227.71402443831298,84.99304105393439
128,LTR,39762,205.23670841506967,71.85766010831114
128,RC,123,267.4308943089431,39.5897829680888
128,Retroposon,480,169.47291666666666,96.33169312239035
128,SINE,112982,177.4874670301464,85.32432182231099
129,DNA,32731,227.48431150896704,62.53427295150774
129,LINE,127267,228.18053383830843,84.69559662730569
129,LTR,39808,204.9560892282958,72.62701190894212
129,RC,124,273.7903225806452,36.18841246407661
129,Retroposon,552,159.4746376811594,94.53328955988813
129,SINE,112125,177.74065551839465,85.08807893854535
130,DNA,32678,227.64241997674276,62.28285386618073
130,LINE,126701,227.36453540224625,84.696646050841
130,LTR,40506,204.98503925344394,72.27131768442221
130,RC,125,271.84,43.22636232670985
130,Retroposon,509,158.41257367387033,95.057953159105
130,SINE,112319,177.71269331101595,85.14450962682695
131,DNA,32696,227.74345485686322,62.52711721471831
131,LINE,127170,227.74453880632225,84.86056503240444
131,LTR,40166,204.36906836627995,72.41150086563844
131,RC,134,269.82835820895525,37.898238867324956
131,Retroposon,518,155.6158301158301,94.60534311717616
131,SINE,112217,177.729470579324,85.26317883944304
132,DNA,32583,227.05017954147868,62.85910881887303
132,LINE,127282,227.45166637859242,85.39168874384299
132,LTR,40261,205.75010556121308,72.57352882637782
132,RC,122,273.3606557377049,32.34168643619595
132,Retroposon,513,161.80116959064327,95.69613336051006
132,SINE,112374,177.70300069411073,85.20183039180593
133,DNA,32214,227.41801701123734,62.64035608681131
133,LINE,127013,227.40058891609522,84.85324399474064
133,LTR,40367,204.88483166943294,72.29135887058214
133,RC,117,278.14529914529913,40.99849172903573
133,Retroposon,501,164.12175648702595,95.11606076618831
133,SINE,112380,177.59640505428013,85.21586423873049
134,DNA,32626,227.2174032979832,63.0809849236267
134,LINE,127428,228.08276046080925,85.02508207827019
134,LTR,39664,205.09386345300524,72.29815616662641
134,RC,135,268.0444444444444,44.03699903434176
134,Retroposon,497,162.23340040241447,96.10723937282683
134,SINE,111869,177.96280470907936,85.3186067621176
135,DNA,32212,228.23736495715883,63.08376674181776
135,LINE,127774,227.98372908416422,84.73126501512121
135,LTR,40035,204.9476458099163,72.33637414533581
135,RC,113,277.1946902654867,39.6845656467068
135,Retroposon,529,169.89981096408317,98.13140461061757
135,SINE,111558,177.67666146757742,85.35714475970073
136,DNA,32728,228.20804815448545,62.86659010988757
136,LINE,127537,227.52820750056847,84.96764834054999
136,LTR,39798,204.65696768681843,72.11324524508231
136,RC,162,267.7901234567901,40.674321091827146
136,Retroposon,488,163.44467213114754,96.41774828696514
136,SINE,112944,177.2756764414223,84.96675998447168
137,DNA,32750,227.18021374045802,62.2934523849068
137,LINE,127348,227.50373778936458,84.92834111297299
137,LTR,39892,206.04835556001203,72.3057298087343
137,RC,124,272.63709677419354,37.41017945767102
137,Retroposon,507,159.4714003944773,95.22383404706368
137,SINE,112166,177.57661858317138,85.46037334226573
138,DNA,32446,227.52632065585897,62.480080786142054
138,LINE,127721,227.96834506463307,84.7671631631571
138,LTR,40279,205.72933786836813,72.43924117146094
138,RC,123,277.8617886178862,38.36778060652929
138,Retroposon,529,170.3610586011342,96.81852177360321
138,SINE,112169,177.4320979949897,85.09053349133058
139,DNA,32685,227.57555453571976,62.76400351077883
139,LINE,126902,227.3006256796583,85.16688592466004
139,LTR,39846,206.48664859709882,72.09376935288823
139,RC,137,279.7007299270073,37.66668356202995
139,Retroposon,510,175.7627450980392,96.12184151374674
139,SINE,111727,177.26098436367218,85.1044340437917
140,DNA,32682,227.796493482651,62.909040527993895
140,LINE,126237,228.18758367198205,84.6422378013756
140,LTR,39825,205.7994475831764,72.42767229065478
140,RC,108,272.0,41.726401625261104
140,Retroposon,508,168.3188976377953,93.83593005274439
140,SINE,112701,177.49776843151346,85.18023102238887
141,DNA,32324,227.63228560821682,62.960839893261785
141,LINE,126934,228.18448169915075,84.50576385244655
141,LTR,40260,204.79823646299056,72.00341695726551
141,RC,163,264.82208588957053,43.846346357485686
141,Retroposon,508,166.48425196850394,95.66035383222555
141,SINE,112192,177.76574978608102,85.30810722984684
142,DNA,32577,226.9774687663075,62.82442140340861
142,LINE,127654,227.85927585504567,84.90730666356944
142,LTR,40192,204.85041799363057,72.36590090971687
142,RC,128,276.09375,42.480774603784006
142,Retroposon,502,161.70318725099602,94.90318798356053
142,SINE,112898,177.745132774717,85.20236772666722
143,DNA,32891,228.16113830531148,63.24863646357838
143,LINE,126274,227.7370876031487,85.02935790132837
143,LTR,40087,204.8638461346571,72.40413621546882
143,RC,128,276.1171875,34.40376548562445
143,Retroposon,473,176.28541226215646,97.43976802029583
143,SINE,112116,177.47616754076137,85.23811067074449
144,DNA,32783,227.28667297074702,63.183219318676294
144,LINE,126414,227.89097726517633,85.05088807584819
144,LTR,39779,205.2810528168129,71.9809990942876
144,RC,136,264.04411764705884,45.780465209625035
144,Retroposon,533,161.76172607879926,94.73191896777499
144,SINE,112638,177.79785685115147,85.23751018986674
145,DNA,32776,228.0156516963632,62.83332423522067
145,LINE,126664,227.31288290279795,85.06880415016012
145,LTR,39969,204.69078535865296,72.67154793771032
145,RC,146,270.013698630137,46.24191692437374
145,Retroposon,536,169.52985074626866,97.00003387432149
145,SINE,112269,177.82824288093775,85.16432331918834
146,DNA,32383,227.27934410029954,62.80808009742673
146,LINE,126794,228.27501301323406,84.75273612799943
146,LTR,40146,205.01255417725304,72.12187725589462
146,RC,154,276.52597402597405,38.747969875927936
146,Retroposon,523,160.8891013384321,95.58110055709149
146,SINE,112465,178.33072511448006,85.49773542815603
147,DNA,32657,227.55525614722725,62.620213945225416
147,LINE,126370,227.83232571021603,84.89469097315977
147,LTR,40085,204.96739428713983,72.35282048417531
147,RC,137,269.8029197080292,40.7538166079895
147,Retroposon,476,165.37605042016807,96.75047702501982
147,SINE,112725,177.39431359503214,84.93206010648902
148,DNA,32558,227.78496836415013,62.60068432022879
148,LINE,127240,228.16802106255895,84.97678607863928
148,LTR,39487,205.2617317091701,72.29160095920696
148,RC,124,263.6774193548387,51.86342927888665
148,Retroposon,476,153.78361344537817,95.08667775299901
148,SINE,112226,177.8528059451464,85.47437310335191
149,DNA,32670,228.05791245791247,62.20775357235473
149,LINE,126913,227.63767305161804,84.96841630547796
149,LTR,40090,204.97907208780245,72.78708249021805
149,RC,130,270.11538461538464,39.65885963979542
149,Retroposon,535,157.1233644859813,94.99735223013485
149,SINE,112857,177.24436233463587,84.92480071223788
150,DNA,32402,227.06082957842108,62.919323079184686
150,LINE,127809,226.8979336353465,84.64552477896001
150,LTR,40067,205.4007537374897,72.34621134161753
150,RC,127,268.9527559055118,36.35235660844647
150,Retroposon,537,160.60893854748602,97.5525058173203
150,SINE,112920,177.67645235565,84.90498441110466
151,DNA,31884,226.9248212269477,63.203060525236026
151,LINE,126702,228.140321384035,84.81873582088294
151,LTR,39952,205.21628454144974,71.98186555580932
151,RC,138,271.28985507246375,39.455570848658226
151,Retroposon,514,162.64396887159532,96.68082840127617
151,SINE,112851,178.27744548120972,85.64199797835235
152,DNA,32756,227.46547197460006,62.52661368863297
152,LINE,126770,227.35360889800427,84.83161507886251
152,LTR,39968,205.09144815852682,72.13289292908173
152,RC,147,282.85714285714283,40.03246981458654
152,Retroposon,474,168.89029535864978,98.3220435701552
152,SINE,112008,177.99505392471966,85.42782103493549
153,DNA,32316,227.91904938730042,62.89957363290155
153,LINE,127059,227.6464949354237,85.16935101220766
153,LTR,40066,205.07824589427446,72.16335175193511
153,RC,146,268.32876712328766,40.55929358039029
153,Retroposon,503,164.09542743538768,93.11820892802024
153,SINE,112144,177.82137252104437,85.4069887152966
154,DNA,32372,227.9561349314222,62.695629262078384
154,LINE,126760,228.3924502997791,84.95879626939629
154,LTR,39867,205.3018536634309,72.34240957326752
154,RC,126,279.3412698412698,37.130649364063466
154,Retroposon,508,168.3779527559055,94.19693135194879
154,SINE,111883,177.453741855331,85.0454618350577
155,DNA,32606,227.5577501073422,63.063770558891065
155,LINE,127339,227.8156024470115,84.85799981294477
155,LTR,39895,204.4907131219451,72.53416796397498
155,RC,124,274.10483870967744,41.097213340186755
155,Retroposon,521,159.31285988483685,94.45146214953871
155,SINE,112571,177.3613186344618,85.34111543686821
156,DNA,32718,227.1604621309371,63.06110693955682
156,LINE,127092,227.57434771661474,85.0080148666866
156,LTR,40105,204.20725595312305,72.42008648352646
156,RC,148,269.72972972972974,38.24787480310482
156,Retroposon,539,172.8126159554731,93.01736500967067
156,SINE,113155,177.39675666121693,85.06413452532958
157,DNA,32599,228.3365133899813,62.65973420879359
157,LINE,126605,227.75786106393903,84.76744086938787
157,LTR,40234,204.7847840135209,72.74510097102699
157,RC,123,276.3739837398374,48.5469177764483
157,Retroposon,494,166.6821862348178,96.06272309116588
157,SINE,111901,177.21380505982967,85.20755112329384
158,DNA,32483,227.4079364590709,62.81922581043164
158,LINE,126441,227.7044234069645,84.95242092372474
158,LTR,40324,205.25639817478424,72.53910180056346
158,RC,146,272.64383561643837,42.46283463234731
158,Retroposon,470,151.2,92.61399186603342
158,SINE,112104,177.44030543067151,85.00663320988835
159,DNA,32636,227.32712342198798,62.69987518549257
159,LINE,126371,227.71163478962737,85.10954836179214
159,LTR,39772,204.6875440008046,72.22733968338835
159,RC,134,274.14179104477614,41.50582641802118
159,Retroposon,509,154.71905697445973,93.66204793969673
159,SINE,112435,177.67000489171522,85.34067052542193
160,DNA,32795,228.04567769477055,62.7581125059716
160,LINE,126617,227.7366072486317,84.72503636363714
160,LTR,40101,205.1808683075235,72.12559893304164
160,RC,124,273.73387096774195,40.96341973008785
160,Retroposon,553,163.43037974683546,93.52370162712894
160,SINE,112197,177.7400197866253,85.30383914057947
161,DNA,33232,227.3622111218103,62.22793046973895
161,LINE,127078,227.88429153748092,84.6447284859317
161,LTR,39798,205.23888135082166,72.12913760720654
161,RC,120,271.25,38.67024049576108
161,Retroposon,495,163.2020202020202,93.58366642839664
161,SINE,113100,177.79285587975244,85.32037024871087
162,DNA,32680,226.79357405140757,62.65681952804968
162,LINE,127324,227.49967013288932,84.92278068622264
162,LTR,40232,205.91725492145557,72.39541066068627
162,RC,124,282.26612903225805,38.477708014483746
162,Retroposon,511,165.54207436399219,94.22854804638501
162,SINE,112397,178.0860521188288,85.30905112990267
163,DNA,32438,227.67451754115544,61.990922355896515
163,LINE,126412,228.09385184950796,84.71147158935506
163,LTR,40327,205.46202296228333,72.19056936030049
163,RC,139,269.0863309352518,41.432528494809674
163,Retroposon,514,158.72373540856032,97.53964344631505
163,SINE,111527,177.7571440099707,85.32393019213988
164,DNA,32439,227.74379604796695,62.551681320809706
164,LINE,127266,228.30341175176403,84.74448242074966
164,LTR,39938,205.5229105112925,72.150694096057
164,RC,153,272.078431372549,42.71512710754725
164,Retroposon,497,158.28370221327967,95.96829412278242
164,SINE,112424,177.11463744396215,85.00282855937951
165,DNA,32466,227.88695866444897,63.097227046316945
165,LINE,126506,227.80917110650878,84.80338378457796
165,LTR,40650,205.59921279212793,72.20977033428113
165,RC,172,280.84302325581393,41.798573027544776
165,Retroposon,493,166.98377281947262,96.83328629689221
165,SINE,113240,177.2504062168845,85.21699044157664
166,DNA,32759,227.69922769315303,63.130999579147215
166,LINE,126687,227.46154696219818,85.02727292204086
166,LTR,40392,205.16802832244008,72.20659011863184
166,RC,122,267.2049180327869,40.42721419964652
166,Retroposon,556,165.45863309352518,94.58344920924917
166,SINE,112039,177.9884415248262,85.33100760412172
167,DNA,32646,226.89572995160202,62.672063725957706
167,LINE,127014,227.65891161604233,85.05720575382826
167,LTR,40473,205.0793368418452,71.93738445085246
167,RC,160,279.90625,38.195188976329206
167,Retroposon,520,170.46153846153845,98.64085234566502
167,SINE,113027,177.87977208985464,85.19361938059814
168,DNA,32514,227.495202066802,62.77634135075338
168,LINE,126914,227.87530926454133,84.95968355974017
168,LTR,39995,204.5415176897112,72.60013941293263
168,RC,118,272.93220338983053,40.025993421554965
168,Retroposon,492,172.8211382113821,96.94355767308228
168,SINE,112670,177.85153989526938,85.36655215451286
169,DNA,32325,227.5537200309358,62.537755207996234
169,LINE,126889,227.64506773636802,84.8985166796106
169,LTR,39908,204.72852560890047,72.21530437926803
169,RC,110,275.45454545454544,37.507729231001385
169,Retroposon,556,162.3974820143885,97.30702315994297
169,SINE,112415,177.57116932793667,85.53493828275944
170,DNA,32663,227.79515047607384,62.81449797945119
170,LINE,126452,227.51100812956696,84.92999715360453
170,LTR,40166,205.8515162077379,72.38343980002502
170,RC,114,267.7631578947368,43.20439033725237
170,Retroposon,525,168.9257142857143,95.99646920944683
170,SINE,112405,177.42870868733598,85.3562867591577
171,DNA,32560,227.87708845208846,63.02953319606256
171,LINE,126807,228.0640579778719,84.76099193938572
171,LTR,39968,205.41888510808647,71.97051708791547
171,RC,161,264.5652173913044,44.14751986994317
171,Retroposon,496,170.30443548387098,95.03345156212288
171,SINE,112692,177.4945426472154,85.13770499409317
172,DNA,32642,227.47916794314074,63.06722443014682
172,LINE,127029,228.02182966094355,84.78724439047011
172,LTR,40034,204.32729679772194,72.38700204039914
172,RC,130,268.4076923076923,37.54621688488554
172,Retroposon,523,157.1166347992352,95.2472066434447
172,SINE,112851,177.74552285757326,85.18632268233378
173,DNA,32612,227.64629584202135,62.47586140572725
173,LINE,126560,228.47616940581543,84.81901318597352
173,LTR,39712,205.13383863819502,72.01223666323307
173,RC,141,268.1985815602837,42.93475502989845
173,Retroposon,454,160.1123348017621,97.42562136354549
173,SINE,111367,178.17959539181265,85.33733221873543
174,DNA,32568,228.171702284451,63.35318758229089
174,LINE,126639,227.2603068564976,84.72839520821587
174,LTR,39731,205.42523470338023,72.29367950060355
174,RC,119,278.70588235294116,41.80694987481027
174,Retroposon,528,166.9943181818182,97.57956138992567
174,SINE,112141,177.91725595455722,85.30263441947635
175,DNA,32916,227.59299428849192,62.65196674830827
175,LINE,127063,227.89723208172325,84.92860037013355
175,LTR,40066,204.27749213797236,72.36291781338961
175,RC,127,272.6771653543307,37.447681485743516
175,Retroposon,522,166.15900383141764,92.06017733172496
175,SINE,112458,177.56148073058387,85.46299681267367
176,DNA,32299,228.13483389578624,63.14832985737206
176,LINE,126675,227.93315966054865,84.64078601301091
176,LTR,39983,205.73923917665007,71.72771187043202
176,RC,171,273.6140350877193,39.408085844365715
176,Retroposon,545,154.6440366972477,97.88822443372668
176,SINE,112012,177.87659357925938,85.26702393744105
177,DNA,32422,227.20529270248596,62.64764673037702
177,LINE,126610,227.88681778690466,84.53607457050671
177,LTR,40117,204.5694593314555,72.27828789583666
177,RC,114,266.7280701754386,38.06810266004107
177,Retroposon,468,169.43162393162393,95.02114937731903
177,SINE,112264,178.05401553481082,85.50034767860399
178,DNA,32647,228.0881857444788,62.20023776488675
178,LINE,125457,227.92431669815156,84.85165587942498
178,LTR,39739,205.9279297415637,71.90385813841009
178,RC,155,274.81935483870967,41.254125262774274
178,Retroposon,489,171.0163599182004,97.36251771114212
178,SINE,112645,177.507363842159,85.41927087414179
179,DNA,32208,228.4312903626428,62.6884956719862
179,LINE,127269,228.17840165319126,84.88535346802296
179,LTR,40230,205.3104399701715,72.37063782962039
179,RC,128,273.2109375,38.60409068830781
179,Retroposon,487,168.71868583162217,96.67832795629491
179,SINE,112463,178.42332144794287,85.51148073178236
180,DNA,32408,227.49460009874105,62.77184992019626
180,LINE,127112,228.07642866133804,84.78452159677724
180,LTR,39957,204.96561303401157,72.36040525850848
180,RC,125,269.44,38.43860559385577
180,Retroposon,453,172.33333333333334,98.82712476171781
180,SINE,112755,177.57212540463837,85.38299767443785
181,DNA,32579,227.85024095276097,62.47623577813963
181,LINE,126837,227.86164131917343,84.99580738938079
181,LTR,40652,205.37870215487553,72.56870256223148
181,RC,155,284.0064516129032,42.016355766832966
181,Retroposon,503,162.8727634194831,97.02992771553939
181,SINE,112991,177.5209175952067,85.37451069191836
182,DNA,32152,228.14145309778553,62.53485285284657
182,LINE,126985,228.1414261526952,84.78127574713
182,LTR,40418,204.5905289722401,72.08057103156023
182,RC,147,269.7142857142857,46.47287263723282
182,Retroposon,501,174.06986027944112,95.48028142761963
182,SINE,112983,176.99815901507307,85.13307882815405
183,DNA,32451,227.7621953098518,62.36757240536644
183,LINE,126161,227.05336038870968,85.35723250607649
183,LTR,40130,204.37615250436082,72.15527131898638
183,RC,129,275.1240310077519,39.181352895972445
183,Retroposon,543,173.49539594843463,97.65189554945279
183,SINE,112261,177.47216753814772,85.33849733431592
184,DNA,32828,226.86106372608748,63.21599008326216
184,LINE,126944,227.81446149483236,84.85303613390893
184,LTR,39924,204.94399358781686,72.59272557545873
184,RC,131,276.9541984732824,42.70006571591916
184,Retroposon,503,170.64811133200794,93.70214978412466
184,SINE,112816,177.34519039852503,85.3618264702082
185,DNA,32465,227.1204989989219,62.62526153516361
185,LINE,127107,227.07546397916715,85.2718525456491
185,LTR,39911,204.91964621282352,72.14045938110932
185,RC,136,279.2720588235294,40.77204688908753
185,Retroposon,521,159.4337811900192,90.84119535969475
185,SINE,111813,177.5315482099577,85.14569522843041
186,DNA,32473,228.03104117266653,62.62757378993965
186,LINE,127402,227.4228191080203,85.12852596442725
186,LTR,40020,204.81926536731635,71.74458272987935
186,RC,129,272.5736434108527,39.16745508567474
186,Retroposon,493,168.74645030425964,89.72399990414635
186,SINE,112562,177.59211812156855,85.20507638578553
187,DNA,32114,227.8085570156318,62.87264371954319
187,LINE,126457,227.5127909091628,85.01355435527981
187,LTR,40405,204.47130305655242,71.63765365371502
187,RC,162,269.6604938271605,41.89922707384665
187,Retroposon,524,167.44847328244273,99.63187594227061
187,SINE,112654,177.43851083849663,85.10663586017475
188,DNA,32860,227.28271454656118,62.986055123689916
188,LINE,126771,227.70539792223772,84.9040658666745
188,LTR,39829,204.84034246403374,72.02224266253637
188,RC,153,265.0,37.55153321848288
188,Retroposon,526,173.55133079847909,98.46054694298944
188,SINE,113009,178.09256784857843,85.51613073371271
189,DNA,32782,226.59532670367884,63.0304051144122
189,LINE,127752,227.40158275408604,84.88316179860875
189,LTR,40408,206.07406949118987,72.09533248206974
189,RC,138,269.2608695652174,43.510502538213856
189,Retroposon,553,158.7631103074141,96.2272209953542
189,SINE,112502,177.89141526372865,85.3940691791628
190,DNA,32450,227.09192604006162,62.65154712374749
190,LINE,127237,227.76366151355344,84.9079518121558
190,LTR,40258,205.1059416761886,72.25649948543311
190,RC,126,268.75396825396825,42.57294142287819
190,Retroposon,546,158.95970695970695,94.27810463640824
190,SINE,111963,177.54992274233453,85.03381341284931
191,DNA,32369,226.72010256727114,62.12970135793662
191,LINE,127459,227.94945041150487,84.82696230002495
191,LTR,40002,204.68186590670467,72.1939916960987
191,RC,116,276.0344827586207,40.02346963075772
191,Retroposon,483,161.51552795031057,98.4378042810677
191,SINE,112074,178.55325945357532,85.54562601475364
192,DNA,32181,227.61051552158105,63.502535056934576
192,LINE,127493,228.57578063109347,84.64522588463619
192,LTR,40019,205.701566755791,72.61912034987704
192,RC,143,264.6083916083916,48.0802119663356
192,Retroposon,524,159.8969465648855,94.5120497499046
192,SINE,112712,177.57585705160054,85.32882517467756
193,DNA,32943,227.7237956470267,62.8627727007142
193,LINE,126677,228.04490949422546,85.06114527020806
193,LTR,40283,204.50212248342973,71.92708987190981
193,RC,127,266.9212598425197,50.777359685991094
193,Retroposon,526,162.59315589353614,99.37044162117377
193,SINE,112601,177.52159394676778,85.329974417558
194,DNA,32439,227.2861370572459,63.107249882203654
194,LINE,127625,227.66751028403527,84.92567900815526
194,LTR,40624,204.54723808586058,72.20047035994811
194,RC,139,269.31654676258995,44.973539138114596
194,Retroposon,500,161.602,95.23186229408726
194,SINE,113069,177.45850763692965,85.12811800232615
195,DNA,32958,227.5757327507737,63.35066126629473
195,LINE,126958,227.89787961373054,84.7718057743717
195,LTR,39730,205.29302793858545,71.92934079478196
195,RC,138,269.94202898550725,38.012920785015396
195,Retroposon,515,156.99223300970874,95.53168506990347
195,SINE,112432,177.8994414401594,85.48209293352919
196,DNA,32989,227.69896025948043,62.50877955234217
196,LINE,125819,227.48910736852145,84.8575319005572
196,LTR,39928,205.290122219996,72.16921013430608
196,RC,98,274.3469387755102,36.30542266822823
196,Retroposon,509,165.49312377210217,94.1689868603925
196,SINE,112839,178.03364085112418,85.2008957696461
197,DNA,32874,227.40889456713512,62.83467203859169
197,LINE,126619,228.15077516012605,85.1713013994288
197,LTR,40356,205.19816136386163,72.23286533677013
197,RC,132,278.57575757575756,42.84346440949772
197,Retroposon,522,159.1647509578544,99.09767068932089
197,SINE,112810,176.67617232514849,85.070117512774
198,DNA,32513,228.30873804324423,63.17199958297368
198,LINE,126934,227.86888461720264,84.92039014130154
198,LTR,40167,204.3683122961635,72.22714555056649
198,RC,144,268.96527777777777,47.251309975145496
198,Retroposon,552,160.2554347826087,95.93274916193889
198,SINE,112624,177.77706350333855,85.34547200960299
199,DNA,32592,227.17252700049093,62.94055014261017
199,LINE,126180,228.20288476779206,84.99250207715636
199,LTR,40362,206.2006590357267,72.38359321170297
199,RC,137,269.13138686131384,38.898110872682196
199,Retroposon,523,158.04206500956022,98.50175018167124
199,SINE,113038,178.70735504874466,85.88134015603974
200,DNA,32902,227.33274572974287,62.54432483313914
200,LINE,127265,227.75455152634268,84.79064902448214
200,LTR,40023,205.7008719986008,72.00744200955165
200,RC,142,276.78169014084506,49.377122517714
200,Retroposon,488,158.11065573770492,92.93828404136595
200,SINE,112682,177.85155570543654,85.22816535298111
201,DNA,32457,227.88510952953138,62.711618036856265
201,LINE,126557,227.7567262182258,84.82119532835296
201,LTR,40351,204.9233228420609,71.67604306935394
201,RC,131,271.7022900763359,37.7912495741259
201,Retroposon,527,156.16888045540796,93.76315563244759
201,SINE,112791,177.34235887615148,85.01493437135974
202,DNA,32218,228.04950648705693,63.06032681754925
202,LINE,126971,227.73588457206765,84.89025969272367
202,LTR,40323,204.8341641246931,71.94178112147202
202,RC,124,273.5725806451613,38.185703579434005
202,Retroposon,520,169.35961538461538,100.91330772883796
202,SINE,112462,177.309766854582,85.3064218348641
203,DNA,32122,227.85362057157087,62.70139526900214
203,LINE,126911,227.54499609962886,85.06455607379664
203,LTR,39544,205.64227189965607,72.46086193035924
203,RC,116,268.9655172413793,33.31224560865091
203,Retroposon,526,161.16730038022814,94.08938470818738
203,SINE,112824,177.84672587392754,85.42403701349018
204,DNA,32677,227.65253848272485,62.49492605335022
204,LINE,126790,227.83047558955752,84.77348886256294
204,LTR,40144,204.53522319649264,72.26593898570098
204,RC,143,274.3636363636364,36.442222774727576
204,Retroposon,463,168.06047516198703,99.34818135009415
204,SINE,112143,177.82070213923294,85.05764678552185
205,DNA,32367,226.84935273581115,62.93145879698248
205,LINE,126800,228.1516167192429,84.6149040578026
205,LTR,39921,204.666466270885,71.75226941769112
205,RC,116,267.0689655172414,43.17560856307545
205,Retroposon,458,169.9890829694323,98.28193276877516
205,SINE,112574,177.63238403183684,85.4214544759908
206,DNA,33219,227.3111472350161,62.58993372573878
206,LINE,126336,227.83725145643365,84.90412221831059
206,LTR,39818,205.45512079963837,72.4977275214714
206,RC,115,270.3565217391304,46.52707324153799
206,Retroposon,528,162.0473484848485,96.9266730837837
206,SINE,112323,177.63504357967648,85.09447527083913
207,DNA,32338,227.27382645803698,62.3634316614636
207,LINE,127718,227.8711536353529,84.91453011419854
207,LTR,39922,205.77348329242022,72.42188085411
207,RC,151,275.25165562913907,39.11101850862581
207,Retroposon,545,153.79266055045872,96.10362880280984
207,SINE,112434,177.70499137271645,85.27189858539556
208,DNA,32712,227.67580704328688,62.90367289173326
208,LINE,126690,227.86829268292684,85.13342623844403
208,LTR,39840,204.57527610441767,72.13680357413715
208,RC,130,272.15384615384613,44.87511929077122
208,Retroposon,565,159.1504424778761,93.90249332161848
208,SINE,112239,178.26511283956557,85.33588261083032
209,DNA,32643,227.12354869344117,62.493940944085864
209,LINE,126767,227.46907318150622,84.95745107169749
209,LTR,40346,205.4124324592277,72.22014055529222
209,RC,135,268.6222222222222,49.18895790974753
209,Retroposon,515,162.4388349514563,95.44236122964092
209,SINE,111870,178.3030481809243,85.1927708581824
210,DNA,32717,227.71302381025154,62.45241990736956
210,LINE,126768,227.97654770920107,84.90426510615417
210,LTR,39584,204.36236863379142,72.3666277663703
210,RC,118,277.64406779661016,40.53383717752844
210,Retroposon,496,167.3790322580645,95.07612338422909
210,SINE,111896,177.7488024594266,85.09557326622512
211,DNA,33112,227.97759120560522,62.6762755451204
211,LINE,127621,227.31450153187956,85.13410597938442
211,LTR,40027,204.65395857795988,72.54226625038318
211,RC,141,279.1914893617021,42.386254110243264
211,Retroposon,487,159.77618069815196,94.41433655987458
211,SINE,111888,177.71212283712285,85.34893666524474
212,DNA,32635,227.3703998774322,62.55561805526939
212,LINE,128320,227.32763403990026,84.81611406191826
212,LTR,39767,205.01566625594086,72.9320291580264
212,RC,132,274.34090909090907,46.88942982673797
212,Retroposon,562,171.05338078291814,98.08677252354836
212,SINE,112555,177.92176269379414,85.39807738159269
213,DNA,32557,228.10225143594312,62.97180566945844
213,LINE,127338,227.596012188035,84.91869646217297
213,LTR,39656,205.05547710308653,72.37131978160227
213,RC,136,269.8897058823529,44.994390629819506
213,Retroposon,507,166.42209072978304,96.71782981799078
213,SINE,112475,177.8697932873972,85.37693243689043
214,DNA,32045,227.9080355749727,62.20335636829184
214,LINE,126424,228.1334319433019,85.02330363002723
214,LTR,39908,205.13019945875513,72.08900911464319
214,RC,155,271.1161290322581,42.72023843697953
214,Retroposon,499,169.6012024048096,94.49279896727822
214,SINE,112828,177.78149041018187,85.21388814591027
215,DNA,32750,227.9593893129771,62.613073772660684
215,LINE,126955,228.57755897759048,84.90070870161988
215,LTR,39788,205.30773097416306,72.10391367809106
215,RC,132,271.2878787878788,40.49514192767922
215,Retroposon,550,155.47272727272727,94.1232566267048
215,SINE,112487,177.5923884537769,85.28360271786507
216,DNA,32635,227.2709667534855,62.649317107189674
216,LINE,127239,227.49388945213337,84.9628458512035
216,LTR,40203,204.6042086411462,71.97818450437865
216,RC,117,268.94871794871796,42.73189048203122
216,Retroposon,500,152.666,94.53861879676475
216,SINE,112318,177.07836678003525,85.06322831228741
217,DNA,32529,227.73820283439392,62.01103644817225
217,LINE,125908,227.44112367760587,84.80379940172526
217,LTR,40125,205.65021806853582,72.40053524020186
217,RC,138,263.2391304347826,43.295840136864186
217,Retroposon,516,167.3546511627907,97.45295126841887
217,SINE,113476,177.43278754979028,85.28117213751494
218,DNA,32560,227.68323095823095,63.148685948173586
218,LINE,127049,227.7965981629135,84.67226393144284
218,LTR,39909,205.17179082412488,72.2399608750773
218,RC,118,276.8813559322034,39.0471617257825
218,Retroposon,535,164.00747663551402,96.56566184158662
218,SINE,112772,178.147297201433,85.65926368399437
219,DNA,32855,228.38280322629737,62.700812499592466
219,LINE,126660,227.80259750513184,84.82088340921568
219,LTR,40206,204.81801223697954,72.3557214750365
219,RC,127,278.26771653543307,42.941536674310385
219,Retroposon,549,173.12386156648452,96.70601778105687
219,SINE,112011,177.7177777182598,85.42167605573205
220,DNA,32589,227.78771978274878,62.68674269836434
220,LINE,127369,228.08876571222197,84.62391264877508
220,LTR,39997,205.67935095132134,72.35204646930099
220,RC,139,280.62589928057554,36.37183537249607
220,Retroposon,465,166.81290322580645,95.89780315894137
220,SINE,112765,177.07267325854653,85.10072630758633
221,DNA,33052,227.8450320706765,62.60691357931399
221,LINE,126775,227.89352001577598,84.73563503984577
221,LTR,40365,204.82737520128825,72.50993758063471
221,RC,142,268.1267605633803,45.822969078180144
221,Retroposon,519,174.04046242774567,95.95083590046575
221,SINE,113008,177.39915758176411,85.30210494487223
222,DNA,32432,227.7065244203256,62.52499270874554
222,LINE,126546,228.05766282616597,84.87867008403397
222,LTR,39595,203.9942669528981,72.46176651852815
222,RC,159,271.9559748427673,40.048923840463445
222,Retroposon,520,173.2673076923077,97.66740898256114
222,SINE,112298,177.73261322552494,84.99219562537108
223,DNA,32615,227.0879656599724,62.740035736444874
223,LINE,125817,228.01531589530828,84.901692633335
223,LTR,40032,205.08433253397283,71.99149784332003
223,RC,121,266.7107438016529,42.200121032400354
223,Retroposon,501,157.84031936127744,94.85702262676483
223,SINE,112716,177.91823698498882,85.35304302640199
224,DNA,32290,228.62468256426138,63.21778157559484
224,LINE,126831,227.74116738021462,84.69493720593918
224,LTR,39974,205.32020813528794,72.25297470295901
224,RC,126,274.6984126984127,40.324727504028154
224,Retroposon,482,162.68049792531122,96.30635760911449
224,SINE,111950,177.93172845020098,85.32031992156931
225,DNA,32380,227.90037059913527,62.24674163033239
225,LINE,126069,228.51106933504667,84.64819881501532
225,LTR,40071,204.92822739637145,72.6699491115854
225,RC,163,274.80981595092027,40.19439758098933
225,Retroposon,532,166.8421052631579,97.78354506660837
225,SINE,112347,178.2067611952255,85.42782898021672
226,DNA,32186,227.78798235257565,62.735223225327005
226,LINE,125795,228.0449461425335,84.55314111750573
226,LTR,40117,205.20375401949298,72.25103592478048
226,RC,148,278.4864864864865,38.51368421014804
226,Retroposon,473,161.08879492600423,94.52449452243137
226,SINE,112695,177.317565109366,85.08465829382224
227,DNA,32590,227.65906719852717,63.137213019443784
227,LINE,126199,227.58381603657716,84.95358321977572
227,LTR,39632,205.01031994348003,72.46975876936953
227,RC,118,276.7542372881356,39.95759117132664
227,Retroposon,508,166.77165354330708,95.69945070777435
227,SINE,112598,177.68211691149043,85.4053249548091
228,DNA,32260,227.47200867947925,62.592320339839084
228,LINE,126915,227.6906354646811,84.82731112909815
228,LTR,40089,204.56658933872134,71.89396435756571
228,RC,133,265.61654135338347,41.45542434454912
228,Retroposon,488,175.4487704918033,96.92107148009129
228,SINE,112009,177.8030515405012,85.24760600576668
229,DNA,32163,227.8307993657308,62.96194375702212
229,LINE,127370,227.95103242521787,84.61981876855438
229,LTR,40080,204.85229540918164,72.25431936145952
229,RC,132,267.75,42.64411839085589
229,Retroposon,468,167.47649572649573,98.22452412639534
229,SINE,113433,176.86376098666173,85.18219245550917
230,DNA,32330,227.78357562635324,62.211535774158875
230,LINE,126365,227.86573813951648,84.87543928597869
230,LTR,40060,204.7413130304543,72.37923511035899
230,RC,137,280.17518248175185,34.62476600046762
230,Retroposon,465,161.05376344086022,96.17058830915504
230,SINE,111732,177.7902749436151,85.45178467813672
231,DNA,32169,227.65671920171593,62.60041903907049
231,LINE,126989,227.1330036459851,85.11834170528212
231,LTR,40020,205.25344827586207,72.03746912804657
231,RC,109,270.0183486238532,47.12485498021171
231,Retroposon,560,152.02678571428572,94.24933306143609
231,SINE,112834,177.4948774305617,85.27140422620086
232,DNA,32467,226.84849231527397,62.928813238298936
232,LINE,126802,227.40027759814515,84.62626513090215
232,LTR,40374,204.01832862733443,72.46038617883502
232,RC,131,272.5648854961832,44.535104814794714
232,Retroposon,497,156.19517102615694,96.50635729740196
232,SINE,113409,177.4071987232054,85.3004296523908
233,DNA,32760,227.45225885225886,63.43318457364407
233,LINE,127083,227.97652715154663,85.02286423948382
233,LTR,39928,204.84897816068923,72.02665231020495
233,RC,125,281.104,35.455397106787565
233,Retroposon,466,160.9978540772532,94.37418672422314
233,SINE,112633,177.93667042518624,85.42365218256069
234,DNA,33018,227.5534859773457,62.633096526810796
234,LINE,127301,227.6223046166173,85.1796788335046
234,LTR,39952,204.63401081297556,72.44720926584526
234,RC,135,268.05185185185184,47.09223707647515
234,Retroposon,563,160.76909413854352,98.97962528051632
234,SINE,112660,178.55376353630393,85.3499632107737
235,DNA,32713,227.95206798520465,62.614680857413155
235,LINE,126706,227.59859832999226,84.6917162899131
235,LTR,40198,204.2704860938355,72.28698657709407
235,RC,157,270.61783439490443,43.339797252449195
235,Retroposon,490,178.8530612244898,96.11469997796068
235,SINE,112202,177.4232366624481,85.36992802158933
236,DNA,32263,227.58999473080618,63.08612847084246
236,LINE,126956,227.48591638047827,84.81566814616754
236,LTR,40465,204.99807240825405,72.19518791976714
236,RC,159,281.30817610062894,40.58967084976496
236,Retroposon,490,167.25510204081633,95.8003995586753
236,SINE,112233,176.75659565368474,84.99936317537684
237,DNA,32526,227.14428457234212,62.351892242554115
237,LINE,126551,227.42140322873783,85.27387038246759
237,LTR,40229,206.1716174898705,71.92766665530566
237,RC,152,277.5855263157895,37.72972513726436
237,Retroposon,578,170.681660899654,97.26364685388646
237,SINE,112056,177.57213357606912,85.13650731698525
238,DNA,32525,227.75754035357417,63.05159264257246
238,LINE,127727,227.96180917112278,84.76529734698458
238,LTR,39794,205.3074584108157,72.03654272744093
238,RC,149,277.8993288590604,34.69788012913195
238,Retroposon,493,167.3732251521298,94.46436299155152
238,SINE,111734,177.40023627543988,84.99638869081807
239,DNA,32705,227.84662895581715,63.23973762553907
239,LINE,125862,228.53355262112473,84.58183422407015
239,LTR,39927,204.99844716607808,72.17245092117527
239,RC,133,268.4736842105263,39.27933106396554
239,Retroposon,458,166.75545851528383,99.69648931191931
239,SINE,112975,177.5230449214428,85.02115065608749
240,DNA,32633,227.35795054086356,62.56603162299114
240,LINE,126422,228.20681526949423,84.76295688608047
240,LTR,40286,205.17457677605123,72.47383126397476
240,RC,121,266.2396694214876,45.55951965611223
240,Retroposon,472,171.5699152542373,95.28187100579889
240,SINE,112673,177.4623467911567,85.24850951619469
241,DNA,32849,227.40351304453714,62.69349394407368
241,LINE,126600,227.33751184834122,85.03449896754954
241,LTR,40195,204.1023012812539,72.10161405975549
241,RC,115,270.25217391304346,39.13562670870108
241,Retroposon,472,166.84322033898306,96.92341899123994
241,SINE,112624,177.62516870294075,85.09733817136322
242,DNA,32730,227.44036052551175,62.80861236211511
242,LINE,126310,228.1496001900087,84.58709620216464
242,LTR,40139,205.4208375893769,71.54269208269444
242,RC,140,268.4,41.710019351298726
242,Retroposon,531,159.78719397363466,97.82469189565724
242,SINE,112375,177.6970233592881,85.23025973867388
243,DNA,32612,227.6948669201521,62.890002032094
243,LINE,126753,227.68676875498016,84.9806375744086
243,LTR,39899,204.47467355071555,72.53422601882198
243,RC,110,264.92727272727274,37.819597875586595
243,Retroposon,566,155.98056537102474,96.13788303867204
243,SINE,112103,177.68386216247558,85.26646311462139
244,DNA,32340,227.9461657390229,62.56549154327559
244,LINE,128031,227.70506361740516,84.81933327340951
244,LTR,40362,204.696075516575,72.4278950346326
244,RC,120,271.025,35.623134454078205
244,Retroposon,479,166.06471816283926,98.59100258483312
244,SINE,112144,177.7946568697389,85.63118708248545
245,DNA,32880,226.99607664233577,62.790612552779336
245,LINE,126485,228.03092856860496,84.68112316057837
245,LTR,39699,205.58606010226958,72.39514014715618
245,RC,151,272.7748344370861,39.02014629682427
245,Retroposon,529,169.0170132325142,95.88555369862789
245,SINE,112070,177.47181226019453,85.20133182271567
246,DNA,32621,228.47423438889058,62.40511109472801
246,LINE,127430,228.1022679117947,84.79300725099503
246,LTR,39986,205.00372630420648,72.25158173349261
246,RC,111,267.77477477477476,44.36675256379918
246,Retroposon,506,176.66205533596838,93.33846788902449
246,SINE,111946,177.82709520661749,85.61066028273507
247,DNA,32433,227.1065889680264,62.51641822325684
247,LINE,126737,227.91038923124265,85.16628599020213
247,LTR,39924,204.9126590521992,72.7424910493213
247,RC,137,271.94160583941607,40.564046218251725
247,Retroposon,510,167.42156862745097,97.75522013788355
247,SINE,112924,177.58153271226666,85.10696451329382
248,DNA,32501,227.01175348450818,62.7152878682301
248,LINE,126738,227.6496157427133,85.10304230302668
248,LTR,39938,205.01670088637388,71.7995942063144
248,RC,110,277.3363636363636,35.22841757670472
248,Retroposon,502,168.14741035856574,97.3766979213951
248,SINE,113096,177.78932941925444,85.54718770898539
249,DNA,32393,227.69974994597598,62.908875518165964
249,LINE,126855,227.04572937605928,84.90960796960451
249,LTR,40246,204.8530537196243,72.75722233271948
249,RC,147,273.6054421768707,39.238249737871264
249,Retroposon,483,164.57349896480332,94.89765807898138
249,SINE,112492,177.3671461081677,85.21958984628594
250,DNA,32700,228.16051987767585,62.607973139586285
250,LINE,126596,227.7730576005561,84.6011337242376
250,LTR,40225,205.3222374145432,72.00584486300139
250,RC,141,275.78014184397165,41.62635079887431
250,Retroposon,525,153.82666666666665,93.73853429992604
250,SINE,111948,177.0924536391896,85.1312179377239
251,DNA,32350,227.56126738794435,62.85835701738801
251,LINE,126881,227.81116952104728,84.9339227920864
251,LTR,40062,204.8818081972942,72.34705995108459
251,RC,133,268.8796992481203,47.112732757498506
251,Retroposon,517,159.11025145067697,99.88055454077123
251,SINE,112587,177.22069155408707,85.21168140111874
252,DNA,32305,228.2304596811639,62.75902257808533
252,LINE,126994,228.07908247633748,84.87410205960562
252,LTR,39836,205.52000702881816,71.88283703099378
252,RC,133,275.7894736842105,44.18196356245691
252,Retroposon,478,174.6171548117155,97.01956990322189
252,SINE,113137,177.07806464728603,85.31172719673611
253,DNA,32642,227.55808467618405,62.698675919974136
253,LINE,126820,227.87921463491563,85.07984282252588
253,LTR,40330,205.08926357550212,72.26301360593165
253,RC,134,272.5074626865672,45.63134989852963
253,Retroposon,517,163.32882011605415,94.46205321832163
253,SINE,111563,178.02677410969588,85.60436110110656
254,DNA,32789,227.705968465034,62.938713497443445
254,LINE,127047,227.34859540170174,84.91085414737645
254,LTR,40541,204.65166128117215,72.00356707557505
254,RC,128,264.3359375,50.425730867247665
254,Retroposon,536,159.24253731343285,99.18280339395751
254,SINE,112847,177.6873643074251,85.03160137794265
255,DNA,32323,227.61429941527706,63.08967508553195
255,LINE,127730,227.6944022547561,84.56621987357806
255,LTR,40037,204.77885455953242,72.09576364292593
255,RC,144,263.9236111111111,46.870696818942314
255,Retroposon,484,173.58264462809916,98.28325667053505
255,SINE,112463,177.6888665605577,85.35049683121767
256,DNA,32055,227.68978318515053,62.79754447985871
256,LINE,126950,228.22177235131943,84.42651979533234
256,LTR,40074,205.6097220142736,72.7873670345885
256,RC,128,264.0,42.48492379656577
256,Retroposon,540,160.47222222222223,96.10825862819078
256,SINE,112583,177.9629695424709,85.30471209732393
257,DNA,32254,227.16180938798288,62.5543391279473
257,LINE,126725,227.5036496350365,85.03389706537406
257,LTR,40219,205.15226634177876,72.09810944702797
257,RC,117,273.3076923076923,35.637409888534904
257,Retroposon,498,152.56827309236948,96.61616370871323
257,SINE,112471,177.5573614531746,85.1628443903905
258,DNA,32209,227.84172125803346,62.138501470927196
258,LINE,126244,228.374552453978,84.66836816534928
258,LTR,40567,205.22264402100228,71.87208357935555
258,RC,116,267.48275862068965,41.80692129602563
258,Retroposon,523,167.6864244741874,93.50220673681169
258,SINE,112880,177.90762756909993,85.54560248677397
259,DNA,33154,227.2197019967425,62.676882641229696
259,LINE,126255,227.73067205259198,84.8990924157258
259,LTR,40391,204.99279542472334,72.19916200633007
259,RC,126,266.42063492063494,41.235358762781345
259,Retroposon,518,154.7972972972973,93.9620776644889
259,SINE,112490,177.17638012267759,85.43130805381693
260,DNA,32532,227.86499446698636,62.22403060312237
260,LINE,126500,227.51637944664031,84.98547809275676
260,LTR,40418,204.58597654510368,72.52793492331305
260,RC,131,274.80152671755724,42.45544046585843
260,Retroposon,526,159.2148288973384,91.48446983596966
260,SINE,112458,177.34491098899144,84.96909445816725
261,DNA,32359,227.3257208195556,62.929737697894886
261,LINE,126890,227.58334778154307,84.86260371965093
261,LTR,40022,204.58547798710708,71.72712038069139
261,RC,146,268.4657534246575,46.650722642446695
261,Retroposon,521,162.9654510556622,96.44348715802234
261,SINE,112417,177.92590088687655,85.35707767064666
262,DNA,32445,227.56997996609647,62.945364563512555
262,LINE,126978,227.8722062089496,85.04713559342758
262,LTR,39676,205.62085391672548,71.90945411645451
262,RC,125,273.056,39.15513841119707
262,Retroposon,528,158.5151515151515,98.11223743278894
262,SINE,112611,177.38074433225884,85.23289034143042
263,DNA,32803,228.76017437429505,62.29860501884391
263,LINE,127051,227.9614328104462,84.78721121578641
263,LTR,40222,205.0592959077122,72.66792762776977
263,RC,145,270.58620689655174,45.3970356326606
263,Retroposon,503,165.68389662027832,93.48837904800314
263,SINE,111792,177.56143552311437,84.97706398287099
264,DNA,32616,227.44570149619818,62.96837300921938
264,LINE,127396,227.78246569751013,84.73735700097961
264,LTR,40031,205.47770477879644,72.19996744411458
264,RC,119,270.02521008403363,34.07072776595891
264,Retroposon,469,160.92110874200426,97.86052562463455
264,SINE,112443,177.93255249326324,85.08713265960986
265,DNA,32491,227.8370933489274,63.08541234727971
265,LINE,127540,227.69956092206365,85.0426163023245
265,LTR,40180,205.0523643603783,71.98552717790417
265,RC,137,266.5109489051095,44.57424165151448
265,Retroposon,469,161.34968017057568,96.1595672409456
265,SINE,112798,177.60419510984238,85.34008929008907
266,DNA,32300,227.66489164086687,62.766901017800386
266,LINE,127102,227.78103413006878,84.912719970288
266,LTR,39545,204.35718801365533,72.263133360117
266,RC,156,273.3333333333333,36.2612198964137
266,Retroposon,494,166.95141700404858,96.04815798253631
266,SINE,112710,177.5671546446633,85.33159946230509
267,DNA,33448,227.5211970820378,62.31938671580045
267,LINE,126305,227.60545504928547,84.97833774790946
267,LTR,40130,204.68320458509842,72.38789791300341
267,RC,128,278.875,40.14213029972375
267,Retroposon,488,158.6762295081967,96.58336291691634
267,SINE,111757,177.594325187684,85.19674346137765
268,DNA,32575,226.80402148887183,62.70563980975252
268,LINE,127436,228.2270159138705,84.76599132698337
268,LTR,40328,204.9109055742908,72.17624647720191
268,RC,147,269.15646258503403,38.99480179560517
268,Retroposon,536,160.22014925373134,91.40362780599644
268,SINE,112236,177.57487793577818,85.32389686956184
269,DNA,32495,228.0657331897215,63.013789768567996
269,LINE,126893,227.37386617071076,84.7973065803941
269,LTR,40089,205.08196762204096,72.03879844908178
269,RC,148,275.0878378378378,40.85371547727364
269,Retroposon,479,168.76200417536535,98.46709091185231
269,SINE,112971,177.39795168671606,85.16592197699963
270,DNA,32808,228.45205437698124,63.106313058134205
270,LINE,126694,228.08676022542505,84.81778848152713
270,LTR,40089,204.6715058993739,71.88244368984084
270,RC,119,271.83193277310926,38.968705247946886
270,Retroposon,470,161.6127659574468,98.8383111547539
270,SINE,112003,177.38484683445978,85.25915253512034
271,DNA,32728,227.74541676851626,62.201818846386494
271,LINE,126935,227.83806672706504,84.62801243167802
271,LTR,40400,204.8814603960396,72.25277364812676
271,RC,127,276.6771653543307,36.598885979724976
271,Retroposon,567,166.65961199294532,96.76299984773101
271,SINE,112412,177.84258797993095,85.4368299121629
272,DNA,32667,227.32959867756452,62.98642171003728
272,LINE,126870,227.58398360526525,84.7362867744656
272,LTR,40099,204.79508217162524,72.08361818699211
272,RC,145,273.6620689655172,39.4007212763763
272,Retroposon,523,162.07839388145317,96.16063466601429
272,SINE,112226,177.49116069360042,85.37378577395285
273,DNA,32679,227.2940726460418,62.91688298465991
273,LINE,126272,228.30077135073492,84.81863682649568
273,LTR,40148,204.97636245890206,72.1207741345778
273,RC,139,267.66187050359713,41.879504088375576
273,Retroposon,528,163.28787878787878,95.9867833628617
273,SINE,112134,177.58224980826512,85.28193169543499
274,DNA,32467,227.84676748698678,63.285297994531746
274,LINE,127539,227.61960655172143,84.89908980547757
274,LTR,40453,205.35856425975823,72.13975750509755
274,RC,139,279.54676258992805,40.94727668522587
274,Retroposon,478,159.14225941422595,96.43759582124638
274,SINE,112851,178.11820010456265,85.70498662157254
275,DNA,32660,227.48150642988364,62.81588241507816
275,LINE,126640,228.17749526216045,84.78298335232417
275,LTR,40396,205.62332904247944,72.36726953217381
275,RC,151,278.8344370860927,39.80639079170499
275,Retroposon,514,165.5136186770428,96.06309134528094
275,SINE,112828,177.45924770447053,85.08402842055119
276,DNA,32323,227.91012591653003,62.896122947571875
276,LINE,126589,227.78009147714258,84.93384971423315
276,LTR,40045,205.12216256711199,72.57201888023472
276,RC,154,271.35714285714283,45.6944508511699
276,Retroposon,518,161.40926640926642,102.26569637687116
276,SINE,112625,177.29702108768035,84.99901552217375
277,DNA,32146,226.63597337149255,62.79075148446514
277,LINE,127117,227.459899148029,84.60990453322053
277,LTR,39773,205.52606039272874,72.45716345539539
277,RC,120,274.60833333333335,39.82300336767962
277,Retroposon,553,160.89150090415913,94.25752007407162
277,SINE,112857,177.7488680365418,85.41022280312968
278,DNA,32980,227.46691934505762,63.14074033478244
278,LINE,126327,228.09895746752477,84.54760004855676
278,LTR,40167,205.0394602534419,72.18476079255838
278,RC,149,269.1409395973154,40.910283266796206
278,Retroposon,513,164.26510721247564,95.0865815100801
278,SINE,112364,178.0638638709907,85.65926790862385
279,DNA,32030,227.24789260068687,62.63114189809221
279,LINE,127350,227.79765213977228,84.92220716463574
279,LTR,40035,204.51037841888348,72.47416553061156
279,RC,133,276.42857142857144,37.70787710417473
279,Retroposon,485,160.37938144329897,96.53908127825942
279,SINE,113474,177.34828242593017,84.89076847934926
280,DNA,32624,227.62693109367336,63.03334289603014
280,LINE,127188,227.79139541466176,85.02696382896609
280,LTR,40573,205.33192024252583,72.39949319568873
280,RC,130,270.0,45.35840181691387
280,Retroposon,496,155.33064516129033,97.53510300880706
280,SINE,112733,177.36642331881527,85.31888295038745
281,DNA,32904,228.29121079504012,63.53156948703213
281,LINE,127327,227.43804534780526,84.87977188584274
281,LTR,40370,205.60421104780778,72.30921821588426
281,RC,134,274.9179104477612,41.485665301216
281,Retroposon,552,159.33876811594203,96.8467305677939
281,SINE,112682,177.71266040716353,84.92419735305285
282,DNA,32729,227.36701396315195,63.29109205854318
282,LINE,126679,228.0206900907017,84.87150887188146
282,LTR,40012,204.81133160051985,72.51932606388783
282,RC,122,270.24590163934425,43.05111553464336
282,Retroposon,543,155.55248618784532,96.35804790578199
282,SINE,112303,178.45907945468954,85.36562648676043
283,DNA,32607,227.61594136228416,62.62053214812163
283,LINE,127026,227.53850392832965,84.8057838445004
283,LTR,40117,205.19370840292146,72.02337464532793
283,RC,141,273.09929078014187,40.13758341422521
283,Retroposon,532,164.6654135338346,94.22270494463969
283,SINE,111838,177.17745310180797,84.92539375573597
284,DNA,32666,226.95668278944467,63.0660589668685
284,LINE,127224,227.87977111236873,84.66680800905532
284,LTR,40464,204.34845788849347,72.71254869441525
284,RC,122,266.28688524590166,44.594618419016115
284,Retroposon,535,166.54953271028037,93.73560387793466
284,SINE,112187,177.5023665843636,85.25703425358472
285,DNA,32854,226.47969805807512,63.049457290346226
285,LINE,126634,228.32349921821944,84.99786605745562
285,LTR,40123,204.95441517334197,72.26076056041575
285,RC,114,276.3070175438597,44.69764450659887
285,Retroposon,476,161.6596638655462,101.34866668359518
285,SINE,112568,177.4548095373463,85.2562795371686
286,DNA,32568,228.1572709408008,62.658973564331795
286,LINE,127337,227.62524639342845,85.15305420740837
286,LTR,40194,205.2795690899139,72.66838699791919
286,RC,111,276.6216216216216,42.97790214803439
286,Retroposon,441,163.6643990929705,95.01696150129318
286,SINE,111876,177.29078622760915,85.19248291560453
287,DNA,32640,227.52230392156864,62.67172187776013
287,LINE,127470,227.62173844826233,84.95963149971305
287,LTR,39899,205.42910849895986,71.98990544313247
287,RC,144,269.78472222222223,36.552504701084985
287,Retroposon,520,153.73653846153846,91.7007351049433
287,SINE,112857,177.85012892421383,85.3451264680166
288,DNA,32112,228.18893248629794,62.824575429197445
288,LINE,126587,227.569813645951,84.94531118412755
288,LTR,40151,205.53592687604294,72.23423158540528
288,RC,117,265.86324786324786,48.74684403247659
288,Retroposon,514,162.1770428015564,99.99053349263687
288,SINE,111920,177.86538598999286,85.29534013760555
289,DNA,31841,227.9133193052982,63.221735738336
289,LINE,127242,227.79678093711195,84.82375171094874
289,LTR,40055,204.61086006740732,71.88551583413727
289,RC,123,263.0569105691057,50.3936214851679
289,Retroposon,514,174.98249027237355,97.55358541868048
289,SINE,112269,177.69364650972219,85.385586533122
290,DNA,32637,228.37359438673897,62.996363152922676
290,LINE,126932,227.88000661771656,84.68693654113876
290,LTR,39671,205.23266365859192,72.5423044656992
290,RC,138,267.8985507246377,47.28395411490224
290,Retroposon,498,168.90160642570282,95.61626555342586
290,SINE,112809,176.83988866136568,84.66003604810994
291,DNA,32735,228.01429662440813,62.32556836441076
291,LINE,126987,228.3620449337334,84.57402683622351
291,LTR,40270,204.25040973429353,72.66602029691657
291,RC,137,256.1678832116788,43.00086051474155
291,Retroposon,502,158.82470119521912,94.9545348713783
291,SINE,112475,177.88899755501222,85.19274941753135
292,DNA,32594,226.50257716144077,62.53793161613222
292,LINE,127193,227.82991988552828,84.58800242254316
292,LTR,39836,205.55540214881012,72.90986350137528
292,RC,158,268.746835443038,36.012469132559545
292,Retroposon,504,165.37698412698413,93.43861380411563
292,SINE,113032,177.94921792058886,85.5784977735918
293,DNA,32323,227.74420691148717,62.91292480484969
293,LINE,126762,227.37266688755307,85.0841396988547
293,LTR,40060,204.06288067898151,72.37484878729465
293,RC,127,278.12598425196853,42.45868619587831
293,Retroposon,553,167.58227848101265,94.68069978611031
293,SINE,112135,177.30908280197977,85.15468164743392
294,DNA,32297,227.1423352014119,63.09497033894216
294,LINE,126754,227.68610852517475,84.8733021304026
294,LTR,40115,205.2587560762807,72.09852692491069
294,RC,122,271.74590163934425,37.37241936381801
294,Retroposon,511,157.00391389432485,94.37419785869461
294,SINE,112018,177.88297416486637,85.41422547387859
295,DNA,32419,227.90632036768562,63.09475738702484
295,LINE,126766,227.66946973163152,85.02686011207517
295,LTR,39562,204.33886052272382,72.04944568575456
295,RC,124,270.5483870967742,39.21042381954345
295,Retroposon,452,167.83407079646017,91.25487688882708
295,SINE,112062,177.90837215113064,85.37788383626858
296,DNA,32843,227.5682793898243,62.62664716330162
296,LINE,127335,227.7358699493462,84.74827668466763
296,LTR,40036,204.75017484264163,72.36693758153626
296,RC,150,271.55333333333334,38.47553970453898
296,Retroposon,533,163.64165103189492,94.98595289992089
296,SINE,112195,177.6621328936227,85.16373784688906
297,DNA,32598,227.40254003313086,62.727543426047546
297,LINE,126699,227.5055919936227,85.14105719026898
297,LTR,39118,204.88069430952504,72.35866269695951
297,RC,115,281.95652173913044,32.722387311746715
297,Retroposon,528,155.03030303030303,99.77542505728913
297,SINE,112900,177.15182462356069,85.27256609057589
298,DNA,32673,227.22657852049093,63.30723550567505
298,LINE,126891,227.7041634158451,84.87310346949114
298,LTR,39728,205.7968183648812,72.35401127783021
298,RC,145,276.151724137931,35.356769050876295
298,Retroposon,499,165.03006012024048,93.11632724175917
298,SINE,113004,177.31327209656294,85.12948236425296
299,DNA,32485,227.44420501770048,62.95417149671464
299,LINE,126241,228.07054760339352,84.61562124033156
299,LTR,40187,205.67862741682634,72.22948688073197
299,RC,160,271.58125,43.272894500339355
299,Retroposon,538,169.09479553903347,98.63313201596053
299,SINE,112601,177.7587410413762,85.13268227505706
300,DNA,32472,227.1189948263119,62.31477115017053
300,LINE,127186,227.701413677606,84.81439102343326
300,LTR,39734,205.11086223385513,72.42955845880722
300,RC,140,271.9428571428571,40.13455430149427
300,Retroposon,492,158.5609756097561,94.82061766307754
300,SINE,112115,177.3856308254917,84.98847571749432
301,DNA,32203,227.50603980995558,62.81211742912923
301,LINE,127267,227.16455169054035,85.35188532956714
301,LTR,40226,205.58004773032368,72.14026192357454
301,RC,132,275.31060606060606,40.83505857377457
301,Retroposon,516,161.74806201550388,94.63527752407222
301,SINE,112364,177.04739952297888,84.80754678520408
302,DNA,32533,227.5110503181385,62.93570772396688
302,LINE,126475,227.61095868748765,85.28256708818105
302,LTR,39807,204.9511894892858,72.90689358381375
302,RC,129,270.7984496124031,36.75655926170306
302,Retroposon,469,163.58422174840086,95.54708283821783
302,SINE,112070,177.46395110198984,85.41087254423877
303,DNA,32590,227.56204357164773,62.96476121766727
303,LINE,127500,227.65726274509805,84.49308730163868
303,LTR,39703,204.45855476916103,72.55283522716812
303,RC,123,278.2357723577236,40.31866587449786
303,Retroposon,489,157.38650306748465,95.74540147559246
303,SINE,112268,177.16689528627927,85.10247417218551
304,DNA,32641,227.84675714592078,62.79213408180377
304,LINE,126528,227.8135353439555,84.98273109541037
304,LTR,40217,205.54583882437774,71.27679757114228
304,RC,130,275.0923076923077,47.82941582072145
304,Retroposon,513,161.635477582846,97.923378113233
304,SINE,113081,177.2056578912461,85.3668517546437
305,DNA,32913,227.62808008993406,62.65021600014134
305,LINE,127072,227.85570385293377,84.79443458115325
305,LTR,39957,204.60520059063492,71.98329035011724
305,RC,157,276.89171974522293,42.88506036809276
305,Retroposon,544,162.2297794117647,97.0401512335071
305,SINE,112155,177.61365966742454,85.4467030688816
306,DNA,32459,227.04534951785328,63.278286724329824
306,LINE,126035,228.08691236561273,84.32984684372936
306,LTR,40495,204.99436967526856,72.16698863798355
306,RC,116,276.7931034482759,42.09953665921198
306,Retroposon,460,161.40434782608696,96.33136641307156
306,SINE,112205,177.86650327525513,85.22325918850713
307,DNA,32577,228.12284740768027,62.56829019006151
307,LINE,127304,227.96739301200276,85.11361245684485
307,LTR,39927,204.84118516292233,72.30878696330441
307,RC,175,267.37142857142857,41.45750713633399
307,Retroposon,459,163.11111111111111,96.71334610306744
307,SINE,112451,177.9182132662226,85.08441242865622
308,DNA,32349,227.79748987603944,62.40658253477681
308,LINE,127002,227.45252043274908,84.82968272512059
308,LTR,40069,205.52649180164218,72.12241776175253
308,RC,145,260.53793103448277,42.67455362102648
308,Retroposon,514,162.9124513618677,95.72598966781109
308,SINE,111521,177.78180791061774,85.01037539892386
309,DNA,32122,227.8085113006662,62.41341805680672
309,LINE,126933,227.5945498806457,85.03844723448529
309,LTR,40246,204.97704119664067,72.42166080247196
309,RC,139,273.52517985611513,32.26984491990474
309,Retroposon,548,173.97262773722628,96.50116853246645
309,SINE,112462,177.40460777862745,84.96955446847949
310,DNA,32812,227.63037912958674,62.81211940546099
310,LINE,126723,227.81466663510176,84.86492856764464
310,LTR,40336,205.8617612058707,72.18381950002477
310,RC,116,272.55172413793105,47.11016890511779
310,Retroposon,547,166.0073126142596,93.70875541976278
310,SINE,111844,177.61648367368835,85.47382412019782
311,DNA,32597,226.89321103169004,63.274577485377506
311,LINE,127939,227.4236315744222,85.17492081499402
311,LTR,40324,204.372011705188,72.21557304686652
311,RC,146,274.3424657534247,43.448195945359586
311,Retroposon,530,164.50754716981132,93.1523854990966
311,SINE,112715,177.60831300181874,85.43992055268605
312,DNA,32348,227.13821565475453,62.81908507898684
312,LINE,126890,227.89951138781623,84.74708641180338
312,LTR,40584,205.16343879361324,72.38051202060348
312,RC,146,273.5753424657534,35.72245286344916
312,Retroposon,540,164.29444444444445,95.29461318704817
312,SINE,112066,177.4817696714436,85.49709892198358
313,DNA,32629,227.9577982776058,62.80137705896472
313,LINE,126752,227.8842779601111,84.94765922453566
313,LTR,40611,205.1893329393514,72.43495437308657
313,RC,127,277.3228346456693,39.88050692894545
313,Retroposon,535,149.14392523364486,91.6760439947998
313,SINE,112205,177.75034089389956,85.07467804745035
314,DNA,32843,227.07502359711353,62.89107303116588
314,LINE,127132,227.67656451562155,85.12402302325533
314,LTR,40447,205.54083121121468,72.59551053172808
314,RC,108,269.3333333333333,39.208606387052505
314,Retroposon,530,167.7056603773585,96.92759486960054
314,SINE,112862,177.622990909252,85.27519952449177
315,DNA,32472,227.35572185267307,62.774377792972935
315,LINE,126999,228.0160237482185,84.71493611913942
315,LTR,39905,204.9060268136825,72.26100168402859
315,RC,157,272.6624203821656,36.15493097258237
315,Retroposon,502,166.75697211155378,99.59117977431464
315,SINE,112845,177.6145154858434,85.3797678496676
316,DNA,32634,228.19890298461726,62.473147487832165
316,LINE,127252,227.74688806462765,84.8341408668641
316,LTR,39958,205.14592822463587,72.57785733236246
316,RC,99,277.1515151515151,38.750005183802486
316,Retroposon,555,158.45945945945945,96.17862359040002
316,SINE,113192,178.0796522722454,85.12876378288533
317,DNA,32505,227.41156745116135,63.187341685083204
317,LINE,126497,227.83183000387362,84.76640291782692
317,LTR,40029,204.72737265482525,72.28051226240852
317,RC,142,273.11267605633805,45.6337376108037
317,Retroposon,488,162.6639344262295,94.46925604988458
317,SINE,113003,177.46608497119544,85.28983400725394
318,DNA,32607,227.15067316833807,62.76010097148597
318,LINE,126791,227.30052606257541,84.94625576626929
318,LTR,40336,204.83307715192385,72.1989779114315
318,RC,141,272.2836879432624,35.29396835157406
318,Retroposon,531,161.62335216572504,97.07419134894259
318,SINE,112283,177.18561135701754,85.26703320234503
319,DNA,32695,227.07609726257837,62.400495905722046
319,LINE,127181,227.7340247363993,84.92843119934301
319,LTR,40605,205.683191725157,72.3924225248655
319,RC,158,271.49367088607596,40.30810874784865
319,Retroposon,517,173.0870406189555,95.49720324797984
319,SINE,112331,177.8463736635479,85.05004430419751
320,DNA,32662,227.78017267772947,63.45602609335582
320,LINE,126539,227.6267000687535,84.99739878265584
320,LTR,39949,205.1272872912964,72.24846878090639
320,RC,139,272.2517985611511,38.94214367904179
320,Retroposon,515,171.44077669902913,96.06206472384606
320,SINE,113082,177.1249624166534,84.99285429428087
321,DNA,32483,227.29935658652218,62.91419073829883
321,LINE,126839,227.74440826559655,84.66296951656828
321,LTR,40074,204.89604232170484,72.40238964743145
321,RC,108,277.55555555555554,42.33340624082377
321,Retroposon,533,162.39962476547842,94.28989946209586
321,SINE,112542,177.76744681985392,85.33025593460837
322,DNA,32529,227.60874911617327,63.082189132058616
322,LINE,127140,227.76467673430864,85.03303350759425
322,LTR,40166,204.65316436787333,71.90170499936484
322,RC,149,272.2013422818792,36.350083752342385
322,Retroposon,487,165.85215605749485,95.02129184543666
322,SINE,112662,177.82829170439013,85.49579676416579
323,DNA,32553,227.5045925106749,63.20527376048235
323,LINE,127218,227.4171107862095,85.14562352079483
323,LTR,39836,204.7723667034843,72.20794550356942
323,RC,148,272.6418918918919,48.72149341661306
323,Retroposon,474,160.91350210970464,95.36113297707792
323,SINE,112023,177.2872802906546,85.31528233063699
324,DNA,32323,227.37725458651735,63.00797964872712
324,LINE,126475,227.52025301442973,84.7893345543881
324,LTR,39963,205.48139529064383,71.7866237075372
324,RC,154,285.5584415584416,33.99312134638361
324,Retroposon,512,165.966796875,96.27847017598218
324,SINE,112205,177.68455951160823,85.09307031878059
325,DNA,32419,228.43992720318332,62.602495064969645
325,LINE,126808,227.69787395117027,85.10082402863927
325,LTR,40249,205.78387040671817,71.96619738300603
325,RC,141,271.468085106383,46.00023946769142
325,Retroposon,456,170.33991228070175,95.68639742734536
325,SINE,112249,177.31251948792416,85.29404462224478
326,DNA,32557,227.7542771139847,62.51302563333461
326,LINE,127472,227.71596115225304,84.89146262982308
326,LTR,40285,205.00940796822638,71.38693968689056
326,RC,110,270.4,35.731880341332065
326,Retroposon,503,157.76143141153082,98.31866245639978
326,SINE,112111,177.78030701715264,85.47062823721032
327,DNA,32366,228.01541741333497,62.91043601411131
327,LINE,126263,227.29835343687384,85.02331194367251
327,LTR,40465,205.5324107253182,72.06867198621576
327,RC,130,274.84615384615387,44.78984458015894
327,Retroposon,494,164.71457489878543,95.23640684308728
327,SINE,112867,178.0429532104158,85.295953276057
328,DNA,33023,227.3427611058959,62.41862662291627
328,LINE,126689,227.83095612089448,84.93960414586293
328,LTR,39940,204.95222834251376,72.57342333080939
328,RC,116,266.0344827586207,46.132293094011395
328,Retroposon,509,171.3222003929273,92.92419496605558
328,SINE,112399,177.76828085659125,85.25705377983824
329,DNA,32788,227.22694278394533,63.09447022289544
329,LINE,127339,227.47351557653192,84.92264984925417
329,LTR,40186,204.9357736525158,72.02307530987173
329,RC,138,275.3188405797101,46.10322153968098
329,Retroposon,429,157.2214452214452,93.4990116585631
329,SINE,112110,177.7884488448845,85.4753241452876
330,DNA,32529,226.75809277875126,62.86791295362067
330,LINE,126415,228.0733694577384,84.4649021606964
330,LTR,39771,204.46772774131904,72.59985442964575
330,RC,134,275.64179104477614,37.88974637516393
330,Retroposon,432,161.53240740740742,95.70795598407081
330,SINE,112590,177.85429434230394,85.49357865526613
331,DNA,32452,227.43069764575372,62.67655185309872
331,LINE,127657,228.12253147105133,85.11330654223748
331,LTR,40284,204.92168106444245,71.90471025848532
331,RC,107,273.74766355140184,43.13922114599502
331,Retroposon,530,172.7433962264151,97.32863122632607
331,SINE,112258,176.85636658411872,85.2048696861245
332,DNA,32495,228.07890444683798,62.63887262734845
332,LINE,126366,228.01601696658912,85.00001785577186
332,LTR,40207,205.72024771805906,72.25069680739726
332,RC,107,261.3457943925234,50.76592845264095
332,Retroposon,521,168.53358925143954,94.1696070854795
332,SINE,112743,177.75290705409648,85.4484076649868
333,DNA,32598,227.19949076630468,62.91481246551252
333,LINE,126758,227.87114817210747,85.08078122417182
333,LTR,40512,204.53537223538706,72.14138737030054
333,RC,124,272.1209677419355,42.19627577625846
333,Retroposon,571,166.66374781085815,95.01475080964015
333,SINE,112728,177.9587147824853,85.45011307619114
334,DNA,32662,226.7537199191721,62.45181620044465
334,LINE,126716,227.41473057861674,85.30729384350863
334,LTR,40519,205.39988647301266,72.29643245995562
334,RC,123,265.8536585365854,43.65807330453201
334,Retroposon,566,163.21024734982333,95.27164047097484
334,SINE,111489,177.0458879351326,84.9545180986362
335,DNA,32555,227.34123790508372,62.785910303021765
335,LINE,127341,227.42548747064967,84.95688161458531
335,LTR,40193,204.33767073868583,72.0815153792697
335,RC,133,275.38345864661653,40.48702044023479
335,Retroposon,492,158.52439024390245,94.90772912356731
335,SINE,112386,177.62222162902853,85.09679804280077
336,DNA,32731,226.91427087470595,62.5660408643133
336,LINE,126953,227.39123927752792,84.95821250438014
336,LTR,39860,205.24330155544405,72.2411982811034
336,RC,131,264.85496183206106,54.015423601325246
336,Retroposon,538,161.20817843866172,97.1969093624829
336,SINE,112746,177.76822237596014,85.07686507499571
337,DNA,32726,227.88315101142823,63.302844906374254
337,LINE,127222,227.2123532093506,84.85395049886505
337,LTR,39984,205.42246898759504,71.97856595493765
337,RC,158,275.37974683544303,40.17502965189751
337,Retroposon,477,159.9308176100629,96.31293680812638
337,SINE,111857,177.41598648274135,85.10909981834932
338,DNA,32419,227.79758783429472,62.607802034889076
338,LINE,126845,228.14784973786905,84.77671164331171
338,LTR,39862,205.17926847624304,71.9174055029516
338,RC,154,267.97402597402595,42.40940658519541
338,Retroposon,517,161.25725338491296,98.34426942837094
338,SINE,112786,177.90559111946519,85.51798996310238
339,DNA,32450,227.69852080123266,62.417976656012016
339,LINE,127162,227.79991664176404,84.88235962331338
339,LTR,39740,204.89859084046302,72.30053019417291
339,RC,152,272.8355263157895,37.398009389564294
339,Retroposon,477,170.0943396226415,96.93615390769922
339,SINE,112605,176.98591536787887,85.00584546262048
340,DNA,32464,227.40447880729423,63.07791602684898
340,LINE,126086,228.33991878559078,84.87822675308995
340,LTR,40227,205.87814154672236,71.89423643624495
340,RC,130,273.83846153846156,41.113502151624076
340,Retroposon,496,165.61290322580646,98.38286876161331
340,SINE,111862,177.95255761563354,85.31827030844298
341,DNA,32444,228.30649734927874,62.14345128403333
341,LINE,126706,227.5037488358878,84.7052983433391
341,LTR,40006,205.66585012248163,72.35626450252265
341,RC,120,275.44166666666666,48.316973524379144
341,Retroposon,525,161.42857142857142,94.8398205640745
341,SINE,111870,177.94353267185124,85.45731809620737
342,DNA,32537,227.5416909979408,63.03180549569011
342,LINE,126791,227.55780773083262,85.05487118448977
342,LTR,40117,204.9127801181544,72.06343327635228
342,RC,155,272.56129032258065,42.70772142485255
342,Retroposon,575,164.1304347826087,96.63736982988024
342,SINE,112593,177.4948620251703,85.36432738783033
343,DNA,32772,227.08073965580374,62.76434306005671
343,LINE,127420,228.0144168890284,84.49785125312935
343,LTR,39920,204.62164328657315,72.39610918935162
343,RC,138,280.4855072463768,43.0852265455554
343,Retroposon,549,164.6593806921676,95.97234445486318
343,SINE,112781,177.98052863514243,85.30548238859124
344,DNA,32872,228.29243733268436,63.377837114259464
344,LINE,127147,227.60562970420065,85.15726523332617
344,LTR,40320,204.1140376984127,72.66434671213767
344,RC,136,273.19117647058823,42.866844912281145
344,Retroposon,518,151.1023166023166,95.37839269908648
344,SINE,112551,178.15993638439463,85.02098527986075
345,DNA,32323,227.85010673514216,63.085304767450175
345,LINE,127056,227.59729568064475,85.14756571003593
345,LTR,39788,205.26912636975973,72.22677099975316
345,RC,141,271.59574468085106,43.04804815525746
345,Retroposon,507,166.96252465483235,95.80140833099509
345,SINE,113074,178.09560995454305,85.42118520899037
346,DNA,32520,228.34471094710946,62.52730861946987
346,LINE,126937,227.64270464876276,85.08609890501202
346,LTR,40440,205.44226013847677,72.46886182464732
346,RC,140,261.0,40.77499233598947
346,Retroposon,558,161.9372759856631,96.40506690995593
346,SINE,112529,178.05057362990874,85.45361314280379
347,DNA,32623,227.620053336603,62.364330157786526
347,LINE,125894,227.7366911846474,84.92018152090202
347,LTR,39889,205.08260422672916,72.18500150345307
347,RC,117,270.13675213675214,42.50910530575572
347,Retroposon,521,156.91746641074857,97.41542373411336
347,SINE,112079,177.60827630510622,85.14750615194994
348,DNA,32422,227.48405403738204,63.3214072695039
348,LINE,126762,227.66049762547135,84.6925223824401
348,LTR,39837,205.1374601501117,72.24285208684552
348,RC,149,263.2147651006711,46.19546503765812
348,Retroposon,525,167.63619047619048,96.90876919759269
348,SINE,112675,177.8929221211449,85.08687493798934
349,DNA,32836,227.76787672067243,63.19572470536926
349,LINE,126571,227.80029390618705,84.82295687813668
349,LTR,40288,204.7143566322478,72.12078332363805
349,RC,134,279.4850746268657,36.10385828693917
349,Retroposon,514,160.70817120622567,96.22268904233961
349,SINE,113001,177.9932478473642,85.22648588560335
350,DNA,32439,227.3300040075218,63.022542633759464
350,LINE,126951,227.39764160975494,85.0754397669709
350,LTR,39857,205.03382090975236,72.3243632434065
350,RC,153,270.73856209150324,44.17075767095847
350,Retroposon,571,158.26970227670753,95.69436960718909
350,SINE,112940,178.01300690632195,85.36601110346224
351,DNA,32006,227.37552333937387,62.45240281838575
351,LINE,127197,227.86053916365952,85.11096265978401
351,LTR,40648,204.65730171226136,72.19829523743063
351,RC,129,271.93023255813955,38.01920894473116
351,Retroposon,517,165.70599613152805,97.6210384090534
351,SINE,112139,177.17662900507406,84.96630013041279
352,DNA,32723,228.10961708889772,62.90868321208896
352,LINE,126494,227.4825367211093,85.25426711071316
352,LTR,40224,204.53269192521878,71.61311278589142
352,RC,125,273.376,41.61243352653146
352,Retroposon,469,162.3368869936034,89.15665965765723
352,SINE,112403,177.46106420647135,85.23867784943886
353,DNA,32484,227.28223125230883,63.36089163739951
353,LINE,126649,227.0340468539033,85.22648911724326
353,LTR,40181,204.15731315796023,72.44570858893302
353,RC,159,273.0503144654088,44.93010627170435
353,Retroposon,551,169.56624319419237,96.47706753010087
353,SINE,112089,177.87875705912265,85.4294159271909
354,DNA,32890,228.101185770751,63.293655867107766
354,LINE,126297,227.42005748355066,85.04271088907907
354,LTR,40115,205.4544684033404,71.8521689227203
354,RC,160,274.89375,35.0429373902574
354,Retroposon,572,163.8881118881119,97.62469916289025
354,SINE,112582,177.62588157964862,85.27290876556373
355,DNA,32413,227.5835930028075,62.72241005910064
355,LINE,126913,227.8272359805536,84.89904958549555
355,LTR,39674,205.555325906135,72.04539834567238
355,RC,168,277.48214285714283,41.60170744182058
355,Retroposon,512,168.095703125,97.66912725645123
355,SINE,112530,177.7009330845108,85.348476798347
356,DNA,32203,227.40409278638637,62.753869098581745
356,LINE,126154,228.15213152179084,84.62775204330464
356,LTR,40382,204.9064187014016,72.63130016640163
356,RC,137,274.62773722627736,41.19687595328694
356,Retroposon,480,161.67708333333334,94.0776158720007
356,SINE,112683,176.8356717517283,84.90263069124349
357,DNA,32834,227.7676493878297,62.071275839267415
357,LINE,127576,227.5073995108798,85.18735603993657
357,LTR,39813,204.8057920779645,71.98727661875553
357,RC,123,269.6910569105691,35.01036549907577
357,Retroposon,519,166.5664739884393,92.76644650207919
357,SINE,112868,178.1777563171138,85.25012016338086
358,DNA,32561,227.4180154172169,62.670495166466246
358,LINE,126206,228.11552541083626,84.85003254420451
358,LTR,40522,205.92418932925324,72.03630978326589
358,RC,159,276.3522012578616,38.10315993511898
358,Retroposon,522,157.98467432950193,93.6388460074072
358,SINE,112053,177.28772098917477,84.99538309270697
359,DNA,32430,227.6190564292322,62.77573891016937
359,LINE,126228,227.5858921950756,84.70440568135996
359,LTR,40167,204.75962855080041,72.79943726031355
359,RC,136,272.0,38.65743212919774
359,Retroposon,517,162.70212765957447,95.62920136694865
359,SINE,112813,177.62628420483455,85.41729402944794
360,DNA,32553,227.32021626271003,62.91877038442089
360,LINE,126029,227.33778733466107,85.03876879090741
360,LTR,39962,205.1218157249387,72.09312535056964
360,RC,135,275.68148148148146,41.10702415454382
360,Retroposon,510,169.48431372549018,95.94143816861596
360,SINE,112604,178.476146495684,85.31975334949394
361,DNA,32387,228.20150060209343,62.515626602887814
361,LINE,127312,228.05917745381424,85.11237545327523
361,LTR,39856,205.7299277398635,72.20660239827411
361,RC,151,266.8476821192053,38.02365042070751
361,Retroposon,506,165.17391304347825,95.08690320631928
361,SINE,111546,177.57913327237193,85.38316953545818
362,DNA,32452,226.88959078022927,62.61254267754538
362,LINE,125975,227.50544949394722,85.15314478718697
362,LTR,40255,205.34072785989318,72.43657174735935
362,RC,124,273.78225806451616,39.929688300866694
362,Retroposon,505,162.92871287128713,98.17976474444208
362,SINE,112058,177.28267504328116,85.31120414480382
363,DNA,32394,227.5083966166574,63.17084114691095
363,LINE,126812,227.48592404504305,85.01631586712486
363,LTR,40291,205.3321337271351,72.5198796365856
363,RC,121,269.6942148760331,43.922705018237636
363,Retroposon,505,167.0,95.27001751665506
363,SINE,113066,177.86713954681338,85.47516380625767
364,DNA,32084,226.52861239246977,62.50773365288601
364,LINE,126656,227.95701743304699,85.11252370187464
364,LTR,40607,205.98766222572462,72.07981487444803
364,RC,112,264.5267857142857,38.59935228486644
364,Retroposon,481,162.12889812889813,96.98402046311138
364,SINE,111761,177.57933447266936,85.58501364196935
365,DNA,32756,227.68283673220174,62.96420964244104
365,LINE,126968,227.80958194190663,84.47908254146233
365,LTR,39956,205.47189408349183,72.15833176601281
365,RC,122,278.24590163934425,40.185698352223504
365,Retroposon,455,160.9934065934066,98.08571022291464
365,SINE,112552,177.9170960978037,85.14288587758446
366,DNA,32591,227.49731520972048,63.05305116129839
366,LINE,126017,227.61866256140044,84.83839237564789
366,LTR,40504,204.7091398380407,72.2158940535324
366,RC,128,272.21875,41.921231475679484
366,Retroposon,475,151.46526315789473,95.64260421339551
366,SINE,113163,177.85698505695325,85.10426543592638
367,DNA,33008,227.42662384876394,62.70151910560703
367,LINE,127369,227.79527985616593,84.87032018485958
367,LTR,39528,205.40955778182555,72.30924641222488
367,RC,133,272.8646616541353,35.80981130622972
367,Retroposon,492,172.0487804878049,96.74239565153931
367,SINE,112795,177.93365840684427,85.49612712106057
368,DNA,32488,226.9673110071411,63.08614223556563
368,LINE,126865,227.82871556378828,84.91718936988224
368,LTR,40055,204.2819872675072,72.40571483644433
368,RC,131,268.29007633587787,44.841789490686
368,Retroposon,581,155.48881239242684,95.87738850734776
368,SINE,112115,177.87353164161797,85.22615489700225
369,DNA,32591,227.685618729097,62.465642693573876
369,LINE,126840,227.81895301166824,84.74925006514722
369,LTR,39656,205.3258271131733,71.96051759887087
369,RC,149,274.02013422818794,33.552817183085835
369,Retroposon,521,160.96353166986563,96.42604106562048
369,SINE,112595,178.03628047426616,85.43020430802585
370,DNA,32819,226.89454279533197,63.021896742202834
370,LINE,127094,227.7002533557839,84.66869629341778
370,LTR,40451,204.6832216756075,72.13792429569696
370,RC,138,278.6014492753623,41.960737316692494
370,Retroposon,461,160.44902386117136,97.6824956739241
370,SINE,112454,177.52340512565138,85.34902620736355
371,DNA,32663,227.060190429538,62.636149270763404
371,LINE,128068,227.50300621544804,84.63190738887488
371,LTR,40289,205.50155129191592,71.91711643450513
371,RC,120,279.4916666666667,35.99212780440869
371,Retroposon,458,154.33842794759826,93.37107899284702
371,SINE,111982,176.98401528817132,85.25736426687502
372,DNA,32763,226.7353722186613,62.471887564445495
372,LINE,127138,227.38048419827274,85.0680715319892
372,LTR,40570,204.56921370470792,72.06887439007242
372,RC,127,274.2204724409449,44.521411885880624
372,Retroposon,501,160.46506986027944,94.55806059663827
372,SINE,111585,177.8756642917955,85.43177945509898
373,DNA,32524,227.7865268724634,62.77664266547432
373,LINE,126641,227.47211408627538,84.73076961871551
373,LTR,40078,204.6171465641998,72.30805695064052
373,RC,142,271.9577464788732,41.830118073228455
373,Retroposon,470,169.5468085106383,97.49058296271564
373,SINE,112741,178.12869319945716,85.2767060907211
374,DNA,32852,228.06879337635456,62.767489818577346
374,LINE,126949,227.53696366257316,85.11136470107479
374,LTR,40049,205.21581063197584,72.37904637347833
374,RC,142,275.66901408450707,41.61201103537598
374,Retroposon,546,166.44871794871796,94.13133861054327
374,SINE,112722,177.93452032433774,85.33840863703998
375,DNA,32313,227.96626744653855,62.719935739996664
375,LINE,126600,227.89172195892576,84.80483084304595
375,LTR,40100,204.63137157107232,72.31489930650402
375,RC,132,272.95454545454544,43.68080912024695
375,Retroposon,488,168.02254098360655,92.82939525307486
375,SINE,113017,177.56734827503826,85.13736808979327
376,DNA,32690,227.65120832058733,62.70834739649003
376,LINE,127315,227.55567686447,84.85143782562811
376,LTR,39483,205.6245726008662,72.19670812632215
376,RC,142,276.13380281690144,41.64965023156645
376,Retroposon,495,153.0222222222222,96.4806858313936
376,SINE,112444,177.8686101526093,85.52369162330592
377,DNA,32309,227.49342288526418,63.087526188949624
377,LINE,126647,227.49145262027525,84.95555359331135
377,LTR,39986,205.67628670034512,72.51207586862759
377,RC,137,272.54014598540147,38.82921892485677
377,Retroposon,538,167.15985130111525,96.15784588313609
377,SINE,111662,178.16040371836434,85.22320905176456
378,DNA,32516,228.39312953622832,62.272389737287604
378,LINE,126839,227.87869661539432,84.80244247709963
378,LTR,39948,205.66108440973267,72.0935439783199
378,RC,136,276.8897058823529,34.18239846206491
378,Retroposon,517,167.37717601547388,97.55464124473394
378,SINE,111815,177.42249250994948,85.3799991591569
379,DNA,32501,226.98455432140548,62.61749062513473
379,LINE,126908,227.66110883474644,85.09356634135816
379,LTR,40398,204.82630328234072,72.01706774570006
379,RC,117,277.1709401709402,45.83923795966635
379,Retroposon,483,163.14285714285714,97.29921346924247
379,SINE,111851,177.64979302822505,85.4283555106041
380,DNA,32420,227.22643429981494,63.0756991489421
380,LINE,126603,227.60950372424034,84.96804742512043
380,LTR,39588,205.59060826513084,72.34413759539444
380,RC,111,272.4594594594595,40.97170717576954
380,Retroposon,472,167.83898305084745,94.82977347831674
380,SINE,112927,178.0493238995103,85.45355639268294
381,DNA,32359,227.16171698754596,62.841785811968585
381,LINE,127518,227.49989805360812,85.14034290372338
381,LTR,40510,204.3988151073809,72.26807569958048
381,RC,104,266.6923076923077,31.908546275939727
381,Retroposon,488,163.0389344262295,95.472726560507
381,SINE,112163,177.7445503419131,85.26714896249658
382,DNA,32640,227.2657475490196,62.52893911045833
382,LINE,126234,228.33224012548126,84.93017889559334
382,LTR,40152,204.9592050209205,71.96457849058633
382,RC,141,266.8936170212766,44.77424888831639
382,Retroposon,492,161.4471544715447,96.12366723378834
382,SINE,111886,177.146944211072,85.41329052093633
383,DNA,32204,227.4184262824494,62.41520411080454
383,LINE,126817,227.6412626067483,84.6960653223464
383,LTR,39807,204.98693697088453,72.0486393780997
383,RC,98,275.1020408163265,40.563251136636524
383,Retroposon,518,170.85714285714286,98.75263965556051
383,SINE,112749,177.7474833479676,85.16236732918186
384,DNA,32574,226.71959231288758,62.925436113751225
384,LINE,126556,227.59886532444136,84.47589127412186
384,LTR,39864,205.92685129440096,71.89328521231079
384,RC,135,271.25925925925924,40.2674324730274
384,Retroposon,496,166.72782258064515,96.16597983443475
384,SINE,112545,177.7567461904127,85.04385696532587
385,DNA,32308,227.8739631051133,62.614217728767
385,LINE,126712,227.15255066607742,85.16563410565935
385,LTR,40130,204.60864689758284,71.93146411353818
385,RC,120,271.05,36.548563583265484
385,Retroposon,486,163.39711934156378,96.70489193101376
385,SINE,112345,177.39980417464062,85.1601608270213
386,DNA,32465,226.7479439396273,62.717149870567305
386,LINE,125828,228.06539879835967,84.74077130745752
386,LTR,39730,205.54656430908634,72.21077469310036
386,RC,171,270.2456140350877,46.1332727544049
386,Retroposon,516,158.21511627906978,94.03868083096626
386,SINE,112803,177.14867512388855,85.19701323180138
387,DNA,32565,226.872931060955,62.94130152043852
387,LINE,126427,228.09379325618735,84.67965978657531
387,LTR,40349,205.06919626260873,72.32198163651925
387,RC,137,271.2773722627737,40.970120842561855
387,Retroposon,486,160.8641975308642,95.5375417671372
387,SINE,112892,177.56857881869396,85.28418679507838
388,DNA,32462,228.10233503789047,62.88760581807081
388,LINE,126613,227.8915435223871,84.68492075569384
388,LTR,40256,204.2778716216216,72.27981746187626
388,RC,144,272.5,45.014041019318505
388,Retroposon,528,161.6723484848485,95.17850371132677
388,SINE,112192,177.54517256132345,84.97068621119436
389,DNA,32743,227.65864459579146,62.948845236869765
389,LINE,127126,228.2520491480893,84.624269345359
389,LTR,40204,204.761068550393,72.22510605251104
389,RC,144,272.28472222222223,42.01350034255597
389,Retroposon,519,165.02119460500964,99.69971066200428
389,SINE,112499,177.59410305869386,85.18151517884863
390,DNA,32503,227.64181767836814,62.84693073254782
390,LINE,127813,227.83835760055706,85.00938329547506
390,LTR,40392,205.1921667656962,72.49224017889638
390,RC,131,275.2671755725191,44.2665114625128
390,Retroposon,483,163.6024844720497,98.3406813096831
390,SINE,112797,177.359424452778,85.31224889570353
391,DNA,32390,228.54353195430687,62.46383235582204
391,LINE,127178,227.58234914843763,84.86846604655925
391,LTR,39899,204.44101355923706,72.06546441825574
391,RC,150,264.81333333333333,43.286855074285796
391,Retroposon,501,157.44111776447104,98.9853263684853
391,SINE,112657,177.46674418811082,85.33399951280917
392,DNA,32210,227.53570319776466,62.220512864251
392,LINE,126741,227.57844738482416,84.82403437352838
392,LTR,40264,206.05205642757798,72.16857089425237
392,RC,134,262.3805970149254,45.279693774365235
392,Retroposon,480,166.05833333333334,94.54487874666836
392,SINE,112460,177.54313533700872,85.08803632878815
393,DNA,32253,227.88931262208166,62.678462623194136
393,LINE,127191,227.66768875156262,84.94380533544935
393,LTR,40328,205.16445149771872,72.34150659623732
393,RC,165,271.7090909090909,37.754713642191184
393,Retroposon,538,180.58550185873605,95.70127165169676
393,SINE,112344,177.35580894395784,85.02589833836379
394,DNA,32565,226.93750959619223,62.82114186037069
394,LINE,127099,227.7770635488871,84.60615091929597
394,LTR,40358,204.51278556915605,71.87600255208613
394,RC,127,274.43307086614175,37.0410690461492
394,Retroposon,519,172.07707129094413,96.92929824208969
394,SINE,112827,177.8281528357574,85.25281218306971
395,DNA,32748,227.86719799682425,62.917930981294234
395,LINE,127653,228.05564303228283,84.9466490004422
395,LTR,40178,204.947657922246,72.34795171181476
395,RC,127,281.81102362204723,45.16823012182373
395,Retroposon,549,172.82695810564664,100.18933406924454
395,SINE,112771,177.58115118248486,85.10719075003648
396,DNA,32547,227.39585829723168,62.9695016116013
396,LINE,127809,227.83601311331753,85.01342600655904
396,LTR,40182,205.24175003733015,72.17712963888356
396,RC,134,269.55970149253733,39.297280904383925
396,Retroposon,471,164.5244161358811,99.45571056260474
396,SINE,112041,177.53647325532617,85.2678216889083
397,DNA,32170,228.0008703761268,62.81655723190387
397,LINE,126486,227.84151605711304,84.97606768781293
397,LTR,40285,204.94074717636838,72.76125625055032
397,RC,125,268.008,44.1126731903656
397,Retroposon,493,150.80121703853956,95.5321226018928
397,SINE,111886,177.25659153066513,85.22963953237053
398,DNA,32429,228.50938974374787,62.25291927262737
398,LINE,126011,228.03384625151773,84.67159287228145
398,LTR,40219,205.35237077003407,72.37431641718901
398,RC,128,270.390625,43.1887634357523
398,Retroposon,564,165.53191489361703,95.9808678624233
398,SINE,113619,176.2572897138683,85.00887691716102
399,DNA,32731,227.8531361706028,63.069659509266195
399,LINE,126506,227.67476641424122,84.77835992283278
399,LTR,40304,204.84678940055576,72.13119582805805
399,RC,129,276.4108527131783,42.412081868497886
399,Retroposon,478,162.60878661087867,93.9803220199823
399,SINE,112550,178.21082185695246,85.30298479385068
400,DNA,32412,227.3342589164507,62.8935955704705
400,LINE,126901,227.28911513699654,84.84020012407815
400,LTR,39962,204.60642610479957,72.26290977027185
400,RC,128,271.8125,38.02563896570313
400,Retroposon,484,158.6404958677686,95.60954348999731
400,SINE,112562,177.3069508359837,85.1535767829737
401,DNA,32620,227.3270692826487,62.882591222875284
401,LINE,126302,227.61345030165793,85.03443614118524
401,LTR,39847,205.1165708836299,72.38429507025101
401,RC,136,273.0220588235294,46.006148392132246
401,Retroposon,489,156.60327198364007,92.77779856999481
401,SINE,113129,178.07541832774973,85.28177170054832
402,DNA,32134,227.85831206821436,62.68992053962233
402,LINE,126556,227.54176016941116,84.94369528518541
402,LTR,40369,205.75399440164483,72.41051146030078
402,RC,120,272.1166666666667,33.28818192024845
402,Retroposon,519,169.5684007707129,93.72975256523179
402,SINE,112459,177.42202046968228,85.10206430314152
403,DNA,32516,227.91757903801206,62.250703230128444
403,LINE,126362,227.81383643816972,84.91441997270819
403,LTR,40014,204.70042984955265,72.99745325318999
403,RC,155,270.9548387096774,42.39527392033736
403,Retroposon,516,156.57364341085272,94.92857577741624
403,SINE,113128,177.37893359734107,85.46946027099699
404,DNA,32629,226.56698029360385,63.203681943992315
404,LINE,126686,228.2022954391172,84.79933733783892
404,LTR,40187,204.93415781222782,72.50289314612705
404,RC,127,270.3622047244094,41.594909836097116
404,Retroposon,520,157.89807692307693,96.12323418481054
404,SINE,112747,177.72319440872042,85.25165520866871
405,DNA,32775,227.31710144927536,62.818849256866436
405,LINE,126488,227.91781038517487,84.86862704105836
405,LTR,39806,204.26551273677336,72.29851474813184
405,RC,152,262.7763157894737,44.4059024894245
405,Retroposon,483,162.43478260869566,99.32703888430466
405,SINE,112693,177.98072639826785,85.29831626346898
406,DNA,32741,227.4440304205736,62.524078544525736
406,LINE,125958,227.86354181552582,84.68805079251571
406,LTR,40553,204.64254185880205,71.94687333521598
406,RC,119,268.8235294117647,41.84960007214782
406,Retroposon,459,169.99346405228758,96.34077340145633
406,SINE,112709,177.79850766132253,85.64707299125675
407,DNA,32152,227.55128763373975,62.609909685509784
407,LINE,127141,227.2848569698209,85.11992257167921
407,LTR,40271,205.2600382409178,72.18104338398636
407,RC,129,268.984496124031,38.247254447974754
407,Retroposon,588,166.06972789115648,93.28952574759758
407,SINE,112499,177.66610369869954,85.41293944250204
408,DNA,32887,227.1627694833825,63.03571892795622
408,LINE,126584,227.45410952411046,85.13574463962462
408,LTR,40209,204.437812430053,72.57057644798078
408,RC,105,273.4761904761905,38.659957194097274
408,Retroposon,521,170.3454894433781,96.1361579603159
408,SINE,111952,177.08209768472202,84.78260143788849
409,DNA,32258,227.4518259036518,62.93392775061483
409,LINE,126562,228.21481961410217,84.73773589874017
409,LTR,40401,204.88648795821885,72.46772478292588
409,RC,140,272.45,43.064789230049314
409,Retroposon,443,163.66365688487585,97.27284570801397
409,SINE,112349,177.72327301533613,85.30774708739224
410,DNA,32369,228.04572275943033,62.96961904410028
410,LINE,127038,228.1973031691305,84.57184256790447
410,LTR,39498,205.3797660641045,72.0103783832015
410,RC,143,279.4755244755245,44.88148062449148
410,Retroposon,538,165.93308550185873,96.38512425019242
410,SINE,112966,177.77975674096632,85.5888692934023
411,DNA,32044,228.06628385969293,62.42902628857206
411,LINE,127675,227.45415312316428,85.07881713681095
411,LTR,40365,205.1642759816673,72.25294107348505
411,RC,137,275.37226277372264,38.99111021632691
411,Retroposon,448,177.29241071428572,98.84559900371256
411,SINE,112282,177.57270978429312,85.31503615154118
412,DNA,32664,227.71111927504285,62.59984386497231
412,LINE,126497,227.54422634528882,84.89110561682557
412,LTR,40016,205.4576919232307,72.18907918826109
412,RC,115,274.11304347826086,43.768315960767644
412,Retroposon,548,159.4397810218978,95.32800666869365
412,SINE,112635,178.04752519199184,85.43875644895425
413,DNA,32247,228.0180171798927,62.731453292405156
413,LINE,126005,227.72449505971986,85.25865862333964
413,LTR,40157,204.36003685534277,72.45465088365651
413,RC,119,273.79831932773106,37.01704804431111
413,Retroposon,524,159.72519083969465,94.88120764353117
413,SINE,112746,177.9942703067071,85.04719620463712
414,DNA,32900,227.18823708206688,62.86380832075137
414,LINE,125940,227.68099888835954,85.24055150486708
414,LTR,40204,204.09931847577354,72.57141927073505
414,RC,129,267.4263565891473,39.906241899476214
414,Retroposon,478,164.31589958158995,94.44868987534889
414,SINE,111957,177.73084309154407,85.19365961328971
415,DNA,32850,227.6572298325723,62.803173098421404
415,LINE,126669,227.510803748352,85.00592377726066
415,LTR,40296,205.4452799285289,72.20422874565776
415,RC,123,273.1056910569106,44.70023244480951
415,Retroposon,507,161.71005917159763,93.92489738358626
415,SINE,113006,177.25278303806877,85.29855697753366
416,DNA,32534,227.47750046105614,63.36404778823489
416,LINE,126186,228.46474252294232,84.96735366152012
416,LTR,40000,204.6039,71.85346724264599
416,RC,103,274.05825242718447,34.73361183523456
416,Retroposon,468,161.64529914529913,100.04314368091441
416,SINE,112714,177.34301861348192,85.3705516137799
417,DNA,32512,227.44854207677164,62.97849460093697
417,LINE,126657,227.37194943824662,84.87389946843139
417,LTR,40079,205.192794231393,72.09470874545435
417,RC,136,265.6029411764706,42.61856806945369
417,Retroposon,543,162.38489871086557,97.33436661737507
417,SINE,112825,177.55329935741193,85.41628461386881
418,DNA,32676,227.67664340800587,62.83335957300887
418,LINE,126555,227.88171150883016,84.26193703447743
418,LTR,39858,203.86717848361684,72.11937427480815
418,RC,143,269.006993006993,43.53609490399273
418,Retroposon,506,163.43873517786562,95.88514828502551
418,SINE,112596,177.776714980994,85.4085113877149
419,DNA,32705,228.18758599602506,63.05760796309715
419,LINE,126687,227.99322740296952,84.89905953385315
419,LTR,40078,204.32703727730924,72.43701592812093
419,RC,130,269.9307692307692,38.649746433945516
419,Retroposon,490,161.28775510204082,94.83285431866817
419,SINE,113046,177.42528705128885,84.80369366106964
420,DNA,32577,227.4920342572981,62.74822339828556
420,LINE,126918,227.95255992057864,84.69908783976081
420,LTR,40010,204.71809547613097,72.19515011444238
420,RC,125,272.816,45.43256699769451
420,Retroposon,551,173.36116152450091,100.95449307111667
420,SINE,112263,177.52878508502357,84.81483631282266
421,DNA,32407,227.26383188817232,62.81142984649965
421,LINE,127527,228.02773530311228,84.74727218451756
421,LTR,39687,205.07133318215034,71.72335639975084
421,RC,145,272.90344827586205,41.495878339226365
421,Retroposon,483,169.80745341614906,96.24159873708126
421,SINE,112878,178.03975088148266,85.3587402459912
422,DNA,32793,227.11063336687707,62.753158586944565
422,LINE,127451,227.8278632572518,84.91500977632161
422,LTR,40291,205.1416445360006,72.43917334369748
422,RC,105,272.62857142857143,38.790341739212586
422,Retroposon,490,159.71428571428572,96.79827541051019
422,SINE,112395,177.87752124204815,85.24441899538074
423,DNA,32253,228.61529160078132,62.52867299703633
423,LINE,127145,228.14687954697393,84.87612512746975
423,LTR,39993,204.93246318105668,72.1059174801905
423,RC,138,271.42753623188406,42.92171635092843
423,Retroposon,534,172.625468164794,99.8690443432761
423,SINE,113342,177.08259074306082,85.38841540254457
424,DNA,32479,228.4781243264879,62.351585837020444
424,LINE,126301,228.01887554334488,84.60738745874708
424,LTR,40218,204.55999801084093,72.35163891033213
424,RC,127,271.1417322834646,43.89944207301533
424,Retroposon,521,169.12476007677543,94.73197761429849
424,SINE,112101,177.39831937270853,84.98451429885823
425,DNA,32744,226.49905326166626,62.99545180052491
425,LINE,127063,227.2501121490914,84.77486676368687
425,LTR,39924,203.61965233944494,72.57928606547692
425,RC,143,274.04895104895104,38.8188060313156
425,Retroposon,575,162.69391304347826,96.30524053369737
425,SINE,111537,177.40106870365886,85.03858427049825
426,DNA,32208,227.65642076502732,62.67566866122729
426,LINE,128115,228.14824181399524,84.71991180013478
426,LTR,39962,204.53796106300985,72.3746724440083
426,RC,128,276.5234375,38.29367703268509
426,Retroposon,516,168.0503875968992,98.1372110352248
426,SINE,112813,177.7169829718206,85.20818727596765
427,DNA,32241,227.2408113892249,62.505352977023975
427,LINE,126601,227.62338370155055,85.01009484794025
427,LTR,40060,204.9290064902646,71.84310200292964
427,RC,146,269.1232876712329,45.17271124524199
427,Retroposon,534,165.61610486891385,94.23947801366808
427,SINE,112722,177.07960291691063,85.18209551449496
428,DNA,32388,227.3574163270347,62.98602809633694
428,LINE,127277,227.79273552959293,84.90564943528533
428,LTR,40263,205.7085910140824,72.07766212429088
428,RC,120,274.7,50.91407794837625
428,Retroposon,541,165.49353049907577,93.69024382554517
428,SINE,112584,178.26289703687914,85.28596759852576
429,DNA,32705,227.47448402384956,62.44239417278613
429,LINE,127073,227.96850629165914,84.88704749751594
429,LTR,39337,204.82571116251876,71.99295318556982
429,RC,130,273.83076923076925,42.07102757179513
429,Retroposon,488,165.5389344262295,97.69208967848829
429,SINE,113235,177.88736698017397,85.1272400811163
430,DNA,32180,227.27781230577997,63.02939826229677
430,LINE,126349,227.80242819492042,85.12628378317615
430,LTR,39966,205.5928038833008,72.48227445626773
430,RC,130,276.9384615384615,36.61898495550631
430,Retroposon,493,164.2576064908722,98.96700009324168
430,SINE,112656,177.71162654452493,85.13270553219627
431,DNA,32142,228.3546450127559,62.575797209566424
431,LINE,126331,227.4845762322787,84.93364869808207
431,LTR,40028,205.40224342959928,72.28050381742666
431,RC,140,276.1,36.71653967511489
431,Retroposon,486,156.440329218107,98.86709882221307
431,SINE,112778,177.65873663303125,85.2559704221403
432,DNA,32481,227.66602013484805,62.27719165394678
432,LINE,126930,227.8625226502797,84.99517288652143
432,LTR,39776,204.59440366049878,72.26692142520756
432,RC,135,271.31851851851854,43.24069616937983
432,Retroposon,520,157.8673076923077,93.65515555473841
432,SINE,113097,177.81957965286435,85.35493015528533
433,DNA,32396,227.49768489937028,62.6863609581704
433,LINE,125998,227.97249162685122,84.73505312379486
433,LTR,40472,205.7278859458391,72.37206784382317
433,RC,144,274.71527777777777,40.71882979559751
433,Retroposon,521,164.4971209213052,96.75921641373876
433,SINE,112614,177.8620952989859,85.40866879237525
434,DNA,32372,227.0441121957247,62.687933439229525
434,LINE,126797,227.89239493047944,84.91828430507475
434,LTR,40141,204.78139558057845,72.16071264801712
434,RC,125,273.368,44.551010942513976
434,Retroposon,523,162.33460803059273,94.87706087307554
434,SINE,112124,177.40181406300167,85.4805851336757
435,DNA,32521,227.3035577011777,62.630911519114406
435,LINE,126632,227.5546702255354,85.17898592402142
435,LTR,40530,205.37137922526523,72.33030098212879
435,RC,143,268.3076923076923,47.04056139495869
435,Retroposon,512,159.654296875,96.67759938953989
435,SINE,112539,177.49676112281077,85.34933483930544
436,DNA,32388,226.9652649129307,62.87120564724126
436,LINE,126510,227.8699549442732,84.6671197356146
436,LTR,40021,205.5064341220859,72.19938016229803
436,RC,112,271.9642857142857,45.02081434725271
436,Retroposon,526,157.8574144486692,94.72132737390571
436,SINE,112228,178.14995366575187,85.33617646145477
437,DNA,32536,227.76770346692894,63.06364147656575
437,LINE,127632,227.78460730851197,85.06694097131158
437,LTR,39980,204.46043021510755,72.1967651384966
437,RC,143,265.35664335664336,41.6600302472463
437,Retroposon,523,164.0057361376673,93.94389301076643
437,SINE,112028,178.14005427214624,85.18302461325379
438,DNA,32510,228.021931713319,62.89712305559628
438,LINE,127038,227.38024842960374,84.8658820291291
438,LTR,39809,205.41171594363084,72.3009617724184
438,RC,139,270.705035971223,43.03360795341142
438,Retroposon,574,161.71951219512195,97.33560107175062
438,SINE,112457,177.88405346043376,85.50132358458102
439,DNA,32296,227.5813103789943,62.41836840910389
439,LINE,126917,227.6566811380666,85.15326890869848
439,LTR,40498,205.4094029334782,72.06828274031994
439,RC,127,269.748031496063,40.44184480319391
439,Retroposon,475,166.15578947368422,97.75740619759709
439,SINE,112998,177.71328696083117,85.46654265068753
440,DNA,32321,227.302527768324,63.346648921842885
440,LINE,127424,227.27932728528378,84.90370663279037
440,LTR,40674,205.2886364753897,72.13065899156871
440,RC,152,275.75,41.73352968537409
440,Retroposon,482,161.34854771784234,92.77983849684604
440,SINE,112485,177.8909810196915,85.31324114172592
441,DNA,32389,228.9060174750687,63.069763368191815
441,LINE,126541,227.4655487154361,85.10612569982382
441,LTR,40703,205.66402967840207,72.15798328936364
441,RC,123,269.6910569105691,41.567484572435795
441,Retroposon,534,161.51498127340824,95.807717274858
441,SINE,113568,177.4657297830375,85.0591980462408
442,DNA,32584,227.63463663147556,62.851440922106754
442,LINE,126766,227.9041935534765,85.01737556084204
442,LTR,40169,205.08429385844806,72.27686211889922
442,RC,120,264.48333333333335,42.47469508097995
442,Retroposon,547,172.3180987202925,98.46359632070663
442,SINE,112446,178.2194208775768,85.5790835984465
443,DNA,32462,227.95536319388825,62.76748916283348
443,LINE,127780,228.1789560181562,84.6181068136467
443,LTR,40159,203.9089369755223,72.48371328796723
443,RC,136,271.9264705882353,39.02518650385799
443,Retroposon,490,163.71428571428572,95.24775427209585
443,SINE,112726,177.44709295104946,85.12754926020814
444,DNA,32551,228.04033670240545,63.19965336624596
444,LINE,127197,227.8911295077714,84.81887236433204
444,LTR,40479,205.38041947676572,72.21101519295684
444,RC,141,275.4751773049645,36.4243277678169
444,Retroposon,479,170.47807933194156,96.83220016715985
444,SINE,112147,177.75884330387794,85.25454634291972
445,DNA,32502,226.70392591225155,62.844025512734135
445,LINE,126466,228.13280249236948,84.86005947910095
445,LTR,40078,205.34619991017516,72.26041744581707
445,RC,95,271.2842105263158,49.60043784991265
445,Retroposon,503,170.610337972167,97.68325924977695
445,SINE,112368,178.05069058806777,85.13423167385942
446,DNA,32162,226.7708786766992,62.97920909882113
446,LINE,127905,227.53614792228606,84.85370146206073
446,LTR,40619,204.57847312833894,72.48143010359594
446,RC,120,279.26666666666665,47.222652285623354
446,Retroposon,495,162.63030303030303,94.99606951416725
446,SINE,112244,177.38549053846975,85.28675185386648
447,DNA,32391,228.01901762835357,62.90083095192726
447,LINE,126667,227.74538751213814,84.76402103454004
447,LTR,40488,204.7501481920569,72.2964814597089
447,RC,127,271.5590551181102,42.269412172473025
447,Retroposon,499,156.99599198396794,94.21273833243637
447,SINE,112587,177.79280023448533,85.49064727672322
448,DNA,32498,227.80968059572896,62.587112501828436
448,LINE,126772,227.73481525888997,84.97810521562617
448,LTR,39949,205.21074369821523,72.4670752955957
448,RC,140,275.5785714285714,37.68195245493958
448,Retroposon,565,167.1433628318584,95.52114520676413
448,SINE,112832,177.47959798638684,84.97835345858098
449,DNA,32290,227.28631155156395,62.55947236697153
449,LINE,126469,227.73029754327146,85.03793492860491
449,LTR,40083,204.80410647905595,72.58571019184441
449,RC,129,277.9922480620155,39.46532107831424
449,Retroposon,521,169.01151631477927,99.06974153066227
449,SINE,112941,177.33671563028483,85.14900978017042
450,DNA,32427,227.21346408856817,62.680161748597826
450,LINE,126922,227.38542569452105,84.80993641342172
450,LTR,40210,205.3125093260383,72.54618009860343
450,RC,106,279.0377358490566,35.30859228591878
450,Retroposon,533,168.07129455909944,97.7197748245334
450,SINE,112529,177.70048609691725,85.32796171702257
451,DNA,32680,227.44176866585067,62.99166640345614
451,LINE,126096,227.1234852810557,85.06405627518043
451,LTR,39991,205.17116351179016,72.10445146678771
451,RC,131,268.60305343511453,41.69640901837566
451,Retroposon,472,154.00635593220338,95.79271164170018
451,SINE,112668,177.67229381900805,85.09250803763217
452,DNA,32578,228.08333844926022,62.35191819227729
452,LINE,126635,227.6930864295021,84.55406408916781
452,LTR,39956,204.70695264791271,72.06160979245696
452,RC,145,265.8551724137931,45.75843307395989
452,Retroposon,514,160.39494163424123,94.44821143713435
452,SINE,113118,177.27241464665218,85.23752575895993
453,DNA,32155,227.36824755092522,63.02803787778385
453,LINE,127124,227.4258519241056,84.89466966508063
453,LTR,40021,205.3850728367607,72.49543731943373
453,RC,140,275.6857142857143,42.64824325879349
453,Retroposon,522,171.42528735632183,94.18437516541991
453,SINE,112615,177.90324557119388,85.27003429407411
454,DNA,32715,228.00568546538284,62.89509688651783
454,LINE,127486,228.15404044365656,84.63918028558545
454,LTR,40378,205.04465302887712,72.42846315343274
454,RC,153,272.44444444444446,37.39593646249609
454,Retroposon,488,171.84631147540983,93.21497576948815
454,SINE,113323,177.84756845477088,85.37093169650215
455,DNA,32323,228.53590322680444,63.0091397359222
455,LINE,126171,227.7383630152729,84.70487661625916
455,LTR,40354,204.3276750755811,72.10572837604393
455,RC,119,281.94117647058823,42.10097787595575
455,Retroposon,550,164.65454545454546,95.34450800445492
455,SINE,113036,177.93176510138363,85.33843221067
456,DNA,32400,227.3548148148148,63.18840265352479
456,LINE,127267,228.4577463128698,84.91530319419932
456,LTR,40506,204.76080086900706,72.40756734628337
456,RC,111,270.76576576576576,39.71859458673147
456,Retroposon,443,163.73363431151242,98.63417794227995
456,SINE,112088,177.65519056455642,85.2897342805293
457,DNA,32477,228.14868984204207,63.14714023297642
457,LINE,126474,227.90622578553695,84.70532141032615
457,LTR,39892,205.32081620375013,72.07471901215744
457,RC,113,277.21238938053096,34.65083771668229
457,Retroposon,532,166.54887218045113,94.0466582463165
457,SINE,112140,177.29233101480293,85.22733825934341
458,DNA,32573,227.05240536640775,62.63898556027525
458,LINE,126453,227.77146449669047,84.69367833446829
458,LTR,40716,204.7163522939385,71.70676044750378
458,RC,154,272.35714285714283,41.36983633120273
458,Retroposon,542,156.86162361623616,95.82118014381548
458,SINE,113005,177.4469182779523,85.21396514718865
459,DNA,32254,227.59301171947666,62.62027392184619
459,LINE,126654,227.62465457072022,85.20482666609028
459,LTR,40310,204.78523939469113,72.02983095353781
459,RC,164,268.5792682926829,44.72490231704797
459,Retroposon,520,170.35576923076923,94.98019209178774
459,SINE,112077,177.99136308073915,85.3524172148545
460,DNA,32160,227.59897388059701,62.8118411864012
460,LINE,126948,228.04512083687808,84.59103073006526
460,LTR,40387,204.54443261445513,72.08583885487381
460,RC,145,259.37931034482756,43.926124339900234
460,Retroposon,515,151.50291262135923,97.10951425327453
460,SINE,112745,177.52728724111935,85.05960325715495
461,DNA,32289,227.80711697482116,62.10796804077076
461,LINE,126268,228.00959863148225,84.92015933742832
461,LTR,40024,205.53210573655807,71.93168577304665
461,RC,121,274.9834710743802,46.74177056150494
461,Retroposon,522,165.59386973180077,96.60638132448283
461,SINE,112330,177.34051455532804,85.34381705010672
462,DNA,32719,228.55805495277974,62.75705473803665
462,LINE,126481,227.59796333046071,84.78100078848364
462,LTR,40186,204.8293186681929,72.37004826823811
462,RC,112,271.05357142857144,42.446150609102496
462,Retroposon,490,170.3795918367347,93.1427409718641
462,SINE,112275,177.41266533066133,85.17658074685595
463,DNA,32885,228.25443211190512,62.49402712320848
463,LINE,125964,228.1607046457718,84.69832454998472
463,LTR,40368,205.54481272294888,72.5031562267907
463,RC,145,272.6620689655172,41.76687694229107
463,Retroposon,545,166.51192660550458,96.2797355232916
463,SINE,112954,177.92910388299663,85.37619420186412
464,DNA,32707,227.7175528174397,62.58036610093097
464,LINE,127196,227.00253938803107,85.06603294779315
464,LTR,40264,205.53203854559905,72.23347088621401
464,RC,133,276.70676691729324,47.45710876416665
464,Retroposon,526,175.6958174904943,97.13439134779512
464,SINE,113057,177.2993888038777,85.2391721226408
465,DNA,32649,227.70152225183008,62.36311871280273
465,LINE,127175,228.20301946137212,84.85217790642238
465,LTR,40433,204.86745974822546,71.8534630843767
465,RC,130,270.7769230769231,42.900289650199404
465,Retroposon,525,159.47047619047618,94.5586519159098
465,SINE,112277,176.93303169838882,84.99707925658306
466,DNA,32606,227.3220879592713,62.66389133852665
466,LINE,126803,227.83135257052277,85.04964138435521
466,LTR,39877,205.58519948842692,72.01878061839749
466,RC,117,271.991452991453,47.52803863892529
466,Retroposon,567,158.13932980599648,93.98889191886656
466,SINE,111514,176.64992736338039,85.13048528759226
467,DNA,33108,227.30892835568443,62.987041141182175
467,LINE,127249,227.6867323122382,84.9653732000514
467,LTR,40151,204.47052377275784,72.1722127609319
467,RC,130,263.6,44.34126399086625
467,Retroposon,498,166.65662650602408,96.83634481419129
467,SINE,112707,177.9447771655709,85.27917442855016
468,DNA,32558,227.22443024755822,62.96726384201375
468,LINE,125675,227.65945494330614,84.84955451593675
468,LTR,40379,205.92741276406053,71.9656932375788
468,RC,152,272.30263157894734,35.84947321672799
468,Retroposon,466,164.00643776824035,95.48510636719364
468,SINE,112477,177.69537772166754,85.21568959049644
469,DNA,32858,227.24681964818308,62.7254194773116
469,LINE,127082,227.8414645661856,85.01179439067765
469,LTR,39925,204.32956793988728,72.3112290871816
469,RC,121,266.22314049586777,46.19246255341726
469,Retroposon,453,163.05518763796908,94.55420698243614
469,SINE,112803,177.23306117745096,85.16592405321816
470,DNA,32751,227.67808616530792,62.2838093697231
470,LINE,127168,227.56153277554102,84.98199886108904
470,LTR,40142,205.71675551791142,72.45134427590524
470,RC,136,273.25,40.72644573680523
470,Retroposon,532,167.71804511278197,96.35979439125938
470,SINE,113281,177.8013347339801,85.07276508353652
471,DNA,32574,227.82771535580525,62.87848526490668
471,LINE,126936,227.218669250646,84.77035575314332
471,LTR,40120,205.140777666999,72.2528456262461
471,RC,131,268.0763358778626,49.08671534351663
471,Retroposon,486,163.82510288065845,94.5301151063853
471,SINE,112109,177.55695796055625,85.31307054567439
472,DNA,32724,227.9690746852463,62.867047791892766
472,LINE,126872,227.51085345860395,85.23992545365998
472,LTR,39914,205.00200430926492,72.6962864155894
472,RC,154,275.59090909090907,37.02852772400383
472,Retroposon,506,158.8300395256917,98.97635545686721
472,SINE,112713,177.34679229547612,85.02692908464742
473,DNA,32936,228.28093879038136,62.522799696958344
473,LINE,126579,227.51388460961138,85.15143913421606
473,LTR,39721,205.27328113592307,72.26844290570989
473,RC,114,276.359649122807,44.20905821149169
473,Retroposon,499,158.22845691382764,97.1223424894856
473,SINE,112330,177.37367577672927,85.05650762600864
474,DNA,32481,227.63754194760014,63.544921715826206
474,LINE,127139,227.38177113238268,84.88308065724145
474,LTR,40141,204.8454198948706,72.33396113820976
474,RC,135,274.43703703703704,42.61622146508993
474,Retroposon,513,167.31384015594543,97.19053924925612
474,SINE,112267,177.50096644606162,85.44961191638302
475,DNA,32061,228.3111880477839,62.55423180377594
475,LINE,127032,227.5662352792997,84.9753648734167
475,LTR,40418,205.45368400217725,72.11796506874133
475,RC,131,271.29007633587787,39.52687530006058
475,Retroposon,543,162.82872928176795,97.07614174541203
475,SINE,112463,176.6912406747108,85.14569384770911
476,DNA,32534,227.5108809245712,62.97002267024905
476,LINE,126843,227.39392004288766,85.04375430107754
476,LTR,40037,205.56680070934385,72.35519874626067
476,RC,144,268.3888888888889,42.03769986424737
476,Retroposon,509,163.48722986247543,98.10434250159445
476,SINE,112616,177.23713326703134,85.16950515199909
477,DNA,32392,227.56643615707583,62.848653858641676
477,LINE,126541,227.7030448629298,85.1005820078022
477,LTR,39703,205.30831423318136,72.15887073068957
477,RC,104,260.0192307692308,48.599022776110424
477,Retroposon,516,160.88565891472868,97.38022113731247
477,SINE,111999,178.09886695416924,84.88086151687575
478,DNA,32884,227.84089526821555,63.50226671159177
478,LINE,126549,228.07022576235292,84.6300685091794
478,LTR,40239,205.07766097567037,71.72092691034412
478,RC,140,277.62857142857143,39.31054799507976
478,Retroposon,557,164.78815080789946,94.75205290259169
478,SINE,113208,178.42689562575083,85.66661564257659
479,DNA,32672,227.76759916748287,63.06305396278073
479,LINE,126988,227.3365593599395,85.09033685778853
479,LTR,39976,205.5245147088253,72.61127038788152
479,RC,128,268.5859375,46.48899858833371
479,Retroposon,466,162.82403433476395,94.31603310393383
479,SINE,112724,177.7730119584117,85.26473285954035
480,DNA,33048,227.55125877511497,62.82013849492464
480,LINE,126698,227.8855861970986,84.97721314467776
480,LTR,40512,204.78633491311217,72.54342078891987
480,RC,149,270.90604026845637,44.50855317573282
480,Retroposon,545,160.38899082568807,96.69729115818184
480,SINE,111927,177.5984704316206,84.89814455050947
481,DNA,32529,227.17719573303822,62.3310745864695
481,LINE,127247,227.43657610788466,84.85934875103291
481,LTR,40132,205.54206119804644,71.39902095532747
481,RC,137,277.1094890510949,39.25560610521555
481,Retroposon,511,167.10176125244618,97.76437095290777
481,SINE,112419,177.77988596233732,85.03424109657927
482,DNA,32557,227.27742113831127,62.78662503239417
482,LINE,125762,227.79019099569027,84.88157248275213
482,LTR,39984,205.88878051220487,72.27106546145987
482,RC,116,262.25,43.460222598093786
482,Retroposon,546,168.2087912087912,93.71807341890896
482,SINE,112254,178.18156145883444,85.41426836396232
483,DNA,32647,228.55404784513127,62.453511949735855
483,LINE,126813,227.2341715754694,85.22713919557513
483,LTR,40410,205.1184855233853,72.54525602697704
483,RC,133,274.9248120300752,40.0153399270323
483,Retroposon,521,160.82725527831093,96.45814436404818
483,SINE,112314,177.38394144986378,85.01240610046005
484,DNA,32618,227.64682077380587,62.94043595821693
484,LINE,126639,227.47835974699737,84.68073710608441
484,LTR,40219,206.030632288222,72.76337417836704
484,RC,120,269.1166666666667,39.27747092446537
484,Retroposon,524,170.05725190839695,93.21030438935595
484,SINE,112656,177.03157399517113,84.9869038786399
485,DNA,32798,226.9484419781694,62.53699967454429
485,LINE,126374,227.73200974884074,84.99683561625856
485,LTR,40527,205.44377822192612,71.60219219567071
485,RC,158,281.5189873417722,39.75824435147045
485,Retroposon,504,170.43253968253967,96.24996089825227
485,SINE,112449,177.37366272710295,85.10534159065917
486,DNA,32315,228.37385115271545,62.968138708967196
486,LINE,126901,227.47916092071773,84.57945632529385
486,LTR,40258,204.6252173481047,72.35068124104448
486,RC,139,271.0863309352518,39.202936686061484
486,Retroposon,510,164.91960784313724,96.46407137640873
486,SINE,112122,177.43938745295304,85.1832850150781
487,DNA,32456,227.51124599457728,62.76423166627628
487,LINE,127335,227.79732202458084,84.888250313707
487,LTR,39834,205.6315710197319,72.47668337045731
487,RC,131,264.0,42.52507118617572
487,Retroposon,485,165.57731958762886,99.2758351481456
487,SINE,113137,177.92365892678788,85.42343486257883
488,DNA,32367,227.5418172830352,62.458590391153834
488,LINE,126704,227.85923885591615,84.95639190444365
488,LTR,39832,205.0030126531432,72.0557682121225
488,RC,100,270.2,47.446812327067875
488,Retroposon,511,171.49706457925635,99.71022345105457
488,SINE,112917,177.05620057210163,85.19182249283867
489,DNA,32867,227.47460979097576,63.00734726143412
489,LINE,127486,227.89572972718574,84.60649669419304
489,LTR,40675,205.2380086047941,72.3215348065284
489,RC,143,267.4125874125874,49.80343581701389
489,Retroposon,489,167.74028629856852,98.55937780699138
489,SINE,111910,177.92333124832456,85.43645911432252
490,DNA,32854,227.7918366104584,62.904259978933524
490,LINE,126793,227.87641273571884,85.078402592982
490,LTR,40359,204.65925815803166,72.01505498063274
490,RC,125,272.6,40.704397796798325
490,Retroposon,519,157.47784200385357,97.81047592532224
490,SINE,112419,177.59755023617004,85.35827780456292
491,DNA,32641,227.77583407371097,62.717460730282774
491,LINE,126346,227.99245722064805,84.59615631013386
491,LTR,39602,205.19322256451693,71.89573073344117
491,RC,144,277.18055555555554,37.83161757816136
491,Retroposon,540,155.42962962962963,97.4202838975418
491,SINE,112878,178.00691897446802,85.3458355941076
492,DNA,32580,228.03511356660528,63.1787654973017
492,LINE,126832,227.94617289012237,84.95243557855495
492,LTR,40310,204.65291490945174,71.56917898864609
492,RC,128,268.265625,42.10728195169305
492,Retroposon,512,161.515625,97.76090766947377
492,SINE,113256,178.52391043300133,85.31047962369128
493,DNA,32310,227.86796657381615,63.042920817681896
493,LINE,127398,228.0583290161541,84.6962168922013
493,LTR,40402,204.82622147418445,72.03742909803321
493,RC,119,272.3193277310924,44.73994563790292
493,Retroposon,536,162.87686567164178,95.54945067609935
493,SINE,112467,177.84623044982084,85.44935400568242
494,DNA,32591,226.88466140959162,62.93964048512573
494,LINE,126642,228.04343740623173,84.64391826983963
494,LTR,40047,204.82185931530452,72.65544936053173
494,RC,129,266.984496124031,46.411202953918675
494,Retroposon,488,164.7377049180328,95.41441562723475
494,SINE,112528,177.8352410066828,85.0348424005358
495,DNA,32570,227.83972981271108,62.80537149038208
495,LINE,126929,228.2442310267945,84.56994459700013
495,LTR,39703,204.25300355136892,72.20650909477547
495,RC,125,268.696,51.74061831868653
495,Retroposon,551,161.7005444646098,98.60469014217257
495,SINE,112463,178.0845433609276,85.45366840060797
496,DNA,32325,226.67031709203403,62.91602367143761
496,LINE,127458,227.7643066735709,85.08078373887794
496,LTR,40121,205.7603250168241,72.08914741816706
496,RC,125,276.832,38.071666314990736
496,Retroposon,518,160.54633204633205,95.27007321021895
496,SINE,113174,177.12532030324985,85.27522818009886
497,DNA,33004,227.44752151254394,62.88780885885677
497,LINE,127355,227.37051548820227,85.13580038370391
497,LTR,39516,204.294412389918,71.92219037208338
497,RC,160,267.90625,45.48939393899967
497,Retroposon,529,169.06049149338375,95.68303913353854
497,SINE,112751,177.63031813465068,85.22555811678158
498,DNA,32602,226.8700386479357,62.951474294688545
498,LINE,126767,227.6338794796753,85.03991967667316
498,LTR,40479,205.9301119098792,71.71863268310726
498,RC,146,266.02054794520546,48.93180454050481
498,Retroposon,508,162.83464566929135,96.11543779411694
498,SINE,111766,177.10394037542724,85.35429348834627
499,DNA,32509,227.52594666092466,62.46446597950416
499,LINE,125875,227.75715590863953,85.08924424118345
499,LTR,40186,205.47028816005573,72.42192641646089
499,RC,120,270.51666666666665,45.340927672713335
499,Retroposon,481,168.57796257796258,96.1434233380025
499,SINE,112052,178.01418091600328,85.33598860099885
500,DNA,32932,227.32436535892143,62.418390087759384
500,LINE,125991,227.59108983975045,84.95290774502908
500,LTR,39975,205.04237648530332,72.71746694643102
500,RC,125,266.616,43.529628346679
500,Retroposon,480,155.14166666666668,95.15194391369815
500,SINE,112374,177.67782583159806,85.02737559089708
