seed,,5S-Deu-L2,Alu,CR1,Crypton,Crypton-A,Dong-R4,ERV1,ERVK,ERVL,ERVL-MaLR,Gypsy,Helitron,I-Jockey,Kolobok,L1,L1-Tx1,L2,MIR,MULE-MuDR,Merlin,PIF-Harbinger,Penelope,PiggyBac,RTE-BovB,RTE-X,SVA,TcMar,TcMar-Mariner,TcMar-Pogo,TcMar-Tc1,TcMar-Tc2,TcMar-Tigger,hAT,hAT-Ac,hAT-Blackjack,hAT-Charlie,hAT-Tag1,hAT-Tip100,hAT-Tip100?,hAT-hAT19,hAT?,tRNA,tRNA-Deu,tRNA-RTE
1,5250,507,292165,14780,75,34,146,31544,2119,30607,66974,4831,448,29,114,183847,36,109740,134585,728,50,121,220,548,1433,3378,1602,49,4054,5,165,1764,27451,781,1067,4101,59274,533,14674,17,4,8,430,109,1105
2,5209,522,293254,14856,71,43,190,31310,2178,30865,66541,4829,451,39,121,184423,43,109924,134792,705,69,115,179,602,1614,3299,1780,61,4088,13,195,1729,27453,801,983,4078,59148,588,15010,28,2,15,399,116,1083
3,5189,528,294052,14794,66,34,129,31849,2197,30569,66747,4760,453,39,102,185940,33,109161,134166,624,51,102,220,539,1454,3434,1607,42,3914,10,162,1757,27442,758,1016,4134,59523,624,14757,13,7,10,399,149,1029
4,5431,472,292824,14446,69,31,165,31507,2089,30061,66772,5054,479,28,99,185198,44,108913,134686,649,83,123,217,610,1487,3513,1827,72,3794,11,211,1807,27320,843,1071,3968,59776,578,15015,8,2,4,400,133,1016
5,5273,526,293483,14509,57,48,162,30992,2126,30798,65961,4658,464,22,99,185465,56,109214,134909,709,51,123,188,544,1439,3352,1705,47,3914,11,173,1730,27432,799,1053,4190,60086,540,14905,16,10,12,383,120,1071
6,5287,520,294343,14359,66,33,135,31554,2078,30686,67252,4814,492,27,95,184633,43,108817,134889,701,53,121,212,585,1416,3453,1674,57,3958,4,187,1858,28048,757,1052,4146,59300,573,14568,12,2,15,392,96,997
7,5497,490,293445,14578,68,38,108,31144,2054,30514,67074,4799,501,20,111,186000,47,108627,134250,655,50,114,230,556,1484,3370,1670,51,3983,18,177,1753,27372,745,1092,4153,58925,539,15054,15,4,10,421,108,1089
8,5241,490,292844,14646,66,55,127,31194,2115,30772,66358,4982,511,36,89,185042,52,109687,133443,608,63,95,217,573,1387,3337,1713,42,3909,5,191,1780,27842,758,1097,3911,59009,517,14771,15,5,5,401,87,1061
9,5415,470,293586,14640,68,40,134,31607,2125,30205,67512,4796,484,39,93,184583,47,109539,134251,615,65,117,219,523,1549,3432,1693,72,4071,11,164,1798,27075,749,1107,4209,59123,486,14676,6,5,16,396,120,958
10,5342,509,293567,14164,61,19,159,31566,2176,30757,65787,4809,496,26,88,185758,36,109205,134398,660,49,107,203,573,1458,3317,1714,36,3982,12,190,1778,27177,793,989,4066,58965,508,14924,12,4,8,392,111,1034
11,5337,524,293656,14352,79,43,130,31314,2006,30653,66585,5035,461,42,108,185756,44,109353,134235,612,63,100,198,566,1422,3214,1597,58,4042,8,194,1790,27382,745,1042,4078,59223,559,14581,24,6,9,401,138,1077
12,5301,489,293333,14592,75,33,152,31454,2210,30749,67049,4869,473,39,97,184553,38,109379,135214,750,49,95,226,585,1556,3458,1682,46,4208,8,172,1737,27778,775,1048,4044,59545,618,14667,14,12,16,439,132,1093
13,5329,521,292856,14657,72,50,153,31768,2154,30168,66638,4843,475,34,121,186048,34,108836,133862,646,72,123,212,559,1513,3298,1638,49,3939,12,129,1879,27662,751,1061,4240,59836,530,14890,22,1,9,385,117,1046
14,5403,521,292759,14724,84,37,151,31593,2019,30726,67027,4947,455,22,96,184974,29,109493,135146,656,40,107,207,587,1414,3338,1704,56,4101,8,202,1776,28161,721,1074,4041,58741,524,14922,10,6,15,442,128,1058
15,5406,529,293312,14528,69,32,131,31469,2068,30399,66586,4835,493,34,68,185691,44,108893,134903,669,69,124,193,581,1449,3481,1638,52,3936,9,189,1947,27641,721,1063,4139,59784,517,14748,22,6,11,482,118,1160
16,5288,541,293526,14268,94,44,163,31621,2194,30984,66740,4703,419,29,104,185476,38,109239,134220,642,56,101,206,591,1437,3384,1766,57,4105,16,163,1778,27345,696,945,4115,58622,551,14751,26,2,7,395,112,1032
17,5288,499,293021,14355,69,48,137,31425,2097,30572,65930,4922,468,47,122,184689,43,109214,135959,685,51,124,228,540,1513,3306,1678,68,3880,16,167,1697,27503,752,1130,4127,58841,571,14458,22,9,8,406,107,1091
18,5127,506,293488,14552,65,32,142,31551,2146,30877,66173,4771,516,22,95,186103,39,108642,134386,783,80,84,170,518,1516,3208,1696,46,3934,7,196,1799,27886,784,1105,4211,59358,585,14794,6,5,14,413,106,1079
19,5383,479,292669,14205,76,44,139,31572,2085,30266,67284,4807,513,38,102,185724,36,109589,134337,703,67,132,197,622,1437,3371,1769,65,3958,3,187,1802,27667,798,1050,4060,58702,495,14627,17,3,3,406,125,1049
20,5211,446,294877,14555,72,34,123,31445,2140,30394,66856,4848,498,24,95,184723,53,108454,134254,724,65,111,185,575,1476,3426,1748,58,3757,20,179,1794,27864,713,978,4024,58996,493,14529,9,9,6,352,148,1045
21,5484,512,294032,14468,82,31,167,31641,2083,30814,66654,4827,452,26,104,186246,42,109815,134796,690,53,80,189,583,1475,3333,1659,75,3940,13,181,1769,27525,808,1041,4205,59089,505,15190,14,3,12,385,108,1085
22,5406,536,294114,14253,85,39,135,31010,2131,30972,66699,4950,488,36,101,185745,52,108855,135064,646,67,87,229,504,1437,3411,1604,67,4104,10,218,1807,27633,821,1025,4100,59653,555,14842,19,5,6,366,98,1023
23,5384,517,294315,14525,91,63,152,31520,2089,30857,66696,4723,480,45,103,183885,39,108838,135193,641,66,110,228,554,1536,3314,1659,57,3840,7,155,1790,27680,792,1033,4272,59380,546,14914,17,1,12,387,123,1089
24,5153,461,292336,14435,66,29,168,31194,2195,30960,67082,4821,449,42,92,185535,32,109202,134967,649,72,102,212,555,1545,3401,1607,63,3852,7,184,1787,27756,790,1103,4177,59597,480,14360,11,4,5,414,123,1071
25,5448,521,292961,14510,68,38,143,31769,2127,30596,66782,4907,478,53,106,185948,44,109247,135367,668,55,104,196,534,1436,3344,1611,49,3957,4,201,1727,27165,760,1094,4028,59477,578,14735,15,6,10,342,129,1055
26,5235,537,292628,14717,68,25,118,31822,2137,30537,67012,4937,466,43,101,184196,45,109571,134551,723,54,95,209,524,1480,3396,1616,80,4065,8,170,1721,27788,823,1036,4081,59414,548,14737,17,6,8,451,135,1001
27,5179,462,293818,14493,59,30,161,31804,1979,30732,66734,5014,497,46,104,185972,33,109357,133922,664,64,117,189,518,1557,3327,1695,47,3915,6,206,1835,27250,796,996,4159,58804,545,14445,23,4,11,411,104,1022
28,5372,542,293988,14494,68,19,132,31287,2230,30623,66890,4797,471,33,103,185188,47,108147,135233,715,56,105,197,526,1478,3416,1735,58,4067,17,176,1735,27873,754,969,4040,59175,542,14825,23,3,10,445,100,1059
29,5529,579,293587,14561,93,37,154,31752,2042,30253,67170,5040,465,31,102,185194,47,108960,134378,669,48,93,195,550,1419,3247,1664,61,4077,3,159,1773,27761,759,1031,4165,58796,546,14856,13,5,9,448,119,1039
30,5271,483,294140,14402,46,32,172,31317,2162,30873,66800,4872,472,24,98,185534,31,108681,135389,695,66,107,150,528,1564,3252,1700,71,3976,6,153,1761,27825,811,1046,3858,59382,531,14852,11,8,14,479,113,986
31,5417,501,293226,14382,72,41,178,31095,2033,30171,66576,4846,490,37,86,184322,44,109142,134284,651,49,107,227,568,1488,3416,1612,43,3783,8,187,1810,27807,753,1039,4116,59161,600,15039,14,2,7,443,135,1024
32,5517,528,292925,14472,59,28,138,31288,2234,30810,66767,4628,496,28,113,185208,30,108887,134352,690,68,90,175,594,1487,3302,1728,50,3972,2,164,1819,27059,816,959,4172,59423,516,14740,9,4,11,394,136,1019
33,5295,572,295126,14421,78,53,137,31377,2243,31148,67008,4653,499,33,81,184538,49,109706,135443,698,77,112,223,537,1430,3349,1697,49,3883,11,171,1724,27382,838,1030,4231,59243,496,14513,13,4,8,402,104,1070
34,5336,545,294101,14469,67,22,142,31423,2071,30594,66488,4850,471,24,78,183844,23,109560,135241,681,54,75,180,551,1486,3259,1610,50,3902,9,167,1750,27922,781,1013,4182,59373,630,14769,17,4,9,361,119,1039
35,5317,528,294775,14541,76,33,145,31139,2181,30681,66197,4951,525,38,123,184343,27,109065,134685,617,66,130,208,536,1528,3317,1637,58,3977,9,190,1726,27362,747,982,4211,59468,574,14760,17,1,5,371,76,1039
36,5350,485,292489,14753,93,52,138,31046,2070,30612,66708,4943,454,33,107,184998,43,109641,133838,696,60,123,193,564,1537,3357,1656,57,3900,13,181,1886,27720,727,1113,4100,58397,548,14798,15,4,7,440,110,1049
37,5368,556,293737,14531,77,41,184,31418,2012,30619,66732,4981,494,29,102,185438,33,109089,134398,659,57,106,208,575,1527,3414,1679,62,3978,12,151,1728,27445,790,980,3934,59494,513,14674,25,5,19,429,113,1054
38,5278,513,293364,14580,90,24,142,31596,2178,30308,66861,4651,469,28,85,184560,35,108866,134849,647,69,93,198,583,1510,3550,1685,48,3862,9,194,1763,27575,706,1075,4146,59159,547,14858,25,1,5,426,87,1028
39,5349,562,293140,14488,78,43,171,31192,2062,31150,66413,4739,516,25,97,182909,53,109119,134365,711,67,111,184,562,1478,3234,1644,41,4024,10,179,1798,27912,708,1033,4097,59130,539,14699,15,12,5,448,75,1024
40,5226,536,292678,14736,71,46,160,31128,2128,30468,67751,4921,465,27,121,185830,34,109783,135605,693,48,130,184,584,1429,3305,1705,67,3897,4,259,1889,27800,777,978,3985,59774,516,14748,22,3,11,406,121,1071
41,5182,521,294446,14486,86,32,149,31278,2066,30316,66472,4936,466,42,94,185215,52,108576,133917,649,81,105,195,576,1553,3352,1665,70,4017,6,170,1891,27467,734,953,4168,60138,561,14756,17,8,1,364,104,1005
42,5493,491,293374,14292,85,54,148,30895,2128,30267,67253,4881,453,28,106,184968,32,109321,133962,608,64,85,164,503,1443,3458,1681,48,4030,9,205,1742,27141,767,1034,4077,59341,547,14778,17,4,13,358,88,1085
43,5348,552,294314,14860,78,35,138,31649,2155,30847,66294,4741,419,39,80,184693,51,108971,134128,713,67,129,144,553,1389,3374,1758,56,3999,12,178,1777,27327,804,1025,4110,59047,498,14772,12,9,13,414,109,1051
44,5253,504,293721,14857,91,22,166,31416,2086,30569,66290,4863,482,26,94,184067,33,108678,134862,628,60,84,213,510,1535,3403,1645,49,3872,8,188,1757,27675,775,1021,4023,59267,572,14929,17,4,10,417,111,1057
45,5403,532,294307,14268,74,35,156,31723,2136,30659,66539,4961,455,28,86,184236,54,109013,134790,719,75,102,201,553,1544,3347,1608,50,3957,5,160,1798,27696,810,1077,4118,59388,535,14893,22,7,5,415,112,1013
46,5244,513,294170,14521,55,38,139,31276,2195,30927,67562,4780,481,40,105,184729,37,108621,135703,617,55,86,209,577,1597,3404,1696,53,3997,5,165,1725,27581,803,1035,4180,60224,486,14719,20,3,14,460,97,1082
47,5260,508,293645,14605,82,37,167,31813,2218,31116,66467,4827,443,29,90,185273,33,108761,134798,750,62,96,224,569,1389,3383,1671,57,3872,14,205,1794,27739,761,1005,4135,58719,530,14793,30,2,13,404,128,1033
48,5419,560,293917,14545,98,38,145,31370,2135,30963,67090,4910,513,29,87,185467,19,108888,133130,635,87,87,185,508,1478,3350,1784,60,3842,22,189,1706,27732,818,960,4047,58912,576,15088,22,4,9,385,104,1086
49,5281,528,292922,14304,86,37,136,31378,2181,31491,66224,4933,569,30,97,184717,39,109539,135140,696,71,137,196,493,1518,3391,1740,67,3839,15,165,1792,27679,728,1027,4133,59162,554,14671,28,0,5,412,144,1033
50,5344,566,292920,14678,69,37,114,31395,2174,30883,66597,4999,464,21,88,184334,44,108929,135172,702,55,113,193,548,1463,3323,1646,63,4111,9,170,1764,27935,745,1079,4182,59613,439,14750,16,4,10,438,101,1036
51,5342,525,294116,14525,63,26,154,31325,2124,30726,67019,4951,472,33,105,185856,47,109042,134437,671,60,116,210,512,1409,3476,1700,65,3895,13,173,1762,27560,706,1045,4095,59178,555,15213,14,1,5,380,124,1066
52,5277,490,293902,14131,72,26,182,31370,2185,30627,66902,4949,486,34,115,183912,32,109193,134014,597,65,122,218,583,1404,3331,1780,56,3827,7,167,1830,27546,778,955,4005,59280,573,14750,15,2,7,419,99,1102
53,5217,549,293153,14632,81,24,147,31932,2075,31061,66561,4896,486,43,99,185792,37,109848,134615,637,56,105,200,594,1448,3426,1705,64,3971,17,209,1781,27911,769,1046,4140,59857,546,14559,19,0,9,421,134,1031
54,5362,450,293980,14271,84,43,142,31363,2127,30626,66930,4845,514,37,100,184233,45,109809,133541,679,49,99,202,551,1507,3369,1688,48,3891,4,156,1721,27315,775,1005,4137,58930,505,14592,17,5,10,452,102,1121
55,5427,561,294257,14658,77,42,164,31190,2019,30775,66900,4982,463,39,94,184342,24,109551,135561,662,77,107,210,579,1474,3463,1651,54,3915,11,210,1829,27538,747,1060,4048,59574,573,14770,19,8,4,463,119,1060
56,5474,528,293177,14773,90,43,150,31900,2135,30556,66653,4937,445,23,129,184406,37,109525,134653,665,57,91,199,532,1438,3338,1638,60,3911,13,148,1826,27644,755,1086,4066,59456,504,15071,36,5,8,429,128,998
57,5345,459,293268,14407,83,41,141,31523,2084,30372,66270,4867,460,30,104,185876,34,109297,135184,626,47,128,216,546,1411,3474,1642,70,3992,6,195,1849,27310,755,996,3956,59533,473,14781,10,4,8,403,115,1095
58,5400,447,294452,14380,60,47,155,31156,2121,30711,66413,4895,458,21,113,185729,36,109209,134447,688,54,100,226,535,1477,3381,1660,51,3800,9,215,1755,27801,755,971,3995,59369,554,14704,18,8,5,350,144,1066
59,5249,442,292887,14476,80,39,153,31223,2083,30725,66113,4847,428,33,109,184811,30,108945,133983,630,75,108,200,560,1446,3332,1707,56,3967,7,153,1827,27984,765,1052,4125,59255,577,14739,19,8,6,419,147,1121
60,5073,477,293650,14330,81,42,132,31273,2235,31080,66937,4823,484,37,101,184667,50,109830,134769,703,53,105,194,548,1405,3285,1687,49,3985,11,148,1821,27554,789,996,4088,58982,523,14830,18,5,5,418,112,1089
61,5461,478,294011,14675,67,29,169,31592,2213,30504,66989,5016,527,36,76,184361,40,109129,135443,665,63,97,213,582,1514,3199,1588,43,3931,8,155,1872,27866,822,1014,4114,59026,542,14782,17,5,13,433,109,956
62,5396,536,293213,14817,93,36,176,31830,2051,30653,67143,4878,514,28,95,184026,24,108865,135057,661,52,100,217,555,1457,3242,1655,57,3952,14,170,1724,27488,805,1045,4213,58764,550,14869,30,4,20,404,123,996
63,5107,491,292668,14435,57,30,177,31409,2167,30818,66220,4934,498,30,110,184749,38,109096,135253,642,62,104,236,574,1505,3276,1652,59,4087,10,153,1825,27502,784,1051,4164,59444,514,14764,16,3,11,454,96,1046
64,5289,519,293701,14625,72,34,129,31856,2047,30908,66631,4972,452,36,103,185576,33,109093,134617,710,59,111,256,593,1642,3296,1593,52,3866,18,198,1812,27589,738,1058,4033,58996,522,14651,15,16,9,460,104,1016
65,5217,463,293407,14668,85,46,140,31641,2149,30181,66690,4862,516,31,115,183530,38,109457,134540,719,71,96,159,609,1415,3481,1578,55,4058,10,177,1857,27561,802,979,3999,59188,557,14872,11,4,6,422,113,1004
66,5505,526,293960,14344,68,22,147,31814,2189,30999,66387,4887,478,48,97,184391,38,109288,133612,695,65,82,203,556,1567,3489,1696,56,3806,13,154,1804,27841,750,1080,4031,59055,507,15171,11,7,17,460,121,977
67,5325,496,293552,14509,63,24,151,31557,2116,30966,66647,4856,503,43,98,184609,47,109145,135054,663,53,107,173,488,1505,3383,1608,56,3867,19,169,1772,27594,744,1008,4189,59483,487,14799,9,4,8,378,94,1007
68,5263,533,292585,14569,83,49,167,31236,1984,30377,66787,4821,475,46,91,184709,36,109364,133965,729,56,125,201,534,1480,3372,1648,58,3761,4,187,1771,27757,827,1027,4033,59412,587,14934,13,10,16,389,111,1068
69,5405,519,293340,14858,77,39,155,31605,2194,30447,66689,4926,486,25,134,184655,40,108260,135595,664,33,90,201,562,1402,3288,1592,47,4047,2,187,1827,27350,731,1028,3993,58792,582,14815,18,12,6,410,85,1020
70,5295,542,293166,14586,80,51,127,31795,2025,30433,66664,4781,489,36,125,185058,27,109589,135538,734,69,90,234,553,1452,3497,1755,84,4093,9,169,1892,27682,799,969,4221,59224,575,14726,24,5,6,450,86,1037
71,5366,481,293500,14538,81,44,141,31526,2109,30497,67122,4962,476,56,113,185206,56,109067,135680,707,31,135,207,463,1543,3355,1712,63,3991,7,181,1760,27943,732,1086,4146,59121,508,15076,23,0,9,418,94,1039
72,5333,492,293836,14264,72,17,134,31959,2006,30584,67352,4924,470,25,96,186077,43,109342,134294,734,42,98,178,530,1583,3285,1613,50,3768,11,172,1714,27638,702,1052,4166,60080,567,14565,11,6,7,432,124,1102
73,5363,524,293851,14525,86,34,173,31049,2120,30679,66927,4812,526,30,91,184959,44,109492,134700,693,74,83,226,687,1475,3347,1703,59,3919,12,209,1720,27614,792,989,4127,59365,531,15048,29,2,5,411,124,1019
74,5326,537,292959,14605,71,28,136,31148,2171,30559,66935,4934,459,43,106,185134,32,109211,135091,686,56,96,210,534,1457,3456,1659,48,4051,4,205,1774,27472,742,958,4054,59137,561,14876,18,10,4,410,104,1008
75,5225,499,293975,14436,84,52,178,31427,2183,30791,66124,4909,467,26,93,183911,58,109051,134674,666,60,98,208,459,1583,3452,1630,63,4137,3,156,1747,27534,810,1110,4002,59344,574,15248,17,2,5,403,139,965
76,5476,455,293757,14565,94,32,104,30977,2109,30838,66747,4778,519,60,90,184536,52,109169,133929,686,70,115,194,544,1557,3300,1653,63,3916,13,158,1846,27708,740,1089,4266,59421,528,15073,17,6,15,419,109,1008
77,5402,510,292497,14685,71,50,119,31076,2212,30687,66403,4859,476,24,95,185631,36,109567,134326,640,61,117,185,539,1481,3369,1666,59,4058,5,162,1885,27753,802,1079,4018,59423,490,14711,26,2,11,396,111,931
78,5287,491,292646,14625,97,46,161,31550,2158,30589,67187,4931,486,42,113,185506,36,109070,135363,679,74,87,202,622,1420,3291,1597,46,4069,7,166,1772,27235,753,1121,4160,58933,584,14703,20,0,12,397,114,1080
79,5516,496,293831,14519,92,25,143,31229,2097,30362,66639,4932,462,54,99,184592,46,109455,134725,728,47,108,196,509,1425,3350,1724,55,3935,4,191,1860,27940,832,1009,4343,59044,492,14781,21,2,14,418,109,1086
80,5322,535,294027,14380,56,44,155,31084,2091,30312,67241,4778,487,36,110,186162,32,108516,134486,641,69,108,217,504,1517,3197,1689,69,3954,4,185,1747,27611,772,1049,4072,59077,556,14986,11,3,6,408,112,979
81,5262,542,294135,14597,78,30,163,31270,2171,30737,66351,4872,427,32,94,185805,32,109521,135417,672,57,94,253,600,1419,3474,1639,75,4011,6,180,1649,27240,789,992,4086,59541,591,14966,9,10,8,397,133,1082
82,5258,527,293036,14331,54,28,139,31178,2018,30660,67077,4981,500,29,74,184695,25,109419,134361,704,44,91,235,564,1453,3431,1673,60,3943,12,170,1754,27202,777,974,4223,59184,513,14771,12,12,9,391,114,1022
83,5293,518,293142,14321,54,22,157,31653,2063,31074,66600,4682,466,31,75,185421,36,108578,134023,624,50,114,227,538,1340,3293,1693,74,3935,10,181,1891,27535,770,1044,4171,59171,558,14973,12,2,17,435,113,1119
84,5337,489,293819,14617,90,42,168,31574,2144,31071,66491,4800,493,41,91,183997,38,108863,134033,684,53,110,203,557,1559,3417,1665,59,3968,9,175,1800,27358,788,1096,4006,59148,516,14853,14,3,5,405,104,1026
85,5400,560,292133,14329,71,42,149,31465,2100,30748,67286,4666,468,35,93,184879,26,108328,134237,681,62,106,193,535,1427,3382,1606,48,3968,9,149,1833,27591,781,1037,4211,59783,505,15115,22,7,1,408,125,993
86,5143,544,294447,14410,70,63,124,31707,2107,30645,67034,4911,499,24,81,185586,24,108682,133923,638,58,71,213,613,1469,3373,1751,65,4038,15,179,1834,27411,722,1065,4180,58967,519,14902,22,10,12,412,140,944
87,5344,525,293027,14710,89,24,158,31282,2188,30750,66749,4955,520,33,105,185499,45,109630,133992,677,46,99,179,553,1484,3440,1743,72,3952,4,183,1735,27845,884,1060,3979,59327,551,14525,18,5,10,360,118,1005
88,5451,448,293335,14355,78,34,126,31412,2022,30327,66726,4774,469,24,85,185538,36,108886,134393,651,51,103,238,590,1507,3270,1716,57,4125,14,166,1756,27179,707,1029,3965,59045,559,14986,27,5,5,415,118,1087
89,5387,556,293846,14449,81,47,128,31144,2091,30962,66625,4873,490,57,75,185033,35,109295,134179,723,75,88,236,534,1407,3465,1652,43,3852,25,161,1698,27541,810,1015,4057,59110,551,14778,21,1,12,451,117,1093
90,5433,565,293642,14541,69,44,153,31004,2066,31046,66939,4862,479,44,96,185138,32,109153,133823,640,47,133,208,562,1553,3347,1769,55,3861,4,182,1854,27317,755,1074,4029,59125,503,14903,26,2,15,362,103,1020
91,5430,499,293250,14379,57,44,173,31476,2034,30630,66590,4864,459,26,110,186188,43,109992,134474,681,60,107,217,496,1437,3311,1745,61,3901,12,217,1808,27521,786,1049,4054,59614,590,14677,13,2,8,377,144,1103
92,5182,466,292634,14305,60,28,165,31396,2105,30748,67762,4578,499,41,88,185615,45,109716,135279,699,63,120,205,514,1570,3477,1585,61,3860,11,168,1837,27646,802,1032,3947,59442,526,14657,17,2,11,399,127,1144
93,5219,556,295068,14780,61,29,171,31327,2247,30604,66204,4807,491,36,96,185388,44,108839,133776,693,51,108,203,528,1481,3431,1716,55,3889,7,162,1667,27858,784,1031,4040,58939,532,15135,11,8,13,430,121,1019
94,5447,482,294105,14439,75,49,136,31428,2200,30377,66741,4747,524,46,120,185632,50,109145,134015,758,57,102,247,574,1445,3385,1768,73,3973,9,186,1876,27339,780,1020,4112,59339,523,14683,20,0,14,380,120,1073
95,5271,492,292132,14420,79,30,154,31707,2177,30520,66955,4778,478,52,99,185358,53,110206,135212,647,52,102,216,518,1584,3399,1670,43,3840,9,175,1895,27614,743,959,4079,58946,529,14743,26,6,8,373,126,1135
96,5361,477,293648,14302,77,34,167,31231,2193,30576,66921,4881,469,27,111,184887,25,109738,134297,715,54,100,198,619,1497,3368,1716,35,3905,5,155,1722,27584,808,964,4109,59356,550,14813,20,10,15,398,111,1133
97,5356,538,294783,14458,55,30,159,31242,2132,31196,66977,4889,428,46,117,185117,44,109132,134243,689,62,102,193,550,1454,3411,1722,55,3867,11,201,1831,27235,766,1064,3952,59308,478,14684,19,1,1,421,102,1083
98,5253,515,294202,14643,79,39,156,31349,2078,30891,67108,4818,463,31,133,185413,39,110080,134785,683,61,109,208,588,1423,3336,1657,61,3974,9,200,1770,27583,735,966,4097,58984,532,14828,17,3,7,413,94,1005
99,5436,519,293858,14582,87,25,170,31293,2183,30496,66967,4802,504,44,104,184502,35,108870,134283,645,71,106,201,585,1379,3269,1654,69,4162,16,196,1728,28105,804,1028,3924,59211,529,15094,16,5,9,398,126,1038
100,5159,550,292632,14720,77,43,126,30905,2079,30567,66211,4656,461,59,107,185676,60,108824,134968,655,63,118,183,579,1478,3305,1707,47,3922,11,178,1845,27372,734,1086,4077,59228,535,14681,13,3,9,375,139,1090
101,5311,454,293675,14693,93,29,117,31324,2186,31035,66781,4921,510,37,115,185636,28,109026,134112,690,45,92,177,487,1494,3328,1662,61,4012,14,203,1693,27696,777,1072,3986,59486,527,14915,18,13,6,420,116,1014
102,5270,526,293032,14576,76,26,164,31653,2200,30703,66606,4801,487,45,96,184988,40,109342,134093,639,54,112,203,605,1455,3381,1596,67,3965,6,175,1862,27435,774,1009,4029,59418,497,14743,23,2,14,451,98,1108
103,5404,498,294081,14478,84,35,123,31245,2159,31011,66289,4796,463,51,132,185803,36,109477,134227,650,52,123,217,612,1391,3159,1663,45,4063,7,149,1727,27757,792,1032,4008,59323,570,15006,14,11,9,460,97,1076
104,5243,507,292892,14725,78,23,155,31297,2020,30481,66929,4862,504,27,111,186419,48,109337,134560,698,58,89,180,558,1435,3375,1752,48,3955,6,192,1776,27439,796,1001,4030,59091,505,15155,19,3,3,429,108,1023
105,5480,524,293705,14766,63,40,171,31310,2007,30933,65974,4763,490,38,91,184815,31,109716,134488,696,66,92,180,530,1510,3357,1703,61,3921,14,170,1831,27471,772,999,4042,59263,533,14660,23,1,10,445,110,1024
106,5299,514,293205,14610,65,35,116,31190,2058,30198,66955,4768,488,26,101,184952,44,109156,134574,654,72,85,201,618,1477,3396,1708,46,4073,12,192,1762,27537,776,1088,4121,59470,565,14802,22,1,4,404,112,1101
107,5036,478,293316,14645,53,39,140,30772,2110,31046,67375,4837,466,22,88,184896,51,108428,134450,654,56,142,213,530,1533,3449,1656,52,3889,11,152,1779,27398,803,1024,4168,59522,521,14806,16,2,4,387,99,1126
108,5477,501,294111,14834,85,45,157,31674,2078,31025,67077,5045,460,31,110,185556,32,108670,134607,668,63,122,227,519,1431,3475,1735,60,3978,7,157,1785,27878,699,1075,4039,59153,562,14815,14,8,8,437,150,1022
109,5361,572,292269,14272,88,28,192,31756,2045,30768,66534,4765,470,29,128,184962,27,108862,134668,646,55,111,198,568,1489,3546,1662,52,3924,8,173,1744,27859,743,1041,4148,58989,578,14743,12,7,8,395,98,1070
110,5306,484,294257,14277,68,43,188,31490,2038,30869,67227,4766,522,34,103,186597,37,108994,134302,687,67,114,200,541,1496,3179,1657,49,3856,5,158,1898,27090,775,966,4013,58979,502,14900,10,7,11,372,93,1112
111,5330,507,292834,14775,80,36,187,31649,2101,30602,66639,4834,509,21,96,185072,23,108725,133654,703,39,112,203,550,1530,3482,1629,49,3952,9,159,1686,27510,703,995,4071,58972,557,14830,11,7,7,426,101,1123
112,5426,533,293938,14685,105,33,144,31197,2233,30466,66172,4819,502,41,108,186147,52,109927,134221,667,45,76,194,549,1475,3234,1748,73,3951,6,195,1869,27795,759,1026,4072,59094,581,14895,22,4,18,389,114,991
113,5257,498,293891,14380,87,34,112,31668,2207,30746,67053,4899,453,37,88,184646,35,108835,135343,646,71,116,188,544,1470,3451,1742,43,4017,8,170,1829,28010,766,940,3932,59673,557,14813,16,0,9,391,113,1084
114,5486,512,294013,14614,85,39,126,31438,2158,30265,66632,4758,451,30,111,185620,41,109951,134874,676,62,106,195,573,1479,3326,1671,59,4008,7,195,1729,27367,780,1080,4058,59506,483,14882,16,5,10,372,111,1092
115,5443,522,293085,14832,78,41,134,31189,2139,30540,66664,5005,494,34,110,185110,49,109236,133611,696,50,135,194,516,1534,3478,1689,44,3935,9,187,1751,27641,740,1036,3981,59110,567,15054,13,1,9,383,102,1106
116,5444,515,293367,14618,60,41,152,31474,2014,31141,67083,5018,499,21,98,184825,48,110035,134075,651,87,101,234,505,1537,3401,1718,54,4008,4,177,1837,27717,781,1030,4166,59799,529,14881,19,3,4,384,129,1055
117,5368,489,293552,14734,107,26,128,31475,2202,31335,66641,4935,437,20,123,185720,60,109018,135650,763,65,115,197,596,1529,3493,1610,61,3816,5,187,1730,27739,739,955,4083,60030,533,14819,26,3,4,414,103,1099
118,5332,528,294517,14502,72,41,139,31860,2195,30578,66044,4944,497,35,94,185973,23,109291,133276,694,59,110,198,515,1508,3432,1681,45,3938,12,184,1798,27614,792,1013,4208,59252,615,14699,10,3,11,414,106,1062
119,5352,522,293703,14797,92,41,165,31651,2149,30942,66359,4908,468,20,100,184532,51,108958,134229,664,45,100,215,582,1645,3343,1624,56,3960,11,148,1808,27853,801,945,4024,59551,553,14495,6,5,5,409,95,1039
120,5248,594,294420,14497,50,42,145,31429,1967,30781,66783,4996,499,32,108,185220,37,108829,134612,705,72,140,199,574,1469,3320,1619,48,3923,8,153,1820,27399,767,1016,4255,59513,559,14762,5,5,5,429,123,997
121,5184,450,293653,14406,84,53,129,30929,2185,30702,66465,4856,463,37,87,185198,50,109320,135025,746,60,119,183,540,1535,3473,1622,64,4030,6,176,1811,27906,789,1056,4237,59600,560,15211,17,1,12,446,125,1116
122,5340,510,293482,14545,85,27,152,31460,2082,30647,67071,4945,519,30,87,184887,48,109392,133799,673,54,105,217,565,1470,3504,1654,81,4039,7,193,1767,27779,790,1049,4123,59234,562,14913,22,5,5,379,97,1019
123,5265,451,293168,14452,66,32,140,30968,2209,30121,67128,4783,461,20,95,185228,37,110163,134448,652,63,95,154,558,1375,3368,1672,66,3933,10,175,1751,27868,802,1029,4092,58802,524,14947,12,0,16,428,106,1027
124,5398,503,293574,14159,77,46,132,31569,2230,30287,67033,4784,500,49,95,185447,38,109893,134694,648,60,109,225,514,1662,3353,1704,52,3856,4,143,1760,27373,836,986,4019,58973,562,14728,29,5,12,412,126,1082
125,5325,501,294077,14369,65,28,159,31528,2212,30499,66698,4878,459,21,100,184470,49,108230,134255,751,51,122,201,602,1522,3283,1720,50,4056,4,189,1728,27674,779,1003,4060,58602,542,14881,20,2,11,431,100,949
126,5470,484,293568,14835,135,32,182,31565,2215,30695,67164,4965,462,32,109,184316,28,108934,134637,693,69,97,222,495,1563,3246,1659,49,3727,14,186,1747,27583,747,996,3912,59324,513,14964,26,4,5,427,108,1034
127,5256,577,295290,14614,89,29,175,31217,1958,30921,67135,4659,526,53,100,185503,48,110343,134594,609,54,88,202,460,1519,3302,1695,45,4012,5,160,1795,27436,816,1068,4158,58592,552,14719,8,8,11,393,107,1062
128,5340,567,293671,14714,85,22,129,31120,2111,31211,66394,5168,512,39,111,184582,38,109029,134843,662,48,97,226,533,1511,3300,1677,60,3915,4,180,1744,27418,732,1069,4194,58936,543,15129,15,7,7,422,114,1039
129,5510,513,292764,14506,77,26,142,31869,2141,30098,66402,4913,454,27,106,184879,29,109697,135207,637,57,115,170,561,1443,3380,1721,41,3886,12,158,1863,27560,767,1057,4078,59923,526,14997,18,2,12,374,111,1017
130,5348,492,293682,14536,68,43,163,31950,2064,30819,67221,4822,448,37,103,185277,41,109418,134779,669,42,110,226,585,1526,3406,1652,58,3858,3,181,1684,27413,782,1066,4186,59946,530,15153,15,3,9,440,89,1031
131,5190,564,294720,14796,56,30,141,31727,2151,30566,67758,4968,491,37,76,185812,45,108841,133891,612,71,121,215,568,1452,3336,1734,64,3950,10,196,1788,27631,767,1021,3990,59649,494,15005,20,1,8,402,104,978
132,5336,470,292026,14734,68,49,181,31256,2165,30680,66698,4909,432,43,122,185163,45,109395,135031,687,57,91,195,572,1518,3300,1675,63,4062,14,189,1701,27616,781,934,4164,58950,544,14708,16,2,6,449,142,1006
133,5222,478,292670,14201,64,26,208,31999,2081,31352,66858,4941,470,38,87,185103,33,109313,134766,698,57,97,193,538,1587,3199,1672,45,4020,7,186,1844,27806,756,1015,4140,59079,501,15022,11,2,20,428,100,1078
134,5386,522,292280,14432,90,48,135,31293,2093,30649,66041,4943,548,24,116,185552,35,110389,134442,642,45,92,221,534,1447,3405,1632,61,4021,18,208,1824,27700,771,953,4061,59472,580,14873,9,5,15,427,107,1088
135,5431,553,293613,14355,71,19,163,31719,2183,30615,66752,4810,472,32,104,185752,30,109671,133514,658,62,111,213,500,1623,3361,1689,85,4061,10,174,1787,27671,745,1069,4277,59264,504,14683,17,0,13,423,102,1022
136,5216,534,295298,14386,69,31,135,31541,2002,30024,66796,4983,528,42,108,186430,27,109312,134343,777,68,102,187,513,1516,3334,1664,56,4010,7,182,1712,27714,724,1116,4037,59334,575,14696,26,4,13,422,102,1020
137,5229,500,293989,14401,74,51,169,31171,2040,30600,66572,4956,480,25,96,186103,20,109446,134525,664,43,101,201,512,1474,3357,1756,75,4132,12,137,1695,27717,782,998,4173,59346,518,14881,20,4,9,430,93,1016
138,5182,514,293786,14637,62,32,161,31183,2015,30431,66775,5012,452,36,107,185111,43,109180,133845,672,57,120,195,547,1529,3354,1714,59,3680,14,211,1929,27701,845,1046,4233,59495,575,14587,22,1,17,444,114,1051
139,5227,467,291644,14374,80,38,148,31148,2062,30665,66439,4929,472,40,107,184804,41,109173,134697,675,63,74,232,588,1478,3320,1728,68,4071,10,158,1756,27871,748,1032,4167,59400,558,15024,25,3,2,405,119,1019
140,5340,477,294075,14465,89,37,156,31120,2044,30565,66164,4783,460,29,113,184674,38,108771,134490,711,61,104,197,542,1507,3246,1650,47,3964,13,140,1750,27440,805,1058,4171,58864,520,14606,22,3,9,422,118,1111
141,5349,560,295356,14503,78,53,194,31380,2179,30574,66634,4845,503,22,98,184269,35,110021,134877,703,65,74,176,559,1441,3446,1670,45,3939,4,186,1765,27702,825,1093,4227,58951,536,14778,13,6,6,415,109,1043
142,5408,504,295032,14328,80,33,148,31938,2095,30220,66929,4977,477,19,76,186681,29,108940,134835,695,54,110,215,542,1471,3429,1640,90,3972,8,186,1770,27913,862,1088,4217,58764,552,14758,11,4,16,386,91,1072
143,5214,467,293431,14393,79,49,156,31328,1956,30267,66578,4778,493,39,102,184018,34,109204,134499,642,75,92,214,566,1434,3455,1753,53,3980,11,172,1877,27739,724,1019,4038,59401,540,14937,16,2,7,382,129,1066
144,5376,523,293949,14622,73,45,153,31098,2140,30621,66959,4728,521,35,101,183932,31,108516,134209,712,68,123,203,568,1549,3437,1652,44,4004,7,191,1834,27527,784,1084,4184,59064,515,14817,10,5,4,416,136,1074
145,5377,533,293043,14856,76,53,155,31613,2174,30696,66407,4908,477,34,96,185509,29,109228,134237,699,63,122,211,505,1574,3360,1689,71,3817,13,191,1723,27752,756,1044,4181,59182,532,15026,20,5,4,433,107,1019
146,5384,469,293331,14596,79,43,152,30837,2178,30625,66826,4909,480,26,107,184744,62,108733,134813,619,56,124,190,533,1550,3274,1705,68,3929,5,145,1821,27706,704,998,4180,59077,522,15036,18,8,5,443,103,1038
147,5352,492,294389,14463,101,39,147,31262,2293,30869,67056,4862,490,30,122,184986,42,109845,134558,687,42,118,204,558,1317,3419,1597,62,3716,11,179,1883,27665,759,1093,4150,60117,574,14867,16,3,10,352,160,1150
148,5188,495,291906,14589,70,42,126,31376,2081,30747,66190,4889,468,39,111,185809,35,109874,134381,628,60,112,205,595,1488,3332,1614,66,3846,13,212,1783,27225,771,1046,4008,59426,521,14888,28,3,7,411,117,1052
149,5313,538,293773,14764,82,33,156,31731,2209,30108,66541,4962,450,30,87,185478,23,109114,133733,692,86,131,190,603,1475,3377,1746,42,3966,6,180,1861,27748,799,1129,4087,59345,569,14430,22,7,13,450,120,939
150,5385,512,294546,14470,79,46,160,31707,2104,30781,66972,4845,445,34,122,186605,31,109399,134679,650,40,103,209,587,1422,3382,1744,47,3929,6,191,1856,27794,828,1032,4198,58486,587,14584,25,4,10,447,107,1046
151,5301,553,293056,14483,83,47,130,31477,2168,30875,66087,4645,478,28,123,185241,50,109734,135165,688,56,115,214,502,1463,3303,1739,54,3910,14,186,1778,27473,788,983,4184,59265,497,14834,20,9,4,376,107,989
152,5270,484,293686,14337,60,32,150,31197,2066,30646,66621,4962,458,40,91,184972,47,108759,135003,648,86,100,192,574,1509,3265,1643,56,3918,3,172,1767,27602,768,1040,4069,59558,531,14974,11,5,11,415,143,1115
153,5275,484,291469,14835,81,29,148,31475,2106,30746,66341,4974,467,46,96,184150,58,109807,135692,631,50,95,196,526,1447,3357,1631,81,3999,6,200,1738,27719,785,1084,4115,59339,496,14905,19,5,8,408,118,1071
154,5346,575,294824,14673,79,52,136,31680,2066,30902,66860,4729,466,30,90,184549,50,109400,134829,624,69,112,204,600,1506,3312,1635,67,3912,9,169,1808,27038,753,1125,4197,59462,503,14723,13,5,10,397,130,1011
155,5353,566,292863,14499,125,55,156,31188,2124,30676,66610,4821,435,35,87,185305,41,110229,134153,661,54,149,241,591,1510,3285,1779,54,3961,12,174,1767,27825,808,1032,4140,59334,559,14627,15,1,13,418,121,1093
156,5287,512,294246,14548,76,32,165,31518,2056,30979,66737,4786,493,43,83,185951,37,108993,134856,677,60,111,211,545,1496,3332,1720,71,3974,11,180,1725,27749,780,1062,4109,59695,524,14721,15,7,9,396,103,1051
157,5292,532,294629,14537,79,47,147,31586,2241,30822,66637,4948,486,37,86,184627,48,108508,133977,666,28,101,241,516,1438,3452,1654,59,3861,7,238,1763,27430,778,1047,4171,59148,548,15126,26,10,10,414,86,1003
158,5406,539,294135,14500,65,33,125,31923,2012,30790,66330,4964,452,31,95,184555,42,108717,133975,712,69,101,229,569,1473,3320,1647,54,4007,4,193,1789,27160,773,1021,4050,59701,519,14844,19,9,10,372,138,1110
159,5229,494,294079,14429,81,27,146,31615,2086,30569,66561,4837,542,31,100,184497,59,108658,134537,626,54,95,221,576,1573,3350,1717,41,3866,10,169,1791,27702,773,1050,4040,59098,590,15059,26,11,4,432,126,1030
160,5368,478,294293,14667,72,37,150,31246,2072,30905,66568,4746,483,32,76,184833,50,109693,134740,681,67,113,208,519,1507,3258,1805,59,3997,2,162,1765,27686,778,970,3963,59146,482,14896,24,6,9,422,107,982
161,5151,568,294295,14399,77,49,143,31118,2182,30617,66499,4783,443,28,108,185688,41,108410,134147,706,62,88,228,500,1480,3340,1655,83,3881,12,187,1805,27877,726,1071,4108,60172,520,14778,23,2,4,460,113,1111
162,5328,534,292370,14645,91,35,150,31824,2118,30801,66848,4761,491,28,114,186150,54,108939,135806,609,67,85,224,576,1557,3427,1633,55,3920,17,168,1739,27936,723,1046,4188,58629,516,14643,16,5,9,381,110,1036
163,5396,534,292934,14618,63,52,157,31744,2039,30747,66945,4938,491,18,78,184997,40,108640,135153,620,53,100,214,503,1472,3331,1674,49,3996,6,184,1781,27183,860,1034,4071,58911,572,14641,18,4,17,394,124,1108
164,5413,518,294563,14285,48,55,153,30841,2230,30517,66878,4995,512,33,140,184575,37,109465,134469,697,57,72,180,598,1466,3349,1697,77,3858,8,165,1730,27486,808,1186,3911,59401,444,14977,16,1,12,389,126,1010
165,5329,513,294734,14549,80,47,127,31217,2060,30781,67048,4777,526,44,111,183843,35,109547,134444,625,38,134,208,534,1491,3227,1643,48,4036,10,164,1762,27322,753,1057,4083,58932,510,14987,24,8,9,385,125,997
166,5536,583,293973,14663,54,27,169,31080,2254,30207,66941,4840,483,35,102,184605,33,108983,134765,648,60,83,205,573,1481,3378,1739,77,4052,10,150,1843,27586,734,1109,3935,59455,570,14915,20,6,12,422,103,1074
167,5294,487,294349,14429,63,43,149,31716,2137,30961,66982,4816,553,53,105,184591,42,109201,134529,574,62,97,181,581,1421,3433,1631,45,4041,6,203,1723,27425,801,1036,4156,59437,554,14541,18,7,8,366,164,1039
168,5197,529,293548,14858,90,36,176,31780,2291,30740,66660,4738,410,54,117,185171,36,109378,134621,684,54,83,204,574,1476,3486,1742,67,3885,9,183,1797,27786,764,1038,3922,59399,564,15019,18,9,8,421,109,1083
169,5375,490,294435,14450,68,54,123,31346,2134,30597,66562,4790,427,39,131,184803,43,108693,134803,739,50,98,212,549,1585,3272,1687,53,3954,8,188,1797,27145,760,1091,4110,59142,523,14702,23,1,18,370,104,1051
170,5292,428,293537,14596,69,47,165,31403,2013,30832,67211,4788,470,44,89,184712,37,108888,134609,662,64,86,195,534,1516,3431,1606,54,4004,11,183,1714,27896,742,978,4123,59395,531,14952,22,4,8,404,142,1025
171,5479,511,293736,14534,71,24,151,31252,2091,30722,67144,4775,554,32,146,184687,25,109495,134633,703,64,106,206,578,1357,3490,1658,65,4088,5,170,1784,27187,816,1000,3999,58863,521,14832,13,1,16,351,111,1107
172,5382,534,292752,14843,75,45,144,31501,2097,30664,66196,4896,416,28,84,184869,37,109777,134773,644,61,87,196,583,1518,3456,1610,61,3945,9,190,1782,27558,766,1024,4236,59143,531,14576,21,5,17,395,111,1040
173,5373,463,293021,14776,71,32,180,31591,2136,30792,66745,4739,453,36,115,184713,46,109496,133224,612,64,106,162,542,1515,3317,1626,29,4053,9,158,1764,27574,734,1027,4133,59512,534,14376,16,4,5,416,131,1022
174,5267,507,292503,14337,90,45,158,31213,2182,30928,66237,4834,477,27,88,184640,39,109368,135326,656,53,110,207,559,1505,3346,1708,43,3940,25,166,1736,27352,753,1042,4063,59443,555,14796,22,13,7,442,97,1035
175,5301,516,293299,14525,83,55,155,31268,2088,30384,66844,4644,441,32,123,184929,36,109111,134954,770,67,121,202,615,1527,3490,1716,51,3965,12,163,1852,27660,757,976,4068,59419,557,15121,18,2,15,393,90,1079
176,5139,467,293500,14578,85,25,144,30783,2079,30573,67068,4892,558,28,119,185139,41,109557,134254,626,66,97,222,565,1475,3334,1678,53,3914,15,148,1801,27501,794,1211,3893,58783,547,14826,18,4,7,429,109,1020
177,5369,529,293090,14371,73,27,110,31560,2088,30277,66868,4846,438,34,90,184993,59,108940,134879,713,60,100,221,567,1549,3330,1602,45,3907,13,217,1729,27666,764,1070,4218,59819,511,14487,26,14,6,365,116,1058
178,5354,501,294239,14521,78,36,152,30908,2090,31043,66674,4687,529,20,104,183493,33,108758,134745,688,39,119,201,537,1495,3443,1588,44,3912,2,195,1779,27467,807,992,4250,59236,543,14913,16,4,4,426,128,1094
179,5291,533,292994,14570,61,61,124,31426,2126,30733,67067,4860,522,39,96,184781,29,110687,135432,719,71,117,180,625,1397,3381,1666,52,3936,13,192,1751,27577,754,1050,4222,59303,461,14567,12,0,7,428,130,1139
180,5213,486,294210,14774,64,28,177,31320,2135,30871,66906,4891,475,22,99,185850,32,108946,134527,669,56,106,243,539,1467,3370,1579,36,4013,8,186,1635,27623,752,1070,4202,59295,503,14883,19,2,15,427,152,1092
181,5353,567,293959,14526,77,39,132,31871,2182,30642,66950,5112,554,39,111,185677,26,109162,133902,585,49,109,175,583,1555,3254,1725,81,3913,13,189,1698,27531,779,1046,4138,59440,526,15185,30,4,9,420,132,1094
182,5367,567,294155,14783,83,40,142,31400,2133,30971,66826,4752,489,49,72,185482,53,109248,134243,730,62,104,186,536,1545,3313,1669,50,3901,6,185,1863,27661,757,1087,4135,58647,505,15007,15,4,13,409,116,1042
183,5395,599,292151,14858,58,30,145,31534,2152,30595,66356,4979,457,25,99,185916,18,108640,133197,648,62,104,224,509,1407,3280,1782,65,3974,19,195,1693,27945,745,991,4034,59831,539,14694,9,5,9,408,100,1047
184,5320,562,294541,14237,57,37,192,31429,2009,30706,66579,4817,462,35,99,184486,46,110252,134467,676,44,115,206,527,1437,3428,1640,76,4022,6,211,1748,28048,714,1076,4055,59146,491,15165,15,20,12,386,123,1101
185,5376,499,293356,14455,96,38,166,31790,2205,30332,66631,4897,512,40,102,185351,46,109971,133554,631,77,95,231,571,1479,3175,1654,58,3943,8,178,1806,27254,787,1059,4117,59717,514,14474,19,4,11,422,88,1082
186,5215,514,292815,14493,59,30,134,31268,2154,30568,66793,4838,477,29,99,185189,38,109073,135415,684,72,107,219,563,1423,3420,1641,62,4050,13,151,1839,27562,749,1009,4239,59464,518,14852,22,7,6,351,113,981
187,5282,453,293767,14547,87,44,129,31179,2123,30412,67278,4989,517,44,114,184165,59,109417,134323,654,67,93,187,562,1432,3322,1708,36,3882,6,173,1709,27793,784,1015,3988,58581,576,14773,7,6,10,408,119,1017
188,5442,468,294756,14317,80,42,171,31282,2064,30165,66951,4852,499,33,90,184329,53,109208,134836,673,62,108,202,581,1489,3345,1679,65,4033,16,209,1765,27630,767,1023,4048,60042,451,14687,23,6,9,399,99,1047
189,5518,519,292965,14509,58,35,156,31145,2273,31131,66505,4773,469,26,108,186173,25,109430,135429,684,81,104,213,588,1484,3343,1686,50,4027,6,202,1811,27663,786,1099,4009,59440,551,14559,23,2,9,413,95,1026
190,5313,600,292165,14418,75,39,143,31371,2181,30600,66663,4805,457,34,90,185955,34,109605,134001,678,61,87,228,532,1463,3298,1793,51,3923,14,165,1868,27507,779,1027,4228,59376,539,14859,20,2,3,372,117,1060
191,5290,527,291591,14707,70,35,134,31289,2142,30536,66299,4776,482,29,112,185368,42,109534,135152,658,47,91,205,611,1477,3357,1717,44,3889,11,142,1807,27731,785,1052,4097,59599,474,14833,22,1,11,450,111,1044
192,5121,525,293431,14571,86,29,164,31362,2101,30880,67501,4882,486,38,100,185882,31,110235,134473,659,67,116,188,542,1470,3404,1724,50,3883,5,207,1828,27705,794,1015,4025,58320,522,14412,15,7,11,436,156,1009
193,5235,506,293187,14602,78,35,164,31801,2121,30554,67470,5027,464,42,122,184884,55,109280,135104,707,36,92,191,537,1561,3453,1725,77,4022,10,203,1791,27673,822,1004,4014,59737,538,15187,23,4,10,387,139,1108
194,5313,470,294372,14850,71,31,136,31681,2130,30784,66956,4825,464,37,88,185705,35,109432,134963,678,53,103,217,525,1493,3484,1655,50,4000,12,167,1819,27424,756,988,3920,59515,551,14916,24,2,13,372,118,1013
195,5404,501,293205,14435,82,70,155,31302,2175,30821,66647,4794,524,31,106,185548,30,109573,134162,736,50,103,168,521,1481,3322,1697,75,3944,7,192,1738,28141,727,1007,4062,59240,542,14827,14,8,4,475,124,1062
196,5372,524,293169,14484,85,42,144,31639,2047,30506,66477,4856,411,32,120,185006,41,107892,135415,685,60,116,155,597,1441,3242,1725,36,4010,5,231,1857,27672,785,1060,4257,59253,584,14603,17,7,4,434,101,1065
197,5227,500,295081,14427,98,46,121,31197,2079,30855,66910,4962,513,44,68,184598,31,108962,134244,681,62,107,212,581,1516,3266,1731,62,3956,7,174,1784,27867,841,979,4215,59506,531,14561,19,6,3,393,99,1135
198,5345,552,293818,14592,81,46,158,31795,2085,30482,67405,5020,508,20,86,184679,39,109266,134386,646,49,98,209,566,1586,3331,1774,67,3907,10,157,1761,27369,803,1026,3961,59611,560,14696,18,1,19,440,123,1092
199,5307,542,293012,14576,62,34,150,30987,2112,30888,66943,4738,485,23,118,184489,50,109584,135436,718,60,116,222,621,1477,3418,1732,65,4031,5,132,1793,27475,777,1004,4046,59455,536,14745,24,11,7,401,100,1055
200,5350,532,293907,14559,75,33,130,31587,2022,30185,66992,4700,494,26,95,186347,40,109028,135130,684,55,121,227,576,1516,3197,1650,50,4112,7,180,1754,27654,727,1046,4174,59104,536,15054,16,3,8,448,133,1033
201,5438,524,293922,14282,84,38,157,31620,2162,30923,66763,4693,492,46,101,184929,43,109833,134192,660,80,92,192,552,1451,3264,1718,53,3919,7,175,1824,27757,810,1146,3898,59086,551,14638,16,8,9,422,106,1056
202,5182,475,294590,14488,75,56,140,31171,2178,30636,66633,4822,435,37,93,185958,41,109286,134834,633,77,137,230,506,1486,3368,1716,56,3954,9,165,1710,27659,766,1006,3982,59479,546,14876,23,6,7,421,153,1050
203,5300,543,293348,14488,80,27,116,31243,2192,30678,66510,4763,459,47,79,185482,63,108960,134045,736,42,139,165,546,1573,3434,1613,65,4000,3,155,1813,27502,752,1022,4191,59571,485,14875,24,3,12,411,119,1131
204,5250,506,293355,14743,90,34,135,31143,2258,30744,66470,4665,528,29,110,184883,51,109485,133764,677,49,103,200,551,1481,3520,1594,42,3945,8,159,1712,27790,776,1013,4151,59912,550,15022,13,3,15,386,141,1001
205,5293,526,293575,14603,69,23,177,31696,2124,31013,66834,4950,441,31,116,184581,40,109240,134268,683,61,134,193,546,1571,3519,1610,68,4060,10,185,1679,27558,694,945,4119,58993,548,14924,12,8,12,386,94,1020
206,5441,531,293851,14501,108,36,127,31398,2207,30823,66593,4975,437,29,125,185197,32,108489,134695,678,53,105,178,568,1455,3392,1752,56,4050,11,195,1820,28028,816,1038,3941,59478,519,14780,21,4,7,394,92,1055
207,5309,584,293886,14288,73,31,145,31306,2108,30778,66858,4957,522,26,103,184770,53,110246,134464,651,34,109,213,591,1488,3370,1646,58,3871,10,180,1774,27487,773,949,4043,58660,556,14622,12,5,6,400,130,1030
208,5327,499,293075,14663,51,40,161,31581,2128,30416,66637,4984,467,39,111,184483,57,108538,134327,699,62,96,213,507,1509,3380,1765,63,3826,8,184,1810,27705,773,1011,4198,59346,616,14722,28,2,5,367,116,993
209,5410,553,291008,14690,65,34,133,31493,2066,30576,67079,4908,446,31,121,184249,38,108953,134731,714,51,112,225,518,1509,3458,1698,68,3825,8,211,1731,27494,814,963,4070,59295,554,14838,21,0,7,395,106,1001
210,5241,482,292189,14109,63,43,152,31808,2200,30307,67138,4895,461,35,107,184670,43,109596,134507,691,46,110,245,541,1462,3429,1665,44,3916,4,192,1788,27909,855,1003,4036,60048,501,14889,19,4,9,377,128,1062
211,5323,503,293976,14514,71,36,140,31290,2224,30294,67490,4991,506,33,103,185969,52,108861,134359,673,55,100,216,570,1451,3419,1649,54,3995,9,163,1842,27926,832,1126,4234,59642,552,14825,16,6,4,451,116,1031
212,5253,482,293934,14548,88,43,144,31230,2112,30679,66630,4951,491,20,83,185580,32,109371,134077,737,59,112,208,546,1451,3459,1794,57,4038,12,185,1850,27187,785,1027,4173,59850,613,14792,26,4,13,404,118,1021
213,5270,585,294151,14669,72,29,161,31390,2246,30661,66399,4755,526,47,112,185141,61,109099,134620,630,55,98,195,579,1385,3311,1686,63,3898,8,206,1749,27604,821,978,4087,58954,522,14908,14,9,14,430,116,996
214,5428,484,294117,14344,80,45,142,30915,2140,30414,66723,4656,518,21,103,184172,47,109392,135044,634,50,113,231,530,1569,3221,1626,33,3857,9,187,1784,26845,770,1117,3936,59233,557,14704,20,7,6,371,90,1046
215,5430,527,293419,14616,68,44,140,31204,2127,30784,66472,4998,493,30,110,185035,41,109403,134671,707,48,92,169,526,1545,3433,1707,46,4037,12,167,1859,27250,827,1097,4124,59278,567,15092,23,8,5,501,103,980
216,5289,472,293064,14779,84,41,125,31106,2095,31023,67241,4922,497,24,101,185883,40,108911,134530,665,54,104,185,556,1418,3508,1726,47,3929,5,185,1731,27790,794,1033,4120,59462,554,14876,11,2,20,418,127,1108
217,5350,524,294367,14228,74,30,147,31371,2177,31016,66462,4750,514,27,119,184134,48,109063,134567,643,54,107,231,555,1346,3462,1670,47,3844,5,166,1880,27929,815,1038,4133,59823,538,14391,27,3,7,404,114,1128
218,5338,537,292059,14384,71,28,149,31319,2038,30293,66773,4864,448,32,116,185296,70,109270,135700,718,61,121,156,574,1565,3395,1835,49,3833,10,166,1834,27377,730,1063,4109,59234,642,14836,19,3,15,400,118,1061
219,5300,486,293774,14610,81,31,147,31411,2120,30579,67179,4824,488,24,121,185300,34,108452,134357,700,58,130,220,588,1533,3414,1689,73,3949,12,190,1791,27474,763,1134,4177,59608,562,15218,21,14,7,367,99,1090
220,5196,555,293921,14663,79,34,174,31574,2105,30745,66362,4826,515,27,116,185286,41,109420,133300,718,59,127,216,528,1548,3408,1659,58,3971,11,191,1801,27210,782,1078,4186,59383,534,14711,23,4,6,425,135,1098
221,5254,501,294557,14700,76,42,123,31589,2130,31044,66559,4887,509,37,77,184805,29,109275,135040,675,56,110,221,572,1466,3262,1657,63,3962,5,171,1771,27779,778,1063,4048,59289,507,14836,22,2,6,393,114,1016
222,5391,526,293562,14618,84,39,127,31673,2226,30559,66497,4753,523,36,124,184978,39,109290,134690,715,53,82,193,488,1523,3344,1717,62,3967,23,166,1814,27629,802,1073,3959,59781,578,14651,20,2,10,403,113,1098
223,5371,523,292999,14600,62,33,146,31198,2171,30043,67230,4718,523,26,118,184939,30,109060,135484,629,55,118,217,517,1474,3237,1642,70,3958,18,184,1781,27265,727,998,4132,59769,522,14425,17,9,9,455,118,1057
224,5405,528,291732,14451,74,38,129,31108,2030,30513,66254,5007,477,33,90,185915,28,109293,134661,685,58,79,196,605,1475,3276,1634,52,3872,2,185,1723,27514,773,1031,4124,59605,530,14730,17,5,5,445,120,1031
225,5253,475,293987,14603,78,42,151,31610,2179,30676,66193,5012,561,21,124,184463,42,109839,133908,683,66,132,204,593,1464,3336,1674,57,3874,6,165,1801,27802,793,956,4079,59364,547,14606,7,2,20,407,114,1014
226,5349,463,294133,15052,83,43,143,31164,2032,31263,66980,4854,494,27,78,184351,58,108531,135355,719,66,79,192,534,1503,3361,1632,67,3919,5,180,1880,27360,764,1075,4184,58756,536,14833,14,9,9,367,91,985
227,5139,472,293010,14355,72,40,160,31159,2070,30377,66394,5009,443,24,87,185061,41,109274,134632,681,58,89,229,537,1448,3388,1686,66,3986,7,208,1877,27246,741,1012,3943,59739,504,15032,12,3,10,433,142,1002
228,5270,481,293125,14809,60,35,145,31607,2057,30369,66897,4870,486,26,84,185988,39,109030,134438,657,57,83,201,537,1504,3326,1635,52,3960,11,153,1779,27624,768,1085,3970,59003,549,14932,6,7,8,441,98,1062
229,5475,523,294454,14308,76,27,156,31755,2174,30267,66533,4840,494,36,92,185396,37,109415,134307,700,59,106,190,578,1583,3536,1662,41,3905,8,157,1726,27616,827,1003,3954,59015,575,14921,16,7,13,390,113,956
230,5277,569,293131,14589,95,27,176,31854,2076,30332,66745,4726,485,25,116,184626,39,109443,133660,656,47,96,183,590,1445,3363,1586,55,3966,12,181,1722,27476,858,1046,3965,59441,556,14740,14,2,7,424,120,1018
231,5248,504,295331,14732,94,33,138,31265,2133,31117,66765,4892,464,33,105,185897,48,109480,134690,688,55,119,200,515,1553,3329,1807,58,3884,14,195,1787,27197,778,1085,4040,59685,498,14915,20,1,13,417,92,1063
232,5284,480,294111,14131,86,34,113,31527,2162,31017,66586,4800,510,31,79,185635,28,109522,134583,701,57,104,231,589,1550,3396,1748,56,3820,13,183,1749,26855,741,1112,4004,58939,533,14832,11,4,12,403,130,1091
233,5328,537,293333,14730,71,42,139,31699,2168,30744,67057,4812,467,31,89,185615,44,109391,135092,658,71,94,217,584,1525,3349,1590,52,3902,2,177,1865,27796,784,1021,4185,59416,501,14689,15,7,17,392,115,1050
234,5431,528,293448,14414,63,43,129,31486,2150,30729,66948,4927,503,22,102,185203,50,109272,134534,654,73,128,219,579,1530,3353,1782,48,3918,13,197,1874,27809,719,1092,4090,60324,482,14919,19,6,10,451,118,1010
235,5427,548,292904,14229,76,46,177,31311,2152,30246,67098,4822,474,47,113,185830,39,108785,133585,627,77,98,175,530,1473,3377,1561,59,3984,7,215,1825,28030,799,995,4154,58989,516,15011,22,1,13,422,105,1101
236,5386,507,294319,14515,80,28,116,31586,2148,30349,67106,4858,528,54,98,185361,61,108737,133868,684,52,106,233,587,1559,3261,1607,46,3834,8,164,1773,27411,747,1130,4059,59134,574,14553,24,2,10,417,112,1018
237,5445,511,292684,14172,71,50,154,31388,2057,30509,66082,5048,491,40,118,183833,35,108731,134233,696,53,106,229,585,1487,3271,1782,62,4114,8,165,1780,27445,752,986,4082,58866,543,15203,14,3,4,428,130,1017
238,5363,518,293677,14634,70,47,148,31443,2100,30526,67265,4749,503,36,111,186108,38,109446,134437,650,55,107,205,593,1619,3309,1599,59,3828,9,176,1727,27890,770,1068,4028,59225,479,14859,17,11,10,427,137,1071
239,5396,505,293848,14363,95,29,120,31674,2148,30732,67077,4911,498,34,101,184345,34,108968,134767,662,59,70,200,537,1475,3406,1629,49,3883,7,149,1724,27636,804,1073,4025,58762,640,14679,12,5,11,391,119,1015
240,5314,525,293902,14356,95,23,149,31705,2193,30434,67325,4948,467,24,91,184590,42,109763,134850,710,75,82,193,510,1431,3284,1679,51,3810,15,177,1756,27927,819,1113,4199,59217,543,14724,19,11,13,392,121,1046
241,5219,490,293280,14384,70,30,157,31024,2151,30556,66722,5018,459,34,74,184161,39,109135,133868,613,53,98,196,594,1459,3447,1615,44,3927,10,150,1839,27599,677,1043,4144,59449,490,14387,15,4,6,375,94,1053
242,5268,556,294334,14335,62,31,125,31554,2022,30637,66474,4830,494,33,111,184344,32,109066,134100,812,53,108,220,574,1465,3243,1594,61,3956,7,162,1772,27830,794,984,4233,59331,569,14673,24,17,9,353,128,981
243,5458,535,294144,14511,68,24,135,31450,2109,30591,66837,4794,463,47,100,184722,23,109729,134615,646,59,99,219,508,1534,3285,1733,52,3898,8,145,1797,27540,737,906,4000,59059,548,14655,10,3,6,448,127,993
244,5433,452,293516,14604,91,31,148,31411,2148,30892,66779,4908,430,40,93,185695,45,110182,134033,665,49,86,193,518,1455,3514,1716,75,3910,7,185,1801,27287,729,1000,4066,59518,537,14883,16,3,4,416,84,1040
245,5535,496,293851,14538,87,45,167,31821,2015,30930,66262,4570,526,43,80,184011,37,108860,133485,642,51,109,238,538,1588,3199,1721,55,4007,7,201,1756,27798,792,1014,4072,59889,628,14842,14,10,16,400,101,1022
246,5346,560,293412,14593,83,48,163,31152,2126,30571,66511,5070,447,49,94,185292,42,109174,134154,688,83,96,224,574,1419,3361,1616,52,3832,8,176,1770,27654,786,1027,4273,59277,569,14956,10,2,10,415,101,1006
247,5383,566,294554,14817,81,32,139,31440,2126,30360,66583,4763,479,53,103,185475,48,108753,134846,683,53,113,180,543,1473,3312,1661,64,3908,13,171,1804,27909,808,1005,4220,58832,575,14591,13,4,13,385,125,1049
248,5455,461,294123,14927,107,33,129,31084,2164,30813,66430,5031,509,43,105,185368,30,108413,135072,685,53,98,207,535,1494,3369,1714,71,3966,6,200,1729,28124,746,1031,4045,59300,576,14983,13,5,10,395,115,1071
249,5324,513,294212,14469,64,35,174,31213,2119,30438,66634,4863,504,27,97,185354,35,109336,134743,656,45,121,198,535,1425,3359,1710,57,4004,12,166,1775,27831,778,1129,3965,59365,553,14757,22,2,18,417,102,1028
250,5566,527,294500,14574,96,36,129,31791,2206,30609,66906,4880,500,34,98,185034,30,109332,133532,758,56,94,170,569,1414,3440,1719,48,3815,12,183,1793,27664,792,1034,4164,59755,507,14578,13,3,13,420,112,992
251,5283,556,293153,14518,59,36,145,31381,2115,30667,66313,4926,478,27,122,184817,47,108962,134840,698,60,106,195,548,1467,3365,1720,34,4005,12,191,1652,27496,776,1075,4152,58865,572,14917,14,5,5,380,125,1078
252,5249,510,293760,14725,66,47,130,31242,2172,30336,66970,4941,474,29,89,185153,36,109276,134274,673,69,118,233,535,1395,3400,1625,59,3890,9,175,1751,27539,769,1056,4140,58905,487,14892,9,4,4,428,95,998
253,5133,565,292429,14781,87,42,141,31804,2047,30648,66922,4896,473,24,115,185352,38,109654,133823,612,60,97,153,557,1568,3364,1617,54,3971,16,202,1814,27690,680,1125,4114,59190,578,14749,14,4,9,447,133,968
254,5488,527,293064,14638,87,36,151,32018,2112,30503,67636,4969,469,56,127,185349,42,109239,135121,620,55,111,238,576,1519,3199,1721,51,3877,10,221,1791,27507,781,1054,4147,59533,573,14919,11,2,11,445,144,1051
255,5276,469,293568,14450,73,44,158,31144,2083,30802,66722,4834,459,37,104,185830,55,109302,134964,702,75,110,201,603,1511,3235,1617,45,4008,17,165,1818,27643,772,1085,3927,58939,523,14602,19,2,7,447,95,1027
256,5431,458,293045,14495,84,36,168,31705,2044,30885,67276,4854,531,46,103,185058,45,109405,135084,653,42,138,175,565,1413,3321,1689,60,3928,7,167,1743,27364,770,1050,4149,58982,532,14856,17,15,11,372,139,1070
257,5217,629,292940,14458,90,26,130,31663,2104,30804,66533,4952,426,40,118,184716,38,109108,134000,729,57,106,231,557,1374,3312,1595,53,3821,21,172,1778,27802,817,1003,4091,58696,542,14941,14,4,9,439,127,1075
258,5385,541,293225,14574,67,36,164,31289,2152,30621,67096,4961,456,19,95,184231,32,109147,134091,645,59,138,142,557,1548,3426,1654,56,3965,8,183,1800,27496,732,1083,4118,59102,551,14694,11,1,8,365,104,1053
259,5295,529,294022,14826,98,29,158,31658,2080,30556,67377,4893,507,31,114,184977,39,108899,134265,704,64,87,192,589,1530,3322,1741,61,3944,10,163,1900,27566,770,1079,4086,59698,534,14896,15,5,10,409,102,1129
260,5414,516,292879,14381,73,34,147,31486,2080,30319,67190,4797,466,33,102,185570,31,109485,134086,658,60,121,210,563,1432,3494,1596,70,3951,7,198,1858,27314,833,1026,3977,59279,576,14909,12,2,17,435,106,1020
261,5561,507,293530,14336,100,31,151,31900,2059,30582,66252,4769,506,36,89,185011,53,109997,134538,667,62,119,233,556,1413,3350,1725,63,3832,9,167,1744,27718,822,1005,4030,59136,513,14787,10,0,3,420,163,999
262,5240,525,294005,14848,79,46,117,31216,2114,30710,66895,5009,497,40,100,185279,31,108970,134491,711,79,122,193,537,1392,3321,1651,77,4008,6,179,1776,27675,775,1109,4213,59401,503,14716,15,4,8,389,105,1014
263,5246,467,293610,14494,102,29,140,31159,2132,30684,66793,4932,521,48,91,184749,38,109466,134744,643,68,77,203,557,1558,3385,1686,56,3914,9,215,1835,27715,740,1067,4020,59873,547,14995,27,3,11,433,125,1090
264,5400,506,293091,14259,79,33,165,31467,2129,30988,66493,4839,516,29,116,185008,33,109632,134301,671,57,82,179,581,1445,3424,1606,67,4016,19,178,1788,27180,737,1067,4153,59136,557,15050,19,5,5,430,103,1071
265,5154,514,294669,14666,88,40,194,32005,2130,30959,67114,4748,524,25,110,185945,51,108880,134955,628,58,101,221,548,1450,3104,1678,67,3980,10,169,1831,27675,740,1038,4058,59965,520,14690,17,1,7,394,112,1036
266,5373,519,293890,14263,82,33,165,31293,2236,30349,66463,4803,530,23,100,185477,65,110316,134749,671,75,90,212,583,1599,3364,1645,55,3847,7,178,1754,27613,794,988,4067,59848,569,14378,24,4,17,418,108,1081
267,5476,494,293605,14647,96,35,120,31568,2228,30643,66909,4588,488,36,107,185532,38,108767,133292,643,48,92,198,497,1406,3465,1588,56,3956,12,169,1715,27744,801,1051,4096,59608,580,14924,27,3,6,370,91,995
268,5365,499,293877,14597,92,55,118,32066,2115,30587,66661,4896,475,42,112,185198,57,110118,134792,650,56,109,208,504,1463,3251,1699,53,4143,6,190,1815,27592,852,1069,4069,59104,515,14585,24,3,12,373,144,1000
269,5389,549,294879,14363,58,26,167,31181,2117,30785,66463,4993,493,32,129,185605,28,109189,135088,685,54,82,203,589,1548,3325,1623,46,3965,3,183,1840,27611,793,1084,4050,58698,593,14839,15,1,8,462,122,950
270,5381,509,293708,14395,75,48,141,32007,2098,30673,66306,4973,463,13,109,185297,28,109530,133735,680,57,85,182,550,1495,3316,1649,58,4076,4,203,1862,27632,864,1035,4037,59593,552,15130,16,7,12,425,113,1064
271,5396,537,293285,14423,68,40,152,31772,2074,30808,66950,4792,506,39,92,184293,42,109232,135024,622,59,104,209,549,1611,3300,1697,53,4114,17,172,1787,27559,810,1136,4028,59172,597,14809,21,11,7,441,139,1088
272,5281,496,293710,14319,77,34,150,31618,2070,31162,66629,4824,499,40,87,185838,54,108455,134510,633,59,98,209,548,1452,3362,1691,57,4063,8,170,1837,27660,815,1059,4136,59180,564,15175,21,5,8,405,113,987
273,5383,503,293321,14635,80,39,153,31246,2254,31079,66234,4837,498,44,109,184594,57,109246,134153,671,40,119,246,593,1421,3325,1734,71,4176,12,175,1788,27297,784,993,4138,59325,543,14830,17,0,19,454,138,1006
274,5288,561,293514,14805,60,32,113,31790,2195,30596,66896,4816,469,33,86,185387,31,109062,135086,678,60,94,208,574,1498,3229,1639,55,3878,7,149,1726,27764,818,1035,4026,58565,537,14849,19,3,6,414,110,1030
275,5510,506,294271,14553,95,27,162,31215,2028,31073,66926,5050,472,38,108,185991,53,109349,134554,690,66,108,221,522,1481,3327,1753,66,3935,17,179,1812,27632,740,1034,4355,59531,530,14573,20,6,7,414,104,984
276,5190,512,294457,14611,71,55,120,31643,2124,30492,66726,4964,470,30,110,184778,59,109525,134284,618,57,89,193,631,1551,3310,1650,57,3898,5,189,1761,27541,773,1120,4305,58967,534,14815,22,1,3,411,149,1040
277,5350,527,293255,14511,78,35,159,31265,2136,30727,66974,4927,449,24,104,184852,53,109818,134529,612,37,102,191,539,1468,3273,1725,59,3989,7,177,1769,27535,780,1074,4078,59066,538,14479,15,6,8,411,92,1116
278,5393,546,293806,14571,64,52,169,31031,2239,30209,67426,4836,452,41,93,184775,23,109106,134747,615,51,133,212,585,1536,3310,1675,61,3888,13,160,1804,27708,799,1070,4252,59843,526,14737,16,4,12,417,137,993
279,5306,505,294447,14572,67,42,151,31698,2022,30904,67009,4740,517,38,110,186171,37,109300,134672,696,44,135,187,473,1450,3329,1700,74,4055,9,183,1766,27498,715,1016,4186,58824,543,14634,18,6,4,424,106,1028
280,5341,520,294231,14399,59,45,111,31856,2161,30892,66919,4715,460,29,122,184308,36,109437,134254,747,47,89,181,520,1494,3355,1703,59,3865,24,159,1692,27390,850,1068,3940,59441,576,14873,24,2,12,417,108,1100
281,5534,497,293518,14337,75,42,139,31410,2221,31001,67515,4851,440,33,83,185900,34,109802,134717,656,33,92,192,480,1441,3286,1738,64,4052,9,164,1779,27610,836,1019,3976,59517,513,14974,14,2,15,426,99,1050
282,5374,510,293957,14480,80,49,163,31618,2115,30724,67052,4844,473,20,106,185241,46,109730,135184,655,46,105,211,534,1485,3268,1715,75,4043,12,178,1714,27336,729,1068,4084,59045,511,15205,5,4,7,424,131,1070
283,5195,544,293653,14378,64,68,145,31381,2030,30719,66474,4846,518,30,95,185653,37,109161,134019,740,55,125,193,508,1525,3324,1737,61,3855,5,158,1793,27544,748,1017,4147,59568,569,14848,21,6,13,388,84,1010
284,5284,559,294527,14432,79,29,149,31441,2002,30805,67148,4869,479,18,108,185048,59,109515,135413,658,64,92,194,566,1539,3282,1692,39,3725,8,154,1739,27661,827,1058,4074,59714,550,14486,10,13,10,419,105,1054
285,5423,561,293405,14586,99,52,185,31459,2031,31117,66493,4759,454,41,103,185108,41,109480,134988,727,59,100,205,612,1511,3252,1633,61,4006,7,164,1873,27936,789,1140,4135,59673,541,14996,13,1,10,384,123,1044
286,5370,516,292217,14655,70,37,172,31423,2084,30114,67039,4777,468,27,95,185117,35,108756,134297,611,49,114,204,481,1523,3397,1494,44,3899,15,187,1846,27424,758,1026,4127,59964,609,14917,23,1,10,481,109,990
287,5418,551,292110,14572,68,38,153,31203,2209,30829,67130,4877,459,17,95,184871,33,109692,134588,718,60,84,203,533,1573,3358,1602,72,4019,4,168,1748,27605,758,1022,4238,59904,548,15037,15,2,31,370,120,1096
288,5197,550,293402,14385,58,46,155,31436,2131,30799,66627,4917,470,29,108,185243,43,109263,134481,671,44,98,178,497,1421,3413,1660,78,3727,14,186,1941,27456,843,1083,4139,59176,544,14424,22,9,8,439,103,1175
289,5197,549,293490,14603,79,48,151,31099,2199,30651,66748,4825,492,34,87,185699,31,109205,134193,641,46,87,210,593,1374,3288,1718,60,4024,7,174,1825,27259,813,1049,4006,59097,519,14675,13,4,9,394,90,1035
290,5138,496,294798,14716,87,29,178,31220,1982,30507,66634,4851,482,36,105,184854,42,108661,135340,689,49,126,205,569,1512,3162,1745,36,4047,15,163,1793,27463,788,1049,4153,59300,501,14919,24,1,5,384,114,1095
291,5296,436,294080,14457,69,31,150,31270,2070,31062,66618,4779,527,19,111,184935,64,109202,134918,681,50,127,248,573,1467,3376,1698,66,3842,16,160,1775,27711,781,1072,4138,59581,542,14848,20,4,7,376,120,1126
292,5280,490,293869,14470,69,44,121,31303,2155,30981,66639,4911,531,49,105,184643,29,109864,134680,762,53,115,243,542,1446,3364,1692,67,3916,3,247,1737,27745,761,997,4126,58791,609,14756,18,3,4,435,92,1041
293,5365,557,293625,14432,70,56,142,31756,2095,30464,66711,4930,451,46,105,184524,50,109575,134453,626,55,111,218,539,1515,3506,1700,59,3955,8,195,1823,27946,825,1023,4111,58894,532,14650,27,1,10,332,134,1033
294,5446,565,293429,14570,115,45,159,30803,2108,30283,67242,4785,443,40,100,184826,41,109509,133686,621,54,118,182,563,1480,3327,1609,52,3808,8,172,1733,27127,703,1096,4162,59299,546,14997,18,0,7,406,115,1077
295,5465,524,294265,14513,65,32,173,31149,2109,30088,66561,4784,435,23,97,185042,45,109131,135040,738,71,121,196,506,1476,3492,1582,53,4101,9,167,1775,27599,753,968,4003,58508,502,15129,14,2,7,412,96,1045
296,5262,535,291473,14691,66,38,156,31239,2190,30656,66117,4937,482,42,115,185687,34,109172,134005,623,46,88,203,542,1497,3252,1682,65,3938,2,171,1743,28007,775,995,4221,59211,554,14479,14,3,7,476,129,969
297,5388,490,293560,14478,102,43,114,31196,2197,30157,65956,4600,472,34,126,185365,60,108755,134687,687,74,112,224,525,1516,3464,1612,39,3982,14,169,1838,27582,779,1073,4151,59425,550,14761,14,6,7,470,110,1045
298,5316,464,294357,14649,76,38,144,31361,2076,30446,66424,4881,480,49,108,185330,62,108513,134655,725,66,90,178,622,1557,3331,1610,57,3971,10,152,1777,27492,803,1065,4058,59308,573,15139,20,5,5,414,121,1043
299,5415,492,292889,14849,55,40,194,31718,2111,31067,66683,4824,541,36,115,184014,23,109089,134568,624,56,104,258,534,1476,3391,1689,49,3881,6,145,1711,27666,777,997,4035,58970,581,14644,25,5,7,471,100,1156
300,5304,530,293535,14467,48,44,149,31415,2135,30428,67400,4880,521,31,101,186027,42,109982,134983,675,42,102,204,583,1502,3402,1689,37,4011,6,167,1758,27427,746,1095,4166,58930,568,14744,22,1,6,402,101,1072
301,5144,501,294756,14430,53,43,178,31259,2250,30549,67126,4999,487,47,86,185158,46,108919,135036,699,67,101,174,530,1430,3385,1797,45,3840,11,174,1795,27472,675,993,4216,58637,535,14808,28,6,6,395,88,1015
302,5485,527,294166,14260,69,29,139,31785,2137,30686,66413,5119,462,35,89,185102,53,110209,134831,666,49,101,203,639,1552,3511,1609,66,3958,11,157,1790,27450,784,1155,4231,59227,565,14828,14,4,3,446,112,1108
303,5303,509,293967,14715,88,39,166,31758,2207,30247,67032,4879,473,18,92,185580,41,109679,134457,644,38,105,227,552,1425,3202,1658,58,4066,10,160,1764,27294,774,1003,4125,59927,516,14979,13,0,14,423,114,1055
304,5410,545,294652,14611,73,53,149,31823,2227,30714,66817,4884,433,45,121,183942,46,109291,134122,644,47,73,225,543,1427,3412,1623,66,3933,7,169,1748,27675,821,1036,4081,59107,594,14938,15,3,8,377,121,1143
305,5385,504,293016,14634,71,37,131,31176,2150,30654,67082,4730,524,37,89,185289,39,109959,135232,716,50,106,218,564,1486,3176,1802,54,3984,11,173,1733,28018,717,1020,4022,59583,570,14843,10,7,5,392,102,1013
306,5345,466,293525,14341,81,46,146,31461,2145,30789,66771,4852,448,35,95,184544,27,108673,135405,727,58,115,223,587,1498,3359,1693,56,4179,8,174,1863,27124,718,1089,4030,59509,514,14884,18,2,11,408,123,1038
307,5286,544,292478,14359,72,37,141,31462,2192,30653,66762,4801,503,29,85,185575,27,108831,134734,632,54,105,198,516,1465,3243,1649,55,3866,10,188,1887,27438,750,1065,4193,59431,462,14670,15,2,13,382,114,1013
308,5419,556,293740,14500,78,30,170,31130,2170,30863,66532,4807,484,35,80,185198,41,108576,134783,606,46,98,210,545,1416,3358,1645,52,4106,6,178,1759,27629,777,1040,3968,59116,512,14825,7,12,13,488,103,1013
309,5278,519,293885,14567,86,31,169,31608,2180,30875,66377,5137,505,32,105,185694,33,109649,134375,655,63,117,199,540,1533,3377,1724,70,4099,13,153,1838,27045,745,977,4067,59112,495,15129,22,4,6,455,143,1050
310,5221,470,292533,14356,68,39,145,31637,2039,30943,66309,4758,451,33,91,184867,46,109447,134086,641,57,121,174,583,1556,3401,1720,55,3871,13,189,1793,27453,773,995,3977,59316,485,14985,16,7,13,414,113,1047
311,5371,502,294042,14761,68,27,164,31762,2192,30337,66864,4902,438,30,116,185570,56,109800,135149,690,47,118,220,578,1508,3295,1737,76,3851,8,156,1729,27500,751,1058,4143,60093,563,14699,12,2,9,440,107,1026
312,5358,492,292921,14535,80,40,140,31803,2088,30771,67432,4981,446,34,157,184906,30,108533,135113,647,62,113,198,588,1434,3462,1686,52,3957,4,182,1770,27233,684,1100,4173,58660,537,14725,13,1,7,450,80,1051
313,5394,536,293225,14706,68,25,136,31427,2038,30970,66899,4822,445,35,108,184149,43,109300,135004,661,52,90,216,564,1528,3251,1727,68,3965,18,172,1765,27523,700,1111,4053,59553,524,14783,16,14,8,393,121,1061
314,5415,456,293448,14673,64,36,155,31253,2127,31095,67160,4860,448,31,107,184911,37,109680,134503,723,47,96,197,609,1563,3506,1668,42,3900,8,187,1846,27834,779,1058,4101,59358,479,14813,10,8,10,406,124,1142
315,5325,485,293137,14491,71,43,141,31672,2081,31114,66444,4811,522,28,92,185733,37,109109,133587,614,71,101,229,516,1606,3348,1656,59,3957,4,173,1813,27740,774,1104,4094,59313,566,14522,28,1,10,432,120,1067
316,5536,495,294190,14845,90,37,156,31622,2237,30905,66514,4905,452,45,85,185728,35,109086,135485,682,72,117,246,544,1528,3378,1792,61,4001,13,197,1788,27453,770,1144,4288,59433,559,15021,13,2,11,420,116,1035
317,5389,523,294467,14515,82,30,169,31286,2105,30380,66671,4784,483,25,89,184743,41,109059,134670,682,41,110,177,571,1466,3341,1633,58,3935,11,178,1708,27720,795,955,4065,58852,559,14615,30,6,10,435,98,991
318,5264,557,293217,14468,89,36,135,31486,2160,30893,66712,4999,488,37,97,185934,46,108863,134225,719,67,142,223,529,1500,3334,1598,77,4074,13,199,1838,27618,777,1061,4117,59455,545,14976,25,3,12,364,126,1025
319,5350,507,295020,14467,81,48,180,31686,2180,30811,67022,4839,544,48,100,186343,44,109576,134134,665,65,121,178,462,1451,3321,1758,57,3881,5,144,1841,27874,715,1157,4029,58976,561,14463,17,7,10,393,116,1048
320,5345,514,296400,14711,90,33,172,31126,2223,30993,66654,4975,506,38,110,184910,38,108692,133619,672,73,116,202,489,1421,3475,1621,59,3985,20,143,1728,27511,803,1066,4023,59510,524,14809,29,4,5,430,137,1088
321,5159,548,294735,14522,60,30,136,31173,2201,31004,67151,4795,485,18,120,184865,33,108952,134682,698,55,93,205,570,1546,3431,1831,52,4009,6,177,1799,27402,770,1038,4112,59299,553,14790,16,4,8,408,134,1002
322,5362,512,293273,14751,72,38,141,31508,2122,30835,66383,4814,473,18,97,185570,59,109120,135185,683,43,137,218,525,1507,3281,1715,52,3813,9,172,1819,27914,787,1018,4057,59156,575,14538,6,4,8,434,102,1042
323,5306,537,293100,14591,72,21,132,31483,2146,30106,66708,4952,488,36,127,185511,52,108833,133407,631,65,107,199,584,1438,3273,1564,62,3988,12,195,1807,27898,841,974,4089,59543,564,15096,10,3,13,381,134,1020
324,5297,477,291992,14473,86,33,136,31437,2060,30636,66404,4934,529,24,95,185301,59,108220,134782,663,72,101,177,552,1431,3434,1647,44,3860,7,204,1756,27773,753,1019,4011,59001,572,14826,20,6,8,408,103,1045
325,5463,494,294340,14798,72,42,155,31124,2014,30822,67493,4792,509,33,101,184033,36,108900,134335,728,52,106,243,548,1529,3328,1679,45,3875,5,185,1851,27060,740,973,4196,59288,596,14855,18,8,5,383,116,1100
326,5393,474,293735,14602,63,24,139,31049,2164,30510,66944,4894,470,33,128,185913,26,109371,135108,778,71,96,214,554,1503,3391,1619,72,4040,20,178,1722,27398,720,1020,4178,59083,584,15009,12,7,9,385,117,1051
327,5231,535,293545,14442,67,36,151,31441,2156,31013,67124,4981,488,33,94,185032,38,108766,134863,716,40,115,199,550,1400,3250,1667,38,3820,14,166,1811,27452,803,1017,4162,59205,624,14978,18,3,4,390,115,1017
328,5507,472,293054,14491,87,45,158,31424,2285,30704,66650,4891,470,31,95,185018,46,108984,134149,668,81,111,200,560,1529,3482,1646,55,3871,18,182,1807,28027,787,1070,4142,60049,560,14996,8,1,12,395,123,1034
329,5162,536,293206,14491,104,38,166,31471,2047,30733,66522,4813,498,40,124,185260,29,109529,134143,688,62,94,189,550,1451,3410,1587,64,4100,9,229,1793,27832,799,1059,4227,59526,614,14873,14,4,9,415,110,1086
330,5297,536,292287,14662,87,29,130,31385,2205,30758,66139,4911,483,40,112,184503,44,109259,134578,634,59,89,243,617,1467,3280,1609,68,3916,15,199,1734,27548,743,1090,4088,59532,588,14517,14,1,3,389,111,1025
331,5450,517,295392,14469,62,17,135,31396,2109,30347,67091,4801,459,33,114,185704,39,110096,135070,714,84,112,198,525,1424,3355,1757,48,4017,4,181,1787,27879,803,1085,4271,59652,534,14667,22,4,4,385,125,1045
332,5352,525,293353,14911,78,31,114,31406,2154,31121,66534,4833,461,51,85,184919,30,109275,135163,667,45,117,170,524,1444,3329,1745,42,3763,17,196,1806,27281,773,1047,4107,59530,545,14960,13,6,5,438,85,1035
333,5434,513,294322,14708,71,54,172,31745,2114,30294,66684,4842,467,32,85,184522,35,108948,134951,676,56,114,224,561,1429,3295,1771,55,3881,9,161,1695,27515,778,1058,4179,59119,555,14701,17,1,16,343,101,1111
334,5273,488,293310,14310,79,39,116,31266,2109,30479,67212,4666,473,38,103,185311,46,108810,133937,656,61,96,229,633,1585,3229,1758,53,3854,13,171,1759,27716,753,1094,3925,58644,602,14753,4,6,8,412,87,1012
335,5373,457,293006,14859,67,35,156,31369,2225,30785,66375,4898,474,32,111,185177,30,108599,134572,662,53,126,247,568,1496,3312,1623,63,3865,5,167,1795,27919,728,1002,4076,59755,574,15204,40,2,15,402,93,1046
336,5374,491,291936,14711,70,43,134,31200,2209,30481,66622,4729,480,34,104,185327,30,108652,135103,707,70,94,181,508,1476,3458,1689,63,4030,8,169,1823,27876,797,965,4179,58962,530,14757,11,1,15,411,149,1017
337,5389,519,292710,14636,91,52,185,31536,2067,30395,66679,5075,526,50,93,185658,32,109069,134166,719,68,106,203,464,1608,3267,1614,79,3938,15,196,1789,28068,773,1051,4105,59085,588,14603,19,7,7,388,118,1057
338,5398,456,293560,14410,72,41,161,31372,2066,30638,67107,4918,505,35,138,184575,33,109130,134523,708,47,101,197,589,1477,3497,1729,46,3941,5,157,1808,27768,788,1040,4106,59827,550,14640,11,4,9,428,111,1046
339,5461,516,294334,14088,82,44,145,31192,2064,30250,66430,4832,477,34,103,185518,42,109455,134374,681,48,103,223,527,1420,3353,1615,39,3936,8,204,1792,27561,810,1000,4145,59555,513,14350,12,8,6,426,114,1066
340,5220,561,293056,14680,84,45,151,31220,2074,30451,67054,4788,456,46,103,184364,37,108879,135142,675,49,126,204,590,1526,3396,1669,60,4056,9,155,1883,27718,835,1054,3982,59024,599,14781,22,1,11,419,98,993
341,5334,535,292300,14409,64,40,146,31292,2069,30791,66690,4854,439,34,113,184997,43,109022,134550,665,63,120,200,554,1423,3356,1753,52,3995,7,209,1870,27350,750,1008,4289,58987,493,14783,24,8,4,374,106,941
342,5426,468,293690,14581,80,26,155,31447,2284,30616,66689,4932,537,43,100,184296,45,109309,134085,704,56,116,167,533,1445,3336,1783,47,4008,15,184,1833,27317,823,1064,4124,59342,527,14614,16,4,11,406,100,1095
343,5492,506,294367,14761,72,37,153,31310,2095,30266,66409,4871,496,24,106,185421,23,109545,134842,682,44,119,211,584,1548,3453,1730,69,3914,10,201,1753,27919,765,1087,4062,59411,535,15123,17,0,6,393,112,1047
344,5176,508,293229,14629,72,37,136,31877,2189,30485,66565,4775,443,32,130,185069,34,109045,135341,700,67,130,205,566,1437,3303,1723,76,4050,12,198,1867,27765,789,997,4153,59362,515,14809,29,3,11,421,123,1027
345,5411,525,292804,14563,66,28,144,31276,2220,30684,66959,4832,452,44,106,185548,25,108481,135062,710,72,113,199,582,1437,3392,1693,51,3923,7,170,1878,27155,761,963,4083,58934,559,15096,17,3,9,444,138,1015
346,5429,470,292334,14359,87,53,171,31137,2123,30388,67243,4941,486,49,103,184844,35,108455,134885,657,61,98,197,534,1432,3392,1785,41,3971,12,194,1849,27531,749,1071,4124,59330,571,14963,16,4,8,386,149,1013
347,5245,534,293089,14414,67,40,149,31345,2235,30572,66457,5027,452,54,117,183915,38,108439,134457,669,64,79,210,588,1573,3407,1599,49,4031,11,177,1780,27555,759,947,4006,60158,556,14630,12,5,10,452,127,1021
348,5269,514,293932,14300,93,30,165,30849,2202,30781,66627,4872,467,34,101,185632,44,108901,134683,662,46,103,197,523,1485,3338,1676,50,3914,11,203,1826,27806,777,1033,4012,59228,501,14908,5,0,14,430,133,1088
349,5281,484,293141,14454,68,39,145,31803,2112,30461,66952,4857,442,42,128,183229,34,110251,134769,701,53,103,208,516,1633,3480,1652,62,3947,3,195,1820,27502,805,974,4303,58869,558,14973,23,4,5,490,106,1073
350,5385,503,294195,14658,92,40,143,31019,2117,30389,66840,4821,520,39,99,185511,58,108471,134837,697,59,120,187,542,1510,3398,1801,49,3855,8,182,1831,27937,733,1015,4053,59225,512,14751,25,3,11,439,124,1088
351,5183,510,293745,14665,83,32,177,31717,2059,30786,66380,4880,494,20,114,185780,41,109172,134066,578,55,135,189,554,1471,3340,1761,61,3991,8,190,1752,27530,808,987,4123,58582,509,14530,19,4,9,346,114,1007
352,5434,501,292796,14617,97,31,157,31846,2117,30494,67018,4647,481,31,108,184597,35,109265,134150,635,62,97,202,559,1560,3398,1702,55,4046,3,198,1758,27213,765,976,4278,59479,567,14795,25,7,5,374,127,1070
353,5433,485,293846,14573,77,30,129,31866,2225,30693,66619,4915,527,29,77,185238,45,108096,133951,718,90,118,223,568,1435,3150,1716,52,4098,10,161,1737,27420,796,989,4074,58457,586,14975,16,1,5,394,108,1066
354,5329,503,294324,14359,77,41,131,31407,2072,31129,66697,4941,563,39,79,184388,41,108887,134651,724,73,84,216,573,1441,3452,1797,42,3832,12,215,1765,27963,762,1075,3943,59103,616,14974,16,9,4,445,130,1076
355,5347,498,293703,14494,87,23,157,31504,2130,30888,66629,4875,544,32,76,184330,34,110365,134570,675,40,109,206,584,1548,3388,1718,45,3844,15,208,1806,27781,744,995,3924,59503,543,14562,19,4,5,368,134,1014
356,5361,479,293049,14472,102,43,162,31309,2115,30829,66635,4827,492,43,97,184084,45,109685,134469,665,67,102,180,601,1404,3346,1687,60,3940,18,180,1783,27236,688,1041,4062,59189,497,14718,23,7,14,418,105,1086
357,5438,537,292097,14519,78,40,167,31424,2137,30839,66618,4882,457,45,152,185469,44,108674,135375,679,65,119,208,502,1486,3362,1703,53,3831,21,156,1834,27752,771,978,3956,59606,505,14906,8,2,7,368,118,1045
358,5341,536,293000,14688,73,26,158,31543,2046,30797,67235,4960,495,27,93,184167,46,108949,134030,635,51,116,156,566,1378,3364,1690,53,3949,7,180,1793,27869,791,990,4208,59830,483,14629,28,7,5,436,109,1016
359,5241,461,294379,14623,79,36,163,31374,2275,30879,65854,4802,502,29,84,183929,36,108373,134362,658,49,86,174,554,1585,3452,1694,40,4058,5,198,1767,27783,736,1002,4163,59437,510,14797,8,7,14,395,109,1040
360,5332,541,293630,14436,81,33,169,31342,2104,30336,66889,4925,453,26,85,184205,48,108828,134666,672,87,101,219,565,1494,3353,1685,68,4128,2,203,1793,27423,759,1019,4106,58998,510,15109,25,7,15,415,134,1055
361,5170,556,292876,14668,111,26,146,30985,2105,30257,66592,4868,499,37,112,185359,34,109490,134173,609,45,124,243,534,1593,3264,1727,51,3981,12,170,1681,27551,770,1059,4140,59183,574,14983,14,5,13,397,115,1046
362,5139,537,293265,14481,59,44,137,31332,2170,30570,66954,4889,458,24,98,184989,44,109165,134143,625,66,98,185,537,1404,3136,1622,40,3981,8,178,1855,27222,790,1058,4207,59983,489,14946,19,1,18,420,107,1025
363,5438,522,292885,14360,58,42,143,31379,2070,31217,66851,4946,468,55,120,185124,36,109086,135026,677,66,108,190,473,1542,3426,1755,57,3780,10,185,1728,27792,812,994,4090,59625,517,14707,9,4,5,385,84,1053
364,5283,512,293475,14448,65,42,155,31194,2046,30908,67723,4923,436,30,99,184734,40,109146,133938,660,51,127,239,561,1536,3350,1601,53,3834,7,130,1739,27620,749,979,4194,59423,496,14775,28,1,11,456,94,1119
365,5397,489,293872,14574,100,32,118,31230,2098,30486,66854,4847,465,44,102,184975,33,108987,134787,628,64,93,200,560,1410,3291,1615,60,3961,18,169,1785,27885,770,1002,4189,59095,571,14740,19,1,10,421,123,1052
366,5271,513,294905,14517,79,27,143,31721,2128,30523,67040,4993,479,33,72,184925,37,109098,135500,597,52,102,247,518,1508,3246,1671,72,4130,6,198,1780,27978,744,1018,3982,59335,554,14951,19,1,6,350,133,1065
367,5267,465,293652,14712,77,34,179,31086,2089,30430,66364,4892,474,33,117,185699,30,109042,135541,638,56,79,233,568,1391,3311,1654,39,3843,3,180,1744,27580,815,1053,4039,60281,515,15133,11,12,18,412,104,1054
368,5425,539,292193,14411,66,27,153,31481,2177,30512,66205,4985,469,37,106,184849,33,109725,134680,659,54,111,195,549,1479,3274,1773,88,3984,11,160,1715,27619,759,1119,4159,59484,590,14974,17,2,3,401,105,1050
369,5275,530,292977,14410,80,46,183,31425,2045,30427,66604,4933,490,35,102,184809,45,109175,135516,739,48,81,178,574,1510,3360,1638,43,3913,12,191,1831,27663,764,1005,4085,59118,546,14816,8,2,0,377,75,1023
370,5122,517,293000,14305,69,43,140,31352,2228,30519,67042,4693,520,40,107,186037,38,109193,134885,673,44,121,211,539,1494,3298,1612,61,3919,16,181,1777,27613,747,1070,4167,59296,508,15015,12,3,5,401,106,1013
371,5305,455,294533,14748,87,51,147,31521,2153,30669,66438,4934,492,38,86,185482,36,109586,133800,685,67,116,231,565,1436,3361,1662,58,3784,13,202,1791,27541,778,1073,4324,58889,580,14896,22,4,10,395,93,1039
372,5208,561,293431,14348,73,30,162,31506,2253,30860,66634,4907,495,27,103,185951,36,108832,134455,716,53,81,216,483,1592,3297,1646,37,4139,16,158,1834,27273,716,1071,3957,59527,529,14751,16,4,5,453,112,1111
373,5274,583,294052,14460,79,52,164,32089,2211,30566,66293,4929,480,38,104,185571,50,108257,134668,619,58,84,203,510,1438,3335,1584,47,4047,9,187,1882,27692,832,1034,4150,59171,576,14807,17,9,8,448,99,1060
374,5262,520,293495,14853,72,35,172,31314,2067,30539,67311,4956,497,31,74,185439,42,108311,134804,673,49,91,206,473,1440,3401,1678,54,3951,10,173,1810,27694,865,1060,4109,59367,589,14996,25,3,8,414,95,1086
375,5273,550,293873,14775,91,26,165,32082,2066,30898,66898,4964,422,24,125,184731,32,108601,134476,709,57,136,207,506,1524,3276,1679,57,3878,6,178,1698,27508,708,981,4133,59617,576,14634,22,6,9,362,119,1039
376,5349,526,293520,14750,83,36,149,31278,2106,30815,66548,4847,529,37,108,186232,40,108664,135722,690,50,93,181,573,1427,3309,1648,61,4032,10,150,1787,27660,817,1014,4148,59374,526,15119,29,4,3,379,119,1059
377,5364,451,293411,14438,82,39,146,31648,2096,30863,66561,5002,484,27,105,185475,39,109298,134002,674,63,93,220,539,1415,3319,1650,58,3941,5,173,1694,27817,679,1026,4000,58845,506,14494,30,2,11,480,141,1050
378,5451,499,292033,14438,64,35,152,31434,2028,30857,67213,4718,437,34,126,185102,57,109202,134464,690,62,139,224,553,1455,3450,1587,53,3826,9,191,1836,27510,769,1107,4094,59462,515,15033,25,4,4,418,107,1055
379,5260,463,291470,14537,79,39,158,31636,2055,30870,66370,4801,502,43,103,185700,45,108790,134401,732,47,124,224,620,1498,3437,1646,65,3874,9,186,1791,27508,750,1087,4153,58870,550,14729,22,2,8,376,94,1006
380,5453,483,293086,14478,81,28,175,31528,2036,30833,65945,4911,462,48,119,184945,54,109399,135515,721,54,97,218,616,1468,3294,1652,38,4126,10,174,1667,27478,750,1044,4168,58682,530,14840,10,2,10,375,132,1078
381,5354,452,292658,14665,70,33,156,31287,2118,30850,66718,4842,430,29,96,185491,65,109559,134513,674,48,90,195,541,1379,3419,1693,58,4045,5,164,1723,27546,801,1011,3965,59495,534,14866,17,5,11,380,117,989
382,5267,481,293193,14555,71,44,123,31340,2090,30597,66389,4816,508,31,103,183998,46,109698,134322,624,54,90,197,548,1581,3431,1599,64,3752,14,166,1796,27365,739,1037,4021,59162,587,14976,19,4,7,453,120,1037
383,5148,492,293076,14362,81,44,167,31249,2026,30635,66993,4895,425,21,123,184890,37,109140,134051,667,59,115,175,508,1455,3263,1668,37,3911,8,168,1778,27748,880,968,4128,59010,513,14916,8,1,11,403,111,1065
384,5297,477,293100,14578,71,45,149,30889,2107,30150,66546,4797,499,38,113,184872,45,109035,134924,709,44,102,221,546,1535,3371,1655,89,3885,7,167,1812,27686,809,1031,4175,59544,592,14746,9,4,5,446,115,1014
385,5445,513,293097,14358,68,35,134,31611,2209,30929,66601,4961,501,51,111,185306,46,109146,134621,614,45,95,211,582,1518,3189,1580,72,3913,13,196,1854,27457,765,1028,4093,59653,542,14644,20,5,6,397,109,1106
386,5354,524,294447,14564,85,33,143,31589,2125,30427,66248,4824,537,20,95,183960,37,109019,134347,747,54,116,207,534,1427,3462,1700,56,3949,9,187,1759,28075,805,1055,4105,59457,539,15058,27,6,11,383,116,1074
387,5440,570,293662,14369,85,29,180,31242,2128,30809,66925,4809,524,28,102,185326,36,108987,134783,667,57,117,191,545,1423,3421,1566,67,4006,11,165,1781,27599,695,1047,4175,58798,557,14721,18,3,9,375,112,1102
388,5313,485,292844,14351,71,47,133,31312,2124,30467,67058,4752,563,43,109,184694,37,109286,133952,729,63,116,187,513,1446,3313,1614,56,4103,11,186,1752,27610,775,1047,4130,58890,504,14710,24,8,7,400,129,1016
389,5450,515,293098,14521,70,42,138,31625,2131,30621,67479,4724,513,54,101,184462,33,109812,134205,652,50,129,179,546,1452,3431,1680,59,3932,10,163,1820,27886,755,1016,4152,59146,574,14784,30,1,11,496,109,1023
390,5363,544,294455,14654,94,31,173,31627,2123,30960,67062,4828,475,34,96,185853,43,109356,134668,759,56,105,212,590,1485,3440,1550,61,3835,10,221,1789,27452,770,1059,4201,58457,549,14919,16,2,7,401,118,1043
391,5425,455,293748,14768,75,25,136,31358,2129,30508,66793,4865,498,52,104,186026,65,109849,135096,629,85,113,220,533,1490,3277,1695,44,3996,5,204,1681,27378,812,1016,3841,59905,568,14893,24,4,7,419,96,1094
392,5161,535,293137,14827,63,29,134,31355,2094,31105,67554,5174,502,34,93,184364,49,108662,133912,690,64,101,202,513,1535,3334,1620,55,3870,3,187,1761,27527,770,999,4098,59588,568,15022,17,3,8,375,93,1084
393,5521,518,293706,14742,56,38,141,31443,2088,30968,66700,4833,523,43,102,185292,50,108827,135020,693,55,96,209,547,1451,3435,1732,70,4016,4,157,1756,27205,809,957,4143,59243,548,15062,22,1,13,374,121,999
394,5196,487,293377,14346,82,43,135,31527,2039,30987,66936,4956,456,45,88,185547,51,108192,134915,695,46,85,252,546,1566,3165,1720,58,3869,9,156,1840,27580,775,1019,4153,59673,500,15034,12,4,6,392,96,1035
395,5424,523,293558,14497,58,36,128,31090,2081,30842,66540,4857,440,31,100,185833,52,109580,134870,637,42,96,200,531,1462,3376,1728,52,3959,3,193,1774,27607,810,932,4208,59265,598,14875,13,1,10,400,136,1001
396,5425,499,293064,14338,90,51,191,31460,2065,30539,66895,4918,491,31,86,186100,46,110333,134472,702,44,121,184,573,1516,3435,1648,59,4015,5,202,1701,27587,710,1057,4084,59242,546,14799,30,4,4,389,99,1024
397,5441,515,292461,14700,92,35,133,31600,2188,30778,66843,4804,509,35,95,184763,18,109172,134207,689,88,108,195,555,1522,3435,1665,47,3849,13,215,1806,27470,823,1009,3830,59367,522,14727,21,4,9,417,133,1041
398,5481,503,296669,14482,83,44,153,31396,2151,30697,66868,4900,462,48,105,184448,35,109143,134399,650,49,90,212,578,1483,3336,1824,39,3978,13,182,1766,26867,745,1072,4168,58871,538,15173,21,5,8,337,174,1062
399,5585,451,292744,14546,82,39,122,31397,2166,30719,66575,4904,485,33,110,184599,40,108962,134200,654,75,129,212,583,1468,3256,1608,93,4028,12,181,1663,27429,737,1033,4057,59492,565,14667,12,7,7,408,86,989
400,5340,498,293863,14522,74,36,161,31806,2157,30874,66145,4814,483,38,93,185261,50,108632,134160,671,66,112,211,528,1534,3273,1576,51,4064,13,181,1875,27783,789,987,4318,58622,574,14718,19,1,10,409,103,983
401,5210,544,294525,14362,76,29,132,31575,2067,30932,66477,4930,543,40,133,184452,49,109569,134663,681,54,120,190,527,1522,3379,1574,65,4043,3,178,1814,27268,861,992,4232,59228,565,14864,19,5,9,495,125,1010
402,5352,493,294130,14692,88,33,156,31420,2151,30750,66871,4858,509,35,129,185532,62,109118,133593,624,57,84,189,503,1530,3432,1729,58,4058,14,185,1755,27521,719,1075,4130,59412,557,14659,12,10,5,439,110,1067
403,5147,519,295368,14700,65,28,154,31527,2012,30873,66586,4790,501,43,108,184838,40,108917,135309,708,47,118,195,535,1422,3253,1752,46,3829,9,185,1752,27660,726,1007,4201,59731,494,14864,26,2,8,435,137,994
404,5446,458,293940,14562,64,40,154,31305,2111,31179,66559,4983,453,25,99,184763,40,108416,134989,717,48,79,207,554,1554,3337,1666,61,4070,7,171,1859,27332,827,1039,4194,59376,504,14810,15,2,11,362,122,996
405,5180,557,293682,14802,64,27,147,31860,2069,30465,66360,4936,488,25,113,183842,29,109067,134530,683,66,111,208,518,1424,3332,1760,40,3909,12,141,1757,27743,773,1117,4009,59731,518,14706,13,2,9,370,129,1065
406,5225,507,293193,14523,56,56,159,31347,2064,30714,66462,4900,464,32,100,184172,43,108327,134967,662,62,100,188,609,1365,3310,1629,41,3955,7,207,1782,27406,844,1077,4095,59478,514,15021,21,1,11,404,133,1115
407,5397,512,292169,14835,72,49,143,31313,2143,30818,66455,4908,485,29,111,185860,45,108938,133949,654,81,90,179,519,1471,3373,1823,42,3916,9,184,1629,27688,750,1004,4127,58973,560,14628,16,7,13,409,110,1016
408,5398,519,293237,14321,70,48,136,31996,2104,30725,66249,4972,402,26,71,185381,38,109261,133944,654,73,103,204,553,1515,3403,1717,51,4065,9,149,1739,27171,732,1023,4117,59674,557,14762,16,6,13,392,104,1084
409,5318,513,294617,14804,52,27,151,31228,2247,31309,67024,4790,496,54,109,184112,45,109184,134250,651,59,91,204,531,1511,3369,1638,48,3988,13,179,1753,27789,787,1032,4098,58988,474,14855,12,5,13,384,109,1052
410,5400,478,294491,14514,68,32,148,31816,2072,30360,65958,4795,501,39,88,185444,38,109064,135079,649,48,89,197,503,1426,3276,1689,67,4006,10,174,1757,26923,764,1030,4055,59389,577,14841,12,0,9,464,117,1039
411,5396,543,292855,14596,65,40,149,31660,2119,30798,66563,4851,439,38,107,185907,50,109258,135083,667,55,127,223,609,1518,3449,1650,56,4056,3,176,1777,27369,824,1059,4052,58973,508,14717,19,10,6,423,125,1020
412,5362,482,292558,14614,72,34,160,31349,2103,30768,66880,4960,470,36,105,184262,49,108742,135179,682,46,96,257,540,1555,3232,1707,51,3916,9,186,2009,28089,828,1017,4035,59589,509,14708,23,3,6,439,142,1042
413,5280,488,293597,14868,79,36,149,31826,2020,30438,65990,4905,431,31,125,184676,39,108900,134361,664,66,100,192,571,1532,3385,1717,61,3972,12,162,1811,27763,742,1018,4124,59009,518,14859,15,2,6,427,111,1050
414,5525,606,293118,14383,68,29,158,31748,2087,30443,66893,4995,464,22,122,184831,36,108793,134783,686,55,102,243,555,1465,3275,1699,64,4054,1,220,1839,27529,763,1070,4229,59405,502,15092,17,6,5,406,101,1049
415,5479,510,294849,14504,51,45,139,31354,2100,30704,66602,4805,455,20,92,184613,32,108804,133668,646,47,94,222,594,1553,3384,1659,54,4006,25,181,1742,27831,773,1121,4112,59499,486,14766,13,6,12,403,112,1057
416,5191,412,294220,14570,59,46,157,31422,2097,30628,66932,4874,437,37,69,184918,41,108638,134831,754,65,109,204,517,1480,3387,1702,49,4039,16,163,1844,27909,787,1055,3984,58747,608,15094,17,1,5,486,137,1039
417,5375,502,293895,14303,84,39,163,31286,2181,30980,67158,4755,504,36,105,185296,45,108923,133692,685,68,134,213,615,1475,3282,1705,59,3907,4,172,1769,27529,827,1033,4119,59448,531,14891,26,1,9,393,111,1036
418,5197,550,293184,14542,121,51,150,31473,2068,30432,66183,4710,523,33,100,184848,55,109510,134721,640,60,116,189,579,1390,3567,1740,55,4022,6,190,1783,27368,784,1077,4205,59731,573,14534,15,1,12,394,86,1003
419,5345,481,294568,14471,93,42,157,31244,2112,30720,66784,5120,458,43,99,184905,29,109431,134645,646,63,100,206,624,1486,3165,1650,65,4099,11,162,1787,27571,831,1061,4011,59348,527,14684,16,7,5,414,127,1055
420,5414,521,293698,14535,71,38,152,31214,2186,30611,66459,4796,440,33,104,185687,52,109282,134549,638,50,126,214,564,1436,3402,1698,53,3857,13,183,1764,27535,867,1087,4196,59318,531,14664,4,9,6,446,94,994
421,5276,528,294424,14425,62,33,135,31784,1978,30417,66022,4939,500,27,118,184991,43,109549,135104,709,61,123,198,563,1532,3252,1668,51,3996,6,176,1695,27270,796,1003,4248,59471,500,14934,14,3,5,432,92,1024
422,5454,522,293116,14493,85,37,139,31533,2084,30697,66652,4960,435,27,115,185153,42,109130,135467,716,68,107,263,599,1505,3432,1742,39,4045,7,195,1720,27568,760,1043,4124,59595,511,14356,19,0,7,396,107,1090
423,5425,504,293599,14616,92,39,144,31249,2036,30492,66691,4864,474,36,123,185861,42,109213,134058,705,70,114,179,532,1449,3512,1828,62,3865,9,179,1822,27595,838,1005,4059,59159,519,14862,13,6,8,409,136,1038
424,5368,496,294068,14605,87,50,159,31312,2242,30899,67101,4880,464,28,109,185015,43,108403,134114,675,71,118,191,545,1495,3557,1673,46,4059,15,157,1783,27520,756,1158,4170,58816,480,14776,15,0,9,384,90,976
425,5449,526,292398,14197,100,36,151,31638,2165,30358,66909,4994,471,41,110,184684,49,109610,134082,662,65,90,179,591,1479,3362,1720,63,3983,7,159,1878,27338,803,1043,4083,59666,496,14848,21,2,16,433,135,1103
426,5248,512,294277,14961,69,32,150,31436,2084,30315,66122,4767,436,34,97,185427,44,109360,135069,705,53,113,203,530,1484,3405,1762,57,3927,7,169,1733,27470,720,995,3994,58841,490,14523,25,3,4,440,119,1074
427,5203,492,293899,14881,91,49,182,31430,2184,30770,66808,4938,480,35,86,185088,50,108539,135062,727,51,83,211,494,1492,3303,1739,55,4072,8,160,1757,27589,760,937,3877,59370,546,14551,17,2,17,354,108,1022
428,5387,509,293145,14492,63,38,151,31671,2042,30359,67249,4983,430,37,112,184943,40,109344,134917,680,51,84,186,464,1571,3324,1690,55,3869,12,153,1774,27447,733,1076,4011,58567,525,15040,24,9,8,414,111,1104
429,5148,592,295036,14488,88,37,159,31535,2159,30473,66887,4878,489,48,90,185267,40,109206,133806,722,45,91,211,511,1492,3347,1605,51,3900,14,154,1719,27808,751,1038,4347,59745,554,14725,15,5,13,394,105,1160
430,5287,536,293600,14208,67,28,152,30974,2180,30530,67185,5035,461,31,112,184519,21,109363,133999,661,64,105,204,564,1519,3411,1615,54,3855,12,201,1792,27328,710,1056,4141,58790,576,14845,27,4,7,344,96,1073
431,5264,456,291814,14834,82,39,134,31169,2100,30578,66689,4868,468,36,106,184789,59,108607,134808,738,84,116,229,579,1411,3373,1684,62,3778,15,190,1846,27139,730,1002,4269,58579,584,14664,16,3,14,389,109,1035
432,5435,461,293939,14392,76,36,147,31270,2244,30923,66526,4729,476,44,135,184971,40,109514,134551,684,65,86,219,568,1410,3266,1724,63,4010,16,161,1758,27592,763,1012,4098,59176,543,14880,9,1,20,390,103,1068
433,5262,532,294267,14544,78,21,163,31724,2129,30774,67139,4804,477,20,105,184609,35,108734,134158,677,60,113,182,581,1454,3338,1688,59,3918,8,192,1769,27812,734,1017,4090,58795,536,14857,21,5,14,432,114,1070
434,5335,533,293036,14641,68,31,159,31828,2099,30379,66227,4864,471,41,85,185862,43,108830,134326,673,54,93,219,581,1587,3283,1696,63,3803,9,181,1727,27588,798,1056,4120,58375,570,14854,17,5,4,430,116,971
435,5409,566,294591,14495,74,22,139,31579,2079,30556,67652,4853,494,34,89,184549,33,108787,134114,610,55,81,235,537,1491,3241,1742,56,3886,7,192,1910,27465,780,1018,4064,59180,520,14915,23,4,11,374,119,968
436,5367,559,292593,14713,72,52,118,31459,2219,30765,66669,4975,473,21,103,184526,58,109711,134932,671,50,81,215,525,1500,3320,1660,70,3914,11,176,1693,27872,756,1045,4008,59789,500,14844,23,4,11,378,104,1048
437,5389,455,292863,14439,64,43,170,31120,2324,30900,66739,4481,499,56,115,185046,33,109409,134264,681,61,73,209,519,1449,3479,1702,65,4019,3,178,1813,27707,783,1071,4168,59238,510,14924,24,5,14,453,110,1072
438,5327,482,293821,14456,74,39,138,31497,2075,30966,66402,4828,440,36,88,184939,40,110161,134221,682,49,104,208,527,1501,3222,1765,65,3988,7,167,1839,27188,718,1018,4045,59446,603,14835,14,6,10,391,104,1044
439,5457,506,293247,14164,96,43,149,31724,2075,30604,67346,4933,442,42,100,184937,41,109339,135615,686,55,128,261,547,1545,3212,1632,67,4055,14,188,1823,27474,683,1060,4209,58653,580,14961,18,8,6,421,110,1067
440,5315,505,293116,14748,71,35,118,31688,2129,30602,67111,5036,512,21,90,185972,32,108677,134346,652,65,88,225,550,1454,3306,1656,74,3869,7,197,1689,27663,852,957,4063,59251,526,14572,21,1,13,382,125,1057
441,5517,526,294533,14653,76,35,137,31703,2095,30971,67373,4972,473,18,127,185389,57,108705,134578,674,65,105,204,533,1464,3288,1750,46,3949,14,168,1733,27442,800,1050,4003,59219,561,14985,19,6,12,389,104,1001
442,5424,559,292854,14473,88,30,168,31472,2106,31068,66627,4800,449,25,109,184789,35,108807,134804,700,68,119,193,570,1486,3193,1762,63,3849,16,176,1801,27343,807,985,3986,59133,580,14793,12,8,9,481,142,1035
443,5363,499,294818,14784,64,31,112,31681,2183,30568,66549,4772,440,38,94,185587,50,109884,134565,676,70,121,199,520,1557,3214,1588,58,3747,6,199,1855,27425,800,964,3945,59661,522,15114,14,7,18,424,96,1074
444,5268,497,292795,14829,76,40,147,31243,2101,30980,67102,4823,491,33,99,184939,46,109145,134579,665,47,115,229,502,1392,3329,1644,55,3829,11,175,1787,27328,726,1117,4089,59264,549,15280,17,3,12,396,118,1064
445,5293,499,293207,14405,64,37,177,31508,2044,30988,67050,5023,452,29,87,184262,46,109454,135223,651,73,108,190,573,1508,3339,1730,52,3929,5,206,1771,27551,761,1000,4251,59576,589,14781,8,3,6,433,131,1035
446,5315,560,293682,14313,82,33,166,31289,2263,30801,66732,4943,487,55,103,186045,30,109365,133976,692,45,82,217,563,1514,3220,1667,52,3907,7,170,1689,27752,763,1037,4100,58942,448,14771,16,0,10,375,129,1086
447,5368,526,293667,14611,68,38,134,31503,2162,30764,67087,4732,518,30,115,184842,31,108823,135143,668,79,94,201,514,1445,3410,1682,64,3895,8,158,1735,27360,835,1032,4030,59088,502,14643,17,2,8,415,81,1070
448,5219,509,294214,14353,53,37,165,31558,2051,30470,66628,4867,467,28,87,184494,29,109959,134201,657,30,123,183,555,1509,3393,1758,45,4099,11,179,1876,27727,771,986,4042,59504,581,14648,11,0,9,450,112,965
449,5364,482,294381,14486,108,57,145,31379,2174,30723,66438,4968,456,35,99,184227,54,108767,134119,698,55,103,225,559,1551,3385,1700,63,3924,4,176,1717,27524,823,1104,4249,58408,529,14844,23,4,7,341,91,1031
450,5371,501,294607,14537,88,40,164,31139,2195,30704,66907,4635,426,33,111,186451,41,108807,134142,710,45,111,214,484,1514,3402,1828,34,3954,6,210,1769,27785,780,983,4075,58770,563,14983,18,3,4,389,101,1084
451,5455,548,293014,14267,79,37,155,31147,2100,31030,66322,4890,493,25,103,184969,48,108418,133970,695,58,112,221,534,1570,3190,1575,59,3899,9,147,1781,27987,792,1050,4148,59165,507,14716,16,5,7,433,116,1117
452,5401,534,294882,14643,101,38,126,31306,2044,30548,67255,4759,492,31,90,184656,33,108808,134482,626,65,92,216,583,1423,3442,1662,68,3874,4,162,1916,27742,790,1060,4110,59116,520,14794,16,5,9,386,120,1064
453,5361,540,293997,14565,101,41,155,31193,2143,30350,66594,4817,529,43,120,185634,37,107858,134524,688,57,89,171,562,1551,3372,1789,54,3840,4,185,1721,27471,815,1089,4124,59498,499,14653,12,5,18,395,96,1098
454,5332,455,294173,14633,84,35,130,31358,2127,30912,66880,4895,512,38,111,185568,39,109269,135132,654,43,96,255,572,1567,3393,1625,26,4043,5,159,1774,27757,700,1086,4067,59292,527,14695,18,4,8,451,78,968
455,5359,454,293760,14579,92,39,156,31586,2160,30679,66453,4853,449,32,88,184229,37,109397,135416,611,54,110,188,520,1566,3380,1685,54,3999,9,166,1818,27432,740,974,4161,59473,541,15007,15,4,5,342,128,1043
456,5304,504,293770,14943,94,28,135,31788,2181,30978,66855,4991,402,38,132,184744,40,110829,135035,709,63,90,227,486,1405,3243,1631,59,4158,11,160,1688,27684,795,1002,4095,58624,565,14285,15,5,5,407,94,1067
457,5398,494,293433,14450,81,47,122,31003,2110,30276,66733,4798,446,39,125,184785,48,109246,133820,635,49,100,194,513,1555,3409,1649,67,4064,14,183,1687,27515,848,1077,4001,58976,566,14714,16,7,8,386,113,1057
458,5398,524,295469,14260,66,29,159,31678,2126,30802,66688,4926,527,34,112,184575,23,108738,134310,642,51,139,201,600,1506,3271,1731,57,3947,5,163,1755,27748,773,1106,4001,58659,541,15103,30,6,11,440,126,1122
459,5271,534,293357,14442,100,43,102,31550,2103,30796,66233,4870,519,31,113,185063,59,109510,134336,688,75,99,206,560,1462,3338,1615,68,3974,6,175,1795,27599,810,1031,4052,58899,579,14600,14,6,6,417,111,959
460,5224,517,294622,14603,80,40,152,31435,2115,30551,67754,4721,459,29,125,185353,43,109363,134318,730,52,111,191,518,1446,3370,1605,38,3861,4,205,1816,27738,733,1044,3991,58853,565,14925,16,2,9,447,92,1009
461,5380,490,293410,14290,57,36,125,31455,2091,30572,66298,4923,429,42,76,183868,36,109907,134136,675,71,103,189,495,1459,3368,1709,52,3837,5,180,1766,27795,738,1041,4041,59666,521,14667,13,6,2,394,115,1069
462,5298,494,294226,14702,76,32,145,31419,2270,30759,66689,5024,489,43,89,184989,52,108920,134415,646,56,109,228,551,1482,3328,1649,60,4096,9,171,1755,27592,806,1059,4142,59213,536,14675,18,4,7,369,75,1017
463,5332,490,293112,14720,90,43,131,31614,2171,30708,66617,4973,487,28,112,183938,52,108549,134379,672,42,86,209,596,1505,3448,1721,57,3894,15,179,1817,27738,714,988,4068,59127,514,15326,14,9,7,463,115,1039
464,5198,542,294117,14557,57,39,146,31737,2237,30522,67149,4878,481,37,105,185118,37,108724,134183,692,81,142,200,534,1581,3332,1761,77,3843,5,149,1744,28023,820,1031,4220,59048,510,14998,18,12,6,422,109,1091
465,5354,542,294780,14625,74,52,176,31890,2225,30778,66745,4965,451,35,95,185302,43,109498,133400,699,63,85,214,568,1493,3368,1633,75,3904,9,173,1776,27523,719,1041,4040,60193,518,14628,13,5,9,425,97,1006
466,5122,509,294243,14776,104,35,155,31242,2174,30910,66719,4893,444,32,99,184621,31,109352,133859,650,49,126,245,532,1616,3582,1724,34,3997,18,176,1748,27712,771,1004,3988,59364,534,14640,14,2,6,385,116,1057
467,5343,513,295193,14640,98,39,126,31311,2106,30547,66891,4806,471,34,114,184662,34,109304,135082,708,83,98,232,617,1407,3328,1638,46,3845,7,151,1816,28031,787,1082,3978,59820,534,14853,17,5,8,415,124,1050
468,5553,506,294066,14229,87,37,148,32053,2109,30827,66916,4846,480,26,103,184383,44,108730,134229,730,52,106,179,548,1462,3431,1762,54,4078,7,196,1736,27506,784,1031,4153,59638,527,14683,21,3,10,443,89,1011
469,5426,582,295581,14437,74,46,161,31436,2275,30643,66486,4802,465,34,110,184454,38,108690,134050,720,65,122,182,579,1501,3468,1618,47,4063,22,175,1705,27379,806,1012,4094,59616,541,14882,39,4,12,407,106,1050
470,5410,541,293657,14627,90,35,164,31015,2194,30684,66550,5119,482,37,123,185365,48,109462,135442,647,45,78,225,532,1504,3321,1780,51,3996,5,155,1768,27772,733,945,4126,59900,548,14697,14,5,6,390,106,1056
471,5480,517,294195,14598,71,34,132,31282,2147,30558,66904,4920,493,35,73,185826,39,109690,134328,702,65,94,228,519,1435,3366,1692,59,4171,5,163,1792,27491,772,1071,4110,59011,516,14782,11,3,8,369,127,1067
472,5508,471,293614,14577,69,39,152,31328,2083,30467,66535,4857,494,37,95,185740,51,109041,133987,679,49,106,206,588,1529,3221,1758,61,4024,9,167,1822,27517,806,975,4031,58788,502,14983,15,2,8,433,135,1043
473,5372,514,292566,14843,58,24,149,31199,2161,30680,66553,4799,476,29,130,184428,32,109249,133881,675,56,101,183,594,1510,3197,1628,63,3877,4,171,1813,27283,724,1000,4222,59893,566,14785,19,3,8,430,136,1076
474,5347,503,293190,14697,69,40,125,31407,2010,30636,66956,4835,490,30,102,185300,28,108987,134679,692,68,104,198,559,1442,3500,1707,60,3956,15,179,1804,27833,747,1021,4088,59259,556,14917,25,4,2,445,103,985
475,5442,544,294224,14585,88,35,110,31779,2064,30811,66875,5069,483,32,93,185529,25,109017,134017,674,70,91,241,568,1429,3256,1735,51,3929,9,181,1761,27528,833,1041,4182,59280,481,14734,23,7,10,414,107,1180
476,5352,493,293526,14416,94,26,141,31374,2132,30984,66031,4758,522,44,120,185468,68,108456,134457,698,45,105,197,521,1577,3523,1707,55,3886,5,168,1725,27806,723,1052,4042,59066,526,14857,9,6,5,375,119,1101
477,5399,470,293477,14590,66,45,149,31361,1989,30590,66030,4834,422,32,100,184151,54,109117,135227,713,52,79,194,533,1432,3336,1736,62,3930,9,183,1760,27509,694,1118,3957,59397,609,14641,16,1,9,475,129,1086
478,5213,523,293437,14644,72,27,156,31559,2089,30896,66867,4806,483,24,101,185349,42,109117,136336,674,64,102,212,566,1467,3369,1802,58,3883,7,182,1793,27451,824,1006,4024,59693,520,14649,28,2,8,412,91,1003
479,5395,510,293091,14505,91,50,135,31395,2211,30553,66292,4787,463,31,97,185174,56,109843,134415,656,67,104,191,543,1475,3257,1608,42,4079,8,157,1819,27360,786,953,4086,59875,458,14723,13,0,6,379,124,1162
480,5320,510,294541,14827,58,47,162,32006,2085,30883,67144,5032,498,38,115,184497,47,109354,134025,649,54,82,252,579,1455,3459,1684,57,4041,5,173,1814,27967,797,1097,4022,59703,527,14651,24,5,11,397,131,1019
481,5387,550,294944,14190,79,41,157,31665,2090,30472,66683,4819,502,49,123,185734,43,108998,134564,679,37,110,230,564,1524,3408,1675,52,4125,17,192,1792,27805,754,973,4014,59601,550,14721,16,1,8,407,85,1034
482,5325,509,293692,14373,82,41,198,31220,2218,30455,66984,5003,486,47,103,184187,34,108776,135732,681,45,125,210,534,1502,3311,1714,79,3916,6,170,1741,27585,747,1087,3948,59426,532,15005,18,2,6,375,106,1060
483,5334,549,293110,14694,73,32,164,31698,2169,30709,66861,4970,491,28,134,185271,40,109026,134099,621,61,101,201,590,1458,3246,1668,81,3933,5,178,1715,27816,729,1092,4139,59066,463,15066,14,3,10,395,145,984
484,5330,486,293784,14745,58,42,166,31178,2107,30978,66918,4713,477,29,91,184574,33,109015,134210,691,61,119,204,552,1527,3234,1780,51,3932,18,172,1790,27784,830,972,4243,59563,578,14833,22,7,9,433,131,1038
485,5185,435,293698,14552,64,37,145,31781,2121,30790,67087,4795,536,44,102,184857,36,109301,134740,682,60,91,193,593,1416,3181,1557,46,4067,3,188,1828,27750,709,1074,3995,59568,486,14873,21,4,6,391,117,1039
486,5402,493,293629,14275,67,39,130,31803,2064,30930,66319,4864,515,31,74,185207,44,108383,134303,691,51,100,274,517,1455,3431,1697,54,3871,5,152,1716,27466,756,1089,4158,59138,572,14826,12,3,10,509,111,979
487,5286,490,295109,14890,72,42,144,31643,2111,30470,66832,4740,487,21,103,185884,40,108891,134747,680,59,103,163,512,1503,3584,1697,58,3992,5,216,1841,27399,743,1064,4109,59120,509,14698,17,2,7,425,128,1038
488,5386,502,295068,14512,77,21,143,31332,2208,30724,66614,4937,446,38,93,184385,42,109151,135222,639,67,106,191,571,1470,3196,1696,50,3938,8,146,1797,27296,777,990,4016,59055,521,14935,31,5,4,381,126,1058
489,5395,514,292184,14717,64,39,155,31592,2118,30519,66458,4856,456,34,118,186241,33,109369,135052,648,61,108,177,576,1395,3351,1615,62,3949,9,151,1902,27667,760,1032,4019,59425,530,14760,21,10,8,467,107,1076
490,5314,544,293124,14747,74,28,170,32010,2170,30862,66538,4710,484,30,111,185296,50,108837,134773,707,45,96,241,579,1554,3439,1642,83,4008,24,178,1800,27772,815,986,4168,59417,557,14813,16,3,12,385,129,1023
491,5359,576,293536,14585,60,45,115,31288,2086,30438,66902,4969,481,40,98,184521,41,108462,134460,691,63,115,200,581,1471,3285,1766,72,4008,6,231,1749,27772,793,1028,4225,59464,538,14775,10,6,14,409,162,1117
492,5241,527,293248,14489,61,40,163,31412,2100,30941,67005,4956,443,26,109,183941,25,109014,135229,627,85,93,197,559,1504,3477,1645,70,3968,5,192,1759,27629,805,1062,4196,59001,526,14886,15,3,4,374,117,1082
493,5373,520,294142,14514,60,43,143,31566,2137,30556,67173,4846,452,46,106,185695,35,108883,134345,690,62,121,207,569,1428,3435,1822,47,3967,6,207,1738,27485,777,1028,4137,58964,558,14945,18,5,11,423,105,1068
494,5215,485,293043,14896,74,38,131,31473,2182,30780,66801,4709,481,21,108,184971,33,108814,134187,711,62,122,188,590,1517,3452,1697,66,4028,10,175,1764,27455,821,987,4098,59236,463,14889,13,2,5,445,111,1045
495,5464,504,292303,14647,76,44,126,31519,2034,30102,66771,4978,443,28,127,184111,41,109939,135102,587,51,104,208,566,1478,3344,1733,64,3863,3,175,1749,28208,710,1088,4181,58846,495,14962,19,5,7,418,88,1015
496,5400,548,294384,14586,81,41,136,31926,2127,30754,66912,4762,454,32,99,185394,22,109130,134733,617,42,128,183,602,1467,3420,1724,68,4010,6,164,1819,27387,771,1024,4267,58838,583,14471,26,2,14,393,107,1054
497,5443,469,293310,14637,70,27,135,31135,2056,30351,66412,4894,508,35,97,185516,28,109031,134490,673,50,112,231,565,1565,3356,1706,74,4075,11,185,1729,27933,771,1053,4259,59337,484,15029,24,1,7,444,100,1100
498,5452,482,291863,14727,93,29,135,31784,2097,30840,67118,4941,487,31,99,184536,38,108758,134697,681,46,99,184,555,1498,3327,1674,56,3904,4,147,1745,27495,800,1101,4037,59990,536,14809,20,4,10,443,100,1065
499,5346,501,292406,14633,65,36,140,31635,2036,30649,66083,4956,503,42,112,183911,38,109739,135010,760,40,75,210,507,1563,3355,1678,57,4037,7,177,1821,27377,719,1111,4109,59346,537,14751,17,7,10,428,117,1042
500,5713,529,292701,14461,74,45,137,31597,2171,30532,66036,4890,472,33,99,184619,36,108787,134820,649,58,140,196,535,1445,3248,1577,61,4057,12,169,1750,27755,756,1056,4067,59883,591,14965,34,10,14,415,132,1082
