level,window,percentile,group,term_id,term_name,status,fdr_published,fdr_cell
classes_count,5kb,5,LINE,GO:0007186,G protein-coupled receptor signaling pathway,lost,0.0278277530731289,0.0084397145393528
classes_count,5kb,5,LINE,GO:0009881,photoreceptor activity,gained,,0.0342737312163779
classes_count,5kb,5,LTR,GO:0000166,nucleotide binding,gained,6.778336989383424e-05,0.0037534828575426
classes_count,5kb,5,LTR,GO:0000981,"DNA-binding transcription factor activity, RNA polymerase II-specific",gained,3.284292752113761e-83,8.060852871807923e-73
classes_count,5kb,5,LTR,GO:0003682,chromatin binding,gained,2.4805691208757004e-10,6.646406306800733e-10
classes_count,5kb,5,LTR,GO:0005524,ATP binding,gained,0.002778729683784,0.0011149904266326
classes_count,5kb,5,LTR,GO:0005576,extracellular region,gained,,0.0293492752284905
classes_count,5kb,5,LTR,GO:0005615,extracellular space,gained,,0.0010888333283133
classes_count,5kb,5,LTR,GO:0005667,transcription regulator complex,gained,6.758228014648845e-18,2.159950037848124e-19
classes_count,5kb,5,LTR,GO:0005730,nucleolus,gained,0.0136107039433447,0.0398929509838562
classes_count,5kb,5,LTR,GO:0005856,cytoskeleton,gained,,0.0011777943312497
classes_count,5kb,5,LTR,GO:0006355,regulation of DNA-templated transcription,gained,6.151194225058447e-56,2.7974900359372725e-58
classes_count,5kb,5,LTR,GO:0006412,translation,gained,0.0045558431712418,0.0151154520358264
classes_count,5kb,5,LTR,GO:0007155,cell adhesion,gained,,0.0234052609823392
classes_count,5kb,5,LTR,GO:0007399,nervous system development,gained,2.1404676080245957e-28,1.778833479963842e-40
classes_count,5kb,5,LTR,GO:0008270,zinc ion binding,gained,,0.0003475164816739
classes_count,5kb,5,LTR,GO:0014069,postsynaptic density,gained,,0.0359049693224172
classes_count,5kb,5,LTR,GO:0015031,protein transport,gained,0.0001355690698718,2.9673838614455065e-05
classes_count,5kb,5,LTR,GO:0016607,nuclear speck,gained,,0.0150284512419455
classes_count,5kb,5,LTR,GO:0031012,extracellular matrix,gained,,0.0463696196138146
classes_count,5kb,5,LTR,GO:0098978,glutamatergic synapse,gained,0.0001719057409008,1.1374858193842523e-10
classes_count,5kb,5,LTR,GO:1990837,sequence-specific double-stranded DNA binding,lost,2.6748736668232187e-81,5.539324596950455e-66
classes_count,5kb,5,SINE,GO:0000166,nucleotide binding,lost,6.778336989383424e-05,0.0037534828575426
classes_count,5kb,5,SINE,GO:0000388,spliceosome conformational change to release U4 (or U4atac) and U1 (or U11),lost,0.0220411727526337,
classes_count,5kb,5,SINE,GO:0000398,"mRNA splicing, via spliceosome",lost,0.0042786012715271,
classes_count,5kb,5,SINE,GO:0000978,RNA polymerase II cis-regulatory region sequence-specific DNA binding,gained,1.3018805426856218e-67,3.719575786977147e-57
classes_count,5kb,5,SINE,GO:0000981,"DNA-binding transcription factor activity, RNA polymerase II-specific",gained,3.284292752113761e-83,8.060852871807923e-73
classes_count,5kb,5,SINE,GO:0003700,DNA-binding transcription factor activity,gained,3.743681849598961e-72,7.498869891796576e-64
classes_count,5kb,5,SINE,GO:0004984,olfactory receptor activity,lost,0.0001052590970585,7.997013847272787e-07
classes_count,5kb,5,SINE,GO:0005524,ATP binding,lost,0.002778729683784,0.0011149904266326
classes_count,5kb,5,SINE,GO:0005737,cytoplasm,lost,1.4813491547219648e-06,1.1812870211871055e-19
classes_count,5kb,5,SINE,GO:0005762,mitochondrial large ribosomal subunit,gained,,0.0378919033593711
classes_count,5kb,5,SINE,GO:0005813,centrosome,lost,0.026064252480608,
classes_count,5kb,5,SINE,GO:0005840,ribosome,gained,,0.03136593623578
classes_count,5kb,5,SINE,GO:0005874,microtubule,lost,0.0122398927457658,
classes_count,5kb,5,SINE,GO:0006298,mismatch repair,lost,0.0093117725955097,
classes_count,5kb,5,SINE,GO:0007144,female meiosis I,lost,0.0220411727526337,
classes_count,5kb,5,SINE,GO:0007186,G protein-coupled receptor signaling pathway,gained,0.0278277530731289,0.0084397145393528
classes_count,5kb,5,SINE,GO:0007608,sensory perception of smell,lost,0.0001624455517915,3.289645299514659e-06
classes_count,5kb,5,SINE,GO:0016887,ATP hydrolysis activity,lost,0.0159681305017013,
classes_count,5kb,5,SINE,GO:0031966,mitochondrial membrane,gained,,0.03136593623578
classes_count,5kb,5,SINE,GO:0034719,SMN-Sm protein complex,lost,0.0468398697102787,
classes_count,5kb,5,SINE,GO:0042802,identical protein binding,lost,0.0071165909769053,5.874138498344974e-05
classes_count,5kb,5,SINE,GO:0050911,detection of chemical stimulus involved in sensory perception of smell,lost,0.0001064991469763,5.223584259857658e-07
classes_count,5kb,5,SINE,GO:0070062,extracellular exosome,gained,0.0001173513080423,0.0001521535388086
classes_count,5kb,5,SINE,GO:0071016,U12-type precatalytic spliceosome,lost,0.0220411727526337,
classes_count,5kb,5,SINE,GO:0080025,"phosphatidylinositol-3,5-bisphosphate binding",lost,0.0385525328230731,
classes_count,5kb,5,SINE,GO:1990837,sequence-specific double-stranded DNA binding,gained,2.6748736668232187e-81,5.539324596950455e-66
classes_count,5kb,5,SVA,GO:0005515,protein binding,lost,3.35675160427163e-05,1.571164639659646e-09
classes_count,5kb,5,SVA,GO:0005634,nucleus,lost,2.7707254311077074e-10,1.1347569919145123e-14
classes_count,5kb,5,SVA,GO:0006369,termination of RNA polymerase II transcription,lost,0.0202647454872782,
classes_count,5kb,5,SVA,GO:0006397,mRNA processing,lost,0.0202647454872782,
classes_count,5kb,5,SVA,GO:0019899,enzyme binding,lost,0.0211728942371974,
classes_count,5kb,5,TE_bottom,GO:0000118,histone deacetylase complex,gained,,0.0046184549272628
classes_count,5kb,5,TE_bottom,GO:0001222,transcription corepressor binding,gained,,0.0110242494101531
classes_count,5kb,5,TE_bottom,GO:0001223,transcription coactivator binding,lost,0.0469706299207504,
classes_count,5kb,5,TE_bottom,GO:0001525,angiogenesis,gained,,0.0095551542499111
classes_count,5kb,5,TE_bottom,GO:0001649,osteoblast differentiation,lost,0.0047247655253269,
classes_count,5kb,5,TE_bottom,GO:0001707,mesoderm formation,lost,0.0250994783874814,
classes_count,5kb,5,TE_bottom,GO:0001756,somitogenesis,lost,9.963191521239412e-05,
classes_count,5kb,5,TE_bottom,GO:0001837,epithelial to mesenchymal transition,gained,,0.0110242494101531
classes_count,5kb,5,TE_bottom,GO:0001938,positive regulation of endothelial cell proliferation,gained,,0.0234052609823392
classes_count,5kb,5,TE_bottom,GO:0001942,hair follicle development,lost,0.0065787022403254,
classes_count,5kb,5,TE_bottom,GO:0001958,endochondral ossification,lost,0.039752215046129,
classes_count,5kb,5,TE_bottom,GO:0001967,suckling behavior,gained,,0.0448967162521104
classes_count,5kb,5,TE_bottom,GO:0001974,blood vessel remodeling,gained,,0.0021785900915886
classes_count,5kb,5,TE_bottom,GO:0002042,cell migration involved in sprouting angiogenesis,gained,,0.042820391965895
classes_count,5kb,5,TE_bottom,GO:0002076,osteoblast development,lost,0.0468929331990464,
classes_count,5kb,5,TE_bottom,GO:0003129,heart induction,gained,,0.0013822299215629
classes_count,5kb,5,TE_bottom,GO:0003163,sinoatrial node development,lost,0.0234832254108785,
classes_count,5kb,5,TE_bottom,GO:0003184,pulmonary valve morphogenesis,gained,,0.0013707439749241
classes_count,5kb,5,TE_bottom,GO:0003203,endocardial cushion morphogenesis,gained,,0.0002124548981097
classes_count,5kb,5,TE_bottom,GO:0003281,ventricular septum development,gained,,0.0150199785245502
classes_count,5kb,5,TE_bottom,GO:0003337,mesenchymal to epithelial transition involved in metanephros morphogenesis,gained,,0.0059841893452946
classes_count,5kb,5,TE_bottom,GO:0003344,pericardium morphogenesis,gained,,0.0006017727180521
classes_count,5kb,5,TE_bottom,GO:0003680,minor groove of adenine-thymine-rich DNA binding,gained,,0.0301659204622607
classes_count,5kb,5,TE_bottom,GO:0003714,transcription corepressor activity,gained,,0.0003986850536284
classes_count,5kb,5,TE_bottom,GO:0003824,catalytic activity,gained,,0.0442419256157359
classes_count,5kb,5,TE_bottom,GO:0004714,transmembrane receptor protein tyrosine kinase activity,gained,,0.0034447184872155
classes_count,5kb,5,TE_bottom,GO:0004879,nuclear receptor activity,lost,0.0151773219768263,
classes_count,5kb,5,TE_bottom,GO:0004930,G protein-coupled receptor activity,lost,0.0034429397926436,0.0230091020714274
classes_count,5kb,5,TE_bottom,GO:0004970,glutamate-gated receptor activity,gained,,0.0047425734822034
classes_count,5kb,5,TE_bottom,GO:0005004,GPI-linked ephrin receptor activity,gained,,0.0006017727180521
classes_count,5kb,5,TE_bottom,GO:0005158,insulin receptor binding,lost,0.0417273221451055,
classes_count,5kb,5,TE_bottom,GO:0005515,protein binding,lost,3.35675160427163e-05,1.571164639659646e-09
classes_count,5kb,5,TE_bottom,GO:0005524,ATP binding,lost,0.002778729683784,0.0011149904266326
classes_count,5kb,5,TE_bottom,GO:0005737,cytoplasm,lost,1.4813491547219648e-06,1.1812870211871055e-19
classes_count,5kb,5,TE_bottom,GO:0005789,endoplasmic reticulum membrane,lost,0.0002475970449587,
classes_count,5kb,5,TE_bottom,GO:0005794,Golgi apparatus,lost,0.0018554412663433,0.0376432519220843
classes_count,5kb,5,TE_bottom,GO:0006325,chromatin organization,gained,,0.0042942217304153
classes_count,5kb,5,TE_bottom,GO:0006338,chromatin remodeling,gained,,1.2397293327876098e-05
classes_count,5kb,5,TE_bottom,GO:0006351,DNA-templated transcription,gained,,0.0342311855095182
classes_count,5kb,5,TE_bottom,GO:0006511,ubiquitin-dependent protein catabolic process,lost,0.0260075757333284,
classes_count,5kb,5,TE_bottom,GO:0006886,intracellular protein transport,gained,,0.0088613609547143
classes_count,5kb,5,TE_bottom,GO:0006955,immune response,lost,0.0160350390481683,
classes_count,5kb,5,TE_bottom,GO:0007155,cell adhesion,gained,,0.0234052609823392
classes_count,5kb,5,TE_bottom,GO:0007169,cell surface receptor protein tyrosine kinase signaling pathway,gained,,0.0008557069609585
classes_count,5kb,5,TE_bottom,GO:0007186,G protein-coupled receptor signaling pathway,lost,0.0278277530731289,0.0084397145393528
classes_count,5kb,5,TE_bottom,GO:0007268,chemical synaptic transmission,gained,,0.0059841893452946
classes_count,5kb,5,TE_bottom,GO:0007413,axonal fasciculation,lost,0.0213481629496517,
classes_count,5kb,5,TE_bottom,GO:0007517,muscle organ development,lost,0.0035271081985243,
classes_count,5kb,5,TE_bottom,GO:0007628,adult walking behavior,gained,,0.0123352202897462
classes_count,5kb,5,TE_bottom,GO:0008076,voltage-gated potassium channel complex,gained,,0.0494574617013489
classes_count,5kb,5,TE_bottom,GO:0008083,growth factor activity,gained,,0.0111544900729874
classes_count,5kb,5,TE_bottom,GO:0008289,lipid binding,lost,0.0245664261333246,
classes_count,5kb,5,TE_bottom,GO:0008301,"DNA binding, bending",gained,,0.0057871653696097
classes_count,5kb,5,TE_bottom,GO:0008328,ionotropic glutamate receptor complex,gained,,0.0234052609823392
classes_count,5kb,5,TE_bottom,GO:0008584,male gonad development,gained,,0.0037061838356995
classes_count,5kb,5,TE_bottom,GO:0008589,regulation of smoothened signaling pathway,gained,,0.0234052609823392
classes_count,5kb,5,TE_bottom,GO:0008595,"anterior/posterior axis specification, embryo",lost,0.0136107039433447,
classes_count,5kb,5,TE_bottom,GO:0009409,response to cold,lost,0.0469706299207504,
classes_count,5kb,5,TE_bottom,GO:0009410,response to xenobiotic stimulus,gained,,0.0005004544456265
classes_count,5kb,5,TE_bottom,GO:0009791,post-embryonic development,gained,,0.0109451629701396
classes_count,5kb,5,TE_bottom,GO:0009792,embryo development ending in birth or egg hatching,lost,0.033494061005535,
classes_count,5kb,5,TE_bottom,GO:0010001,glial cell differentiation,gained,,0.0227444527205925
classes_count,5kb,5,TE_bottom,GO:0010159,specification of animal organ position,gained,,0.0079806167520637
classes_count,5kb,5,TE_bottom,GO:0010667,negative regulation of cardiac muscle cell apoptotic process,gained,,0.042820391965895
classes_count,5kb,5,TE_bottom,GO:0010719,negative regulation of epithelial to mesenchymal transition,gained,,0.0014181842064415
classes_count,5kb,5,TE_bottom,GO:0010975,regulation of neuron projection development,gained,,0.0111544900729874
classes_count,5kb,5,TE_bottom,GO:0014031,mesenchymal cell development,gained,,0.0111544900729874
classes_count,5kb,5,TE_bottom,GO:0014069,postsynaptic density,gained,,0.0359049693224172
classes_count,5kb,5,TE_bottom,GO:0016199,axon midline choice point recognition,gained,,0.0494574617013489
classes_count,5kb,5,TE_bottom,GO:0016331,morphogenesis of embryonic epithelium,gained,,0.0155757208744036
classes_count,5kb,5,TE_bottom,GO:0016363,nuclear matrix,gained,,0.0334784807596779
classes_count,5kb,5,TE_bottom,GO:0016533,protein kinase 5 complex,lost,0.0098584089290199,
classes_count,5kb,5,TE_bottom,GO:0016567,protein ubiquitination,lost,0.0003633384566401,
classes_count,5kb,5,TE_bottom,GO:0016740,transferase activity,lost,0.0001914625480105,
classes_count,5kb,5,TE_bottom,GO:0016787,hydrolase activity,lost,0.0073841602471755,
classes_count,5kb,5,TE_bottom,GO:0021510,spinal cord development,lost,0.039752215046129,
classes_count,5kb,5,TE_bottom,GO:0021516,dorsal spinal cord development,lost,0.0234832254108785,
classes_count,5kb,5,TE_bottom,GO:0021517,ventral spinal cord development,gained,,0.0301659204622607
classes_count,5kb,5,TE_bottom,GO:0021533,cell differentiation in hindbrain,lost,0.0098584089290199,
classes_count,5kb,5,TE_bottom,GO:0021542,dentate gyrus development,lost,0.0189569271852171,
classes_count,5kb,5,TE_bottom,GO:0021553,olfactory nerve development,gained,,0.0079806167520637
classes_count,5kb,5,TE_bottom,GO:0021559,trigeminal nerve development,lost,0.0136107039433447,
classes_count,5kb,5,TE_bottom,GO:0021569,rhombomere 3 development,lost,0.0098584089290199,
classes_count,5kb,5,TE_bottom,GO:0021707,cerebellar granule cell differentiation,lost,0.0234832254108785,
classes_count,5kb,5,TE_bottom,GO:0021797,forebrain anterior/posterior pattern specification,lost,0.0280863131788071,
classes_count,5kb,5,TE_bottom,GO:0021798,forebrain dorsal/ventral pattern formation,lost,0.0136107039433447,
classes_count,5kb,5,TE_bottom,GO:0021799,cerebral cortex radially oriented cell migration,gained,,0.0109927519158825
classes_count,5kb,5,TE_bottom,GO:0021819,layer formation in cerebral cortex,lost,0.0047949879810881,
classes_count,5kb,5,TE_bottom,GO:0021904,dorsal/ventral neural tube patterning,gained,,0.0016930774847638
classes_count,5kb,5,TE_bottom,GO:0021915,neural tube development,gained,,0.017780131896996
classes_count,5kb,5,TE_bottom,GO:0022407,regulation of cell-cell adhesion,lost,0.0267581796712853,
classes_count,5kb,5,TE_bottom,GO:0022849,glutamate-gated calcium ion channel activity,gained,,0.0301659204622607
classes_count,5kb,5,TE_bottom,GO:0030020,extracellular matrix structural constituent conferring tensile strength,gained,,0.044128721936346
classes_count,5kb,5,TE_bottom,GO:0030177,positive regulation of Wnt signaling pathway,gained,,0.0061650661988095
classes_count,5kb,5,TE_bottom,GO:0030325,adrenal gland development,gained,,0.0079806167520637
classes_count,5kb,5,TE_bottom,GO:0030335,positive regulation of cell migration,gained,,0.0055747164280448
classes_count,5kb,5,TE_bottom,GO:0030425,dendrite,gained,,5.143726784830512e-05
classes_count,5kb,5,TE_bottom,GO:0030501,positive regulation of bone mineralization,gained,,0.0026950679158224
classes_count,5kb,5,TE_bottom,GO:0030858,positive regulation of epithelial cell differentiation,gained,,0.0195693545090654
classes_count,5kb,5,TE_bottom,GO:0030917,midbrain-hindbrain boundary development,lost,0.0280863131788071,
classes_count,5kb,5,TE_bottom,GO:0031267,small GTPase binding,lost,0.0240772238176159,
classes_count,5kb,5,TE_bottom,GO:0031490,chromatin DNA binding,lost,0.0216150010299977,
classes_count,5kb,5,TE_bottom,GO:0031901,early endosome membrane,lost,0.0245664261333246,
classes_count,5kb,5,TE_bottom,GO:0032024,positive regulation of insulin secretion,gained,,0.0444887226753315
classes_count,5kb,5,TE_bottom,GO:0032331,negative regulation of chondrocyte differentiation,gained,,0.0037953741099922
classes_count,5kb,5,TE_bottom,GO:0032425,positive regulation of mismatch repair,gained,,0.0079806167520637
classes_count,5kb,5,TE_bottom,GO:0032808,lacrimal gland development,gained,,0.0111544900729874
classes_count,5kb,5,TE_bottom,GO:0032993,protein-DNA complex,gained,,0.003238638078341
classes_count,5kb,5,TE_bottom,GO:0035235,ionotropic glutamate receptor signaling pathway,gained,,0.0344301796024886
classes_count,5kb,5,TE_bottom,GO:0035249,"synaptic transmission, glutamatergic",gained,,0.0111544900729874
classes_count,5kb,5,TE_bottom,GO:0035264,multicellular organism growth,gained,,6.30047273554425e-05
classes_count,5kb,5,TE_bottom,GO:0035265,organ growth,gained,,0.0294577882277832
classes_count,5kb,5,TE_bottom,GO:0035924,cellular response to vascular endothelial growth factor stimulus,gained,,0.0192427206750004
classes_count,5kb,5,TE_bottom,GO:0035993,deltoid tuberosity development,gained,,0.0079806167520637
classes_count,5kb,5,TE_bottom,GO:0038130,ERBB4 signaling pathway,gained,,0.0234052609823392
classes_count,5kb,5,TE_bottom,GO:0042297,vocal learning,lost,0.0136107039433447,
classes_count,5kb,5,TE_bottom,GO:0042421,norepinephrine biosynthetic process,lost,0.0366234569526529,
classes_count,5kb,5,TE_bottom,GO:0042981,regulation of apoptotic process,gained,,0.0088613609547143
classes_count,5kb,5,TE_bottom,GO:0043005,neuron projection,gained,,0.0246053525314212
classes_count,5kb,5,TE_bottom,GO:0043025,neuronal cell body,gained,,0.0172735340615749
classes_count,5kb,5,TE_bottom,GO:0043065,positive regulation of apoptotic process,gained,,0.0070517051383552
classes_count,5kb,5,TE_bottom,GO:0043066,negative regulation of apoptotic process,gained,,0.0011037416626754
classes_count,5kb,5,TE_bottom,GO:0043068,positive regulation of programmed cell death,gained,,0.0494574617013489
classes_count,5kb,5,TE_bottom,GO:0043113,receptor clustering,lost,0.0045936458988976,
classes_count,5kb,5,TE_bottom,GO:0043371,"negative regulation of CD4-positive, alpha-beta T cell differentiation",gained,,0.0234052609823392
classes_count,5kb,5,TE_bottom,GO:0043583,ear development,gained,,0.0006017727180521
classes_count,5kb,5,TE_bottom,GO:0043587,tongue morphogenesis,gained,,0.0494574617013489
classes_count,5kb,5,TE_bottom,GO:0044344,cellular response to fibroblast growth factor stimulus,gained,,0.0047425734822034
classes_count,5kb,5,TE_bottom,GO:0045202,synapse,gained,0.0036464591517185,0.0004479478818043
classes_count,5kb,5,TE_bottom,GO:0045499,chemorepellent activity,gained,,0.0005839251243412
classes_count,5kb,5,TE_bottom,GO:0045595,regulation of cell differentiation,gained,,0.000185422488447
classes_count,5kb,5,TE_bottom,GO:0045599,negative regulation of fat cell differentiation,gained,,0.0095551542499111
classes_count,5kb,5,TE_bottom,GO:0045664,regulation of neuron differentiation,lost,0.0275896864268959,
classes_count,5kb,5,TE_bottom,GO:0045668,negative regulation of osteoblast differentiation,lost,0.0151773219768263,
classes_count,5kb,5,TE_bottom,GO:0045669,positive regulation of osteoblast differentiation,gained,,0.0314686999444343
classes_count,5kb,5,TE_bottom,GO:0045778,positive regulation of ossification,gained,,0.0003219293867299
classes_count,5kb,5,TE_bottom,GO:0045786,negative regulation of cell cycle,lost,0.0254689346499395,
classes_count,5kb,5,TE_bottom,GO:0045843,negative regulation of striated muscle tissue development,gained,,0.0059841893452946
classes_count,5kb,5,TE_bottom,GO:0045880,positive regulation of smoothened signaling pathway,gained,,0.0326641191873874
classes_count,5kb,5,TE_bottom,GO:0046332,SMAD binding,gained,,0.0095551542499111
classes_count,5kb,5,TE_bottom,GO:0046546,development of primary male sexual characteristics,gained,,0.0494574617013489
classes_count,5kb,5,TE_bottom,GO:0048018,receptor ligand activity,gained,,0.0322510272441408
classes_count,5kb,5,TE_bottom,GO:0048103,somatic stem cell division,gained,,0.0047425734822034
classes_count,5kb,5,TE_bottom,GO:0048286,lung alveolus development,gained,,0.0082098473392321
classes_count,5kb,5,TE_bottom,GO:0048341,paraxial mesoderm formation,lost,0.0073841602471755,
classes_count,5kb,5,TE_bottom,GO:0048469,cell maturation,lost,0.0186031110957942,
classes_count,5kb,5,TE_bottom,GO:0048644,muscle organ morphogenesis,gained,,0.0047425734822034
classes_count,5kb,5,TE_bottom,GO:0048645,animal organ formation,gained,,0.0059841893452946
classes_count,5kb,5,TE_bottom,GO:0048660,regulation of smooth muscle cell proliferation,gained,,0.0448967162521104
classes_count,5kb,5,TE_bottom,GO:0048664,neuron fate determination,lost,0.0073841602471755,
classes_count,5kb,5,TE_bottom,GO:0048672,positive regulation of collateral sprouting,gained,,0.0301659204622607
classes_count,5kb,5,TE_bottom,GO:0048699,generation of neurons,lost,0.0213481629496517,
classes_count,5kb,5,TE_bottom,GO:0048711,positive regulation of astrocyte differentiation,gained,,0.0448967162521104
classes_count,5kb,5,TE_bottom,GO:0048745,smooth muscle tissue development,gained,,0.0494574617013489
classes_count,5kb,5,TE_bottom,GO:0048762,mesenchymal cell differentiation,gained,,0.0016930774847638
classes_count,5kb,5,TE_bottom,GO:0048787,presynaptic active zone membrane,gained,,0.0040372738004006
classes_count,5kb,5,TE_bottom,GO:0048843,negative regulation of axon extension involved in axon guidance,lost,0.0366234569526529,
classes_count,5kb,5,TE_bottom,GO:0048844,artery morphogenesis,lost,0.003520424631273,
classes_count,5kb,5,TE_bottom,GO:0048846,axon extension involved in axon guidance,gained,,0.0195693545090654
classes_count,5kb,5,TE_bottom,GO:0048863,stem cell differentiation,gained,,0.0061650661988095
classes_count,5kb,5,TE_bottom,GO:0050680,negative regulation of epithelial cell proliferation,gained,,0.0188790925764891
classes_count,5kb,5,TE_bottom,GO:0050772,positive regulation of axonogenesis,gained,,0.0007420985444181
classes_count,5kb,5,TE_bottom,GO:0050808,synapse organization,gained,,0.0156525144167521
classes_count,5kb,5,TE_bottom,GO:0050919,negative chemotaxis,gained,,0.0003224246534513
classes_count,5kb,5,TE_bottom,GO:0051321,meiotic cell cycle,gained,,0.0418987603001661
classes_count,5kb,5,TE_bottom,GO:0051897,positive regulation of phosphatidylinositol 3-kinase/protein kinase B signal transduction,gained,,0.0418978537284624
classes_count,5kb,5,TE_bottom,GO:0051963,regulation of synapse assembly,gained,,6.690700768344066e-05
classes_count,5kb,5,TE_bottom,GO:0055007,cardiac muscle cell differentiation,gained,,0.0274147190446095
classes_count,5kb,5,TE_bottom,GO:0055008,cardiac muscle tissue morphogenesis,gained,,0.0155757208744036
classes_count,5kb,5,TE_bottom,GO:0055009,atrial cardiac muscle tissue morphogenesis,lost,0.0136107039433447,
classes_count,5kb,5,TE_bottom,GO:0055010,ventricular cardiac muscle tissue morphogenesis,gained,,0.042820391965895
classes_count,5kb,5,TE_bottom,GO:0060023,soft palate development,lost,0.0073841602471755,
classes_count,5kb,5,TE_bottom,GO:0060041,retina development in camera-type eye,lost,0.00853556338917,
classes_count,5kb,5,TE_bottom,GO:0060076,excitatory synapse,gained,,0.0123352202897462
classes_count,5kb,5,TE_bottom,GO:0060173,limb development,gained,,0.0101949730886827
classes_count,5kb,5,TE_bottom,GO:0060174,limb bud formation,gained,,0.0301659204622607
classes_count,5kb,5,TE_bottom,GO:0060231,mesenchymal to epithelial transition,gained,,0.0005998948198922
classes_count,5kb,5,TE_bottom,GO:0060291,long-term synaptic potentiation,gained,,0.0301659204622607
classes_count,5kb,5,TE_bottom,GO:0060348,bone development,gained,,0.0383540946387875
classes_count,5kb,5,TE_bottom,GO:0060379,cardiac muscle cell myoblast differentiation,gained,,0.0448967162521104
classes_count,5kb,5,TE_bottom,GO:0060384,innervation,gained,,1.911915040541362e-05
classes_count,5kb,5,TE_bottom,GO:0060385,axonogenesis involved in innervation,gained,,0.0448967162521104
classes_count,5kb,5,TE_bottom,GO:0060421,positive regulation of heart growth,gained,,0.0234052609823392
classes_count,5kb,5,TE_bottom,GO:0060429,epithelium development,gained,,0.0079233822772845
classes_count,5kb,5,TE_bottom,GO:0060438,trachea development,gained,,0.0234052609823392
classes_count,5kb,5,TE_bottom,GO:0060442,branching involved in prostate gland morphogenesis,gained,,0.0059841893452946
classes_count,5kb,5,TE_bottom,GO:0060449,bud elongation involved in lung branching,gained,,1.861706412801891e-05
classes_count,5kb,5,TE_bottom,GO:0060463,lung lobe morphogenesis,gained,,0.0195693545090654
classes_count,5kb,5,TE_bottom,GO:0060484,lung-associated mesenchyme development,gained,,0.0301659204622607
classes_count,5kb,5,TE_bottom,GO:0060638,mesenchymal-epithelial cell signaling,gained,,0.0059841893452946
classes_count,5kb,5,TE_bottom,GO:0060664,epithelial cell proliferation involved in salivary gland morphogenesis,gained,,0.0494574617013489
classes_count,5kb,5,TE_bottom,GO:0060686,negative regulation of prostatic bud formation,gained,,0.0234052609823392
classes_count,5kb,5,TE_bottom,GO:0060956,endocardial cell differentiation,gained,,0.0494574617013489
classes_count,5kb,5,TE_bottom,GO:0061029,eyelid development in camera-type eye,lost,0.0261375232597607,
classes_count,5kb,5,TE_bottom,GO:0061030,epithelial cell differentiation involved in mammary gland alveolus development,lost,0.0280863131788071,
classes_count,5kb,5,TE_bottom,GO:0061036,positive regulation of cartilage development,gained,,8.64756196079038e-05
classes_count,5kb,5,TE_bottom,GO:0061053,somite development,lost,0.0468929331990464,
classes_count,5kb,5,TE_bottom,GO:0061551,trigeminal ganglion development,gained,,0.0234052609823392
classes_count,5kb,5,TE_bottom,GO:0070848,response to growth factor,gained,,0.0155757208744036
classes_count,5kb,5,TE_bottom,GO:0071320,cellular response to cAMP,gained,,0.0214738076460274
classes_count,5kb,5,TE_bottom,GO:0071372,cellular response to follicle-stimulating hormone stimulus,lost,0.0136107039433447,
classes_count,5kb,5,TE_bottom,GO:0071599,otic vesicle development,gained,,0.0111544900729874
classes_count,5kb,5,TE_bottom,GO:0071625,vocalization behavior,lost,0.0163439841004863,
classes_count,5kb,5,TE_bottom,GO:0072108,positive regulation of mesenchymal to epithelial transition involved in metanephros morphogenesis,gained,,0.0234052609823392
classes_count,5kb,5,TE_bottom,GO:0072179,nephric duct formation,gained,,0.0234052609823392
classes_count,5kb,5,TE_bottom,GO:0072189,ureter development,lost,0.0136107039433447,
classes_count,5kb,5,TE_bottom,GO:0072197,ureter morphogenesis,gained,,0.0006017727180521
classes_count,5kb,5,TE_bottom,GO:0072207,metanephric epithelium development,gained,,0.0025286165020715
classes_count,5kb,5,TE_bottom,GO:0072284,metanephric S-shaped body morphogenesis,gained,,0.0234052609823392
classes_count,5kb,5,TE_bottom,GO:0072289,metanephric nephron tubule formation,gained,,0.0234052609823392
classes_count,5kb,5,TE_bottom,GO:0072307,regulation of metanephric nephron tubule epithelial cell differentiation,gained,,0.0494574617013489
classes_count,5kb,5,TE_bottom,GO:0072553,terminal button organization,gained,,0.0494574617013489
classes_count,5kb,5,TE_bottom,GO:0086013,membrane repolarization during cardiac muscle cell action potential,gained,,0.0448967162521104
classes_count,5kb,5,TE_bottom,GO:0090102,cochlea development,gained,,0.0150199785245502
classes_count,5kb,5,TE_bottom,GO:0090336,positive regulation of brown fat cell differentiation,lost,0.0129041267167198,
classes_count,5kb,5,TE_bottom,GO:0097116,gephyrin clustering involved in postsynaptic density assembly,lost,0.0073841602471755,
classes_count,5kb,5,TE_bottom,GO:0097119,postsynaptic density protein 95 clustering,lost,0.0073841602471755,
classes_count,5kb,5,TE_bottom,GO:0097150,neuronal stem cell population maintenance,lost,0.0417273221451055,
classes_count,5kb,5,TE_bottom,GO:0097490,sympathetic neuron projection extension,gained,,0.0059841893452946
classes_count,5kb,5,TE_bottom,GO:0098685,Schaffer collateral - CA1 synapse,gained,,0.0002473106744505
classes_count,5kb,5,TE_bottom,GO:0099505,regulation of presynaptic membrane potential,gained,,0.0047425734822034
classes_count,5kb,5,TE_bottom,GO:0099507,ligand-gated monoatomic ion channel activity involved in regulation of presynaptic membrane potential,gained,,0.0057871653696097
classes_count,5kb,5,TE_bottom,GO:0140938,histone H3 methyltransferase activity,gained,,0.042820391965895
classes_count,5kb,5,TE_bottom,GO:1901331,positive regulation of odontoblast differentiation,gained,,0.0111544900729874
classes_count,5kb,5,TE_bottom,GO:1902474,positive regulation of protein localization to synapse,gained,,0.0234052609823392
classes_count,5kb,5,TE_bottom,GO:1904862,inhibitory synapse assembly,gained,,0.0123771577394609
classes_count,5kb,5,TE_bottom,GO:1905072,cardiac jelly development,gained,,0.0006159039740606
classes_count,5kb,5,TE_bottom,GO:1905222,atrioventricular canal morphogenesis,gained,,0.0234052609823392
classes_count,5kb,5,TE_bottom,GO:1905653,positive regulation of artery morphogenesis,gained,,0.0494574617013489
classes_count,5kb,5,TE_bottom,GO:2000147,positive regulation of cell motility,gained,,0.0037953741099922
classes_count,5kb,5,TE_bottom,GO:2000177,regulation of neural precursor cell proliferation,gained,,0.0074550277351755
classes_count,5kb,5,TE_bottom,GO:2000463,positive regulation of excitatory postsynaptic potential,lost,0.0469706299207504,
classes_count,5kb,5,TE_bottom,GO:2000739,regulation of mesenchymal stem cell differentiation,gained,,0.0234052609823392
classes_count,5kb,5,TE_top,GO:0000166,nucleotide binding,lost,6.778336989383424e-05,0.0037534828575426
classes_count,5kb,5,TE_top,GO:0000398,"mRNA splicing, via spliceosome",lost,0.0042786012715271,
classes_count,5kb,5,TE_top,GO:0004386,helicase activity,lost,0.0165371824535816,
classes_count,5kb,5,TE_top,GO:0005515,protein binding,lost,3.35675160427163e-05,1.571164639659646e-09
classes_count,5kb,5,TE_top,GO:0005524,ATP binding,lost,0.002778729683784,0.0011149904266326
classes_count,5kb,5,TE_top,GO:0005634,nucleus,lost,2.7707254311077074e-10,1.1347569919145123e-14
classes_count,5kb,5,TE_top,GO:0005654,nucleoplasm,lost,0.0004981346284222,0.0002869723570016
classes_count,5kb,5,TE_top,GO:0005737,cytoplasm,lost,1.4813491547219648e-06,1.1812870211871055e-19
classes_count,5kb,5,TE_top,GO:0005743,mitochondrial inner membrane,gained,0.0181351296754747,9.607599224022116e-05
classes_count,5kb,5,TE_top,GO:0005813,centrosome,lost,0.026064252480608,
classes_count,5kb,5,TE_top,GO:0005829,cytosol,lost,2.3347634496640705e-13,1.3442094466560995e-05
classes_count,5kb,5,TE_top,GO:0006281,DNA repair,lost,0.0038292251760725,
classes_count,5kb,5,TE_top,GO:0006974,DNA damage response,lost,0.014252760372271,
classes_count,5kb,5,TE_top,GO:0036064,ciliary basal body,lost,0.0081659581563358,
classes_count,5kb,5,TE_top,GO:0097190,apoptotic signaling pathway,lost,0.0344031301311325,
classes_count,5kb,10,DNA,GO:0000137,Golgi cis cisterna,gained,,0.0159504217488553
classes_count,5kb,10,DNA,GO:0005801,cis-Golgi network,gained,,0.0486811702233487
classes_count,5kb,10,LINE,GO:0000785,chromatin,gained,2.2602540595887911e-91,1.7147761392410267e-105
classes_count,5kb,10,LINE,GO:0045202,synapse,gained,0.0036464591517185,2.8784694706306508e-11
classes_count,5kb,10,LINE,GO:0045944,positive regulation of transcription by RNA polymerase II,gained,1.027153998461276e-45,1.9277952418689342e-54
classes_count,5kb,10,LINE,GO:0051552,flavone metabolic process,gained,,0.0079452949099598
classes_count,5kb,10,LTR,GO:0000122,negative regulation of transcription by RNA polymerase II,gained,7.072531329447981e-33,1.1490432931556976e-46
classes_count,5kb,10,LTR,GO:0001701,in utero embryonic development,gained,0.0013302351388704,0.0016812825389347
classes_count,5kb,10,LTR,GO:0003682,chromatin binding,gained,2.4805691208757004e-10,7.08134297287883e-12
classes_count,5kb,10,LTR,GO:0003700,DNA-binding transcription factor activity,gained,3.743681849598961e-72,2.1939954695683857e-77
classes_count,5kb,10,LTR,GO:0003729,mRNA binding,gained,,0.0077088187614886
classes_count,5kb,10,LTR,GO:0005516,calmodulin binding,gained,,0.0225840009506312
classes_count,5kb,10,LTR,GO:0005667,transcription regulator complex,gained,6.758228014648845e-18,1.3899153444903644e-28
classes_count,5kb,10,LTR,GO:0005694,chromosome,gained,,0.0063396250269193
classes_count,5kb,10,LTR,GO:0005813,centrosome,gained,0.026064252480608,0.006161604576437
classes_count,5kb,10,LTR,GO:0005856,cytoskeleton,gained,,0.002094499076561
classes_count,5kb,10,LTR,GO:0005912,adherens junction,gained,,0.0030499746568008
classes_count,5kb,10,LTR,GO:0006338,chromatin remodeling,gained,,9.25416219894376e-05
classes_count,5kb,10,LTR,GO:0006974,DNA damage response,gained,0.014252760372271,0.0488999024109087
classes_count,5kb,10,LTR,GO:0007155,cell adhesion,gained,,6.653122414246208e-10
classes_count,5kb,10,LTR,GO:0007156,homophilic cell-cell adhesion,gained,0.0357432632342996,2.4539627933653222e-14
classes_count,5kb,10,LTR,GO:0007268,chemical synaptic transmission,gained,,2.0690387601451065e-06
classes_count,5kb,10,LTR,GO:0007399,nervous system development,gained,2.1404676080245957e-28,1.8433462617001629e-59
classes_count,5kb,10,LTR,GO:0008083,growth factor activity,gained,,0.0198306122584839
classes_count,5kb,10,LTR,GO:0010628,positive regulation of gene expression,gained,1.4286653199687283e-06,7.281728401880085e-12
classes_count,5kb,10,LTR,GO:0014069,postsynaptic density,gained,,6.319897393642233e-07
classes_count,5kb,10,LTR,GO:0015031,protein transport,gained,0.0001355690698718,5.597507677562081e-05
classes_count,5kb,10,LTR,GO:0019901,protein kinase binding,gained,,0.0011198481315054
classes_count,5kb,10,LTR,GO:0031012,extracellular matrix,gained,,0.010948115546449
classes_count,5kb,10,LTR,GO:0034220,monoatomic ion transmembrane transport,lost,0.0236413973324575,1.7055155331465032e-05
classes_count,5kb,10,LTR,GO:0042995,cell projection,gained,,0.0092639895909387
classes_count,5kb,10,LTR,GO:0045211,postsynaptic membrane,gained,0.0047247655253269,7.547150846705785e-18
classes_count,5kb,10,LTR,GO:0045892,negative regulation of DNA-templated transcription,gained,3.9239490035757727e-11,2.478907576647453e-20
classes_count,5kb,10,LTR,GO:0048511,rhythmic process,gained,,0.0202064152538678
classes_count,5kb,10,LTR,GO:0050839,cell adhesion molecule binding,gained,0.000396178775385,3.434267231218015e-16
classes_count,5kb,10,LTR,GO:0098978,glutamatergic synapse,gained,0.0001719057409008,1.6229999295008675e-15
classes_count,5kb,10,SINE,GO:0000244,spliceosomal tri-snRNP complex assembly,gained,,0.0125523480916555
classes_count,5kb,10,SINE,GO:0000428,DNA-directed RNA polymerase complex,gained,,0.0461292219483348
classes_count,5kb,10,SINE,GO:0000978,RNA polymerase II cis-regulatory region sequence-specific DNA binding,gained,1.3018805426856218e-67,4.009581482524358e-64
classes_count,5kb,10,SINE,GO:0000981,"DNA-binding transcription factor activity, RNA polymerase II-specific",gained,3.284292752113761e-83,1.368601131496266e-77
classes_count,5kb,10,SINE,GO:0001228,"DNA-binding transcription activator activity, RNA polymerase II-specific",gained,2.5925632407946143e-51,1.8625826273027964e-55
classes_count,5kb,10,SINE,GO:0002183,cytoplasmic translational initiation,gained,,0.0055556128638584
classes_count,5kb,10,SINE,GO:0003700,DNA-binding transcription factor activity,gained,3.743681849598961e-72,2.1939954695683857e-77
classes_count,5kb,10,SINE,GO:0003735,structural constituent of ribosome,gained,,0.0140284427090168
classes_count,5kb,10,SINE,GO:0004176,ATP-dependent peptidase activity,gained,,0.0463280578801572
classes_count,5kb,10,SINE,GO:0004812,aminoacyl-tRNA ligase activity,gained,,0.0257715099603479
classes_count,5kb,10,SINE,GO:0005681,spliceosomal complex,gained,,0.0171188622444105
classes_count,5kb,10,SINE,GO:0005730,nucleolus,gained,0.0136107039433447,0.0376376593892183
classes_count,5kb,10,SINE,GO:0005741,mitochondrial outer membrane,gained,,0.0449497185134504
classes_count,5kb,10,SINE,GO:0005762,mitochondrial large ribosomal subunit,gained,,0.0112656896675655
classes_count,5kb,10,SINE,GO:0005765,lysosomal membrane,gained,0.0156579668392304,0.0004822003870394
classes_count,5kb,10,SINE,GO:0005783,endoplasmic reticulum,gained,,0.0463280578801572
classes_count,5kb,10,SINE,GO:0005840,ribosome,gained,,0.0010092753346342
classes_count,5kb,10,SINE,GO:0005874,microtubule,lost,0.0122398927457658,
classes_count,5kb,10,SINE,GO:0006298,mismatch repair,lost,0.0093117725955097,
classes_count,5kb,10,SINE,GO:0006397,mRNA processing,gained,0.0202647454872782,9.57165962860096e-05
classes_count,5kb,10,SINE,GO:0006413,translational initiation,gained,,0.0257715099603479
classes_count,5kb,10,SINE,GO:0006516,glycoprotein catabolic process,gained,,0.0124595446916091
classes_count,5kb,10,SINE,GO:0006754,ATP biosynthetic process,gained,,0.016859002320349
classes_count,5kb,10,SINE,GO:0006886,intracellular protein transport,gained,,0.0018711488848436
classes_count,5kb,10,SINE,GO:0006914,autophagy,gained,,0.0463280578801572
classes_count,5kb,10,SINE,GO:0006915,apoptotic process,gained,,0.0402406462048934
classes_count,5kb,10,SINE,GO:0007144,female meiosis I,lost,0.0220411727526337,
classes_count,5kb,10,SINE,GO:0007165,signal transduction,gained,2.854078579447647e-05,2.414379482653764e-05
classes_count,5kb,10,SINE,GO:0007186,G protein-coupled receptor signaling pathway,gained,0.0278277530731289,0.0472096952389536
classes_count,5kb,10,SINE,GO:0007399,nervous system development,gained,2.1404676080245957e-28,1.8433462617001629e-59
classes_count,5kb,10,SINE,GO:0008380,RNA splicing,gained,,0.0023203624374922
classes_count,5kb,10,SINE,GO:0009060,aerobic respiration,gained,,0.0030401277611338
classes_count,5kb,10,SINE,GO:0016874,ligase activity,gained,,0.0134425441521211
classes_count,5kb,10,SINE,GO:0030030,cell projection organization,gained,,0.0471808665723425
classes_count,5kb,10,SINE,GO:0030425,dendrite,gained,,1.1475107046411004e-11
classes_count,5kb,10,SINE,GO:0031966,mitochondrial membrane,gained,,0.0009689909447641
classes_count,5kb,10,SINE,GO:0032543,mitochondrial translation,gained,,0.0435977885278031
classes_count,5kb,10,SINE,GO:0042776,proton motive force-driven mitochondrial ATP synthesis,gained,,0.0015517789366745
classes_count,5kb,10,SINE,GO:0042802,identical protein binding,lost,0.0071165909769053,0.0267663487047897
classes_count,5kb,10,SINE,GO:0043565,sequence-specific DNA binding,gained,5.297593062651492e-41,8.71732465662114e-43
classes_count,5kb,10,SINE,GO:0045271,respiratory chain complex I,gained,,0.0257715099603479
classes_count,5kb,10,SINE,GO:0045944,positive regulation of transcription by RNA polymerase II,gained,1.027153998461276e-45,1.9277952418689342e-54
classes_count,5kb,10,SINE,GO:0046540,U4/U6 x U5 tri-snRNP complex,gained,,0.0358735151163657
classes_count,5kb,10,SINE,GO:0070062,extracellular exosome,gained,0.0001173513080423,0.0135436112112422
classes_count,5kb,10,SINE,GO:0071001,U4/U6 snRNP,gained,,0.0187657193877424
classes_count,5kb,10,SINE,GO:0071002,U4atac/U6atac snRNP,gained,,0.0128512613086124
classes_count,5kb,10,SINE,GO:0071009,U4atac/U6atac x U5 tri-snRNP complex,gained,,0.0144348563522724
classes_count,5kb,10,SINE,GO:0071011,precatalytic spliceosome,gained,,0.005816805174428
classes_count,5kb,10,SINE,GO:0071716,leukotriene transport,gained,,0.0463280578801572
classes_count,5kb,10,SINE,GO:0080025,"phosphatidylinositol-3,5-bisphosphate binding",lost,0.0385525328230731,
classes_count,5kb,10,SINE,GO:1990837,sequence-specific double-stranded DNA binding,gained,2.6748736668232187e-81,3.6101039314300977e-82
classes_count,5kb,10,SVA,GO:0005515,protein binding,lost,3.35675160427163e-05,8.22627891877636e-32
classes_count,5kb,10,SVA,GO:0005634,nucleus,lost,2.7707254311077074e-10,3.744971914968703e-14
classes_count,5kb,10,SVA,GO:0006369,termination of RNA polymerase II transcription,lost,0.0202647454872782,
classes_count,5kb,10,SVA,GO:0006397,mRNA processing,lost,0.0202647454872782,9.57165962860096e-05
classes_count,5kb,10,SVA,GO:0019899,enzyme binding,lost,0.0211728942371974,
classes_count,5kb,10,TE_bottom,GO:0000118,histone deacetylase complex,gained,,0.0135436112112422
classes_count,5kb,10,TE_bottom,GO:0000902,cell morphogenesis,gained,,0.0485928132018614
classes_count,5kb,10,TE_bottom,GO:0001217,DNA-binding transcription repressor activity,gained,,0.0189077577019341
classes_count,5kb,10,TE_bottom,GO:0001222,transcription corepressor binding,gained,,0.0014467982371456
classes_count,5kb,10,TE_bottom,GO:0001223,transcription coactivator binding,lost,0.0469706299207504,
classes_count,5kb,10,TE_bottom,GO:0001503,ossification,gained,,0.0339632195402657
classes_count,5kb,10,TE_bottom,GO:0001508,action potential,gained,,0.0042810652275984
classes_count,5kb,10,TE_bottom,GO:0001525,angiogenesis,gained,,3.047758275089712e-06
classes_count,5kb,10,TE_bottom,GO:0001662,behavioral fear response,gained,,0.0027550038243264
classes_count,5kb,10,TE_bottom,GO:0001707,mesoderm formation,lost,0.0250994783874814,
classes_count,5kb,10,TE_bottom,GO:0001837,epithelial to mesenchymal transition,gained,,0.0003986299516944
classes_count,5kb,10,TE_bottom,GO:0001964,startle response,gained,,0.0117895139597577
classes_count,5kb,10,TE_bottom,GO:0001974,blood vessel remodeling,gained,,0.0003874358532407
classes_count,5kb,10,TE_bottom,GO:0002063,chondrocyte development,gained,,0.0167267535254703
classes_count,5kb,10,TE_bottom,GO:0002076,osteoblast development,lost,0.0468929331990464,
classes_count,5kb,10,TE_bottom,GO:0002089,lens morphogenesis in camera-type eye,lost,0.0353858261064393,
classes_count,5kb,10,TE_bottom,GO:0002118,aggressive behavior,gained,,0.0321741973742382
classes_count,5kb,10,TE_bottom,GO:0002181,cytoplasmic translation,gained,,0.0307878463475487
classes_count,5kb,10,TE_bottom,GO:0003129,heart induction,gained,,0.0014560141212778
classes_count,5kb,10,TE_bottom,GO:0003139,secondary heart field specification,gained,,0.0014506582367788
classes_count,5kb,10,TE_bottom,GO:0003149,membranous septum morphogenesis,gained,,0.0069018488306534
classes_count,5kb,10,TE_bottom,GO:0003184,pulmonary valve morphogenesis,gained,,0.0013403535204853
classes_count,5kb,10,TE_bottom,GO:0003203,endocardial cushion morphogenesis,gained,,0.0021282343568402
classes_count,5kb,10,TE_bottom,GO:0003215,cardiac right ventricle morphogenesis,gained,,0.0049506457468476
classes_count,5kb,10,TE_bottom,GO:0003253,cardiac neural crest cell migration involved in outflow tract morphogenesis,lost,0.0136107039433447,
classes_count,5kb,10,TE_bottom,GO:0003266,regulation of secondary heart field cardioblast proliferation,lost,0.0280863131788071,
classes_count,5kb,10,TE_bottom,GO:0003281,ventricular septum development,gained,,0.0485928132018614
classes_count,5kb,10,TE_bottom,GO:0003337,mesenchymal to epithelial transition involved in metanephros morphogenesis,gained,,0.0030499746568008
classes_count,5kb,10,TE_bottom,GO:0003344,pericardium morphogenesis,gained,,0.0078879906702425
classes_count,5kb,10,TE_bottom,GO:0003680,minor groove of adenine-thymine-rich DNA binding,gained,,0.0034732864478105
classes_count,5kb,10,TE_bottom,GO:0003714,transcription corepressor activity,gained,,2.0339346172035245e-06
classes_count,5kb,10,TE_bottom,GO:0003735,structural constituent of ribosome,gained,,0.0140284427090168
classes_count,5kb,10,TE_bottom,GO:0004556,alpha-amylase activity,gained,,0.0175599445081801
classes_count,5kb,10,TE_bottom,GO:0004714,transmembrane receptor protein tyrosine kinase activity,gained,,0.0172400838390838
classes_count,5kb,10,TE_bottom,GO:0004930,G protein-coupled receptor activity,lost,0.0034429397926436,1.3082915233733855e-05
classes_count,5kb,10,TE_bottom,GO:0004970,glutamate-gated receptor activity,gained,,0.0006586101379462
classes_count,5kb,10,TE_bottom,GO:0004971,AMPA glutamate receptor activity,gained,,0.0030499746568008
classes_count,5kb,10,TE_bottom,GO:0005003,ephrin receptor activity,gained,,0.0080400871183203
classes_count,5kb,10,TE_bottom,GO:0005004,GPI-linked ephrin receptor activity,gained,,0.0004855285391189
classes_count,5kb,10,TE_bottom,GO:0005005,transmembrane-ephrin receptor activity,gained,,0.0020226533590274
classes_count,5kb,10,TE_bottom,GO:0005179,hormone activity,gained,,0.039117280497251
classes_count,5kb,10,TE_bottom,GO:0005201,extracellular matrix structural constituent,gained,,0.0010092753346342
classes_count,5kb,10,TE_bottom,GO:0005216,monoatomic ion channel activity,gained,,1.5709393738551344e-05
classes_count,5kb,10,TE_bottom,GO:0005246,calcium channel regulator activity,gained,,0.0196185810749961
classes_count,5kb,10,TE_bottom,GO:0005249,voltage-gated potassium channel activity,gained,,4.323588432220698e-06
classes_count,5kb,10,TE_bottom,GO:0005251,delayed rectifier potassium channel activity,gained,,0.0041666706064717
classes_count,5kb,10,TE_bottom,GO:0005267,potassium channel activity,gained,,9.569907311243304e-05
classes_count,5kb,10,TE_bottom,GO:0005509,calcium ion binding,gained,,6.776126286592173e-08
classes_count,5kb,10,TE_bottom,GO:0005515,protein binding,lost,3.35675160427163e-05,8.22627891877636e-32
classes_count,5kb,10,TE_bottom,GO:0005524,ATP binding,lost,0.002778729683784,1.2308809658504677e-05
classes_count,5kb,10,TE_bottom,GO:0005525,GTP binding,gained,,0.0397617002334985
classes_count,5kb,10,TE_bottom,GO:0005549,odorant binding,gained,,0.0025122763020385
classes_count,5kb,10,TE_bottom,GO:0005581,collagen trimer,gained,,0.0494184285004752
classes_count,5kb,10,TE_bottom,GO:0005604,basement membrane,gained,,0.0071508038703963
classes_count,5kb,10,TE_bottom,GO:0005681,spliceosomal complex,gained,,0.0171188622444105
classes_count,5kb,10,TE_bottom,GO:0005737,cytoplasm,lost,1.4813491547219648e-06,9.817364076466466e-08
classes_count,5kb,10,TE_bottom,GO:0005741,mitochondrial outer membrane,gained,,0.0449497185134504
classes_count,5kb,10,TE_bottom,GO:0005768,endosome,lost,0.0098584089290199,
classes_count,5kb,10,TE_bottom,GO:0005794,Golgi apparatus,lost,0.0018554412663433,0.0105143836261304
classes_count,5kb,10,TE_bottom,GO:0005840,ribosome,gained,,0.0010092753346342
classes_count,5kb,10,TE_bottom,GO:0005882,intermediate filament,gained,,0.006961871799613
classes_count,5kb,10,TE_bottom,GO:0005886,plasma membrane,gained,4.789278058615824e-07,7.243644741705701e-05
classes_count,5kb,10,TE_bottom,GO:0005891,voltage-gated calcium channel complex,gained,,0.0447067389468613
classes_count,5kb,10,TE_bottom,GO:0005912,adherens junction,gained,,0.0030499746568008
classes_count,5kb,10,TE_bottom,GO:0006281,DNA repair,gained,0.0038292251760725,0.0034972688841337
classes_count,5kb,10,TE_bottom,GO:0006325,chromatin organization,gained,,0.0384292635723341
classes_count,5kb,10,TE_bottom,GO:0006338,chromatin remodeling,gained,,9.25416219894376e-05
classes_count,5kb,10,TE_bottom,GO:0006351,DNA-templated transcription,gained,,0.0286791395492139
classes_count,5kb,10,TE_bottom,GO:0006364,rRNA processing,gained,,0.0138540677982349
classes_count,5kb,10,TE_bottom,GO:0006491,N-glycan processing,gained,,0.0304864883391755
classes_count,5kb,10,TE_bottom,GO:0006511,ubiquitin-dependent protein catabolic process,lost,0.0260075757333284,
classes_count,5kb,10,TE_bottom,GO:0006811,monoatomic ion transport,gained,0.0118110492598151,0.032391646209452
classes_count,5kb,10,TE_bottom,GO:0006813,potassium ion transport,gained,,2.923831897420055e-06
classes_count,5kb,10,TE_bottom,GO:0006886,intracellular protein transport,gained,,0.0018711488848436
classes_count,5kb,10,TE_bottom,GO:0006888,endoplasmic reticulum to Golgi vesicle-mediated transport,gained,,0.0174335228880596
classes_count,5kb,10,TE_bottom,GO:0006940,regulation of smooth muscle contraction,gained,,0.0366857189572492
classes_count,5kb,10,TE_bottom,GO:0006955,immune response,lost,0.0160350390481683,
classes_count,5kb,10,TE_bottom,GO:0006974,DNA damage response,gained,0.014252760372271,0.0488999024109087
classes_count,5kb,10,TE_bottom,GO:0007043,cell-cell junction assembly,gained,,0.0366857189572492
classes_count,5kb,10,TE_bottom,GO:0007155,cell adhesion,gained,,6.653122414246208e-10
classes_count,5kb,10,TE_bottom,GO:0007157,heterophilic cell-cell adhesion,gained,,0.0010665196049363
classes_count,5kb,10,TE_bottom,GO:0007158,neuron cell-cell adhesion,gained,,3.6195114478635896e-05
classes_count,5kb,10,TE_bottom,GO:0007169,cell surface receptor protein tyrosine kinase signaling pathway,gained,,0.0155698159973314
classes_count,5kb,10,TE_bottom,GO:0007186,G protein-coupled receptor signaling pathway,lost,0.0278277530731289,0.0472096952389536
classes_count,5kb,10,TE_bottom,GO:0007224,smoothened signaling pathway,gained,,0.0321741973742382
classes_count,5kb,10,TE_bottom,GO:0007268,chemical synaptic transmission,gained,,2.0690387601451065e-06
classes_count,5kb,10,TE_bottom,GO:0007405,neuroblast proliferation,gained,,0.0476563942992953
classes_count,5kb,10,TE_bottom,GO:0007422,peripheral nervous system development,gained,,0.0041666706064717
classes_count,5kb,10,TE_bottom,GO:0007492,endoderm development,gained,,0.0102924350625755
classes_count,5kb,10,TE_bottom,GO:0007498,mesoderm development,lost,0.002724934754977,
classes_count,5kb,10,TE_bottom,GO:0007512,adult heart development,gained,,0.0430225185498533
classes_count,5kb,10,TE_bottom,GO:0007517,muscle organ development,lost,0.0035271081985243,
classes_count,5kb,10,TE_bottom,GO:0007528,neuromuscular junction development,gained,,0.0224600610361345
classes_count,5kb,10,TE_bottom,GO:0007612,learning,gained,,0.0027283560824336
classes_count,5kb,10,TE_bottom,GO:0007626,locomotory behavior,gained,,0.0002219799194224
classes_count,5kb,10,TE_bottom,GO:0007628,adult walking behavior,gained,,0.0132881922796382
classes_count,5kb,10,TE_bottom,GO:0008016,regulation of heart contraction,gained,,0.0047272801981297
classes_count,5kb,10,TE_bottom,GO:0008076,voltage-gated potassium channel complex,gained,,7.825975861833132e-08
classes_count,5kb,10,TE_bottom,GO:0008083,growth factor activity,gained,,0.0198306122584839
classes_count,5kb,10,TE_bottom,GO:0008201,heparin binding,gained,,0.0064100210412201
classes_count,5kb,10,TE_bottom,GO:0008286,insulin receptor signaling pathway,gained,,0.0366857189572492
classes_count,5kb,10,TE_bottom,GO:0008289,lipid binding,lost,0.0245664261333246,
classes_count,5kb,10,TE_bottom,GO:0008328,ionotropic glutamate receptor complex,gained,,0.0049506457468476
classes_count,5kb,10,TE_bottom,GO:0008542,visual learning,gained,,0.0006586101379462
classes_count,5kb,10,TE_bottom,GO:0008543,fibroblast growth factor receptor signaling pathway,gained,,0.0199881752413469
classes_count,5kb,10,TE_bottom,GO:0008584,male gonad development,gained,,0.0001286931111076
classes_count,5kb,10,TE_bottom,GO:0008589,regulation of smoothened signaling pathway,gained,,0.0447067389468613
classes_count,5kb,10,TE_bottom,GO:0008595,"anterior/posterior axis specification, embryo",lost,0.0136107039433447,
classes_count,5kb,10,TE_bottom,GO:0009311,oligosaccharide metabolic process,gained,,0.0380563323232498
classes_count,5kb,10,TE_bottom,GO:0009409,response to cold,lost,0.0469706299207504,
classes_count,5kb,10,TE_bottom,GO:0009410,response to xenobiotic stimulus,gained,,1.3644447655035758e-05
classes_count,5kb,10,TE_bottom,GO:0009611,response to wounding,gained,,0.0316076303399045
classes_count,5kb,10,TE_bottom,GO:0009612,response to mechanical stimulus,gained,,0.0127189845634098
classes_count,5kb,10,TE_bottom,GO:0009792,embryo development ending in birth or egg hatching,lost,0.033494061005535,
classes_count,5kb,10,TE_bottom,GO:0009950,dorsal/ventral axis specification,gained,,0.012650205207388
classes_count,5kb,10,TE_bottom,GO:0010001,glial cell differentiation,gained,,0.0049323167200416
classes_count,5kb,10,TE_bottom,GO:0010159,specification of animal organ position,gained,,0.0321741973742382
classes_count,5kb,10,TE_bottom,GO:0010463,mesenchymal cell proliferation,gained,,0.0175599445081801
classes_count,5kb,10,TE_bottom,GO:0010719,negative regulation of epithelial to mesenchymal transition,gained,,0.0002037800334856
classes_count,5kb,10,TE_bottom,GO:0010880,regulation of release of sequestered calcium ion into cytosol by sarcoplasmic reticulum,gained,,0.0175599445081801
classes_count,5kb,10,TE_bottom,GO:0010975,regulation of neuron projection development,gained,,0.0005162234088479
classes_count,5kb,10,TE_bottom,GO:0014003,oligodendrocyte development,gained,,0.0228625420919775
classes_count,5kb,10,TE_bottom,GO:0014009,glial cell proliferation,gained,,0.046553447772049
classes_count,5kb,10,TE_bottom,GO:0014069,postsynaptic density,gained,,6.319897393642233e-07
classes_count,5kb,10,TE_bottom,GO:0014707,branchiomeric skeletal muscle development,gained,,0.0321741973742382
classes_count,5kb,10,TE_bottom,GO:0014807,regulation of somitogenesis,gained,,0.0384292635723341
classes_count,5kb,10,TE_bottom,GO:0015276,ligand-gated monoatomic ion channel activity,gained,,0.0132881922796382
classes_count,5kb,10,TE_bottom,GO:0016020,membrane,lost,2.2531472876870123e-08,8.078911194174349e-16
classes_count,5kb,10,TE_bottom,GO:0016055,Wnt signaling pathway,gained,,0.0002588934939017
classes_count,5kb,10,TE_bottom,GO:0016331,morphogenesis of embryonic epithelium,gained,,0.0049506457468476
classes_count,5kb,10,TE_bottom,GO:0016339,calcium-dependent cell-cell adhesion,gained,,0.0014988442804309
classes_count,5kb,10,TE_bottom,GO:0016342,catenin complex,gained,,0.0059837222660564
classes_count,5kb,10,TE_bottom,GO:0016477,cell migration,gained,,0.0074967885947901
classes_count,5kb,10,TE_bottom,GO:0016491,oxidoreductase activity,lost,0.014394513432824,
classes_count,5kb,10,TE_bottom,GO:0016533,protein kinase 5 complex,lost,0.0098584089290199,
classes_count,5kb,10,TE_bottom,GO:0016740,transferase activity,lost,0.0001914625480105,
classes_count,5kb,10,TE_bottom,GO:0017053,transcription repressor complex,gained,,0.0009508204765616
classes_count,5kb,10,TE_bottom,GO:0021517,ventral spinal cord development,gained,,0.0305325067112235
classes_count,5kb,10,TE_bottom,GO:0021530,spinal cord oligodendrocyte cell fate specification,gained,,0.0321741973742382
classes_count,5kb,10,TE_bottom,GO:0021543,pallium development,gained,,0.0321741973742382
classes_count,5kb,10,TE_bottom,GO:0021544,subpallium development,gained,,0.0175599445081801
classes_count,5kb,10,TE_bottom,GO:0021553,olfactory nerve development,gained,,0.0321741973742382
classes_count,5kb,10,TE_bottom,GO:0021554,optic nerve development,gained,,0.0430225185498533
classes_count,5kb,10,TE_bottom,GO:0021559,trigeminal nerve development,lost,0.0136107039433447,
classes_count,5kb,10,TE_bottom,GO:0021637,trigeminal nerve structural organization,gained,,0.0384292635723341
classes_count,5kb,10,TE_bottom,GO:0021759,globus pallidus development,gained,,0.0049506457468476
classes_count,5kb,10,TE_bottom,GO:0021797,forebrain anterior/posterior pattern specification,lost,0.0280863131788071,
classes_count,5kb,10,TE_bottom,GO:0021799,cerebral cortex radially oriented cell migration,gained,,0.0199881752413469
classes_count,5kb,10,TE_bottom,GO:0021895,cerebral cortex neuron differentiation,gained,,0.0430225185498533
classes_count,5kb,10,TE_bottom,GO:0021904,dorsal/ventral neural tube patterning,gained,,0.0310299836560441
classes_count,5kb,10,TE_bottom,GO:0021915,neural tube development,gained,,0.001183205914644
classes_count,5kb,10,TE_bottom,GO:0021953,central nervous system neuron differentiation,lost,0.0092855032951516,
classes_count,5kb,10,TE_bottom,GO:0022407,regulation of cell-cell adhesion,lost,0.0267581796712853,
classes_count,5kb,10,TE_bottom,GO:0022626,cytosolic ribosome,gained,,0.0225986103704763
classes_count,5kb,10,TE_bottom,GO:0030020,extracellular matrix structural constituent conferring tensile strength,gained,,0.0071492585683273
classes_count,5kb,10,TE_bottom,GO:0030165,PDZ domain binding,gained,,0.0223372443394105
classes_count,5kb,10,TE_bottom,GO:0030177,positive regulation of Wnt signaling pathway,gained,,0.006528920976098
classes_count,5kb,10,TE_bottom,GO:0030178,negative regulation of Wnt signaling pathway,gained,,0.0003563766915824
classes_count,5kb,10,TE_bottom,GO:0030198,extracellular matrix organization,gained,,0.0225748731275211
classes_count,5kb,10,TE_bottom,GO:0030199,collagen fibril organization,gained,,0.0366857189572492
classes_count,5kb,10,TE_bottom,GO:0030240,skeletal muscle thin filament assembly,gained,,0.0384292635723341
classes_count,5kb,10,TE_bottom,GO:0030279,negative regulation of ossification,gained,,0.0017111182281769
classes_count,5kb,10,TE_bottom,GO:0030315,T-tubule,gained,,0.0011343746460524
classes_count,5kb,10,TE_bottom,GO:0030316,osteoclast differentiation,gained,,0.0376376593892183
classes_count,5kb,10,TE_bottom,GO:0030325,adrenal gland development,gained,,0.0474598834903978
classes_count,5kb,10,TE_bottom,GO:0030335,positive regulation of cell migration,gained,,3.496244685473149e-05
classes_count,5kb,10,TE_bottom,GO:0030336,negative regulation of cell migration,gained,,0.0134111813633373
classes_count,5kb,10,TE_bottom,GO:0030425,dendrite,gained,,1.1475107046411004e-11
classes_count,5kb,10,TE_bottom,GO:0030501,positive regulation of bone mineralization,gained,,0.0224600610361345
classes_count,5kb,10,TE_bottom,GO:0030513,positive regulation of BMP signaling pathway,gained,,0.025588418152572
classes_count,5kb,10,TE_bottom,GO:0030545,signaling receptor regulator activity,gained,,0.0011343746460524
classes_count,5kb,10,TE_bottom,GO:0030552,cAMP binding,gained,,0.0474598834903978
classes_count,5kb,10,TE_bottom,GO:0030857,negative regulation of epithelial cell differentiation,gained,,0.0069018488306534
classes_count,5kb,10,TE_bottom,GO:0030858,positive regulation of epithelial cell differentiation,gained,,0.0171188622444105
classes_count,5kb,10,TE_bottom,GO:0030916,otic vesicle formation,gained,,0.0078879906702425
classes_count,5kb,10,TE_bottom,GO:0030917,midbrain-hindbrain boundary development,lost,0.0280863131788071,
classes_count,5kb,10,TE_bottom,GO:0031012,extracellular matrix,gained,,0.010948115546449
classes_count,5kb,10,TE_bottom,GO:0031076,embryonic camera-type eye development,gained,,0.013116791731983
classes_count,5kb,10,TE_bottom,GO:0031175,neuron projection development,gained,,0.039334662390902
classes_count,5kb,10,TE_bottom,GO:0031267,small GTPase binding,lost,0.0240772238176159,
classes_count,5kb,10,TE_bottom,GO:0031594,neuromuscular junction,gained,,0.0028253042512624
classes_count,5kb,10,TE_bottom,GO:0031698,beta-2 adrenergic receptor binding,gained,,0.0384292635723341
classes_count,5kb,10,TE_bottom,GO:0031901,early endosome membrane,lost,0.0245664261333246,
classes_count,5kb,10,TE_bottom,GO:0032000,positive regulation of fatty acid beta-oxidation,gained,,0.046553447772049
classes_count,5kb,10,TE_bottom,GO:0032230,"positive regulation of synaptic transmission, GABAergic",gained,,0.0430225185498533
classes_count,5kb,10,TE_bottom,GO:0032281,AMPA glutamate receptor complex,gained,,0.0010241873883957
classes_count,5kb,10,TE_bottom,GO:0032331,negative regulation of chondrocyte differentiation,gained,,0.0049323167200416
classes_count,5kb,10,TE_bottom,GO:0032425,positive regulation of mismatch repair,gained,,0.0321741973742382
classes_count,5kb,10,TE_bottom,GO:0032570,response to progesterone,gained,,0.0366857189572492
classes_count,5kb,10,TE_bottom,GO:0032591,dendritic spine membrane,gained,,0.0051673422908325
classes_count,5kb,10,TE_bottom,GO:0032808,lacrimal gland development,gained,,0.0078879906702425
classes_count,5kb,10,TE_bottom,GO:0032993,protein-DNA complex,gained,,0.0276447887013297
classes_count,5kb,10,TE_bottom,GO:0033077,T cell differentiation in thymus,gained,,0.0132881922796382
classes_count,5kb,10,TE_bottom,GO:0033173,calcineurin-NFAT signaling cascade,gained,,0.0276447887013297
classes_count,5kb,10,TE_bottom,GO:0033687,osteoblast proliferation,gained,,0.0384292635723341
classes_count,5kb,10,TE_bottom,GO:0034220,monoatomic ion transmembrane transport,gained,0.0236413973324575,1.7055155331465032e-05
classes_count,5kb,10,TE_bottom,GO:0034332,adherens junction organization,gained,,0.0008385830737899
classes_count,5kb,10,TE_bottom,GO:0034702,monoatomic ion channel complex,gained,,0.0010930868120097
classes_count,5kb,10,TE_bottom,GO:0035060,brahma complex,gained,,0.0430225185498533
classes_count,5kb,10,TE_bottom,GO:0035094,response to nicotine,gained,,0.0430225185498533
classes_count,5kb,10,TE_bottom,GO:0035102,PRC1 complex,gained,,0.0334758696366795
classes_count,5kb,10,TE_bottom,GO:0035235,ionotropic glutamate receptor signaling pathway,gained,,0.0020120646760385
classes_count,5kb,10,TE_bottom,GO:0035249,"synaptic transmission, glutamatergic",gained,,0.0020474963784951
classes_count,5kb,10,TE_bottom,GO:0035264,multicellular organism growth,gained,,0.002419339485286
classes_count,5kb,10,TE_bottom,GO:0035265,organ growth,gained,,0.013116791731983
classes_count,5kb,10,TE_bottom,GO:0035284,brain segmentation,gained,,0.0321741973742382
classes_count,5kb,10,TE_bottom,GO:0035567,non-canonical Wnt signaling pathway,gained,,0.0283132038338829
classes_count,5kb,10,TE_bottom,GO:0035641,locomotory exploration behavior,gained,,0.0276447887013297
classes_count,5kb,10,TE_bottom,GO:0035861,site of double-strand break,gained,,0.0167710775802756
classes_count,5kb,10,TE_bottom,GO:0035993,deltoid tuberosity development,gained,,0.0321741973742382
classes_count,5kb,10,TE_bottom,GO:0038060,nitric oxide-cGMP-mediated signaling,gained,,0.0199881752413469
classes_count,5kb,10,TE_bottom,GO:0038083,peptidyl-tyrosine autophosphorylation,gained,,0.046553447772049
classes_count,5kb,10,TE_bottom,GO:0040036,regulation of fibroblast growth factor receptor signaling pathway,gained,,0.0078879906702425
classes_count,5kb,10,TE_bottom,GO:0042043,neurexin family protein binding,gained,,0.0430225185498533
classes_count,5kb,10,TE_bottom,GO:0042060,wound healing,gained,,0.0468341899715291
classes_count,5kb,10,TE_bottom,GO:0042254,ribosome biogenesis,gained,,0.0004035367764976
classes_count,5kb,10,TE_bottom,GO:0042297,vocal learning,lost,0.0136107039433447,
classes_count,5kb,10,TE_bottom,GO:0042383,sarcolemma,gained,,0.0057085162810632
classes_count,5kb,10,TE_bottom,GO:0042423,catecholamine biosynthetic process,gained,,0.0384292635723341
classes_count,5kb,10,TE_bottom,GO:0042487,regulation of odontogenesis of dentin-containing tooth,gained,,0.0078879906702425
classes_count,5kb,10,TE_bottom,GO:0042742,defense response to bacterium,gained,,0.0171188622444105
classes_count,5kb,10,TE_bottom,GO:0043005,neuron projection,gained,,2.652494108408293e-05
classes_count,5kb,10,TE_bottom,GO:0043025,neuronal cell body,gained,,1.4545249391794214e-10
classes_count,5kb,10,TE_bottom,GO:0043065,positive regulation of apoptotic process,gained,,0.0356624793771597
classes_count,5kb,10,TE_bottom,GO:0043066,negative regulation of apoptotic process,gained,,0.0172412930217087
classes_count,5kb,10,TE_bottom,GO:0043068,positive regulation of programmed cell death,gained,,0.0276447887013297
classes_count,5kb,10,TE_bottom,GO:0043083,synaptic cleft,gained,,0.002451202022084
classes_count,5kb,10,TE_bottom,GO:0043197,dendritic spine,gained,,1.692209726320924e-06
classes_count,5kb,10,TE_bottom,GO:0043204,perikaryon,gained,,0.0029554478881091
classes_count,5kb,10,TE_bottom,GO:0043410,positive regulation of MAPK cascade,gained,,0.046553447772049
classes_count,5kb,10,TE_bottom,GO:0043425,bHLH transcription factor binding,gained,,0.0007096334984644
classes_count,5kb,10,TE_bottom,GO:0043583,ear development,gained,,0.0189077577019341
classes_count,5kb,10,TE_bottom,GO:0043587,tongue morphogenesis,gained,,0.0175599445081801
classes_count,5kb,10,TE_bottom,GO:0043679,axon terminus,gained,,0.0001214639064307
classes_count,5kb,10,TE_bottom,GO:0044305,calyx of Held,gained,,0.0117895139597577
classes_count,5kb,10,TE_bottom,GO:0044306,neuron projection terminus,gained,,0.0223372443394105
classes_count,5kb,10,TE_bottom,GO:0044323,retinoic acid-responsive element binding,gained,,0.0384292635723341
classes_count,5kb,10,TE_bottom,GO:0044325,transmembrane transporter binding,gained,,0.0001121017166758
classes_count,5kb,10,TE_bottom,GO:0044331,cell-cell adhesion mediated by cadherin,gained,,0.0011891515197327
classes_count,5kb,10,TE_bottom,GO:0044344,cellular response to fibroblast growth factor stimulus,gained,,0.0135436112112422
classes_count,5kb,10,TE_bottom,GO:0045095,keratin filament,gained,,0.0400677051060286
classes_count,5kb,10,TE_bottom,GO:0045202,synapse,gained,0.0036464591517185,2.8784694706306508e-11
classes_count,5kb,10,TE_bottom,GO:0045444,fat cell differentiation,lost,0.011270946856717,
classes_count,5kb,10,TE_bottom,GO:0045499,chemorepellent activity,gained,,0.0004855285391189
classes_count,5kb,10,TE_bottom,GO:0045595,regulation of cell differentiation,gained,,1.8406244417434423e-06
classes_count,5kb,10,TE_bottom,GO:0045599,negative regulation of fat cell differentiation,gained,,0.0002993092839976
classes_count,5kb,10,TE_bottom,GO:0045600,positive regulation of fat cell differentiation,gained,,0.0430225185498533
classes_count,5kb,10,TE_bottom,GO:0045662,negative regulation of myoblast differentiation,gained,,0.0228625420919775
classes_count,5kb,10,TE_bottom,GO:0045663,positive regulation of myoblast differentiation,gained,,0.0433821776278136
classes_count,5kb,10,TE_bottom,GO:0045669,positive regulation of osteoblast differentiation,gained,,0.0023309686107534
classes_count,5kb,10,TE_bottom,GO:0045686,negative regulation of glial cell differentiation,gained,,0.0321741973742382
classes_count,5kb,10,TE_bottom,GO:0045747,positive regulation of Notch signaling pathway,gained,,0.0006859282863005
classes_count,5kb,10,TE_bottom,GO:0045778,positive regulation of ossification,gained,,0.0032756729108781
classes_count,5kb,10,TE_bottom,GO:0045843,negative regulation of striated muscle tissue development,gained,,0.0384292635723341
classes_count,5kb,10,TE_bottom,GO:0045880,positive regulation of smoothened signaling pathway,gained,,0.0153219171501288
classes_count,5kb,10,TE_bottom,GO:0046332,SMAD binding,gained,,0.0038779155765983
classes_count,5kb,10,TE_bottom,GO:0046533,negative regulation of photoreceptor cell differentiation,gained,,0.0384292635723341
classes_count,5kb,10,TE_bottom,GO:0046546,development of primary male sexual characteristics,gained,,0.0175599445081801
classes_count,5kb,10,TE_bottom,GO:0046622,positive regulation of organ growth,gained,,0.0310299836560441
classes_count,5kb,10,TE_bottom,GO:0046875,ephrin receptor binding,gained,,0.0302793586746348
classes_count,5kb,10,TE_bottom,GO:0048013,ephrin receptor signaling pathway,gained,,9.583664330993073e-05
classes_count,5kb,10,TE_bottom,GO:0048018,receptor ligand activity,gained,,0.0005733558071566
classes_count,5kb,10,TE_bottom,GO:0048103,somatic stem cell division,gained,,0.046553447772049
classes_count,5kb,10,TE_bottom,GO:0048146,positive regulation of fibroblast proliferation,gained,,0.009754187322878
classes_count,5kb,10,TE_bottom,GO:0048167,regulation of synaptic plasticity,gained,,0.005388182978969
classes_count,5kb,10,TE_bottom,GO:0048286,lung alveolus development,gained,,0.0030865199602337
classes_count,5kb,10,TE_bottom,GO:0048407,platelet-derived growth factor binding,gained,,0.0014506582367788
classes_count,5kb,10,TE_bottom,GO:0048514,blood vessel morphogenesis,gained,,0.0334758696366795
classes_count,5kb,10,TE_bottom,GO:0048536,spleen development,gained,,0.0224600610361345
classes_count,5kb,10,TE_bottom,GO:0048545,response to steroid hormone,gained,,0.0135436112112422
classes_count,5kb,10,TE_bottom,GO:0048562,embryonic organ morphogenesis,gained,,0.0078879906702425
classes_count,5kb,10,TE_bottom,GO:0048565,digestive tract development,gained,,0.025588418152572
classes_count,5kb,10,TE_bottom,GO:0048566,embryonic digestive tract development,gained,,0.0117895139597577
classes_count,5kb,10,TE_bottom,GO:0048644,muscle organ morphogenesis,gained,,0.046553447772049
classes_count,5kb,10,TE_bottom,GO:0048645,animal organ formation,gained,,0.0030499746568008
classes_count,5kb,10,TE_bottom,GO:0048660,regulation of smooth muscle cell proliferation,gained,,0.0069018488306534
classes_count,5kb,10,TE_bottom,GO:0048664,neuron fate determination,lost,0.0073841602471755,
classes_count,5kb,10,TE_bottom,GO:0048703,embryonic viscerocranium morphogenesis,gained,,0.046553447772049
classes_count,5kb,10,TE_bottom,GO:0048708,astrocyte differentiation,gained,,0.0430225185498533
classes_count,5kb,10,TE_bottom,GO:0048711,positive regulation of astrocyte differentiation,gained,,0.046553447772049
classes_count,5kb,10,TE_bottom,GO:0048712,negative regulation of astrocyte differentiation,gained,,0.0001132488840822
classes_count,5kb,10,TE_bottom,GO:0048715,negative regulation of oligodendrocyte differentiation,gained,,0.0049506457468476
classes_count,5kb,10,TE_bottom,GO:0048762,mesenchymal cell differentiation,gained,,0.0049506457468476
classes_count,5kb,10,TE_bottom,GO:0048787,presynaptic active zone membrane,gained,,6.871115294938491e-05
classes_count,5kb,10,TE_bottom,GO:0048812,neuron projection morphogenesis,gained,,0.0013876627367007
classes_count,5kb,10,TE_bottom,GO:0048814,regulation of dendrite morphogenesis,gained,,0.0069018488306534
classes_count,5kb,10,TE_bottom,GO:0048843,negative regulation of axon extension involved in axon guidance,lost,0.0366234569526529,
classes_count,5kb,10,TE_bottom,GO:0048863,stem cell differentiation,gained,,5.542031498608078e-06
classes_count,5kb,10,TE_bottom,GO:0050680,negative regulation of epithelial cell proliferation,gained,,0.0002923280517599
classes_count,5kb,10,TE_bottom,GO:0050770,regulation of axonogenesis,gained,,0.0474598834903978
classes_count,5kb,10,TE_bottom,GO:0050771,negative regulation of axonogenesis,gained,,0.0199881752413469
classes_count,5kb,10,TE_bottom,GO:0050772,positive regulation of axonogenesis,gained,,0.0007096334984644
classes_count,5kb,10,TE_bottom,GO:0050775,positive regulation of dendrite morphogenesis,gained,,0.0476563942992953
classes_count,5kb,10,TE_bottom,GO:0050807,regulation of synapse organization,gained,,0.0010241873883957
classes_count,5kb,10,TE_bottom,GO:0050808,synapse organization,gained,,4.904276067759019e-05
classes_count,5kb,10,TE_bottom,GO:0050872,white fat cell differentiation,gained,,0.0476563942992953
classes_count,5kb,10,TE_bottom,GO:0050919,negative chemotaxis,gained,,5.801749290794335e-05
classes_count,5kb,10,TE_bottom,GO:0051321,meiotic cell cycle,gained,,0.0038520197143751
classes_count,5kb,10,TE_bottom,GO:0051592,response to calcium ion,gained,,0.0238675528746778
classes_count,5kb,10,TE_bottom,GO:0051607,defense response to virus,gained,,0.018297938883145
classes_count,5kb,10,TE_bottom,GO:0051897,positive regulation of phosphatidylinositol 3-kinase/protein kinase B signal transduction,gained,,0.0011189821764435
classes_count,5kb,10,TE_bottom,GO:0051963,regulation of synapse assembly,gained,,3.1307706461746514e-05
classes_count,5kb,10,TE_bottom,GO:0055008,cardiac muscle tissue morphogenesis,gained,,0.0049506457468476
classes_count,5kb,10,TE_bottom,GO:0055010,ventricular cardiac muscle tissue morphogenesis,gained,,0.0133691499809108
classes_count,5kb,10,TE_bottom,GO:0055119,relaxation of cardiac muscle,gained,,0.0199881752413469
classes_count,5kb,10,TE_bottom,GO:0060009,Sertoli cell development,gained,,0.0310299836560441
classes_count,5kb,10,TE_bottom,GO:0060076,excitatory synapse,gained,,4.895128324471997e-06
classes_count,5kb,10,TE_bottom,GO:0060078,regulation of postsynaptic membrane potential,gained,,0.0423260738226419
classes_count,5kb,10,TE_bottom,GO:0060166,olfactory pit development,gained,,0.0321741973742382
classes_count,5kb,10,TE_bottom,GO:0060173,limb development,gained,,0.0002783658379927
classes_count,5kb,10,TE_bottom,GO:0060174,limb bud formation,gained,,0.0305325067112235
classes_count,5kb,10,TE_bottom,GO:0060231,mesenchymal to epithelial transition,gained,,0.012650205207388
classes_count,5kb,10,TE_bottom,GO:0060291,long-term synaptic potentiation,gained,,0.0007741674603149
classes_count,5kb,10,TE_bottom,GO:0060306,regulation of membrane repolarization,gained,,0.0310299836560441
classes_count,5kb,10,TE_bottom,GO:0060317,cardiac epithelial to mesenchymal transition,gained,,0.0430225185498533
classes_count,5kb,10,TE_bottom,GO:0060324,face development,gained,,0.0069018488306534
classes_count,5kb,10,TE_bottom,GO:0060348,bone development,gained,,0.0071838833151914
classes_count,5kb,10,TE_bottom,GO:0060349,bone morphogenesis,gained,,0.0405855720540369
classes_count,5kb,10,TE_bottom,GO:0060384,innervation,gained,,3.6195114478635896e-05
classes_count,5kb,10,TE_bottom,GO:0060411,cardiac septum morphogenesis,gained,,0.0310299836560441
classes_count,5kb,10,TE_bottom,GO:0060415,muscle tissue morphogenesis,lost,0.0136107039433447,
classes_count,5kb,10,TE_bottom,GO:0060429,epithelium development,gained,,0.0276447887013297
classes_count,5kb,10,TE_bottom,GO:0060439,trachea morphogenesis,lost,0.0280863131788071,
classes_count,5kb,10,TE_bottom,GO:0060442,branching involved in prostate gland morphogenesis,gained,,0.0384292635723341
classes_count,5kb,10,TE_bottom,GO:0060445,branching involved in salivary gland morphogenesis,gained,,0.0199881752413469
classes_count,5kb,10,TE_bottom,GO:0060449,bud elongation involved in lung branching,gained,,1.2148798580435842e-05
classes_count,5kb,10,TE_bottom,GO:0060484,lung-associated mesenchyme development,gained,,0.0034732864478105
classes_count,5kb,10,TE_bottom,GO:0060485,mesenchyme development,gained,,0.0069018488306534
classes_count,5kb,10,TE_bottom,GO:0060487,lung epithelial cell differentiation,gained,,0.0034732864478105
classes_count,5kb,10,TE_bottom,GO:0060501,positive regulation of epithelial cell proliferation involved in lung morphogenesis,gained,,0.0078879906702425
classes_count,5kb,10,TE_bottom,GO:0060512,prostate gland morphogenesis,gained,,0.0175599445081801
classes_count,5kb,10,TE_bottom,GO:0060536,cartilage morphogenesis,gained,,0.0384292635723341
classes_count,5kb,10,TE_bottom,GO:0060539,diaphragm development,gained,,0.0305325067112235
classes_count,5kb,10,TE_bottom,GO:0060541,respiratory system development,gained,,0.0171188622444105
classes_count,5kb,10,TE_bottom,GO:0060638,mesenchymal-epithelial cell signaling,gained,,0.0384292635723341
classes_count,5kb,10,TE_bottom,GO:0060664,epithelial cell proliferation involved in salivary gland morphogenesis,gained,,0.0175599445081801
classes_count,5kb,10,TE_bottom,GO:0060688,regulation of morphogenesis of a branching structure,gained,,0.0321741973742382
classes_count,5kb,10,TE_bottom,GO:0060838,lymphatic endothelial cell fate commitment,gained,,0.0321741973742382
classes_count,5kb,10,TE_bottom,GO:0060956,endocardial cell differentiation,gained,,0.0175599445081801
classes_count,5kb,10,TE_bottom,GO:0061031,endodermal digestive tract morphogenesis,gained,,0.0321741973742382
classes_count,5kb,10,TE_bottom,GO:0061036,positive regulation of cartilage development,gained,,9.393138204204732e-05
classes_count,5kb,10,TE_bottom,GO:0061053,somite development,lost,0.0468929331990464,
classes_count,5kb,10,TE_bottom,GO:0061072,iris morphogenesis,gained,,0.0305325067112235
classes_count,5kb,10,TE_bottom,GO:0061202,clathrin-sculpted gamma-aminobutyric acid transport vesicle membrane,gained,,0.0171188622444105
classes_count,5kb,10,TE_bottom,GO:0070384,Harderian gland development,gained,,0.0049506457468476
classes_count,5kb,10,TE_bottom,GO:0070848,response to growth factor,gained,,0.0049506457468476
classes_count,5kb,10,TE_bottom,GO:0071006,U2-type catalytic step 1 spliceosome,gained,,0.046553447772049
classes_count,5kb,10,TE_bottom,GO:0071320,cellular response to cAMP,gained,,0.0013403535204853
classes_count,5kb,10,TE_bottom,GO:0071364,cellular response to epidermal growth factor stimulus,gained,,0.0376376593892183
classes_count,5kb,10,TE_bottom,GO:0071372,cellular response to follicle-stimulating hormone stimulus,lost,0.0136107039433447,
classes_count,5kb,10,TE_bottom,GO:0071526,semaphorin-plexin signaling pathway,gained,,0.0433821776278136
classes_count,5kb,10,TE_bottom,GO:0071599,otic vesicle development,gained,,0.0078879906702425
classes_count,5kb,10,TE_bottom,GO:0071711,basement membrane organization,gained,,0.0447067389468613
classes_count,5kb,10,TE_bottom,GO:0071805,potassium ion transmembrane transport,gained,,1.0182512479060977e-05
classes_count,5kb,10,TE_bottom,GO:0072017,distal tubule development,gained,,0.0321741973742382
classes_count,5kb,10,TE_bottom,GO:0072108,positive regulation of mesenchymal to epithelial transition involved in metanephros morphogenesis,gained,,0.0049506457468476
classes_count,5kb,10,TE_bottom,GO:0072197,ureter morphogenesis,gained,,1.2148798580435842e-05
classes_count,5kb,10,TE_bottom,GO:0072207,metanephric epithelium development,gained,,0.0175599445081801
classes_count,5kb,10,TE_bottom,GO:0072289,metanephric nephron tubule formation,gained,,0.0049506457468476
classes_count,5kb,10,TE_bottom,GO:0072307,regulation of metanephric nephron tubule epithelial cell differentiation,gained,,0.0175599445081801
classes_count,5kb,10,TE_bottom,GO:0072553,terminal button organization,gained,,0.0175599445081801
classes_count,5kb,10,TE_bottom,GO:0086004,regulation of cardiac muscle cell contraction,gained,,0.0430225185498533
classes_count,5kb,10,TE_bottom,GO:0086009,membrane repolarization,gained,,0.0080400871183203
classes_count,5kb,10,TE_bottom,GO:0086013,membrane repolarization during cardiac muscle cell action potential,gained,,0.0006586101379462
classes_count,5kb,10,TE_bottom,GO:0086091,regulation of heart rate by cardiac conduction,gained,,0.0276447887013297
classes_count,5kb,10,TE_bottom,GO:0090102,cochlea development,gained,,0.0047272801981297
classes_count,5kb,10,TE_bottom,GO:0090190,positive regulation of branching involved in ureteric bud morphogenesis,gained,,0.0078879906702425
classes_count,5kb,10,TE_bottom,GO:0090263,positive regulation of canonical Wnt signaling pathway,gained,,0.0189077577019341
classes_count,5kb,10,TE_bottom,GO:0090571,RNA polymerase II transcription repressor complex,gained,,0.0189077577019341
classes_count,5kb,10,TE_bottom,GO:0090575,RNA polymerase II transcription regulator complex,gained,,0.0008443354450914
classes_count,5kb,10,TE_bottom,GO:0097060,synaptic membrane,gained,,0.0075719274353618
classes_count,5kb,10,TE_bottom,GO:0097104,postsynaptic membrane assembly,gained,,0.0078879906702425
classes_count,5kb,10,TE_bottom,GO:0097105,presynaptic membrane assembly,gained,,0.0034732864478105
classes_count,5kb,10,TE_bottom,GO:0097109,neuroligin family protein binding,gained,,0.0175599445081801
classes_count,5kb,10,TE_bottom,GO:0097110,scaffold protein binding,gained,,0.0222170190386891
classes_count,5kb,10,TE_bottom,GO:0097118,neuroligin clustering involved in postsynaptic membrane assembly,gained,,0.0321741973742382
classes_count,5kb,10,TE_bottom,GO:0097120,receptor localization to synapse,gained,,0.0305325067112235
classes_count,5kb,10,TE_bottom,GO:0097374,sensory neuron axon guidance,gained,,0.0321741973742382
classes_count,5kb,10,TE_bottom,GO:0097490,sympathetic neuron projection extension,gained,,0.0384292635723341
classes_count,5kb,10,TE_bottom,GO:0097491,sympathetic neuron projection guidance,lost,0.0280863131788071,
classes_count,5kb,10,TE_bottom,GO:0098609,cell-cell adhesion,gained,,0.046222711410429
classes_count,5kb,10,TE_bottom,GO:0098685,Schaffer collateral - CA1 synapse,gained,,3.503735628428584e-05
classes_count,5kb,10,TE_bottom,GO:0098686,hippocampal mossy fiber to CA3 synapse,gained,,0.0135436112112422
classes_count,5kb,10,TE_bottom,GO:0098820,trans-synaptic protein complex,gained,,0.0014560141212778
classes_count,5kb,10,TE_bottom,GO:0098903,regulation of membrane repolarization during action potential,gained,,0.0321741973742382
classes_count,5kb,10,TE_bottom,GO:0098984,neuron to neuron synapse,gained,,0.0305325067112235
classes_count,5kb,10,TE_bottom,GO:0098989,NMDA selective glutamate receptor signaling pathway,gained,,0.0384292635723341
classes_count,5kb,10,TE_bottom,GO:0099092,"postsynaptic density, intracellular component",gained,,0.0366857189572492
classes_count,5kb,10,TE_bottom,GO:0099171,presynaptic modulation of chemical synaptic transmission,gained,,0.0334758696366795
classes_count,5kb,10,TE_bottom,GO:0099505,regulation of presynaptic membrane potential,gained,,0.0135436112112422
classes_count,5kb,10,TE_bottom,GO:0099557,"trans-synaptic signaling by trans-synaptic complex, modulating synaptic transmission",gained,,0.0004855285391189
classes_count,5kb,10,TE_bottom,GO:0099558,maintenance of synapse structure,gained,,0.0189077577019341
classes_count,5kb,10,TE_bottom,GO:0099634,postsynaptic specialization membrane,gained,,0.0011391756165002
classes_count,5kb,10,TE_bottom,GO:1901381,positive regulation of potassium ion transmembrane transport,gained,,0.0189077577019341
classes_count,5kb,10,TE_bottom,GO:1901844,regulation of cell communication by electrical coupling involved in cardiac conduction,gained,,0.0002494038760973
classes_count,5kb,10,TE_bottom,GO:1902894,negative regulation of miRNA transcription,gained,,0.0302793586746348
classes_count,5kb,10,TE_bottom,GO:1904315,transmitter-gated monoatomic ion channel activity involved in regulation of postsynaptic membrane potential,gained,,0.0167710775802756
classes_count,5kb,10,TE_bottom,GO:1904862,inhibitory synapse assembly,gained,,0.0228625420919775
classes_count,5kb,10,TE_bottom,GO:1905072,cardiac jelly development,gained,,0.0049506457468476
classes_count,5kb,10,TE_bottom,GO:1990573,potassium ion import across plasma membrane,gained,,0.0172400838390838
classes_count,5kb,10,TE_bottom,GO:2000177,regulation of neural precursor cell proliferation,gained,,0.012650205207388
classes_count,5kb,10,TE_bottom,GO:2001054,negative regulation of mesenchymal cell apoptotic process,gained,,0.0030499746568008
classes_count,5kb,10,TE_bottom,GO:2001222,regulation of neuron migration,gained,,0.0056574515582753
classes_count,5kb,10,TE_top,GO:0000166,nucleotide binding,lost,6.778336989383424e-05,0.0171930704985959
classes_count,5kb,10,TE_top,GO:0000785,chromatin,gained,2.2602540595887911e-91,1.7147761392410267e-105
classes_count,5kb,10,TE_top,GO:0001228,"DNA-binding transcription activator activity, RNA polymerase II-specific",gained,2.5925632407946143e-51,1.8625826273027964e-55
classes_count,5kb,10,TE_top,GO:0003700,DNA-binding transcription factor activity,gained,3.743681849598961e-72,2.1939954695683857e-77
classes_count,5kb,10,TE_top,GO:0004386,helicase activity,lost,0.0165371824535816,
classes_count,5kb,10,TE_top,GO:0005515,protein binding,lost,3.35675160427163e-05,8.22627891877636e-32
classes_count,5kb,10,TE_top,GO:0005524,ATP binding,lost,0.002778729683784,1.2308809658504677e-05
classes_count,5kb,10,TE_top,GO:0005576,extracellular region,gained,,0.0490750086453342
classes_count,5kb,10,TE_top,GO:0005634,nucleus,lost,2.7707254311077074e-10,3.744971914968703e-14
classes_count,5kb,10,TE_top,GO:0005654,nucleoplasm,lost,0.0004981346284222,0.0005351644033825
classes_count,5kb,10,TE_top,GO:0005737,cytoplasm,lost,1.4813491547219648e-06,9.817364076466466e-08
classes_count,5kb,10,TE_top,GO:0005743,mitochondrial inner membrane,gained,0.0181351296754747,2.0936386040551065e-05
classes_count,5kb,10,TE_top,GO:0005759,mitochondrial matrix,gained,0.0017245689834473,4.284498230933889e-06
classes_count,5kb,10,TE_top,GO:0005813,centrosome,lost,0.026064252480608,0.006161604576437
classes_count,5kb,10,TE_top,GO:0005829,cytosol,lost,2.3347634496640705e-13,0.0036826491066817
classes_count,5kb,10,TE_top,GO:0005882,intermediate filament,gained,,0.006961871799613
classes_count,5kb,10,TE_top,GO:0005886,plasma membrane,gained,4.789278058615824e-07,7.243644741705701e-05
classes_count,5kb,10,TE_top,GO:0006281,DNA repair,lost,0.0038292251760725,0.0034972688841337
classes_count,5kb,10,TE_top,GO:0006974,DNA damage response,lost,0.014252760372271,0.0488999024109087
classes_count,5kb,10,TE_top,GO:0007155,cell adhesion,gained,,6.653122414246208e-10
classes_count,5kb,10,TE_top,GO:0007165,signal transduction,gained,2.854078579447647e-05,2.414379482653764e-05
classes_count,5kb,10,TE_top,GO:0007186,G protein-coupled receptor signaling pathway,gained,0.0278277530731289,0.0472096952389536
classes_count,5kb,10,TE_top,GO:0007399,nervous system development,gained,2.1404676080245957e-28,1.8433462617001629e-59
classes_count,5kb,10,TE_top,GO:0016874,ligase activity,gained,,0.0134425441521211
classes_count,5kb,10,TE_top,GO:0031514,motile cilium,gained,,0.0103204045288189
classes_count,5kb,10,TE_top,GO:0043565,sequence-specific DNA binding,gained,5.297593062651492e-41,8.71732465662114e-43
classes_count,5kb,10,TE_top,GO:0045944,positive regulation of transcription by RNA polymerase II,gained,1.027153998461276e-45,1.9277952418689342e-54
classes_count,5kb,10,TE_top,GO:0060271,cilium assembly,gained,,0.0278635300175329
classes_count,5kb,10,TE_top,GO:0097190,apoptotic signaling pathway,lost,0.0344031301311325,
classes_count,5kb,10,TE_top,GO:1990837,sequence-specific double-stranded DNA binding,gained,2.6748736668232187e-81,3.6101039314300977e-82
classes_count,10kb,10,LINE,GO:0000122,negative regulation of transcription by RNA polymerase II,gained,7.072531329447981e-33,6.148516584171461e-40
classes_count,10kb,10,LINE,GO:0000785,chromatin,gained,2.2602540595887911e-91,3.263532513104169e-85
classes_count,10kb,10,LINE,GO:0000978,RNA polymerase II cis-regulatory region sequence-specific DNA binding,gained,1.3018805426856218e-67,1.9213540360081877e-52
classes_count,10kb,10,LINE,GO:0000981,"DNA-binding transcription factor activity, RNA polymerase II-specific",gained,3.284292752113761e-83,8.226032408610437e-66
classes_count,10kb,10,LINE,GO:0006355,regulation of DNA-templated transcription,gained,6.151194225058447e-56,5.29415075722021e-37
classes_count,10kb,10,LINE,GO:0006357,regulation of transcription by RNA polymerase II,gained,3.412545621264875e-59,6.25820413546398e-42
classes_count,10kb,10,LTR,GO:0002376,immune system process,gained,0.0313645653891975,0.002235836134817
classes_count,10kb,10,LTR,GO:0003682,chromatin binding,gained,2.4805691208757004e-10,1.5871019567577968e-10
classes_count,10kb,10,LTR,GO:0003700,DNA-binding transcription factor activity,gained,3.743681849598961e-72,5.342575372836241e-60
classes_count,10kb,10,LTR,GO:0003729,mRNA binding,gained,,0.0077088187614886
classes_count,10kb,10,LTR,GO:0003779,actin binding,gained,,0.0047052920655701
classes_count,10kb,10,LTR,GO:0005516,calmodulin binding,gained,,0.0231092102750645
classes_count,10kb,10,LTR,GO:0005667,transcription regulator complex,gained,6.758228014648845e-18,6.760350529763655e-19
classes_count,10kb,10,LTR,GO:0005856,cytoskeleton,gained,,0.0013277134536806
classes_count,10kb,10,LTR,GO:0005912,adherens junction,gained,,0.0033933492870366
classes_count,10kb,10,LTR,GO:0005925,focal adhesion,gained,,0.0001231033153519
classes_count,10kb,10,LTR,GO:0006805,xenobiotic metabolic process,gained,,0.0275616213738512
classes_count,10kb,10,LTR,GO:0007155,cell adhesion,gained,,1.3985172734800668e-10
classes_count,10kb,10,LTR,GO:0007268,chemical synaptic transmission,gained,,2.886236556725308e-05
classes_count,10kb,10,LTR,GO:0007399,nervous system development,gained,2.1404676080245957e-28,1.1154099051357983e-60
classes_count,10kb,10,LTR,GO:0007420,brain development,gained,1.4776391095075797e-11,2.2294433696396195e-14
classes_count,10kb,10,LTR,GO:0008270,zinc ion binding,gained,,0.000162236719743
classes_count,10kb,10,LTR,GO:0008284,positive regulation of cell population proliferation,gained,0.0047247655253269,4.3953284268450985e-10
classes_count,10kb,10,LTR,GO:0009653,anatomical structure morphogenesis,gained,2.1678012636196463e-14,1.3477228533199724e-15
classes_count,10kb,10,LTR,GO:0010468,regulation of gene expression,gained,2.4550683475535305e-07,2.861161293997523e-06
classes_count,10kb,10,LTR,GO:0015031,protein transport,gained,0.0001355690698718,9.313318166770794e-07
classes_count,10kb,10,LTR,GO:0016878,acid-thiol ligase activity,gained,,0.0259741421314525
classes_count,10kb,10,LTR,GO:0030335,positive regulation of cell migration,gained,,0.0001735878687407
classes_count,10kb,10,LTR,GO:0030425,dendrite,gained,,1.6105502151700063e-05
classes_count,10kb,10,LTR,GO:0034220,monoatomic ion transmembrane transport,lost,0.0236413973324575,
classes_count,10kb,10,LTR,GO:0044877,protein-containing complex binding,gained,,0.0258427982053279
classes_count,10kb,10,LTR,GO:0045087,innate immune response,gained,0.0148051786770675,0.0007267498694103
classes_count,10kb,10,LTR,GO:0045211,postsynaptic membrane,gained,0.0047247655253269,1.6446094197624702e-10
classes_count,10kb,10,LTR,GO:0050839,cell adhesion molecule binding,gained,0.000396178775385,1.198105641252094e-17
classes_count,10kb,10,LTR,GO:0070062,extracellular exosome,lost,0.0001173513080423,6.421137840053722e-05
classes_count,10kb,10,LTR,GO:0070383,DNA cytosine deamination,gained,,0.0259741421314525
classes_count,10kb,10,LTR,GO:0090575,RNA polymerase II transcription regulator complex,gained,,0.0084125117889799
classes_count,10kb,10,LTR,GO:0098609,cell-cell adhesion,gained,,0.0043408323907358
classes_count,10kb,10,LTR,GO:0098978,glutamatergic synapse,gained,0.0001719057409008,6.1435204784938695e-12
classes_count,10kb,10,SINE,GO:0000244,spliceosomal tri-snRNP complex assembly,gained,,0.0112310482925339
classes_count,10kb,10,SINE,GO:0000781,"chromosome, telomeric region",gained,,0.0037798845530454
classes_count,10kb,10,SINE,GO:0001732,formation of cytoplasmic translation initiation complex,gained,,0.011124593474651
classes_count,10kb,10,SINE,GO:0002183,cytoplasmic translational initiation,gained,,0.0394144516828407
classes_count,10kb,10,SINE,GO:0003676,nucleic acid binding,gained,,0.0004510486963641
classes_count,10kb,10,SINE,GO:0003735,structural constituent of ribosome,gained,,0.0154143852417149
classes_count,10kb,10,SINE,GO:0003743,translation initiation factor activity,gained,,0.0244561703240718
classes_count,10kb,10,SINE,GO:0005576,extracellular region,gained,,0.0085404051822433
classes_count,10kb,10,SINE,GO:0005681,spliceosomal complex,gained,,0.0184538193919104
classes_count,10kb,10,SINE,GO:0005684,U2-type spliceosomal complex,gained,,0.0317401655456284
classes_count,10kb,10,SINE,GO:0005685,U1 snRNP,gained,,0.0386975542293078
classes_count,10kb,10,SINE,GO:0005687,U4 snRNP,gained,,0.0249159174197093
classes_count,10kb,10,SINE,GO:0005690,U4atac snRNP,gained,,0.0077280520613852
classes_count,10kb,10,SINE,GO:0005730,nucleolus,gained,0.0136107039433447,0.0434910144211715
classes_count,10kb,10,SINE,GO:0005741,mitochondrial outer membrane,gained,,0.0493609620005077
classes_count,10kb,10,SINE,GO:0005758,mitochondrial intermembrane space,gained,,0.0154194571001102
classes_count,10kb,10,SINE,GO:0005765,lysosomal membrane,gained,0.0156579668392304,2.6254498181102988e-05
classes_count,10kb,10,SINE,GO:0005840,ribosome,gained,,0.0043408323907358
classes_count,10kb,10,SINE,GO:0005852,eukaryotic translation initiation factor 3 complex,gained,,0.0180398392025412
classes_count,10kb,10,SINE,GO:0005925,focal adhesion,gained,,0.0001231033153519
classes_count,10kb,10,SINE,GO:0006281,DNA repair,gained,0.0038292251760725,0.0001459073663903
classes_count,10kb,10,SINE,GO:0006397,mRNA processing,gained,0.0202647454872782,5.3175697189141225e-08
classes_count,10kb,10,SINE,GO:0006413,translational initiation,gained,,0.0236976365108941
classes_count,10kb,10,SINE,GO:0006606,protein import into nucleus,gained,,0.015607422314865
classes_count,10kb,10,SINE,GO:0006886,intracellular protein transport,gained,,0.0059603972625206
classes_count,10kb,10,SINE,GO:0006914,autophagy,gained,,0.0249159174197093
classes_count,10kb,10,SINE,GO:0006915,apoptotic process,gained,,0.0475541898051915
classes_count,10kb,10,SINE,GO:0006974,DNA damage response,gained,0.014252760372271,0.0001501716441285
classes_count,10kb,10,SINE,GO:0007144,female meiosis I,lost,0.0220411727526337,
classes_count,10kb,10,SINE,GO:0007165,signal transduction,gained,2.854078579447647e-05,0.0146322051207916
classes_count,10kb,10,SINE,GO:0007186,G protein-coupled receptor signaling pathway,gained,0.0278277530731289,0.018362257999694
classes_count,10kb,10,SINE,GO:0008340,determination of adult lifespan,gained,,0.0386332233817304
classes_count,10kb,10,SINE,GO:0008380,RNA splicing,gained,,0.0422255052584636
classes_count,10kb,10,SINE,GO:0010008,endosome membrane,gained,,0.0434910144211715
classes_count,10kb,10,SINE,GO:0016192,vesicle-mediated transport,gained,,0.0063858183850392
classes_count,10kb,10,SINE,GO:0016282,eukaryotic 43S preinitiation complex,gained,,0.0386975542293078
classes_count,10kb,10,SINE,GO:0016787,hydrolase activity,gained,0.0073841602471755,6.393809800152225e-05
classes_count,10kb,10,SINE,GO:0019901,protein kinase binding,gained,,0.0026450016453344
classes_count,10kb,10,SINE,GO:0022626,cytosolic ribosome,gained,,0.0250878741477858
classes_count,10kb,10,SINE,GO:0030674,protein-macromolecule adaptor activity,gained,,0.0001499183443955
classes_count,10kb,10,SINE,GO:0031966,mitochondrial membrane,gained,,0.0054488963771389
classes_count,10kb,10,SINE,GO:0032968,positive regulation of transcription elongation by RNA polymerase II,gained,,0.0475541898051915
classes_count,10kb,10,SINE,GO:0032991,protein-containing complex,gained,0.0344001085818009,0.0010427715402326
classes_count,10kb,10,SINE,GO:0033290,eukaryotic 48S preinitiation complex,gained,,0.0466291125767987
classes_count,10kb,10,SINE,GO:0046872,metal ion binding,gained,,0.0236976365108941
classes_count,10kb,10,SINE,GO:0048255,mRNA stabilization,gained,,0.0386975542293078
classes_count,10kb,10,SINE,GO:0048471,perinuclear region of cytoplasm,gained,,0.0172864234352299
classes_count,10kb,10,SINE,GO:0051117,ATPase binding,gained,,0.0299444766450422
classes_count,10kb,10,SINE,GO:0051301,cell division,gained,,0.0001064241692683
classes_count,10kb,10,SINE,GO:0051726,regulation of cell cycle,gained,,0.0029383266885142
classes_count,10kb,10,SINE,GO:0055088,lipid homeostasis,gained,,0.0401369337690195
classes_count,10kb,10,SINE,GO:0055102,lipase inhibitor activity,gained,,0.0386975542293078
classes_count,10kb,10,SINE,GO:0060090,molecular adaptor activity,gained,,0.0386975542293078
classes_count,10kb,10,SINE,GO:0070062,extracellular exosome,gained,0.0001173513080423,6.421137840053722e-05
classes_count,10kb,10,SINE,GO:0070300,phosphatidic acid binding,gained,,0.0283949369669385
classes_count,10kb,10,SINE,GO:0071001,U4/U6 snRNP,gained,,0.0178577007076904
classes_count,10kb,10,SINE,GO:0071002,U4atac/U6atac snRNP,gained,,0.0115218204835835
classes_count,10kb,10,SINE,GO:0071005,U2-type precatalytic spliceosome,gained,,0.0207617633947113
classes_count,10kb,10,SINE,GO:0071009,U4atac/U6atac x U5 tri-snRNP complex,gained,,0.002654222680517
classes_count,10kb,10,SINE,GO:0071011,precatalytic spliceosome,gained,,0.0003016854298958
classes_count,10kb,10,SINE,GO:0072686,mitotic spindle,gained,,0.0385020805959984
classes_count,10kb,10,SINE,GO:0080025,"phosphatidylinositol-3,5-bisphosphate binding",lost,0.0385525328230731,
classes_count,10kb,10,SINE,GO:0097190,apoptotic signaling pathway,gained,0.0344031301311325,0.0238245942661815
classes_count,10kb,10,SINE,GO:0140288,GBAF complex,gained,,0.0387217988801865
classes_count,10kb,10,SINE,GO:0140664,ATP-dependent DNA damage sensor activity,gained,,0.0245245748024291
classes_count,10kb,10,SVA,GO:0005515,protein binding,lost,3.35675160427163e-05,0.0001222966664101
classes_count,10kb,10,SVA,GO:0005634,nucleus,lost,2.7707254311077074e-10,2.6470282969430533e-05
classes_count,10kb,10,SVA,GO:0006369,termination of RNA polymerase II transcription,lost,0.0202647454872782,
classes_count,10kb,10,SVA,GO:0006397,mRNA processing,lost,0.0202647454872782,5.3175697189141225e-08
classes_count,10kb,10,SVA,GO:0019899,enzyme binding,lost,0.0211728942371974,
classes_count,10kb,10,TE_bottom,GO:0000398,"mRNA splicing, via spliceosome",gained,0.0042786012715271,0.0084125117889799
classes_count,10kb,10,TE_bottom,GO:0000786,nucleosome,gained,,0.0038488048337313
classes_count,10kb,10,TE_bottom,GO:0001222,transcription corepressor binding,gained,,0.0157214903269168
classes_count,10kb,10,TE_bottom,GO:0001223,transcription coactivator binding,lost,0.0469706299207504,
classes_count,10kb,10,TE_bottom,GO:0001525,angiogenesis,gained,,0.0007465431124775
classes_count,10kb,10,TE_bottom,GO:0001547,antral ovarian follicle growth,gained,,0.0053786554655952
classes_count,10kb,10,TE_bottom,GO:0001837,epithelial to mesenchymal transition,gained,,0.0016773636932644
classes_count,10kb,10,TE_bottom,GO:0001958,endochondral ossification,lost,0.039752215046129,
classes_count,10kb,10,TE_bottom,GO:0001972,retinoic acid binding,gained,,0.0084125117889799
classes_count,10kb,10,TE_bottom,GO:0001974,blood vessel remodeling,gained,,9.857953940112317e-05
classes_count,10kb,10,TE_bottom,GO:0002063,chondrocyte development,gained,,0.0181436079417454
classes_count,10kb,10,TE_bottom,GO:0002068,glandular epithelial cell development,gained,,0.0352037828143737
classes_count,10kb,10,TE_bottom,GO:0002076,osteoblast development,lost,0.0468929331990464,
classes_count,10kb,10,TE_bottom,GO:0002089,lens morphogenesis in camera-type eye,lost,0.0353858261064393,
classes_count,10kb,10,TE_bottom,GO:0002181,cytoplasmic translation,gained,,0.0341044232914919
classes_count,10kb,10,TE_bottom,GO:0003129,heart induction,gained,,0.0184538193919104
classes_count,10kb,10,TE_bottom,GO:0003149,membranous septum morphogenesis,gained,,0.00752928963344
classes_count,10kb,10,TE_bottom,GO:0003179,heart valve morphogenesis,gained,,0.0338282762747568
classes_count,10kb,10,TE_bottom,GO:0003184,pulmonary valve morphogenesis,gained,,0.0015565395721765
classes_count,10kb,10,TE_bottom,GO:0003198,epithelial to mesenchymal transition involved in endocardial cushion formation,gained,,0.0053786554655952
classes_count,10kb,10,TE_bottom,GO:0003203,endocardial cushion morphogenesis,gained,,0.0023952171614618
classes_count,10kb,10,TE_bottom,GO:0003214,cardiac left ventricle morphogenesis,gained,,0.0135872574449723
classes_count,10kb,10,TE_bottom,GO:0003215,cardiac right ventricle morphogenesis,gained,,3.8001771205620894e-06
classes_count,10kb,10,TE_bottom,GO:0003253,cardiac neural crest cell migration involved in outflow tract morphogenesis,lost,0.0136107039433447,
classes_count,10kb,10,TE_bottom,GO:0003281,ventricular septum development,gained,,0.0183008643662093
classes_count,10kb,10,TE_bottom,GO:0003337,mesenchymal to epithelial transition involved in metanephros morphogenesis,gained,,0.0423408136145181
classes_count,10kb,10,TE_bottom,GO:0003344,pericardium morphogenesis,gained,,0.0084125117889799
classes_count,10kb,10,TE_bottom,GO:0003714,transcription corepressor activity,gained,,0.0217032500552465
classes_count,10kb,10,TE_bottom,GO:0003735,structural constituent of ribosome,gained,,0.0154143852417149
classes_count,10kb,10,TE_bottom,GO:0004714,transmembrane receptor protein tyrosine kinase activity,gained,,0.0478442285040958
classes_count,10kb,10,TE_bottom,GO:0004930,G protein-coupled receptor activity,lost,0.0034429397926436,0.010258662963759
classes_count,10kb,10,TE_bottom,GO:0004970,glutamate-gated receptor activity,gained,,0.00752928963344
classes_count,10kb,10,TE_bottom,GO:0004971,AMPA glutamate receptor activity,gained,,0.0423408136145181
classes_count,10kb,10,TE_bottom,GO:0005003,ephrin receptor activity,gained,,0.0478442285040958
classes_count,10kb,10,TE_bottom,GO:0005005,transmembrane-ephrin receptor activity,gained,,0.014145559710962
classes_count,10kb,10,TE_bottom,GO:0005109,frizzled binding,gained,,0.0404320081711225
classes_count,10kb,10,TE_bottom,GO:0005216,monoatomic ion channel activity,gained,,0.0020210265919984
classes_count,10kb,10,TE_bottom,GO:0005242,inward rectifier potassium channel activity,gained,,0.0252562697896418
classes_count,10kb,10,TE_bottom,GO:0005246,calcium channel regulator activity,gained,,0.0214295270203804
classes_count,10kb,10,TE_bottom,GO:0005509,calcium ion binding,gained,,6.524577656437197e-06
classes_count,10kb,10,TE_bottom,GO:0005539,glycosaminoglycan binding,gained,,0.0191669930011163
classes_count,10kb,10,TE_bottom,GO:0005654,nucleoplasm,lost,0.0004981346284222,1.3955437188309592e-09
classes_count,10kb,10,TE_bottom,GO:0005681,spliceosomal complex,gained,,0.0184538193919104
classes_count,10kb,10,TE_bottom,GO:0005694,chromosome,gained,,0.0214295270203804
classes_count,10kb,10,TE_bottom,GO:0005730,nucleolus,lost,0.0136107039433447,0.0434910144211715
classes_count,10kb,10,TE_bottom,GO:0005764,lysosome,gained,,0.0435747747264786
classes_count,10kb,10,TE_bottom,GO:0005768,endosome,lost,0.0098584089290199,
classes_count,10kb,10,TE_bottom,GO:0005794,Golgi apparatus,lost,0.0018554412663433,0.0016752036849931
classes_count,10kb,10,TE_bottom,GO:0005840,ribosome,gained,,0.0043408323907358
classes_count,10kb,10,TE_bottom,GO:0005886,plasma membrane,gained,4.789278058615824e-07,0.037419132941478
classes_count,10kb,10,TE_bottom,GO:0005912,adherens junction,gained,,0.0033933492870366
classes_count,10kb,10,TE_bottom,GO:0006281,DNA repair,gained,0.0038292251760725,0.0001459073663903
classes_count,10kb,10,TE_bottom,GO:0006364,rRNA processing,gained,,0.0152260890053065
classes_count,10kb,10,TE_bottom,GO:0006457,protein folding,gained,,0.0184538193919104
classes_count,10kb,10,TE_bottom,GO:0006886,intracellular protein transport,gained,,0.0059603972625206
classes_count,10kb,10,TE_bottom,GO:0006955,immune response,lost,0.0160350390481683,
classes_count,10kb,10,TE_bottom,GO:0006974,DNA damage response,gained,0.014252760372271,0.0001501716441285
classes_count,10kb,10,TE_bottom,GO:0007059,chromosome segregation,gained,,0.0428559461804431
classes_count,10kb,10,TE_bottom,GO:0007155,cell adhesion,gained,,1.3985172734800668e-10
classes_count,10kb,10,TE_bottom,GO:0007157,heterophilic cell-cell adhesion,gained,,0.0314135583226518
classes_count,10kb,10,TE_bottom,GO:0007158,neuron cell-cell adhesion,gained,,4.474118317498048e-05
classes_count,10kb,10,TE_bottom,GO:0007186,G protein-coupled receptor signaling pathway,lost,0.0278277530731289,0.018362257999694
classes_count,10kb,10,TE_bottom,GO:0007268,chemical synaptic transmission,gained,,2.886236556725308e-05
classes_count,10kb,10,TE_bottom,GO:0007379,segment specification,gained,,0.0016873962103181
classes_count,10kb,10,TE_bottom,GO:0007406,negative regulation of neuroblast proliferation,gained,,0.0423408136145181
classes_count,10kb,10,TE_bottom,GO:0007492,endoderm development,gained,,0.0030468013616414
classes_count,10kb,10,TE_bottom,GO:0007612,learning,gained,,0.0009666015150173
classes_count,10kb,10,TE_bottom,GO:0008016,regulation of heart contraction,gained,,0.0183008643662093
classes_count,10kb,10,TE_bottom,GO:0008076,voltage-gated potassium channel complex,gained,,0.0165242065915599
classes_count,10kb,10,TE_bottom,GO:0008083,growth factor activity,gained,,0.000438833607591
classes_count,10kb,10,TE_bottom,GO:0008289,lipid binding,lost,0.0245664261333246,
classes_count,10kb,10,TE_bottom,GO:0008584,male gonad development,gained,,6.089841794355956e-06
classes_count,10kb,10,TE_bottom,GO:0008595,"anterior/posterior axis specification, embryo",lost,0.0136107039433447,
classes_count,10kb,10,TE_bottom,GO:0009409,response to cold,lost,0.0469706299207504,
classes_count,10kb,10,TE_bottom,GO:0009410,response to xenobiotic stimulus,gained,,0.0420451268441982
classes_count,10kb,10,TE_bottom,GO:0009611,response to wounding,gained,,0.0022812172556115
classes_count,10kb,10,TE_bottom,GO:0009792,embryo development ending in birth or egg hatching,lost,0.033494061005535,
classes_count,10kb,10,TE_bottom,GO:0009948,anterior/posterior axis specification,gained,,0.0336989075649977
classes_count,10kb,10,TE_bottom,GO:0010001,glial cell differentiation,gained,,0.0246630311686766
classes_count,10kb,10,TE_bottom,GO:0010159,specification of animal organ position,gained,,0.0352037828143737
classes_count,10kb,10,TE_bottom,GO:0010667,negative regulation of cardiac muscle cell apoptotic process,gained,,0.0033022788050168
classes_count,10kb,10,TE_bottom,GO:0010719,negative regulation of epithelial to mesenchymal transition,gained,,0.0038520515857352
classes_count,10kb,10,TE_bottom,GO:0014003,oligodendrocyte development,gained,,0.0252562697896418
classes_count,10kb,10,TE_bottom,GO:0014031,mesenchymal cell development,gained,,0.0084125117889799
classes_count,10kb,10,TE_bottom,GO:0014069,postsynaptic density,gained,,0.0037219738099108
classes_count,10kb,10,TE_bottom,GO:0014807,regulation of somitogenesis,gained,,0.0423408136145181
classes_count,10kb,10,TE_bottom,GO:0015276,ligand-gated monoatomic ion channel activity,gained,,0.0447518785657788
classes_count,10kb,10,TE_bottom,GO:0016020,membrane,lost,2.2531472876870123e-08,6.045112793315548e-13
classes_count,10kb,10,TE_bottom,GO:0016199,axon midline choice point recognition,gained,,0.0191669930011163
classes_count,10kb,10,TE_bottom,GO:0016331,morphogenesis of embryonic epithelium,gained,,0.0053786554655952
classes_count,10kb,10,TE_bottom,GO:0016339,calcium-dependent cell-cell adhesion,gained,,0.0056230845148748
classes_count,10kb,10,TE_bottom,GO:0016342,catenin complex,gained,,0.0245668401552625
classes_count,10kb,10,TE_bottom,GO:0016491,oxidoreductase activity,lost,0.014394513432824,
classes_count,10kb,10,TE_bottom,GO:0016917,GABA receptor activity,gained,,0.0033933492870366
classes_count,10kb,10,TE_bottom,GO:0021510,spinal cord development,lost,0.039752215046129,
classes_count,10kb,10,TE_bottom,GO:0021516,dorsal spinal cord development,lost,0.0234832254108785,
classes_count,10kb,10,TE_bottom,GO:0021530,spinal cord oligodendrocyte cell fate specification,gained,,0.0352037828143737
classes_count,10kb,10,TE_bottom,GO:0021543,pallium development,gained,,0.0352037828143737
classes_count,10kb,10,TE_bottom,GO:0021544,subpallium development,gained,,0.0191669930011163
classes_count,10kb,10,TE_bottom,GO:0021559,trigeminal nerve development,lost,0.0136107039433447,
classes_count,10kb,10,TE_bottom,GO:0021615,glossopharyngeal nerve morphogenesis,lost,0.0280863131788071,
classes_count,10kb,10,TE_bottom,GO:0021637,trigeminal nerve structural organization,gained,,0.0423408136145181
classes_count,10kb,10,TE_bottom,GO:0021707,cerebellar granule cell differentiation,lost,0.0234832254108785,
classes_count,10kb,10,TE_bottom,GO:0021740,principal sensory nucleus of trigeminal nerve development,gained,,0.0352037828143737
classes_count,10kb,10,TE_bottom,GO:0021794,thalamus development,lost,0.0092855032951516,
classes_count,10kb,10,TE_bottom,GO:0021895,cerebral cortex neuron differentiation,gained,,0.0085502449303965
classes_count,10kb,10,TE_bottom,GO:0021904,dorsal/ventral neural tube patterning,gained,,0.0344638852678799
classes_count,10kb,10,TE_bottom,GO:0021915,neural tube development,gained,,0.0047091717503583
classes_count,10kb,10,TE_bottom,GO:0021953,central nervous system neuron differentiation,lost,0.0092855032951516,
classes_count,10kb,10,TE_bottom,GO:0021957,corticospinal tract morphogenesis,gained,,0.0084125117889799
classes_count,10kb,10,TE_bottom,GO:0022407,regulation of cell-cell adhesion,lost,0.0267581796712853,
classes_count,10kb,10,TE_bottom,GO:0022626,cytosolic ribosome,gained,,0.0250878741477858
classes_count,10kb,10,TE_bottom,GO:0023041,neuronal signal transduction,gained,,0.0084125117889799
classes_count,10kb,10,TE_bottom,GO:0030020,extracellular matrix structural constituent conferring tensile strength,gained,,0.0077743072051447
classes_count,10kb,10,TE_bottom,GO:0030177,positive regulation of Wnt signaling pathway,gained,,0.0214295270203804
classes_count,10kb,10,TE_bottom,GO:0030178,negative regulation of Wnt signaling pathway,gained,,0.0307962766319329
classes_count,10kb,10,TE_bottom,GO:0030215,semaphorin receptor binding,gained,,0.0144751137262903
classes_count,10kb,10,TE_bottom,GO:0030317,flagellated sperm motility,gained,,0.0175562145270122
classes_count,10kb,10,TE_bottom,GO:0030335,positive regulation of cell migration,gained,,0.0001735878687407
classes_count,10kb,10,TE_bottom,GO:0030425,dendrite,gained,,1.6105502151700063e-05
classes_count,10kb,10,TE_bottom,GO:0030501,positive regulation of bone mineralization,gained,,0.0023080868266673
classes_count,10kb,10,TE_bottom,GO:0030513,positive regulation of BMP signaling pathway,gained,,0.000552963058441
classes_count,10kb,10,TE_bottom,GO:0030545,signaling receptor regulator activity,gained,,0.0478442285040958
classes_count,10kb,10,TE_bottom,GO:0030857,negative regulation of epithelial cell differentiation,gained,,0.0007489504666026
classes_count,10kb,10,TE_bottom,GO:0031267,small GTPase binding,lost,0.0240772238176159,
classes_count,10kb,10,TE_bottom,GO:0031514,motile cilium,gained,,0.0053786554655952
classes_count,10kb,10,TE_bottom,GO:0031901,early endosome membrane,lost,0.0245664261333246,
classes_count,10kb,10,TE_bottom,GO:0032281,AMPA glutamate receptor complex,gained,,0.0190962376150641
classes_count,10kb,10,TE_bottom,GO:0032331,negative regulation of chondrocyte differentiation,gained,,0.0009543952278306
classes_count,10kb,10,TE_bottom,GO:0032332,positive regulation of chondrocyte differentiation,gained,,0.0181436079417454
classes_count,10kb,10,TE_bottom,GO:0032342,aldosterone biosynthetic process,gained,,0.0352037828143737
classes_count,10kb,10,TE_bottom,GO:0032808,lacrimal gland development,gained,,0.0084125117889799
classes_count,10kb,10,TE_bottom,GO:0033077,T cell differentiation in thymus,gained,,0.0038604934737889
classes_count,10kb,10,TE_bottom,GO:0033574,response to testosterone,gained,,0.0144253236483114
classes_count,10kb,10,TE_bottom,GO:0034332,adherens junction organization,gained,,0.0009376561795541
classes_count,10kb,10,TE_bottom,GO:0034702,monoatomic ion channel complex,gained,,0.0416894641619135
classes_count,10kb,10,TE_bottom,GO:0035235,ionotropic glutamate receptor signaling pathway,gained,,0.0102996363965613
classes_count,10kb,10,TE_bottom,GO:0035249,"synaptic transmission, glutamatergic",gained,,0.0248908035725127
classes_count,10kb,10,TE_bottom,GO:0035264,multicellular organism growth,gained,,0.0077743072051447
classes_count,10kb,10,TE_bottom,GO:0035284,brain segmentation,gained,,0.0352037828143737
classes_count,10kb,10,TE_bottom,GO:0035418,protein localization to synapse,gained,,0.0336989075649977
classes_count,10kb,10,TE_bottom,GO:0035910,ascending aorta morphogenesis,gained,,0.0053786554655952
classes_count,10kb,10,TE_bottom,GO:0035993,deltoid tuberosity development,gained,,0.0352037828143737
classes_count,10kb,10,TE_bottom,GO:0036486,ventral trunk neural crest cell migration,gained,,0.0352037828143737
classes_count,10kb,10,TE_bottom,GO:0036520,astrocyte-dopaminergic neuron signaling,gained,,0.0352037828143737
classes_count,10kb,10,TE_bottom,GO:0038060,nitric oxide-cGMP-mediated signaling,gained,,0.0032236616221064
classes_count,10kb,10,TE_bottom,GO:0038191,neuropilin binding,gained,,0.0084125117889799
classes_count,10kb,10,TE_bottom,GO:0040036,regulation of fibroblast growth factor receptor signaling pathway,gained,,0.000552963058441
classes_count,10kb,10,TE_bottom,GO:0042060,wound healing,gained,,0.0032236616221064
classes_count,10kb,10,TE_bottom,GO:0042254,ribosome biogenesis,gained,,0.0263398113526637
classes_count,10kb,10,TE_bottom,GO:0042421,norepinephrine biosynthetic process,lost,0.0366234569526529,
classes_count,10kb,10,TE_bottom,GO:0042487,regulation of odontogenesis of dentin-containing tooth,gained,,0.0084125117889799
classes_count,10kb,10,TE_bottom,GO:0042693,muscle cell fate commitment,gained,,0.0423408136145181
classes_count,10kb,10,TE_bottom,GO:0043005,neuron projection,gained,,0.0016218556834948
classes_count,10kb,10,TE_bottom,GO:0043025,neuronal cell body,gained,,5.899650117114453e-06
classes_count,10kb,10,TE_bottom,GO:0043197,dendritic spine,gained,,6.285758776930242e-05
classes_count,10kb,10,TE_bottom,GO:0043198,dendritic shaft,gained,,0.0077743072051447
classes_count,10kb,10,TE_bottom,GO:0043204,perikaryon,gained,,0.0478442285040958
classes_count,10kb,10,TE_bottom,GO:0043403,skeletal muscle tissue regeneration,gained,,0.0252562697896418
classes_count,10kb,10,TE_bottom,GO:0043410,positive regulation of MAPK cascade,gained,,0.000552963058441
classes_count,10kb,10,TE_bottom,GO:0043425,bHLH transcription factor binding,gained,,0.0496484164815748
classes_count,10kb,10,TE_bottom,GO:0043679,axon terminus,gained,,0.0050044698221764
classes_count,10kb,10,TE_bottom,GO:0044295,axonal growth cone,gained,,0.0045859582146701
classes_count,10kb,10,TE_bottom,GO:0044323,retinoic acid-responsive element binding,gained,,0.0033933492870366
classes_count,10kb,10,TE_bottom,GO:0044331,cell-cell adhesion mediated by cadherin,gained,,0.0050111269367343
classes_count,10kb,10,TE_bottom,GO:0044344,cellular response to fibroblast growth factor stimulus,gained,,0.0037219738099108
classes_count,10kb,10,TE_bottom,GO:0045202,synapse,gained,0.0036464591517185,0.0002134578474242
classes_count,10kb,10,TE_bottom,GO:0045445,myoblast differentiation,gained,,0.0305496961089116
classes_count,10kb,10,TE_bottom,GO:0045499,chemorepellent activity,gained,,2.032688437671244e-06
classes_count,10kb,10,TE_bottom,GO:0045595,regulation of cell differentiation,gained,,1.0770442261303995e-05
classes_count,10kb,10,TE_bottom,GO:0045599,negative regulation of fat cell differentiation,gained,,0.0352037828143737
classes_count,10kb,10,TE_bottom,GO:0045608,negative regulation of inner ear auditory receptor cell differentiation,gained,,0.0053786554655952
classes_count,10kb,10,TE_bottom,GO:0045663,positive regulation of myoblast differentiation,gained,,0.0056230845148748
classes_count,10kb,10,TE_bottom,GO:0045669,positive regulation of osteoblast differentiation,gained,,0.0008696668143748
classes_count,10kb,10,TE_bottom,GO:0045687,positive regulation of glial cell differentiation,gained,,0.0423408136145181
classes_count,10kb,10,TE_bottom,GO:0045746,negative regulation of Notch signaling pathway,gained,,0.013464559043845
classes_count,10kb,10,TE_bottom,GO:0045747,positive regulation of Notch signaling pathway,gained,,0.000779601312183
classes_count,10kb,10,TE_bottom,GO:0045843,negative regulation of striated muscle tissue development,gained,,0.0423408136145181
classes_count,10kb,10,TE_bottom,GO:0046533,negative regulation of photoreceptor cell differentiation,gained,,0.0033933492870366
classes_count,10kb,10,TE_bottom,GO:0048009,insulin-like growth factor receptor signaling pathway,gained,,0.0496484164815748
classes_count,10kb,10,TE_bottom,GO:0048013,ephrin receptor signaling pathway,gained,,0.0157214903269168
classes_count,10kb,10,TE_bottom,GO:0048018,receptor ligand activity,gained,,0.0305496961089116
classes_count,10kb,10,TE_bottom,GO:0048103,somatic stem cell division,gained,,0.00752928963344
classes_count,10kb,10,TE_bottom,GO:0048146,positive regulation of fibroblast proliferation,gained,,0.0314135583226518
classes_count,10kb,10,TE_bottom,GO:0048167,regulation of synaptic plasticity,gained,,0.0058500272343092
classes_count,10kb,10,TE_bottom,GO:0048286,lung alveolus development,gained,,0.0034328621339893
classes_count,10kb,10,TE_bottom,GO:0048384,retinoic acid receptor signaling pathway,gained,,0.0421287811696493
classes_count,10kb,10,TE_bottom,GO:0048407,platelet-derived growth factor binding,gained,,0.0135872574449723
classes_count,10kb,10,TE_bottom,GO:0048514,blood vessel morphogenesis,gained,,0.0367418081378189
classes_count,10kb,10,TE_bottom,GO:0048565,digestive tract development,gained,,0.0281906301680878
classes_count,10kb,10,TE_bottom,GO:0048566,embryonic digestive tract development,gained,,0.0023952171614618
classes_count,10kb,10,TE_bottom,GO:0048598,embryonic morphogenesis,gained,,0.0421287811696493
classes_count,10kb,10,TE_bottom,GO:0048644,muscle organ morphogenesis,gained,,0.00752928963344
classes_count,10kb,10,TE_bottom,GO:0048645,animal organ formation,gained,,0.0001119759852729
classes_count,10kb,10,TE_bottom,GO:0048708,astrocyte differentiation,gained,,0.0478442285040958
classes_count,10kb,10,TE_bottom,GO:0048711,positive regulation of astrocyte differentiation,gained,,0.00752928963344
classes_count,10kb,10,TE_bottom,GO:0048715,negative regulation of oligodendrocyte differentiation,gained,,0.0344638852678799
classes_count,10kb,10,TE_bottom,GO:0048762,mesenchymal cell differentiation,gained,,0.0344638852678799
classes_count,10kb,10,TE_bottom,GO:0048787,presynaptic active zone membrane,gained,,0.0223725284106869
classes_count,10kb,10,TE_bottom,GO:0048812,neuron projection morphogenesis,gained,,0.0405724958727942
classes_count,10kb,10,TE_bottom,GO:0048843,negative regulation of axon extension involved in axon guidance,lost,0.0366234569526529,
classes_count,10kb,10,TE_bottom,GO:0048846,axon extension involved in axon guidance,gained,,0.0184538193919104
classes_count,10kb,10,TE_bottom,GO:0048863,stem cell differentiation,gained,,0.0071341299429835
classes_count,10kb,10,TE_bottom,GO:0050772,positive regulation of axonogenesis,gained,,0.0008064441215451
classes_count,10kb,10,TE_bottom,GO:0050808,synapse organization,gained,,0.0006316174641511
classes_count,10kb,10,TE_bottom,GO:0050840,extracellular matrix binding,gained,,0.0496484164815748
classes_count,10kb,10,TE_bottom,GO:0050919,negative chemotaxis,gained,,2.385536461743979e-06
classes_count,10kb,10,TE_bottom,GO:0050925,negative regulation of negative chemotaxis,gained,,0.0352037828143737
classes_count,10kb,10,TE_bottom,GO:0051321,meiotic cell cycle,gained,,0.0434287233326209
classes_count,10kb,10,TE_bottom,GO:0051897,positive regulation of phosphatidylinositol 3-kinase/protein kinase B signal transduction,gained,,0.0021704010670495
classes_count,10kb,10,TE_bottom,GO:0051932,"synaptic transmission, GABAergic",gained,,0.0190962376150641
classes_count,10kb,10,TE_bottom,GO:0051963,regulation of synapse assembly,gained,,0.0038604934737889
classes_count,10kb,10,TE_bottom,GO:0051968,"positive regulation of synaptic transmission, glutamatergic",gained,,0.0335460114777075
classes_count,10kb,10,TE_bottom,GO:0055007,cardiac muscle cell differentiation,gained,,0.0190962376150641
classes_count,10kb,10,TE_bottom,GO:0055009,atrial cardiac muscle tissue morphogenesis,lost,0.0136107039433447,
classes_count,10kb,10,TE_bottom,GO:0055010,ventricular cardiac muscle tissue morphogenesis,gained,,0.0144751137262903
classes_count,10kb,10,TE_bottom,GO:0055012,ventricular cardiac muscle cell differentiation,gained,,0.0033933492870366
classes_count,10kb,10,TE_bottom,GO:0055119,relaxation of cardiac muscle,gained,,0.022043851907306
classes_count,10kb,10,TE_bottom,GO:0060038,cardiac muscle cell proliferation,gained,,0.0405724958727942
classes_count,10kb,10,TE_bottom,GO:0060076,excitatory synapse,gained,,0.0009376561795541
classes_count,10kb,10,TE_bottom,GO:0060078,regulation of postsynaptic membrane potential,gained,,0.0067377210753278
classes_count,10kb,10,TE_bottom,GO:0060080,inhibitory postsynaptic potential,gained,,0.0135872574449723
classes_count,10kb,10,TE_bottom,GO:0060134,prepulse inhibition,gained,,0.0344638852678799
classes_count,10kb,10,TE_bottom,GO:0060173,limb development,gained,,0.0260443271517627
classes_count,10kb,10,TE_bottom,GO:0060174,limb bud formation,gained,,0.0002911888186896
classes_count,10kb,10,TE_bottom,GO:0060216,definitive hemopoiesis,lost,0.0098584089290199,
classes_count,10kb,10,TE_bottom,GO:0060231,mesenchymal to epithelial transition,gained,,0.0135872574449723
classes_count,10kb,10,TE_bottom,GO:0060317,cardiac epithelial to mesenchymal transition,gained,,0.0478442285040958
classes_count,10kb,10,TE_bottom,GO:0060348,bone development,gained,,0.0011542741856749
classes_count,10kb,10,TE_bottom,GO:0060384,innervation,gained,,0.0003713724123177
classes_count,10kb,10,TE_bottom,GO:0060413,atrial septum morphogenesis,gained,,0.0053786554655952
classes_count,10kb,10,TE_bottom,GO:0060426,lung vasculature development,gained,,0.0016800113176924
classes_count,10kb,10,TE_bottom,GO:0060439,trachea morphogenesis,lost,0.0280863131788071,
classes_count,10kb,10,TE_bottom,GO:0060442,branching involved in prostate gland morphogenesis,gained,,0.0423408136145181
classes_count,10kb,10,TE_bottom,GO:0060449,bud elongation involved in lung branching,gained,,0.000552963058441
classes_count,10kb,10,TE_bottom,GO:0060463,lung lobe morphogenesis,gained,,0.0184538193919104
classes_count,10kb,10,TE_bottom,GO:0060484,lung-associated mesenchyme development,gained,,0.0338282762747568
classes_count,10kb,10,TE_bottom,GO:0060510,type II pneumocyte differentiation,gained,,0.0084125117889799
classes_count,10kb,10,TE_bottom,GO:0060523,prostate epithelial cord elongation,gained,,0.0352037828143737
classes_count,10kb,10,TE_bottom,GO:0060527,prostate epithelial cord arborization involved in prostate glandular acinus morphogenesis,gained,,0.0084125117889799
classes_count,10kb,10,TE_bottom,GO:0060536,cartilage morphogenesis,gained,,0.0423408136145181
classes_count,10kb,10,TE_bottom,GO:0060638,mesenchymal-epithelial cell signaling,gained,,0.0423408136145181
classes_count,10kb,10,TE_bottom,GO:0060710,chorio-allantoic fusion,gained,,0.0084125117889799
classes_count,10kb,10,TE_bottom,GO:0060749,mammary gland alveolus development,gained,,0.0305496961089116
classes_count,10kb,10,TE_bottom,GO:0060769,positive regulation of epithelial cell proliferation involved in prostate gland development,gained,,0.0352037828143737
classes_count,10kb,10,TE_bottom,GO:0060948,cardiac vascular smooth muscle cell development,gained,,0.0352037828143737
classes_count,10kb,10,TE_bottom,GO:0060956,endocardial cell differentiation,gained,,0.0191669930011163
classes_count,10kb,10,TE_bottom,GO:0060997,dendritic spine morphogenesis,gained,,0.0084125117889799
classes_count,10kb,10,TE_bottom,GO:0061030,epithelial cell differentiation involved in mammary gland alveolus development,lost,0.0280863131788071,
classes_count,10kb,10,TE_bottom,GO:0061031,endodermal digestive tract morphogenesis,gained,,0.0352037828143737
classes_count,10kb,10,TE_bottom,GO:0061036,positive regulation of cartilage development,gained,,1.0462355325971482e-05
classes_count,10kb,10,TE_bottom,GO:0061037,negative regulation of cartilage development,gained,,0.0338282762747568
classes_count,10kb,10,TE_bottom,GO:0061053,somite development,lost,0.0468929331990464,
classes_count,10kb,10,TE_bottom,GO:0061309,cardiac neural crest cell development involved in outflow tract morphogenesis,gained,,0.0053786554655952
classes_count,10kb,10,TE_bottom,GO:0061630,ubiquitin protein ligase activity,gained,,0.0442967600054355
classes_count,10kb,10,TE_bottom,GO:0070564,positive regulation of vitamin D receptor signaling pathway,gained,,0.0423408136145181
classes_count,10kb,10,TE_bottom,GO:0071372,cellular response to follicle-stimulating hormone stimulus,lost,0.0136107039433447,
classes_count,10kb,10,TE_bottom,GO:0071375,cellular response to peptide hormone stimulus,gained,,0.0207440129559586
classes_count,10kb,10,TE_bottom,GO:0071526,semaphorin-plexin signaling pathway,gained,,0.0004677421175364
classes_count,10kb,10,TE_bottom,GO:0071599,otic vesicle development,gained,,0.0084125117889799
classes_count,10kb,10,TE_bottom,GO:0071711,basement membrane organization,gained,,0.0148881343581209
classes_count,10kb,10,TE_bottom,GO:0072017,distal tubule development,gained,,0.0352037828143737
classes_count,10kb,10,TE_bottom,GO:0072049,comma-shaped body morphogenesis,gained,,0.0352037828143737
classes_count,10kb,10,TE_bottom,GO:0072050,S-shaped body morphogenesis,gained,,0.0053786554655952
classes_count,10kb,10,TE_bottom,GO:0072197,ureter morphogenesis,gained,,0.000552963058441
classes_count,10kb,10,TE_bottom,GO:0072207,metanephric epithelium development,gained,,0.0008064441215451
classes_count,10kb,10,TE_bottom,GO:0072289,metanephric nephron tubule formation,gained,,0.0053786554655952
classes_count,10kb,10,TE_bottom,GO:0072553,terminal button organization,gained,,0.0191669930011163
classes_count,10kb,10,TE_bottom,GO:0086004,regulation of cardiac muscle cell contraction,gained,,0.0085502449303965
classes_count,10kb,10,TE_bottom,GO:0086013,membrane repolarization during cardiac muscle cell action potential,gained,,0.0007489504666026
classes_count,10kb,10,TE_bottom,GO:0086091,regulation of heart rate by cardiac conduction,gained,,0.0305496961089116
classes_count,10kb,10,TE_bottom,GO:0090102,cochlea development,gained,,0.0051623059832337
classes_count,10kb,10,TE_bottom,GO:0090184,positive regulation of kidney development,gained,,0.0352037828143737
classes_count,10kb,10,TE_bottom,GO:0090190,positive regulation of branching involved in ureteric bud morphogenesis,gained,,0.0015565395721765
classes_count,10kb,10,TE_bottom,GO:0090575,RNA polymerase II transcription regulator complex,gained,,0.0084125117889799
classes_count,10kb,10,TE_bottom,GO:0097105,presynaptic membrane assembly,gained,,0.0038418345274817
classes_count,10kb,10,TE_bottom,GO:0097109,neuroligin family protein binding,gained,,0.0191669930011163
classes_count,10kb,10,TE_bottom,GO:0097118,neuroligin clustering involved in postsynaptic membrane assembly,gained,,0.0352037828143737
classes_count,10kb,10,TE_bottom,GO:0097120,receptor localization to synapse,gained,,0.0338282762747568
classes_count,10kb,10,TE_bottom,GO:0097154,GABAergic neuron differentiation,gained,,0.0352037828143737
classes_count,10kb,10,TE_bottom,GO:0097490,sympathetic neuron projection extension,gained,,0.0423408136145181
classes_count,10kb,10,TE_bottom,GO:0098609,cell-cell adhesion,gained,,0.0043408323907358
classes_count,10kb,10,TE_bottom,GO:0098685,Schaffer collateral - CA1 synapse,gained,,0.0003713724123177
classes_count,10kb,10,TE_bottom,GO:0098820,trans-synaptic protein complex,gained,,0.0184538193919104
classes_count,10kb,10,TE_bottom,GO:0098903,regulation of membrane repolarization during action potential,gained,,0.0352037828143737
classes_count,10kb,10,TE_bottom,GO:0098914,membrane repolarization during atrial cardiac muscle cell action potential,gained,,0.0191669930011163
classes_count,10kb,10,TE_bottom,GO:0098984,neuron to neuron synapse,gained,,0.0338282762747568
classes_count,10kb,10,TE_bottom,GO:0098989,NMDA selective glutamate receptor signaling pathway,gained,,0.0423408136145181
classes_count,10kb,10,TE_bottom,GO:0099171,presynaptic modulation of chemical synaptic transmission,gained,,0.0030468013616414
classes_count,10kb,10,TE_bottom,GO:0099505,regulation of presynaptic membrane potential,gained,,0.0148881343581209
classes_count,10kb,10,TE_bottom,GO:0099507,ligand-gated monoatomic ion channel activity involved in regulation of presynaptic membrane potential,gained,,0.0207440129559586
classes_count,10kb,10,TE_bottom,GO:0099538,synaptic signaling via neuropeptide,gained,,0.0184538193919104
classes_count,10kb,10,TE_bottom,GO:0099557,"trans-synaptic signaling by trans-synaptic complex, modulating synaptic transmission",gained,,0.0084125117889799
classes_count,10kb,10,TE_bottom,GO:0099634,postsynaptic specialization membrane,gained,,0.0013058842433052
classes_count,10kb,10,TE_bottom,GO:1901381,positive regulation of potassium ion transmembrane transport,gained,,0.0037219738099108
classes_count,10kb,10,TE_bottom,GO:1902894,negative regulation of miRNA transcription,gained,,0.0335460114777075
classes_count,10kb,10,TE_bottom,GO:1904315,transmitter-gated monoatomic ion channel activity involved in regulation of postsynaptic membrane potential,gained,,0.0182065496144947
classes_count,10kb,10,TE_bottom,GO:1904646,cellular response to amyloid-beta,gained,,0.0305496961089116
classes_count,10kb,10,TE_bottom,GO:1904862,inhibitory synapse assembly,gained,,0.0252562697896418
classes_count,10kb,10,TE_bottom,GO:1905072,cardiac jelly development,gained,,0.0053786554655952
classes_count,10kb,10,TE_bottom,GO:1990573,potassium ion import across plasma membrane,gained,,0.0478442285040958
classes_count,10kb,10,TE_bottom,GO:1990904,ribonucleoprotein complex,gained,0.0005445677097138,0.005366853530186
classes_count,10kb,10,TE_bottom,GO:2000974,negative regulation of pro-B cell differentiation,gained,,0.0352037828143737
classes_count,10kb,10,TE_bottom,GO:2001054,negative regulation of mesenchymal cell apoptotic process,gained,,0.0423408136145181
classes_count,10kb,10,TE_bottom,GO:2001222,regulation of neuron migration,gained,,0.0252562697896418
classes_count,10kb,10,TE_bottom,GO:2001234,negative regulation of apoptotic signaling pathway,gained,,0.0367418081378189
classes_count,10kb,10,TE_top,GO:0000387,spliceosomal snRNP assembly,gained,0.0023150387002883,0.0422255052584636
classes_count,10kb,10,TE_top,GO:0001042,RNA polymerase I core binding,gained,,0.0455217913795504
classes_count,10kb,10,TE_top,GO:0002183,cytoplasmic translational initiation,gained,,0.0394144516828407
classes_count,10kb,10,TE_top,GO:0003723,RNA binding,gained,2.77557828744947e-05,2.307140080613894e-05
classes_count,10kb,10,TE_top,GO:0004930,G protein-coupled receptor activity,gained,0.0034429397926436,0.010258662963759
classes_count,10kb,10,TE_top,GO:0004984,olfactory receptor activity,gained,0.0001052590970585,0.0029119698501033
classes_count,10kb,10,TE_top,GO:0005576,extracellular region,gained,,0.0085404051822433
classes_count,10kb,10,TE_top,GO:0005684,U2-type spliceosomal complex,gained,,0.0317401655456284
classes_count,10kb,10,TE_top,GO:0005741,mitochondrial outer membrane,gained,,0.0493609620005077
classes_count,10kb,10,TE_top,GO:0005743,mitochondrial inner membrane,gained,0.0181351296754747,5.6529749281000594e-05
classes_count,10kb,10,TE_top,GO:0005759,mitochondrial matrix,gained,0.0017245689834473,1.6884885490410183e-05
classes_count,10kb,10,TE_top,GO:0006119,oxidative phosphorylation,gained,,0.0093437287935685
classes_count,10kb,10,TE_top,GO:0006384,transcription initiation at RNA polymerase III promoter,gained,,0.0493609620005077
classes_count,10kb,10,TE_top,GO:0006565,L-serine catabolic process,gained,,0.0455217913795504
classes_count,10kb,10,TE_top,GO:0006744,ubiquinone biosynthetic process,gained,,0.0093437287935685
classes_count,10kb,10,TE_top,GO:0007165,signal transduction,gained,2.854078579447647e-05,0.0146322051207916
classes_count,10kb,10,TE_top,GO:0007186,G protein-coupled receptor signaling pathway,gained,0.0278277530731289,0.018362257999694
classes_count,10kb,10,TE_top,GO:0007608,sensory perception of smell,gained,0.0001624455517915,0.0010716557493732
classes_count,10kb,10,TE_top,GO:0008094,"ATP-dependent activity, acting on DNA",gained,,0.0254497525501813
classes_count,10kb,10,TE_top,GO:0008380,RNA splicing,gained,,0.0422255052584636
classes_count,10kb,10,TE_top,GO:0009653,anatomical structure morphogenesis,gained,2.1678012636196463e-14,1.3477228533199724e-15
classes_count,10kb,10,TE_top,GO:0015031,protein transport,gained,0.0001355690698718,9.313318166770794e-07
classes_count,10kb,10,TE_top,GO:0016874,ligase activity,gained,,0.0054488963771389
classes_count,10kb,10,TE_top,GO:0016887,ATP hydrolysis activity,gained,0.0159681305017013,0.0022772350153554
classes_count,10kb,10,TE_top,GO:0031966,mitochondrial membrane,gained,,0.0054488963771389
classes_count,10kb,10,TE_top,GO:0033290,eukaryotic 48S preinitiation complex,gained,,0.0466291125767987
classes_count,10kb,10,TE_top,GO:0042373,vitamin K metabolic process,gained,,0.0066106241534797
classes_count,10kb,10,TE_top,GO:0050911,detection of chemical stimulus involved in sensory perception of smell,gained,0.0001064991469763,0.0022518200597772
classes_count,10kb,10,TE_top,GO:0071339,MLL1 complex,gained,,0.0100224051578727
classes_count,10kb,10,TE_top,GO:0097190,apoptotic signaling pathway,lost,0.0344031301311325,0.0238245942661815
classes_count,10kb,10,TE_top,GO:0110142,ubiquinone biosynthesis complex,gained,,0.0292797567052877
classes_count,20kb,5,LINE,GO:0005886,plasma membrane,gained,4.789278058615824e-07,0.0128199012899418
classes_count,20kb,5,LINE,GO:0007165,signal transduction,gained,2.854078579447647e-05,0.000622344472048
classes_count,20kb,5,LINE,GO:0007606,sensory perception of chemical stimulus,gained,,0.0114838607787107
classes_count,20kb,5,LINE,GO:0010468,regulation of gene expression,gained,2.4550683475535305e-07,0.0002708684017847
classes_count,20kb,5,LINE,GO:0016020,membrane,gained,2.2531472876870123e-08,0.0011652903867427
classes_count,20kb,5,LINE,GO:0045922,negative regulation of fatty acid metabolic process,lost,0.0009930941388107,
classes_count,20kb,5,LTR,GO:0002474,antigen processing and presentation of peptide antigen via MHC class I,gained,,0.0128199012899418
classes_count,20kb,5,LTR,GO:0005794,Golgi apparatus,lost,0.0018554412663433,0.0009161808343511
classes_count,20kb,5,LTR,GO:0006811,monoatomic ion transport,lost,0.0118110492598151,
classes_count,20kb,5,LTR,GO:0007165,signal transduction,lost,2.854078579447647e-05,0.000622344472048
classes_count,20kb,5,LTR,GO:0010628,positive regulation of gene expression,gained,1.4286653199687283e-06,0.0011652903867427
classes_count,20kb,5,LTR,GO:0031012,extracellular matrix,gained,,0.0303221015312704
classes_count,20kb,5,LTR,GO:0032991,protein-containing complex,lost,0.0344001085818009,0.0328732604900998
classes_count,20kb,5,LTR,GO:0034220,monoatomic ion transmembrane transport,lost,0.0236413973324575,
classes_count,20kb,5,LTR,GO:0042802,identical protein binding,lost,0.0071165909769053,0.000293083946034
classes_count,20kb,5,LTR,GO:0070062,extracellular exosome,lost,0.0001173513080423,3.322307291086519e-05
classes_count,20kb,5,LTR,GO:0098978,glutamatergic synapse,gained,0.0001719057409008,0.0385224148801994
classes_count,20kb,5,LTR,GO:1990837,sequence-specific double-stranded DNA binding,lost,2.6748736668232187e-81,2.984313313405758e-53
classes_count,20kb,5,SINE,GO:0000387,spliceosomal snRNP assembly,lost,0.0023150387002883,
classes_count,20kb,5,SINE,GO:0000388,spliceosome conformational change to release U4 (or U4atac) and U1 (or U11),lost,0.0220411727526337,
classes_count,20kb,5,SINE,GO:0001784,phosphotyrosine residue binding,gained,,0.0419127830239927
classes_count,20kb,5,SINE,GO:0003676,nucleic acid binding,gained,,0.0328881099429344
classes_count,20kb,5,SINE,GO:0005759,mitochondrial matrix,lost,0.0017245689834473,0.0099234018378621
classes_count,20kb,5,SINE,GO:0005813,centrosome,lost,0.026064252480608,0.0385720523171089
classes_count,20kb,5,SINE,GO:0005874,microtubule,lost,0.0122398927457658,
classes_count,20kb,5,SINE,GO:0006281,DNA repair,gained,0.0038292251760725,0.0111206012587285
classes_count,20kb,5,SINE,GO:0006298,mismatch repair,lost,0.0093117725955097,
classes_count,20kb,5,SINE,GO:0006325,chromatin organization,gained,,0.0052695570059561
classes_count,20kb,5,SINE,GO:0006338,chromatin remodeling,gained,,0.0007122130454043
classes_count,20kb,5,SINE,GO:0006352,DNA-templated transcription initiation,lost,0.0301649414027611,
classes_count,20kb,5,SINE,GO:0006886,intracellular protein transport,gained,,0.0207078164947754
classes_count,20kb,5,SINE,GO:0007144,female meiosis I,lost,0.0220411727526337,
classes_count,20kb,5,SINE,GO:0016192,vesicle-mediated transport,gained,,0.0019088072298119
classes_count,20kb,5,SINE,GO:0016514,SWI/SNF complex,gained,,0.0078218889802281
classes_count,20kb,5,SINE,GO:0016887,ATP hydrolysis activity,lost,0.0159681305017013,
classes_count,20kb,5,SINE,GO:0019901,protein kinase binding,gained,,0.0454171379290348
classes_count,20kb,5,SINE,GO:0030496,midbody,gained,,0.0134409079976619
classes_count,20kb,5,SINE,GO:0030674,protein-macromolecule adaptor activity,gained,,0.0419127830239927
classes_count,20kb,5,SINE,GO:0032991,protein-containing complex,gained,0.0344001085818009,0.0328732604900998
classes_count,20kb,5,SINE,GO:0034719,SMN-Sm protein complex,lost,0.0468398697102787,
classes_count,20kb,5,SINE,GO:0042393,histone binding,gained,,0.0332781451236429
classes_count,20kb,5,SINE,GO:0045893,positive regulation of DNA-templated transcription,gained,8.231217837603212e-20,2.339287466252964e-11
classes_count,20kb,5,SINE,GO:0051082,unfolded protein binding,gained,,0.0116625747101833
classes_count,20kb,5,SINE,GO:0051117,ATPase binding,gained,,0.016751927021488
classes_count,20kb,5,SINE,GO:0051726,regulation of cell cycle,gained,,0.0251374511689676
classes_count,20kb,5,SINE,GO:0062072,histone H3K9me2/3 reader activity,gained,,0.0419127830239927
classes_count,20kb,5,SINE,GO:0070062,extracellular exosome,gained,0.0001173513080423,3.322307291086519e-05
classes_count,20kb,5,SINE,GO:0071016,U12-type precatalytic spliceosome,lost,0.0220411727526337,
classes_count,20kb,5,SINE,GO:0080025,"phosphatidylinositol-3,5-bisphosphate binding",lost,0.0385525328230731,
classes_count,20kb,5,SINE,GO:0140288,GBAF complex,gained,,0.0001638349100955
classes_count,20kb,5,SINE,GO:0140459,response to Gram-positive bacterium,gained,,0.0412755624072889
classes_count,20kb,5,SINE,GO:1902459,positive regulation of stem cell population maintenance,gained,,0.0006194781852332
classes_count,20kb,5,SINE,GO:2000781,positive regulation of double-strand break repair,gained,,0.0460015284959242
classes_count,20kb,5,SINE,GO:2000819,regulation of nucleotide-excision repair,gained,,0.0251374511689676
classes_count,20kb,5,SVA,GO:0003676,nucleic acid binding,gained,,0.0328881099429344
classes_count,20kb,5,SVA,GO:0003723,RNA binding,gained,2.77557828744947e-05,0.0014998618223326
classes_count,20kb,5,SVA,GO:0005654,nucleoplasm,gained,0.0004981346284222,1.6346990752540793e-12
classes_count,20kb,5,SVA,GO:0006369,termination of RNA polymerase II transcription,lost,0.0202647454872782,
classes_count,20kb,5,SVA,GO:0006397,mRNA processing,lost,0.0202647454872782,
classes_count,20kb,5,SVA,GO:0008270,zinc ion binding,gained,,0.0362475651117898
classes_count,20kb,5,TE_bottom,GO:0001223,transcription coactivator binding,lost,0.0469706299207504,
classes_count,20kb,5,TE_bottom,GO:0001568,blood vessel development,lost,0.0036683418811234,
classes_count,20kb,5,TE_bottom,GO:0001570,vasculogenesis,lost,0.0199904521634347,
classes_count,20kb,5,TE_bottom,GO:0001654,eye development,lost,0.0034429397926436,
classes_count,20kb,5,TE_bottom,GO:0001701,in utero embryonic development,lost,0.0013302351388704,
classes_count,20kb,5,TE_bottom,GO:0001706,endoderm formation,lost,0.0032827278567752,
classes_count,20kb,5,TE_bottom,GO:0001707,mesoderm formation,lost,0.0250994783874814,
classes_count,20kb,5,TE_bottom,GO:0001822,kidney development,lost,0.0001173513080423,
classes_count,20kb,5,TE_bottom,GO:0001942,hair follicle development,lost,0.0065787022403254,
classes_count,20kb,5,TE_bottom,GO:0001947,heart looping,lost,0.0011626408268286,
classes_count,20kb,5,TE_bottom,GO:0001958,endochondral ossification,lost,0.039752215046129,
classes_count,20kb,5,TE_bottom,GO:0002052,positive regulation of neuroblast proliferation,lost,0.0098584089290199,
classes_count,20kb,5,TE_bottom,GO:0002076,osteoblast development,lost,0.0468929331990464,
classes_count,20kb,5,TE_bottom,GO:0002089,lens morphogenesis in camera-type eye,lost,0.0353858261064393,
classes_count,20kb,5,TE_bottom,GO:0003167,atrioventricular bundle cell differentiation,lost,0.0098584089290199,
classes_count,20kb,5,TE_bottom,GO:0003180,aortic valve morphogenesis,lost,0.0250994783874814,
classes_count,20kb,5,TE_bottom,GO:0003197,endocardial cushion development,lost,0.0189569271852171,
classes_count,20kb,5,TE_bottom,GO:0003266,regulation of secondary heart field cardioblast proliferation,lost,0.0280863131788071,
classes_count,20kb,5,TE_bottom,GO:0003272,endocardial cushion formation,lost,0.0013015340968244,
classes_count,20kb,5,TE_bottom,GO:0003309,type B pancreatic cell differentiation,lost,0.0136107039433447,
classes_count,20kb,5,TE_bottom,GO:0003323,type B pancreatic cell development,lost,0.0001658156109861,
classes_count,20kb,5,TE_bottom,GO:0003357,noradrenergic neuron differentiation,lost,7.341192707133816e-05,
classes_count,20kb,5,TE_bottom,GO:0003723,RNA binding,lost,2.77557828744947e-05,0.0014998618223326
classes_count,20kb,5,TE_bottom,GO:0004879,nuclear receptor activity,lost,0.0151773219768263,
classes_count,20kb,5,TE_bottom,GO:0004930,G protein-coupled receptor activity,lost,0.0034429397926436,0.0019088072298119
classes_count,20kb,5,TE_bottom,GO:0004984,olfactory receptor activity,lost,0.0001052590970585,0.0011395408726469
classes_count,20kb,5,TE_bottom,GO:0005158,insulin receptor binding,lost,0.0417273221451055,
classes_count,20kb,5,TE_bottom,GO:0005509,calcium ion binding,gained,,0.0426747824198252
classes_count,20kb,5,TE_bottom,GO:0005654,nucleoplasm,lost,0.0004981346284222,1.6346990752540793e-12
classes_count,20kb,5,TE_bottom,GO:0005730,nucleolus,lost,0.0136107039433447,
classes_count,20kb,5,TE_bottom,GO:0005743,mitochondrial inner membrane,lost,0.0181351296754747,0.0499724257815644
classes_count,20kb,5,TE_bottom,GO:0005765,lysosomal membrane,lost,0.0156579668392304,
classes_count,20kb,5,TE_bottom,GO:0006511,ubiquitin-dependent protein catabolic process,lost,0.0260075757333284,
classes_count,20kb,5,TE_bottom,GO:0006629,lipid metabolic process,lost,0.0013726787093085,
classes_count,20kb,5,TE_bottom,GO:0007186,G protein-coupled receptor signaling pathway,lost,0.0278277530731289,5.608845438530883e-12
classes_count,20kb,5,TE_bottom,GO:0007219,Notch signaling pathway,lost,0.0018377565299262,
classes_count,20kb,5,TE_bottom,GO:0007267,cell-cell signaling,lost,0.0418895134172241,
classes_count,20kb,5,TE_bottom,GO:0007379,segment specification,gained,,0.0366537116201543
classes_count,20kb,5,TE_bottom,GO:0007413,axonal fasciculation,lost,0.0213481629496517,
classes_count,20kb,5,TE_bottom,GO:0007416,synapse assembly,lost,0.0280863131788071,
classes_count,20kb,5,TE_bottom,GO:0007417,central nervous system development,lost,0.0012953451119211,
classes_count,20kb,5,TE_bottom,GO:0007423,sensory organ development,lost,7.388610463450551e-06,
classes_count,20kb,5,TE_bottom,GO:0007498,mesoderm development,lost,0.002724934754977,
classes_count,20kb,5,TE_bottom,GO:0007501,mesodermal cell fate specification,lost,0.0030874267787723,
classes_count,20kb,5,TE_bottom,GO:0007605,sensory perception of sound,lost,0.0018554412663433,
classes_count,20kb,5,TE_bottom,GO:0007608,sensory perception of smell,lost,0.0001624455517915,0.0015161584833877
classes_count,20kb,5,TE_bottom,GO:0008013,beta-catenin binding,lost,0.0222075985254825,
classes_count,20kb,5,TE_bottom,GO:0008066,glutamate receptor activity,lost,0.0189569271852171,
classes_count,20kb,5,TE_bottom,GO:0008234,cysteine-type peptidase activity,gained,,0.0119474215299769
classes_count,20kb,5,TE_bottom,GO:0008285,negative regulation of cell population proliferation,lost,0.0006448976069793,
classes_count,20kb,5,TE_bottom,GO:0008289,lipid binding,lost,0.0245664261333246,
classes_count,20kb,5,TE_bottom,GO:0008595,"anterior/posterior axis specification, embryo",lost,0.0136107039433447,
classes_count,20kb,5,TE_bottom,GO:0009409,response to cold,lost,0.0469706299207504,
classes_count,20kb,5,TE_bottom,GO:0009792,embryo development ending in birth or egg hatching,lost,0.033494061005535,
classes_count,20kb,5,TE_bottom,GO:0009888,tissue development,lost,0.0469706299207504,
classes_count,20kb,5,TE_bottom,GO:0010629,negative regulation of gene expression,lost,0.0185227154217257,
classes_count,20kb,5,TE_bottom,GO:0010718,positive regulation of epithelial to mesenchymal transition,lost,0.0034429397926436,
classes_count,20kb,5,TE_bottom,GO:0010975,regulation of neuron projection development,gained,,0.0219656377649725
classes_count,20kb,5,TE_bottom,GO:0010976,positive regulation of neuron projection development,lost,0.0121382083763076,
classes_count,20kb,5,TE_bottom,GO:0014032,neural crest cell development,lost,0.0098584089290199,
classes_count,20kb,5,TE_bottom,GO:0016491,oxidoreductase activity,lost,0.014394513432824,
classes_count,20kb,5,TE_bottom,GO:0016533,protein kinase 5 complex,lost,0.0098584089290199,
classes_count,20kb,5,TE_bottom,GO:0016567,protein ubiquitination,lost,0.0003633384566401,
classes_count,20kb,5,TE_bottom,GO:0016787,hydrolase activity,lost,0.0073841602471755,
classes_count,20kb,5,TE_bottom,GO:0021510,spinal cord development,lost,0.039752215046129,
classes_count,20kb,5,TE_bottom,GO:0021516,dorsal spinal cord development,lost,0.0234832254108785,
classes_count,20kb,5,TE_bottom,GO:0021527,spinal cord association neuron differentiation,lost,0.0021512043335823,
classes_count,20kb,5,TE_bottom,GO:0021533,cell differentiation in hindbrain,lost,0.0098584089290199,
classes_count,20kb,5,TE_bottom,GO:0021537,telencephalon development,lost,0.0275896864268959,
classes_count,20kb,5,TE_bottom,GO:0021542,dentate gyrus development,lost,0.0189569271852171,
classes_count,20kb,5,TE_bottom,GO:0021559,trigeminal nerve development,lost,0.0136107039433447,
classes_count,20kb,5,TE_bottom,GO:0021569,rhombomere 3 development,lost,0.0098584089290199,
classes_count,20kb,5,TE_bottom,GO:0021612,facial nerve structural organization,lost,0.0032827278567752,
classes_count,20kb,5,TE_bottom,GO:0021707,cerebellar granule cell differentiation,lost,0.0234832254108785,
classes_count,20kb,5,TE_bottom,GO:0021766,hippocampus development,lost,0.0004432185153128,
classes_count,20kb,5,TE_bottom,GO:0021794,thalamus development,lost,0.0092855032951516,
classes_count,20kb,5,TE_bottom,GO:0021797,forebrain anterior/posterior pattern specification,lost,0.0280863131788071,
classes_count,20kb,5,TE_bottom,GO:0021798,forebrain dorsal/ventral pattern formation,lost,0.0136107039433447,
classes_count,20kb,5,TE_bottom,GO:0021819,layer formation in cerebral cortex,lost,0.0047949879810881,
classes_count,20kb,5,TE_bottom,GO:0021987,cerebral cortex development,lost,0.00853556338917,
classes_count,20kb,5,TE_bottom,GO:0030317,flagellated sperm motility,gained,,0.0219656377649725
classes_count,20kb,5,TE_bottom,GO:0030424,axon,lost,0.0474759114193687,
classes_count,20kb,5,TE_bottom,GO:0030514,negative regulation of BMP signaling pathway,lost,0.0007074610018303,
classes_count,20kb,5,TE_bottom,GO:0030534,adult behavior,lost,0.0011593376038029,
classes_count,20kb,5,TE_bottom,GO:0030901,midbrain development,lost,0.0032827278567752,
classes_count,20kb,5,TE_bottom,GO:0031267,small GTPase binding,lost,0.0240772238176159,
classes_count,20kb,5,TE_bottom,GO:0031290,retinal ganglion cell axon guidance,lost,0.0267581796712853,
classes_count,20kb,5,TE_bottom,GO:0031490,chromatin DNA binding,lost,0.0216150010299977,
classes_count,20kb,5,TE_bottom,GO:0031514,motile cilium,gained,,0.0409577684070477
classes_count,20kb,5,TE_bottom,GO:0031901,early endosome membrane,lost,0.0245664261333246,
classes_count,20kb,5,TE_bottom,GO:0033574,response to testosterone,gained,,0.0239405458877914
classes_count,20kb,5,TE_bottom,GO:0035019,somatic stem cell population maintenance,lost,0.0099553328451529,
classes_count,20kb,5,TE_bottom,GO:0035050,embryonic heart tube development,lost,0.002778729683784,
classes_count,20kb,5,TE_bottom,GO:0035136,forelimb morphogenesis,lost,0.0032827278567752,
classes_count,20kb,5,TE_bottom,GO:0035295,tube development,lost,0.0001658156109861,
classes_count,20kb,5,TE_bottom,GO:0035909,aorta morphogenesis,lost,0.0129041267167198,
classes_count,20kb,5,TE_bottom,GO:0035914,skeletal muscle cell differentiation,lost,0.0065787022403254,
classes_count,20kb,5,TE_bottom,GO:0036023,embryonic skeletal limb joint morphogenesis,lost,0.0098584089290199,
classes_count,20kb,5,TE_bottom,GO:0042127,regulation of cell population proliferation,lost,0.0047247655253269,
classes_count,20kb,5,TE_bottom,GO:0042297,vocal learning,lost,0.0136107039433447,
classes_count,20kb,5,TE_bottom,GO:0042421,norepinephrine biosynthetic process,lost,0.0366234569526529,
classes_count,20kb,5,TE_bottom,GO:0042693,muscle cell fate commitment,gained,,0.0117963408935362
classes_count,20kb,5,TE_bottom,GO:0042734,presynaptic membrane,lost,5.2339618495121134e-05,
classes_count,20kb,5,TE_bottom,GO:0042742,defense response to bacterium,gained,,0.0117963408935362
classes_count,20kb,5,TE_bottom,GO:0043586,tongue development,lost,0.0366234569526529,
classes_count,20kb,5,TE_bottom,GO:0043588,skin development,lost,0.0004902840528428,
classes_count,20kb,5,TE_bottom,GO:0044323,retinoic acid-responsive element binding,gained,,0.0004182275040878
classes_count,20kb,5,TE_bottom,GO:0045211,postsynaptic membrane,lost,0.0047247655253269,
classes_count,20kb,5,TE_bottom,GO:0045444,fat cell differentiation,lost,0.011270946856717,
classes_count,20kb,5,TE_bottom,GO:0045499,chemorepellent activity,gained,,0.0364051472229737
classes_count,20kb,5,TE_bottom,GO:0045596,negative regulation of cell differentiation,lost,0.0196227940331323,
classes_count,20kb,5,TE_bottom,GO:0045664,regulation of neuron differentiation,lost,0.0275896864268959,
classes_count,20kb,5,TE_bottom,GO:0045668,negative regulation of osteoblast differentiation,lost,0.0151773219768263,
classes_count,20kb,5,TE_bottom,GO:0045786,negative regulation of cell cycle,lost,0.0254689346499395,
classes_count,20kb,5,TE_bottom,GO:0045787,positive regulation of cell cycle,lost,0.0461767470034729,
classes_count,20kb,5,TE_bottom,GO:0046622,positive regulation of organ growth,gained,,0.0294303676190388
classes_count,20kb,5,TE_bottom,GO:0046983,protein dimerization activity,lost,0.039752215046129,
classes_count,20kb,5,TE_bottom,GO:0048341,paraxial mesoderm formation,lost,0.0073841602471755,
classes_count,20kb,5,TE_bottom,GO:0048469,cell maturation,lost,0.0186031110957942,
classes_count,20kb,5,TE_bottom,GO:0048485,sympathetic nervous system development,lost,6.615377559808379e-05,
classes_count,20kb,5,TE_bottom,GO:0048513,animal organ development,lost,0.0008343018425709,
classes_count,20kb,5,TE_bottom,GO:0048538,thymus development,lost,0.0417273221451055,
classes_count,20kb,5,TE_bottom,GO:0048568,embryonic organ development,lost,0.039752215046129,
classes_count,20kb,5,TE_bottom,GO:0048645,animal organ formation,gained,,0.0117963408935362
classes_count,20kb,5,TE_bottom,GO:0048663,neuron fate commitment,lost,2.384654271025875e-06,
classes_count,20kb,5,TE_bottom,GO:0048664,neuron fate determination,lost,0.0073841602471755,
classes_count,20kb,5,TE_bottom,GO:0048666,neuron development,lost,0.0007858856984389,
classes_count,20kb,5,TE_bottom,GO:0048668,collateral sprouting,lost,0.0057165666633673,
classes_count,20kb,5,TE_bottom,GO:0048699,generation of neurons,lost,0.0213481629496517,
classes_count,20kb,5,TE_bottom,GO:0048709,oligodendrocyte differentiation,lost,0.0106312096279717,
classes_count,20kb,5,TE_bottom,GO:0048843,negative regulation of axon extension involved in axon guidance,lost,0.0366234569526529,
classes_count,20kb,5,TE_bottom,GO:0050767,regulation of neurogenesis,lost,0.0006372469265764,
classes_count,20kb,5,TE_bottom,GO:0050804,modulation of chemical synaptic transmission,lost,0.002724934754977,
classes_count,20kb,5,TE_bottom,GO:0050911,detection of chemical stimulus involved in sensory perception of smell,lost,0.0001064991469763,0.0011395408726469
classes_count,20kb,5,TE_bottom,GO:0051964,negative regulation of synapse assembly,lost,0.0073841602471755,
classes_count,20kb,5,TE_bottom,GO:0055009,atrial cardiac muscle tissue morphogenesis,lost,0.0136107039433447,
classes_count,20kb,5,TE_bottom,GO:0060041,retina development in camera-type eye,lost,0.00853556338917,
classes_count,20kb,5,TE_bottom,GO:0060045,positive regulation of cardiac muscle cell proliferation,lost,0.0127294391397491,
classes_count,20kb,5,TE_bottom,GO:0060065,uterus development,lost,0.0011593376038029,
classes_count,20kb,5,TE_bottom,GO:0060070,canonical Wnt signaling pathway,lost,0.005395116617884,
classes_count,20kb,5,TE_bottom,GO:0060216,definitive hemopoiesis,lost,0.0098584089290199,
classes_count,20kb,5,TE_bottom,GO:0060325,face morphogenesis,lost,0.013043258870382,
classes_count,20kb,5,TE_bottom,GO:0060439,trachea morphogenesis,lost,0.0280863131788071,
classes_count,20kb,5,TE_bottom,GO:0060596,mammary placode formation,lost,0.0098584089290199,
classes_count,20kb,5,TE_bottom,GO:0060916,mesenchymal cell proliferation involved in lung development,lost,0.0280863131788071,
classes_count,20kb,5,TE_bottom,GO:0060982,coronary artery morphogenesis,lost,0.0032827278567752,
classes_count,20kb,5,TE_bottom,GO:0061030,epithelial cell differentiation involved in mammary gland alveolus development,lost,0.0280863131788071,
classes_count,20kb,5,TE_bottom,GO:0061053,somite development,lost,0.0468929331990464,
classes_count,20kb,5,TE_bottom,GO:0061549,sympathetic ganglion development,lost,0.0001774716592948,
classes_count,20kb,5,TE_bottom,GO:0070369,beta-catenin-TCF7L2 complex,lost,0.0098584089290199,
classes_count,20kb,5,TE_bottom,GO:0070848,response to growth factor,gained,,0.0294303676190388
classes_count,20kb,5,TE_bottom,GO:0071372,cellular response to follicle-stimulating hormone stimulus,lost,0.0136107039433447,
classes_count,20kb,5,TE_bottom,GO:0071560,cellular response to transforming growth factor beta stimulus,lost,0.0459586191268923,
classes_count,20kb,5,TE_bottom,GO:0071625,vocalization behavior,lost,0.0163439841004863,
classes_count,20kb,5,TE_bottom,GO:0071773,cellular response to BMP stimulus,lost,0.0090911269379961,
classes_count,20kb,5,TE_bottom,GO:0072197,ureter morphogenesis,gained,,0.0219656377649725
classes_count,20kb,5,TE_bottom,GO:0090009,primitive streak formation,lost,0.0092855032951516,
classes_count,20kb,5,TE_bottom,GO:0090090,negative regulation of canonical Wnt signaling pathway,lost,0.0026529169291658,
classes_count,20kb,5,TE_bottom,GO:0090336,positive regulation of brown fat cell differentiation,lost,0.0129041267167198,
classes_count,20kb,5,TE_bottom,GO:0097116,gephyrin clustering involved in postsynaptic density assembly,lost,0.0073841602471755,
classes_count,20kb,5,TE_bottom,GO:0097119,postsynaptic density protein 95 clustering,lost,0.0073841602471755,
classes_count,20kb,5,TE_bottom,GO:0097150,neuronal stem cell population maintenance,lost,0.0417273221451055,
classes_count,20kb,5,TE_bottom,GO:0097491,sympathetic neuron projection guidance,lost,0.0280863131788071,
classes_count,20kb,5,TE_bottom,GO:0098839,postsynaptic density membrane,lost,0.002724934754977,
classes_count,20kb,5,TE_bottom,GO:0098978,glutamatergic synapse,lost,0.0001719057409008,0.0385224148801994
classes_count,20kb,5,TE_bottom,GO:0098982,GABA-ergic synapse,lost,0.0011626408268286,
classes_count,20kb,5,TE_bottom,GO:1901166,neural crest cell migration involved in autonomic nervous system development,lost,0.0136107039433447,
classes_count,20kb,5,TE_bottom,GO:1904861,excitatory synapse assembly,lost,0.0136107039433447,
classes_count,20kb,5,TE_bottom,GO:1904948,midbrain dopaminergic neuron differentiation,lost,0.0261375232597607,
classes_count,20kb,5,TE_bottom,GO:1905606,regulation of presynapse assembly,lost,0.0057458101803618,
classes_count,20kb,5,TE_bottom,GO:1990907,beta-catenin-TCF complex,lost,0.0189569271852171,
classes_count,20kb,5,TE_bottom,GO:2000179,positive regulation of neural precursor cell proliferation,lost,0.0417273221451055,
classes_count,20kb,5,TE_bottom,GO:2000463,positive regulation of excitatory postsynaptic potential,lost,0.0469706299207504,
classes_count,20kb,5,TE_top,GO:0000398,"mRNA splicing, via spliceosome",lost,0.0042786012715271,0.0007211046083817
classes_count,20kb,5,TE_top,GO:0003723,RNA binding,gained,2.77557828744947e-05,0.0014998618223326
classes_count,20kb,5,TE_top,GO:0004386,helicase activity,lost,0.0165371824535816,
classes_count,20kb,5,TE_top,GO:0004984,olfactory receptor activity,gained,0.0001052590970585,0.0011395408726469
classes_count,20kb,5,TE_top,GO:0005743,mitochondrial inner membrane,gained,0.0181351296754747,0.0499724257815644
classes_count,20kb,5,TE_top,GO:0006281,DNA repair,lost,0.0038292251760725,0.0111206012587285
classes_count,20kb,5,TE_top,GO:0006974,DNA damage response,lost,0.014252760372271,
classes_count,20kb,5,TE_top,GO:0007608,sensory perception of smell,gained,0.0001624455517915,0.0015161584833877
classes_count,20kb,5,TE_top,GO:0008094,"ATP-dependent activity, acting on DNA",gained,,0.0328732604900998
classes_count,20kb,5,TE_top,GO:0010759,positive regulation of macrophage chemotaxis,gained,,0.0499724257815644
classes_count,20kb,5,TE_top,GO:0032991,protein-containing complex,gained,0.0344001085818009,0.0328732604900998
classes_count,20kb,5,TE_top,GO:0036064,ciliary basal body,lost,0.0081659581563358,
classes_count,20kb,5,TE_top,GO:0050911,detection of chemical stimulus involved in sensory perception of smell,gained,0.0001064991469763,0.0011395408726469
classes_count,20kb,5,TE_top,GO:0097190,apoptotic signaling pathway,lost,0.0344031301311325,
classes_count,20kb,5,TE_top,GO:2000641,regulation of early endosome to late endosome transport,gained,,0.0385720523171089
classes_count,20kb,10,DNA,GO:0004930,G protein-coupled receptor activity,gained,0.0034429397926436,5.151156516143722e-08
classes_count,20kb,10,DNA,GO:0004984,olfactory receptor activity,gained,0.0001052590970585,2.8928630468531972e-08
classes_count,20kb,10,DNA,GO:0007608,sensory perception of smell,gained,0.0001624455517915,2.747989705933949e-07
classes_count,20kb,10,DNA,GO:0050911,detection of chemical stimulus involved in sensory perception of smell,gained,0.0001064991469763,2.124488771886957e-08
classes_count,20kb,10,LINE,GO:0005886,plasma membrane,gained,4.789278058615824e-07,9.447011759923634e-07
classes_count,20kb,10,LINE,GO:0007165,signal transduction,gained,2.854078579447647e-05,0.0074360386679433
classes_count,20kb,10,LINE,GO:0016020,membrane,gained,2.2531472876870123e-08,4.2986135760669883e-08
classes_count,20kb,10,LINE,GO:0045922,negative regulation of fatty acid metabolic process,lost,0.0009930941388107,
classes_count,20kb,10,LTR,GO:0001701,in utero embryonic development,gained,0.0013302351388704,0.0323880497882536
classes_count,20kb,10,LTR,GO:0003682,chromatin binding,gained,2.4805691208757004e-10,0.0005983782861003
classes_count,20kb,10,LTR,GO:0005794,Golgi apparatus,lost,0.0018554412663433,0.0184317311208135
classes_count,20kb,10,LTR,GO:0005856,cytoskeleton,gained,,0.0294720339006335
classes_count,20kb,10,LTR,GO:0005912,adherens junction,gained,,0.0408851448424959
classes_count,20kb,10,LTR,GO:0006338,chromatin remodeling,gained,,0.0196341727271071
classes_count,20kb,10,LTR,GO:0006811,monoatomic ion transport,lost,0.0118110492598151,
classes_count,20kb,10,LTR,GO:0006974,DNA damage response,gained,0.014252760372271,0.000267953325798
classes_count,20kb,10,LTR,GO:0007155,cell adhesion,gained,,4.9871572498792605e-09
classes_count,20kb,10,LTR,GO:0007399,nervous system development,gained,2.1404676080245957e-28,2.943030690781145e-38
classes_count,20kb,10,LTR,GO:0007420,brain development,gained,1.4776391095075797e-11,3.500439660114654e-07
classes_count,20kb,10,LTR,GO:0010468,regulation of gene expression,gained,2.4550683475535305e-07,2.0498721678837413e-05
classes_count,20kb,10,LTR,GO:0010628,positive regulation of gene expression,gained,1.4286653199687283e-06,0.0001542193728204
classes_count,20kb,10,LTR,GO:0014069,postsynaptic density,gained,,0.007654444520105
classes_count,20kb,10,LTR,GO:0030527,structural constituent of chromatin,gained,,0.0067120763859872
classes_count,20kb,10,LTR,GO:0031012,extracellular matrix,gained,,0.0018416970619257
classes_count,20kb,10,LTR,GO:0034220,monoatomic ion transmembrane transport,lost,0.0236413973324575,
classes_count,20kb,10,LTR,GO:0038196,type III interferon-mediated signaling pathway,gained,,0.037337829313963
classes_count,20kb,10,LTR,GO:0042633,hair cycle,gained,,0.0369059147958935
classes_count,20kb,10,LTR,GO:0045211,postsynaptic membrane,gained,0.0047247655253269,2.0263961228137622e-05
classes_count,20kb,10,LTR,GO:0045296,cadherin binding,gained,,0.0136503424844184
classes_count,20kb,10,LTR,GO:0051321,meiotic cell cycle,gained,,0.0294720339006335
classes_count,20kb,10,LTR,GO:0070062,extracellular exosome,lost,0.0001173513080423,5.218155152384568e-07
classes_count,20kb,10,LTR,GO:0070383,DNA cytosine deamination,gained,,0.037337829313963
classes_count,20kb,10,LTR,GO:0098978,glutamatergic synapse,gained,0.0001719057409008,0.0164472715260034
classes_count,20kb,10,SINE,GO:0000070,mitotic sister chromatid segregation,gained,,0.0370136572519927
classes_count,20kb,10,SINE,GO:0000245,spliceosomal complex assembly,gained,,0.0379000797853622
classes_count,20kb,10,SINE,GO:0000776,kinetochore,gained,,0.0145729965227166
classes_count,20kb,10,SINE,GO:0000781,"chromosome, telomeric region",gained,,0.0251426652938327
classes_count,20kb,10,SINE,GO:0001578,microtubule bundle formation,gained,,0.0379000797853622
classes_count,20kb,10,SINE,GO:0001701,in utero embryonic development,gained,0.0013302351388704,0.0323880497882536
classes_count,20kb,10,SINE,GO:0001732,formation of cytoplasmic translation initiation complex,gained,,0.0481663854856052
classes_count,20kb,10,SINE,GO:0001784,phosphotyrosine residue binding,gained,,0.0044827266369943
classes_count,20kb,10,SINE,GO:0003676,nucleic acid binding,gained,,0.0430938593281769
classes_count,20kb,10,SINE,GO:0003677,DNA binding,gained,4.7399598499348573e-51,2.2913373126518035e-16
classes_count,20kb,10,SINE,GO:0003729,mRNA binding,gained,,0.0033532849964963
classes_count,20kb,10,SINE,GO:0004176,ATP-dependent peptidase activity,gained,,0.0313265915189634
classes_count,20kb,10,SINE,GO:0005525,GTP binding,gained,,0.0316337831963901
classes_count,20kb,10,SINE,GO:0005643,nuclear pore,gained,,0.0159162956864507
classes_count,20kb,10,SINE,GO:0005681,spliceosomal complex,gained,,0.0294720339006335
classes_count,20kb,10,SINE,GO:0005684,U2-type spliceosomal complex,gained,,0.0251426652938327
classes_count,20kb,10,SINE,GO:0005685,U1 snRNP,gained,,0.0312108193257834
classes_count,20kb,10,SINE,GO:0005694,chromosome,gained,,0.0028400138515465
classes_count,20kb,10,SINE,GO:0005730,nucleolus,gained,0.0136107039433447,0.005368325170732
classes_count,20kb,10,SINE,GO:0005741,mitochondrial outer membrane,gained,,0.0019034457488571
classes_count,20kb,10,SINE,GO:0005765,lysosomal membrane,gained,0.0156579668392304,0.0001177757352964
classes_count,20kb,10,SINE,GO:0005769,early endosome,gained,,0.01583840439133
classes_count,20kb,10,SINE,GO:0005770,late endosome,gained,,0.0497264448471629
classes_count,20kb,10,SINE,GO:0005856,cytoskeleton,gained,,0.0294720339006335
classes_count,20kb,10,SINE,GO:0005925,focal adhesion,gained,,0.0202742609839123
classes_count,20kb,10,SINE,GO:0006281,DNA repair,gained,0.0038292251760725,0.006400291811808
classes_count,20kb,10,SINE,GO:0006298,mismatch repair,lost,0.0093117725955097,
classes_count,20kb,10,SINE,GO:0006325,chromatin organization,gained,,0.0077481022875266
classes_count,20kb,10,SINE,GO:0006338,chromatin remodeling,gained,,0.0196341727271071
classes_count,20kb,10,SINE,GO:0006364,rRNA processing,gained,,0.0035477884833584
classes_count,20kb,10,SINE,GO:0006396,RNA processing,gained,,0.0182524083747464
classes_count,20kb,10,SINE,GO:0006397,mRNA processing,gained,0.0202647454872782,0.0010677775850572
classes_count,20kb,10,SINE,GO:0006606,protein import into nucleus,gained,,0.0135716715781435
classes_count,20kb,10,SINE,GO:0006611,protein export from nucleus,gained,,0.0051023153530988
classes_count,20kb,10,SINE,GO:0006754,ATP biosynthetic process,gained,,0.0483680629390676
classes_count,20kb,10,SINE,GO:0006886,intracellular protein transport,gained,,0.0010642826000399
classes_count,20kb,10,SINE,GO:0006890,"retrograde vesicle-mediated transport, Golgi to endoplasmic reticulum",gained,,0.0286545488398126
classes_count,20kb,10,SINE,GO:0006897,endocytosis,gained,,0.0258263488032134
classes_count,20kb,10,SINE,GO:0006914,autophagy,gained,,0.0016394095840196
classes_count,20kb,10,SINE,GO:0006915,apoptotic process,gained,,0.0272462708678965
classes_count,20kb,10,SINE,GO:0006974,DNA damage response,gained,0.014252760372271,0.000267953325798
classes_count,20kb,10,SINE,GO:0007059,chromosome segregation,gained,,0.0481663854856052
classes_count,20kb,10,SINE,GO:0007144,female meiosis I,lost,0.0220411727526337,
classes_count,20kb,10,SINE,GO:0007165,signal transduction,gained,2.854078579447647e-05,0.0074360386679433
classes_count,20kb,10,SINE,GO:0007186,G protein-coupled receptor signaling pathway,gained,0.0278277530731289,6.4770606539664405e-06
classes_count,20kb,10,SINE,GO:0008017,microtubule binding,gained,,0.0379000797853622
classes_count,20kb,10,SINE,GO:0008094,"ATP-dependent activity, acting on DNA",gained,,0.0216322896676541
classes_count,20kb,10,SINE,GO:0008139,nuclear localization sequence binding,gained,,0.0483680629390676
classes_count,20kb,10,SINE,GO:0008270,zinc ion binding,gained,,0.0312108193257834
classes_count,20kb,10,SINE,GO:0008380,RNA splicing,gained,,0.0019799086908111
classes_count,20kb,10,SINE,GO:0009060,aerobic respiration,gained,,0.0189032303535666
classes_count,20kb,10,SINE,GO:0010212,response to ionizing radiation,gained,,0.049344251213982
classes_count,20kb,10,SINE,GO:0012505,endomembrane system,gained,,0.0483680629390676
classes_count,20kb,10,SINE,GO:0016192,vesicle-mediated transport,gained,,0.0062439669925826
classes_count,20kb,10,SINE,GO:0016787,hydrolase activity,gained,0.0073841602471755,3.710790142072257e-05
classes_count,20kb,10,SINE,GO:0019901,protein kinase binding,gained,,1.0947459352298675e-06
classes_count,20kb,10,SINE,GO:0022626,cytosolic ribosome,gained,,0.0396439786021325
classes_count,20kb,10,SINE,GO:0030496,midbody,gained,,0.0150130301758459
classes_count,20kb,10,SINE,GO:0030663,COPI-coated vesicle membrane,gained,,0.0481663854856052
classes_count,20kb,10,SINE,GO:0030674,protein-macromolecule adaptor activity,gained,,0.0003645806161933
classes_count,20kb,10,SINE,GO:0031267,small GTPase binding,gained,0.0240772238176159,0.0098164649753058
classes_count,20kb,10,SINE,GO:0031410,cytoplasmic vesicle,gained,,0.0327437446765187
classes_count,20kb,10,SINE,GO:0031462,Cul2-RING ubiquitin ligase complex,gained,,0.021565455996608
classes_count,20kb,10,SINE,GO:0031966,mitochondrial membrane,gained,,0.0173476080135528
classes_count,20kb,10,SINE,GO:0032154,cleavage furrow,gained,,0.0135716715781435
classes_count,20kb,10,SINE,GO:0032968,positive regulation of transcription elongation by RNA polymerase II,gained,,0.0150130301758459
classes_count,20kb,10,SINE,GO:0032991,protein-containing complex,gained,0.0344001085818009,0.0010677775850572
classes_count,20kb,10,SINE,GO:0034599,cellular response to oxidative stress,gained,,0.0212243750133012
classes_count,20kb,10,SINE,GO:0036503,ERAD pathway,gained,,0.0498953087662634
classes_count,20kb,10,SINE,GO:0042393,histone binding,gained,,0.0323880497882536
classes_count,20kb,10,SINE,GO:0042470,melanosome,gained,,0.0056909385811943
classes_count,20kb,10,SINE,GO:0042776,proton motive force-driven mitochondrial ATP synthesis,gained,,0.0324041300153551
classes_count,20kb,10,SINE,GO:0042803,protein homodimerization activity,gained,,0.001158577357787
classes_count,20kb,10,SINE,GO:0042981,regulation of apoptotic process,gained,,0.0022209344889068
classes_count,20kb,10,SINE,GO:0043130,ubiquitin binding,gained,,0.0194620760919864
classes_count,20kb,10,SINE,GO:0045296,cadherin binding,gained,,0.0136503424844184
classes_count,20kb,10,SINE,GO:0045892,negative regulation of DNA-templated transcription,gained,3.9239490035757727e-11,2.1262835804903305e-05
classes_count,20kb,10,SINE,GO:0045893,positive regulation of DNA-templated transcription,gained,8.231217837603212e-20,1.5490257808634375e-10
classes_count,20kb,10,SINE,GO:0046718,symbiont entry into host cell,gained,,0.0236388015935048
classes_count,20kb,10,SINE,GO:0046872,metal ion binding,gained,,0.0014681776803118
classes_count,20kb,10,SINE,GO:0048471,perinuclear region of cytoplasm,gained,,0.0007100850844689
classes_count,20kb,10,SINE,GO:0051117,ATPase binding,gained,,0.0247927387276156
classes_count,20kb,10,SINE,GO:0051301,cell division,gained,,0.012908446814598
classes_count,20kb,10,SINE,GO:0051726,regulation of cell cycle,gained,,0.0248735003700709
classes_count,20kb,10,SINE,GO:0060090,molecular adaptor activity,gained,,0.0004166792350577
classes_count,20kb,10,SINE,GO:0061608,nuclear import signal receptor activity,gained,,0.0280781758405854
classes_count,20kb,10,SINE,GO:0070062,extracellular exosome,gained,0.0001173513080423,5.218155152384568e-07
classes_count,20kb,10,SINE,GO:0071011,precatalytic spliceosome,gained,,0.0370136572519927
classes_count,20kb,10,SINE,GO:0071339,MLL1 complex,gained,,0.0189032303535666
classes_count,20kb,10,SINE,GO:0072686,mitotic spindle,gained,,0.0058776351596647
classes_count,20kb,10,SINE,GO:0080025,"phosphatidylinositol-3,5-bisphosphate binding",lost,0.0385525328230731,
classes_count,20kb,10,SINE,GO:0090170,regulation of Golgi inheritance,gained,,0.0327437446765187
classes_count,20kb,10,SINE,GO:0090307,mitotic spindle assembly,gained,,0.0056909385811943
classes_count,20kb,10,SINE,GO:0140288,GBAF complex,gained,,0.0055922679919429
classes_count,20kb,10,SINE,GO:1902459,positive regulation of stem cell population maintenance,gained,,0.0203781689621306
classes_count,20kb,10,SINE,GO:1904262,negative regulation of TORC1 signaling,gained,,0.0447253741505157
classes_count,20kb,10,SINE,GO:1990116,ribosome-associated ubiquitin-dependent protein catabolic process,gained,,0.0312108193257834
classes_count,20kb,10,SINE,GO:2000045,regulation of G1/S transition of mitotic cell cycle,gained,,0.0301085011038118
classes_count,20kb,10,SINE,GO:2000641,regulation of early endosome to late endosome transport,gained,,0.0251426652938327
classes_count,20kb,10,SINE,GO:2000781,positive regulation of double-strand break repair,gained,,0.0120416452958044
classes_count,20kb,10,SVA,GO:0005515,protein binding,lost,3.35675160427163e-05,1.3546961934844804e-17
classes_count,20kb,10,SVA,GO:0005634,nucleus,lost,2.7707254311077074e-10,2.93807566985706e-19
classes_count,20kb,10,SVA,GO:0006369,termination of RNA polymerase II transcription,lost,0.0202647454872782,
classes_count,20kb,10,SVA,GO:0006397,mRNA processing,lost,0.0202647454872782,0.0010677775850572
classes_count,20kb,10,SVA,GO:0019899,enzyme binding,lost,0.0211728942371974,
classes_count,20kb,10,TE_bottom,GO:0000398,"mRNA splicing, via spliceosome",gained,0.0042786012715271,0.0302352565651412
classes_count,20kb,10,TE_bottom,GO:0000786,nucleosome,gained,,0.0396439786021325
classes_count,20kb,10,TE_bottom,GO:0001223,transcription coactivator binding,lost,0.0469706299207504,
classes_count,20kb,10,TE_bottom,GO:0001568,blood vessel development,lost,0.0036683418811234,
classes_count,20kb,10,TE_bottom,GO:0001570,vasculogenesis,lost,0.0199904521634347,
classes_count,20kb,10,TE_bottom,GO:0001654,eye development,lost,0.0034429397926436,
classes_count,20kb,10,TE_bottom,GO:0001701,in utero embryonic development,lost,0.0013302351388704,0.0323880497882536
classes_count,20kb,10,TE_bottom,GO:0001706,endoderm formation,lost,0.0032827278567752,
classes_count,20kb,10,TE_bottom,GO:0001707,mesoderm formation,lost,0.0250994783874814,
classes_count,20kb,10,TE_bottom,GO:0001843,neural tube closure,lost,0.00056274733886,
classes_count,20kb,10,TE_bottom,GO:0001958,endochondral ossification,lost,0.039752215046129,
classes_count,20kb,10,TE_bottom,GO:0001972,retinoic acid binding,gained,,0.0032715719582753
classes_count,20kb,10,TE_bottom,GO:0001974,blood vessel remodeling,gained,,0.0029482513925343
classes_count,20kb,10,TE_bottom,GO:0002076,osteoblast development,lost,0.0468929331990464,
classes_count,20kb,10,TE_bottom,GO:0002089,lens morphogenesis in camera-type eye,lost,0.0353858261064393,
classes_count,20kb,10,TE_bottom,GO:0003167,atrioventricular bundle cell differentiation,lost,0.0098584089290199,
classes_count,20kb,10,TE_bottom,GO:0003197,endocardial cushion development,lost,0.0189569271852171,
classes_count,20kb,10,TE_bottom,GO:0003214,cardiac left ventricle morphogenesis,gained,,0.0229284969383909
classes_count,20kb,10,TE_bottom,GO:0003215,cardiac right ventricle morphogenesis,gained,,0.0090601623619493
classes_count,20kb,10,TE_bottom,GO:0003253,cardiac neural crest cell migration involved in outflow tract morphogenesis,lost,0.0136107039433447,
classes_count,20kb,10,TE_bottom,GO:0003266,regulation of secondary heart field cardioblast proliferation,lost,0.0280863131788071,
classes_count,20kb,10,TE_bottom,GO:0003272,endocardial cushion formation,lost,0.0013015340968244,
classes_count,20kb,10,TE_bottom,GO:0003309,type B pancreatic cell differentiation,lost,0.0136107039433447,
classes_count,20kb,10,TE_bottom,GO:0003344,pericardium morphogenesis,gained,,0.0144902736100932
classes_count,20kb,10,TE_bottom,GO:0003735,structural constituent of ribosome,gained,,0.0257942333681923
classes_count,20kb,10,TE_bottom,GO:0004674,protein serine/threonine kinase activity,gained,,0.0440249532333644
classes_count,20kb,10,TE_bottom,GO:0004879,nuclear receptor activity,lost,0.0151773219768263,
classes_count,20kb,10,TE_bottom,GO:0004930,G protein-coupled receptor activity,lost,0.0034429397926436,5.151156516143722e-08
classes_count,20kb,10,TE_bottom,GO:0004984,olfactory receptor activity,lost,0.0001052590970585,2.8928630468531972e-08
classes_count,20kb,10,TE_bottom,GO:0005005,transmembrane-ephrin receptor activity,gained,,0.0237505693912449
classes_count,20kb,10,TE_bottom,GO:0005159,insulin-like growth factor receptor binding,gained,,0.0094154938856997
classes_count,20kb,10,TE_bottom,GO:0005179,hormone activity,gained,,0.0434167563636097
classes_count,20kb,10,TE_bottom,GO:0005509,calcium ion binding,gained,,1.4154574909770316e-07
classes_count,20kb,10,TE_bottom,GO:0005634,nucleus,lost,2.7707254311077074e-10,2.93807566985706e-19
classes_count,20kb,10,TE_bottom,GO:0005654,nucleoplasm,lost,0.0004981346284222,9.151008674143529e-24
classes_count,20kb,10,TE_bottom,GO:0005681,spliceosomal complex,gained,,0.0294720339006335
classes_count,20kb,10,TE_bottom,GO:0005694,chromosome,gained,,0.0028400138515465
classes_count,20kb,10,TE_bottom,GO:0005768,endosome,lost,0.0098584089290199,
classes_count,20kb,10,TE_bottom,GO:0005813,centrosome,gained,0.026064252480608,0.0013783092840248
classes_count,20kb,10,TE_bottom,GO:0005840,ribosome,gained,,0.0018783930962448
classes_count,20kb,10,TE_bottom,GO:0005856,cytoskeleton,gained,,0.0294720339006335
classes_count,20kb,10,TE_bottom,GO:0005874,microtubule,gained,0.0122398927457658,0.045601899942576
classes_count,20kb,10,TE_bottom,GO:0005912,adherens junction,gained,,0.0408851448424959
classes_count,20kb,10,TE_bottom,GO:0006281,DNA repair,gained,0.0038292251760725,0.006400291811808
classes_count,20kb,10,TE_bottom,GO:0006457,protein folding,gained,,0.0294720339006335
classes_count,20kb,10,TE_bottom,GO:0006886,intracellular protein transport,gained,,0.0010642826000399
classes_count,20kb,10,TE_bottom,GO:0006888,endoplasmic reticulum to Golgi vesicle-mediated transport,gained,,0.0063768170525074
classes_count,20kb,10,TE_bottom,GO:0006897,endocytosis,gained,,0.0258263488032134
classes_count,20kb,10,TE_bottom,GO:0006955,immune response,lost,0.0160350390481683,
classes_count,20kb,10,TE_bottom,GO:0006974,DNA damage response,gained,0.014252760372271,0.000267953325798
classes_count,20kb,10,TE_bottom,GO:0007030,Golgi organization,gained,,0.0295560694744155
classes_count,20kb,10,TE_bottom,GO:0007155,cell adhesion,gained,,4.9871572498792605e-09
classes_count,20kb,10,TE_bottom,GO:0007186,G protein-coupled receptor signaling pathway,lost,0.0278277530731289,6.4770606539664405e-06
classes_count,20kb,10,TE_bottom,GO:0007219,Notch signaling pathway,lost,0.0018377565299262,
classes_count,20kb,10,TE_bottom,GO:0007379,segment specification,gained,,0.0294720339006335
classes_count,20kb,10,TE_bottom,GO:0007422,peripheral nervous system development,gained,,0.0302352565651412
classes_count,20kb,10,TE_bottom,GO:0007498,mesoderm development,lost,0.002724934754977,
classes_count,20kb,10,TE_bottom,GO:0007605,sensory perception of sound,lost,0.0018554412663433,
classes_count,20kb,10,TE_bottom,GO:0007608,sensory perception of smell,lost,0.0001624455517915,2.747989705933949e-07
classes_count,20kb,10,TE_bottom,GO:0008066,glutamate receptor activity,lost,0.0189569271852171,
classes_count,20kb,10,TE_bottom,GO:0008083,growth factor activity,gained,,0.0342904336969618
classes_count,20kb,10,TE_bottom,GO:0008194,UDP-glycosyltransferase activity,gained,,0.0294720339006335
classes_count,20kb,10,TE_bottom,GO:0008289,lipid binding,lost,0.0245664261333246,
classes_count,20kb,10,TE_bottom,GO:0008344,adult locomotory behavior,lost,0.0280863131788071,
classes_count,20kb,10,TE_bottom,GO:0008595,"anterior/posterior axis specification, embryo",lost,0.0136107039433447,
classes_count,20kb,10,TE_bottom,GO:0009409,response to cold,lost,0.0469706299207504,
classes_count,20kb,10,TE_bottom,GO:0009792,embryo development ending in birth or egg hatching,lost,0.033494061005535,
classes_count,20kb,10,TE_bottom,GO:0010001,glial cell differentiation,gained,,0.0088288469288744
classes_count,20kb,10,TE_bottom,GO:0010629,negative regulation of gene expression,lost,0.0185227154217257,
classes_count,20kb,10,TE_bottom,GO:0010667,negative regulation of cardiac muscle cell apoptotic process,gained,,0.0055547001864733
classes_count,20kb,10,TE_bottom,GO:0010719,negative regulation of epithelial to mesenchymal transition,gained,,0.006400291811808
classes_count,20kb,10,TE_bottom,GO:0010975,regulation of neuron projection development,gained,,0.0395173582491439
classes_count,20kb,10,TE_bottom,GO:0014031,mesenchymal cell development,gained,,0.0144902736100932
classes_count,20kb,10,TE_bottom,GO:0014807,regulation of somitogenesis,gained,,0.0057572555319386
classes_count,20kb,10,TE_bottom,GO:0016020,membrane,lost,2.2531472876870123e-08,4.2986135760669883e-08
classes_count,20kb,10,TE_bottom,GO:0016192,vesicle-mediated transport,gained,,0.0062439669925826
classes_count,20kb,10,TE_bottom,GO:0016339,calcium-dependent cell-cell adhesion,gained,,0.0028735804357305
classes_count,20kb,10,TE_bottom,GO:0016342,catenin complex,gained,,0.0108718334129757
classes_count,20kb,10,TE_bottom,GO:0016533,protein kinase 5 complex,lost,0.0098584089290199,
classes_count,20kb,10,TE_bottom,GO:0021510,spinal cord development,lost,0.039752215046129,
classes_count,20kb,10,TE_bottom,GO:0021516,dorsal spinal cord development,lost,0.0234832254108785,
classes_count,20kb,10,TE_bottom,GO:0021521,ventral spinal cord interneuron specification,lost,0.0007812473228017,
classes_count,20kb,10,TE_bottom,GO:0021533,cell differentiation in hindbrain,lost,0.0098584089290199,
classes_count,20kb,10,TE_bottom,GO:0021542,dentate gyrus development,lost,0.0189569271852171,
classes_count,20kb,10,TE_bottom,GO:0021544,subpallium development,gained,,0.0302352565651412
classes_count,20kb,10,TE_bottom,GO:0021559,trigeminal nerve development,lost,0.0136107039433447,
classes_count,20kb,10,TE_bottom,GO:0021569,rhombomere 3 development,lost,0.0098584089290199,
classes_count,20kb,10,TE_bottom,GO:0021612,facial nerve structural organization,lost,0.0032827278567752,
classes_count,20kb,10,TE_bottom,GO:0021615,glossopharyngeal nerve morphogenesis,lost,0.0280863131788071,
classes_count,20kb,10,TE_bottom,GO:0021702,cerebellar Purkinje cell differentiation,lost,0.0032827278567752,
classes_count,20kb,10,TE_bottom,GO:0021707,cerebellar granule cell differentiation,lost,0.0234832254108785,
classes_count,20kb,10,TE_bottom,GO:0021766,hippocampus development,lost,0.0004432185153128,
classes_count,20kb,10,TE_bottom,GO:0021794,thalamus development,lost,0.0092855032951516,
classes_count,20kb,10,TE_bottom,GO:0021819,layer formation in cerebral cortex,lost,0.0047949879810881,
classes_count,20kb,10,TE_bottom,GO:0021884,forebrain neuron development,lost,0.0073841602471755,
classes_count,20kb,10,TE_bottom,GO:0021953,central nervous system neuron differentiation,lost,0.0092855032951516,
classes_count,20kb,10,TE_bottom,GO:0021986,habenula development,lost,0.0098584089290199,
classes_count,20kb,10,TE_bottom,GO:0022626,cytosolic ribosome,gained,,0.0396439786021325
classes_count,20kb,10,TE_bottom,GO:0023019,signal transduction involved in regulation of gene expression,lost,0.0163439841004863,
classes_count,20kb,10,TE_bottom,GO:0030335,positive regulation of cell migration,gained,,0.0280148932929677
classes_count,20kb,10,TE_bottom,GO:0030425,dendrite,gained,,0.0163040639042646
classes_count,20kb,10,TE_bottom,GO:0030514,negative regulation of BMP signaling pathway,lost,0.0007074610018303,
classes_count,20kb,10,TE_bottom,GO:0030545,signaling receptor regulator activity,gained,,0.0147754232569132
classes_count,20kb,10,TE_bottom,GO:0030858,positive regulation of epithelial cell differentiation,gained,,0.0294720339006335
classes_count,20kb,10,TE_bottom,GO:0031290,retinal ganglion cell axon guidance,lost,0.0267581796712853,
classes_count,20kb,10,TE_bottom,GO:0031721,hemoglobin alpha binding,gained,,0.0302352565651412
classes_count,20kb,10,TE_bottom,GO:0031901,early endosome membrane,lost,0.0245664261333246,
classes_count,20kb,10,TE_bottom,GO:0032331,negative regulation of chondrocyte differentiation,gained,,0.0392057150646895
classes_count,20kb,10,TE_bottom,GO:0034332,adherens junction organization,gained,,0.006400291811808
classes_count,20kb,10,TE_bottom,GO:0035019,somatic stem cell population maintenance,lost,0.0099553328451529,
classes_count,20kb,10,TE_bottom,GO:0035136,forelimb morphogenesis,lost,0.0032827278567752,
classes_count,20kb,10,TE_bottom,GO:0035295,tube development,lost,0.0001658156109861,
classes_count,20kb,10,TE_bottom,GO:0035909,aorta morphogenesis,lost,0.0129041267167198,
classes_count,20kb,10,TE_bottom,GO:0036023,embryonic skeletal limb joint morphogenesis,lost,0.0098584089290199,
classes_count,20kb,10,TE_bottom,GO:0042297,vocal learning,lost,0.0136107039433447,
classes_count,20kb,10,TE_bottom,GO:0042421,norepinephrine biosynthetic process,lost,0.0366234569526529,
classes_count,20kb,10,TE_bottom,GO:0042473,outer ear morphogenesis,lost,0.0032827278567752,
classes_count,20kb,10,TE_bottom,GO:0042476,odontogenesis,lost,0.0214972326420125,
classes_count,20kb,10,TE_bottom,GO:0042826,histone deacetylase binding,lost,0.0165789259485592,
classes_count,20kb,10,TE_bottom,GO:0043022,ribosome binding,gained,,0.0302352565651412
classes_count,20kb,10,TE_bottom,GO:0043586,tongue development,lost,0.0366234569526529,
classes_count,20kb,10,TE_bottom,GO:0044323,retinoic acid-responsive element binding,gained,,0.0057572555319386
classes_count,20kb,10,TE_bottom,GO:0045444,fat cell differentiation,lost,0.011270946856717,
classes_count,20kb,10,TE_bottom,GO:0045499,chemorepellent activity,gained,,0.000171509911278
classes_count,20kb,10,TE_bottom,GO:0045595,regulation of cell differentiation,gained,,0.012908446814598
classes_count,20kb,10,TE_bottom,GO:0045638,negative regulation of myeloid cell differentiation,lost,0.0024750650280427,
classes_count,20kb,10,TE_bottom,GO:0045662,negative regulation of myoblast differentiation,gained,,0.0400675737679741
classes_count,20kb,10,TE_bottom,GO:0045664,regulation of neuron differentiation,lost,0.0275896864268959,
classes_count,20kb,10,TE_bottom,GO:0045668,negative regulation of osteoblast differentiation,lost,0.0151773219768263,
classes_count,20kb,10,TE_bottom,GO:0045747,positive regulation of Notch signaling pathway,gained,,0.0048166581183217
classes_count,20kb,10,TE_bottom,GO:0045786,negative regulation of cell cycle,lost,0.0254689346499395,
classes_count,20kb,10,TE_bottom,GO:0045787,positive regulation of cell cycle,lost,0.0461767470034729,
classes_count,20kb,10,TE_bottom,GO:0046983,protein dimerization activity,lost,0.039752215046129,
classes_count,20kb,10,TE_bottom,GO:0048341,paraxial mesoderm formation,lost,0.0073841602471755,
classes_count,20kb,10,TE_bottom,GO:0048513,animal organ development,lost,0.0008343018425709,
classes_count,20kb,10,TE_bottom,GO:0048514,blood vessel morphogenesis,gained,,0.0186577759006689
classes_count,20kb,10,TE_bottom,GO:0048538,thymus development,lost,0.0417273221451055,
classes_count,20kb,10,TE_bottom,GO:0048568,embryonic organ development,lost,0.039752215046129,
classes_count,20kb,10,TE_bottom,GO:0048666,neuron development,lost,0.0007858856984389,
classes_count,20kb,10,TE_bottom,GO:0048668,collateral sprouting,lost,0.0057165666633673,
classes_count,20kb,10,TE_bottom,GO:0048843,negative regulation of axon extension involved in axon guidance,lost,0.0366234569526529,
classes_count,20kb,10,TE_bottom,GO:0048844,artery morphogenesis,lost,0.003520424631273,
classes_count,20kb,10,TE_bottom,GO:0048880,sensory system development,lost,0.0098584089290199,
classes_count,20kb,10,TE_bottom,GO:0050772,positive regulation of axonogenesis,gained,,0.0248939250603399
classes_count,20kb,10,TE_bottom,GO:0050911,detection of chemical stimulus involved in sensory perception of smell,lost,0.0001064991469763,2.124488771886957e-08
classes_count,20kb,10,TE_bottom,GO:0050919,negative chemotaxis,gained,,0.0001277766212853
classes_count,20kb,10,TE_bottom,GO:0051301,cell division,gained,,0.012908446814598
classes_count,20kb,10,TE_bottom,GO:0051321,meiotic cell cycle,gained,,0.0294720339006335
classes_count,20kb,10,TE_bottom,GO:0051964,negative regulation of synapse assembly,lost,0.0073841602471755,
classes_count,20kb,10,TE_bottom,GO:0055009,atrial cardiac muscle tissue morphogenesis,lost,0.0136107039433447,
classes_count,20kb,10,TE_bottom,GO:0060023,soft palate development,lost,0.0073841602471755,
classes_count,20kb,10,TE_bottom,GO:0060041,retina development in camera-type eye,lost,0.00853556338917,
classes_count,20kb,10,TE_bottom,GO:0060065,uterus development,lost,0.0011593376038029,
classes_count,20kb,10,TE_bottom,GO:0060070,canonical Wnt signaling pathway,lost,0.005395116617884,
classes_count,20kb,10,TE_bottom,GO:0060080,inhibitory postsynaptic potential,gained,,0.0229284969383909
classes_count,20kb,10,TE_bottom,GO:0060216,definitive hemopoiesis,lost,0.0098584089290199,
classes_count,20kb,10,TE_bottom,GO:0060325,face morphogenesis,lost,0.013043258870382,
classes_count,20kb,10,TE_bottom,GO:0060351,cartilage development involved in endochondral bone morphogenesis,gained,,0.0294720339006335
classes_count,20kb,10,TE_bottom,GO:0060439,trachea morphogenesis,lost,0.0280863131788071,
classes_count,20kb,10,TE_bottom,GO:0060449,bud elongation involved in lung branching,gained,,0.0144902736100932
classes_count,20kb,10,TE_bottom,GO:0060510,type II pneumocyte differentiation,gained,,0.0144902736100932
classes_count,20kb,10,TE_bottom,GO:0060596,mammary placode formation,lost,0.0098584089290199,
classes_count,20kb,10,TE_bottom,GO:0060749,mammary gland alveolus development,gained,,0.0477665693298385
classes_count,20kb,10,TE_bottom,GO:0060916,mesenchymal cell proliferation involved in lung development,lost,0.0280863131788071,
classes_count,20kb,10,TE_bottom,GO:0060956,endocardial cell differentiation,gained,,0.0302352565651412
classes_count,20kb,10,TE_bottom,GO:0060982,coronary artery morphogenesis,lost,0.0032827278567752,
classes_count,20kb,10,TE_bottom,GO:0061029,eyelid development in camera-type eye,lost,0.0261375232597607,
classes_count,20kb,10,TE_bottom,GO:0061030,epithelial cell differentiation involved in mammary gland alveolus development,lost,0.0280863131788071,
classes_count,20kb,10,TE_bottom,GO:0061053,somite development,lost,0.0468929331990464,
classes_count,20kb,10,TE_bottom,GO:0070369,beta-catenin-TCF7L2 complex,lost,0.0098584089290199,
classes_count,20kb,10,TE_bottom,GO:0071372,cellular response to follicle-stimulating hormone stimulus,lost,0.0136107039433447,
classes_count,20kb,10,TE_bottom,GO:0071526,semaphorin-plexin signaling pathway,gained,,0.0294720339006335
classes_count,20kb,10,TE_bottom,GO:0071560,cellular response to transforming growth factor beta stimulus,lost,0.0459586191268923,
classes_count,20kb,10,TE_bottom,GO:0071599,otic vesicle development,gained,,0.0008980452678441
classes_count,20kb,10,TE_bottom,GO:0071773,cellular response to BMP stimulus,lost,0.0090911269379961,
classes_count,20kb,10,TE_bottom,GO:0072075,metanephric mesenchyme development,lost,0.0136107039433447,
classes_count,20kb,10,TE_bottom,GO:0072086,specification of loop of Henle identity,lost,0.0280863131788071,
classes_count,20kb,10,TE_bottom,GO:0072197,ureter morphogenesis,gained,,0.0008980452678441
classes_count,20kb,10,TE_bottom,GO:0072207,metanephric epithelium development,gained,,0.0302352565651412
classes_count,20kb,10,TE_bottom,GO:0072289,metanephric nephron tubule formation,gained,,0.0090601623619493
classes_count,20kb,10,TE_bottom,GO:0072513,positive regulation of secondary heart field cardioblast proliferation,lost,0.0098584089290199,
classes_count,20kb,10,TE_bottom,GO:0090090,negative regulation of canonical Wnt signaling pathway,lost,0.0026529169291658,
classes_count,20kb,10,TE_bottom,GO:0090102,cochlea development,gained,,0.0294720339006335
classes_count,20kb,10,TE_bottom,GO:0090336,positive regulation of brown fat cell differentiation,lost,0.0129041267167198,
classes_count,20kb,10,TE_bottom,GO:0097116,gephyrin clustering involved in postsynaptic density assembly,lost,0.0073841602471755,
classes_count,20kb,10,TE_bottom,GO:0097119,postsynaptic density protein 95 clustering,lost,0.0073841602471755,
classes_count,20kb,10,TE_bottom,GO:0097491,sympathetic neuron projection guidance,lost,0.0280863131788071,
classes_count,20kb,10,TE_bottom,GO:0098609,cell-cell adhesion,gained,,0.0440985813724793
classes_count,20kb,10,TE_bottom,GO:0098820,trans-synaptic protein complex,gained,,0.0294720339006335
classes_count,20kb,10,TE_bottom,GO:0099538,synaptic signaling via neuropeptide,gained,,0.0294720339006335
classes_count,20kb,10,TE_bottom,GO:0099558,maintenance of synapse structure,gained,,0.0326700134358652
classes_count,20kb,10,TE_bottom,GO:0099634,postsynaptic specialization membrane,gained,,0.0086303166694061
classes_count,20kb,10,TE_bottom,GO:1901166,neural crest cell migration involved in autonomic nervous system development,lost,0.0136107039433447,
classes_count,20kb,10,TE_bottom,GO:1901381,positive regulation of potassium ion transmembrane transport,gained,,0.0326700134358652
classes_count,20kb,10,TE_bottom,GO:1904948,midbrain dopaminergic neuron differentiation,lost,0.0261375232597607,
classes_count,20kb,10,TE_bottom,GO:1905606,regulation of presynapse assembly,lost,0.0057458101803618,
classes_count,20kb,10,TE_bottom,GO:1990904,ribonucleoprotein complex,gained,0.0005445677097138,0.0006720423187674
classes_count,20kb,10,TE_bottom,GO:1990907,beta-catenin-TCF complex,lost,0.0189569271852171,
classes_count,20kb,10,TE_bottom,GO:2000463,positive regulation of excitatory postsynaptic potential,lost,0.0469706299207504,
classes_count,20kb,10,TE_top,GO:0000781,"chromosome, telomeric region",gained,,0.0251426652938327
classes_count,20kb,10,TE_top,GO:0001042,RNA polymerase I core binding,gained,,0.0327437446765187
classes_count,20kb,10,TE_top,GO:0001784,phosphotyrosine residue binding,gained,,0.0044827266369943
classes_count,20kb,10,TE_top,GO:0003676,nucleic acid binding,gained,,0.0430938593281769
classes_count,20kb,10,TE_top,GO:0003723,RNA binding,gained,2.77557828744947e-05,2.4808927689115613e-08
classes_count,20kb,10,TE_top,GO:0004386,helicase activity,lost,0.0165371824535816,
classes_count,20kb,10,TE_top,GO:0004930,G protein-coupled receptor activity,gained,0.0034429397926436,5.151156516143722e-08
classes_count,20kb,10,TE_top,GO:0004984,olfactory receptor activity,gained,0.0001052590970585,2.8928630468531972e-08
classes_count,20kb,10,TE_top,GO:0005684,U2-type spliceosomal complex,gained,,0.0251426652938327
classes_count,20kb,10,TE_top,GO:0005730,nucleolus,gained,0.0136107039433447,0.005368325170732
classes_count,20kb,10,TE_top,GO:0005743,mitochondrial inner membrane,gained,0.0181351296754747,0.000267953325798
classes_count,20kb,10,TE_top,GO:0005759,mitochondrial matrix,gained,0.0017245689834473,0.0001031769780498
classes_count,20kb,10,TE_top,GO:0005769,early endosome,gained,,0.01583840439133
classes_count,20kb,10,TE_top,GO:0005802,trans-Golgi network,gained,,0.0202742609839123
classes_count,20kb,10,TE_top,GO:0005819,spindle,gained,0.0002666710552532,0.0165835509486132
classes_count,20kb,10,TE_top,GO:0005856,cytoskeleton,gained,,0.0294720339006335
classes_count,20kb,10,TE_top,GO:0005874,microtubule,gained,0.0122398927457658,0.045601899942576
classes_count,20kb,10,TE_top,GO:0005925,focal adhesion,gained,,0.0202742609839123
classes_count,20kb,10,TE_top,GO:0006260,DNA replication,gained,,0.0248735003700709
classes_count,20kb,10,TE_top,GO:0006338,chromatin remodeling,gained,,0.0196341727271071
classes_count,20kb,10,TE_top,GO:0006397,mRNA processing,gained,0.0202647454872782,0.0010677775850572
classes_count,20kb,10,TE_top,GO:0006412,translation,gained,0.0045558431712418,0.0002685728104689
classes_count,20kb,10,TE_top,GO:0006565,L-serine catabolic process,gained,,0.0327437446765187
classes_count,20kb,10,TE_top,GO:0006886,intracellular protein transport,gained,,0.0010642826000399
classes_count,20kb,10,TE_top,GO:0006897,endocytosis,gained,,0.0258263488032134
classes_count,20kb,10,TE_top,GO:0007186,G protein-coupled receptor signaling pathway,gained,0.0278277530731289,6.4770606539664405e-06
classes_count,20kb,10,TE_top,GO:0007608,sensory perception of smell,gained,0.0001624455517915,2.747989705933949e-07
classes_count,20kb,10,TE_top,GO:0008094,"ATP-dependent activity, acting on DNA",gained,,0.0216322896676541
classes_count,20kb,10,TE_top,GO:0008380,RNA splicing,gained,,0.0019799086908111
classes_count,20kb,10,TE_top,GO:0015031,protein transport,gained,0.0001355690698718,2.5276796262343822e-08
classes_count,20kb,10,TE_top,GO:0016192,vesicle-mediated transport,gained,,0.0062439669925826
classes_count,20kb,10,TE_top,GO:0016740,transferase activity,gained,0.0001914625480105,0.0005006393077933
classes_count,20kb,10,TE_top,GO:0016874,ligase activity,gained,,0.0029729981732837
classes_count,20kb,10,TE_top,GO:0031410,cytoplasmic vesicle,gained,,0.0327437446765187
classes_count,20kb,10,TE_top,GO:0032480,negative regulation of type I interferon production,gained,,0.0323636875102729
classes_count,20kb,10,TE_top,GO:0032991,protein-containing complex,gained,0.0344001085818009,0.0010677775850572
classes_count,20kb,10,TE_top,GO:0036064,ciliary basal body,lost,0.0081659581563358,
classes_count,20kb,10,TE_top,GO:0038127,ERBB signaling pathway,gained,,0.0451455335631771
classes_count,20kb,10,TE_top,GO:0038133,ERBB2-ERBB3 signaling pathway,gained,,0.0251426652938327
classes_count,20kb,10,TE_top,GO:0042802,identical protein binding,gained,0.0071165909769053,0.0001187647959858
classes_count,20kb,10,TE_top,GO:0042803,protein homodimerization activity,gained,,0.001158577357787
classes_count,20kb,10,TE_top,GO:0046323,D-glucose import,gained,,0.033765909107337
classes_count,20kb,10,TE_top,GO:0050911,detection of chemical stimulus involved in sensory perception of smell,gained,0.0001064991469763,2.124488771886957e-08
classes_count,20kb,10,TE_top,GO:0051082,unfolded protein binding,gained,,0.0259079240914201
classes_count,20kb,10,TE_top,GO:0051301,cell division,gained,,0.012908446814598
classes_count,20kb,10,TE_top,GO:0051726,regulation of cell cycle,gained,,0.0248735003700709
classes_count,20kb,10,TE_top,GO:0070062,extracellular exosome,gained,0.0001173513080423,5.218155152384568e-07
classes_count,20kb,10,TE_top,GO:0090170,regulation of Golgi inheritance,gained,,0.0327437446765187
classes_count,20kb,10,TE_top,GO:0097190,apoptotic signaling pathway,lost,0.0344031301311325,
classes_count,20kb,10,TE_top,GO:0097284,hepatocyte apoptotic process,gained,,0.0327437446765187
classes_count,20kb,10,TE_top,GO:1902459,positive regulation of stem cell population maintenance,gained,,0.0203781689621306
classes_count,20kb,10,TE_top,GO:2000641,regulation of early endosome to late endosome transport,gained,,0.0251426652938327
classes_divergence,5kb,5,LINE / highest,GO:0003779,actin binding,gained,,0.0424331160377114
classes_divergence,5kb,5,LINE / highest,GO:0005242,inward rectifier potassium channel activity,lost,0.0234665472246987,
classes_divergence,5kb,5,LINE / highest,GO:0005543,phospholipid binding,gained,,0.0154267457150835
classes_divergence,5kb,5,LINE / highest,GO:0005886,plasma membrane,gained,0.0020098291392366,1.260288782635913e-21
classes_divergence,5kb,5,LINE / highest,GO:0008076,voltage-gated potassium channel complex,lost,0.0003953827393567,0.0015101213414378
classes_divergence,5kb,5,LINE / highest,GO:0019901,protein kinase binding,lost,0.0010902326533712,0.0198465264744106
classes_divergence,5kb,5,LINE / highest,GO:0030020,extracellular matrix structural constituent conferring tensile strength,lost,0.0449876856783626,0.023021458319213
classes_divergence,5kb,5,LINE / highest,GO:0034702,monoatomic ion channel complex,lost,0.0447528589146046,0.0139337754038346
classes_divergence,5kb,5,LINE / highest,GO:0045202,synapse,gained,4.3055662943064656e-10,1.6835027519211415e-10
classes_divergence,5kb,5,LINE / highest,GO:0055012,ventricular cardiac muscle cell differentiation,lost,0.005320972681822,
classes_divergence,5kb,5,LINE / highest,GO:0071805,potassium ion transmembrane transport,lost,0.0010730762624565,0.0001140834202915
classes_divergence,5kb,5,LINE / lowest,GO:0002286,T cell activation involved in immune response,lost,0.0091237116727219,
classes_divergence,5kb,5,LINE / lowest,GO:0002312,B cell activation involved in immune response,lost,0.000818936656407,
classes_divergence,5kb,5,LINE / lowest,GO:0002323,natural killer cell activation involved in immune response,lost,0.0012837976868039,
classes_divergence,5kb,5,LINE / lowest,GO:0004497,monooxygenase activity,gained,,0.0198465264744106
classes_divergence,5kb,5,LINE / lowest,GO:0005132,type I interferon receptor binding,lost,0.0005028581468689,
classes_divergence,5kb,5,LINE / lowest,GO:0005654,nucleoplasm,lost,1.1217882003284322e-05,0.0072302127685524
classes_divergence,5kb,5,LINE / lowest,GO:0006721,terpenoid metabolic process,lost,0.0074601121596022,
classes_divergence,5kb,5,LINE / lowest,GO:0015031,protein transport,lost,0.005275439267699,
classes_divergence,5kb,5,LINE / lowest,GO:0016705,"oxidoreductase activity, acting on paired donors, with incorporation or reduction of molecular oxygen",gained,,0.0198465264744106
classes_divergence,5kb,5,LINE / lowest,GO:0019901,protein kinase binding,gained,0.0010902326533712,0.0198465264744106
classes_divergence,5kb,5,LINE / lowest,GO:0070062,extracellular exosome,lost,0.0008154057211825,
classes_divergence,5kb,5,LTR / highest,GO:0004984,olfactory receptor activity,lost,6.846102116475155e-08,1.390545048038032e-09
classes_divergence,5kb,5,LTR / highest,GO:0005634,nucleus,lost,1.816572568701226e-07,0.0002801102546564
classes_divergence,5kb,5,LTR / highest,GO:0005886,plasma membrane,lost,0.0020098291392366,1.260288782635913e-21
classes_divergence,5kb,5,LTR / highest,GO:0007608,sensory perception of smell,lost,3.009449886920615e-07,1.4723210015577906e-09
classes_divergence,5kb,5,LTR / highest,GO:0016018,cyclosporin A binding,gained,,0.0002806019346129
classes_divergence,5kb,5,LTR / highest,GO:0016339,calcium-dependent cell-cell adhesion,lost,0.0102824725812403,0.040320198860541
classes_divergence,5kb,5,LTR / highest,GO:0050911,detection of chemical stimulus involved in sensory perception of smell,lost,7.256647507355085e-08,1.390545048038032e-09
classes_divergence,5kb,5,LTR / lowest,GO:0005739,mitochondrion,gained,6.382649443205043e-07,0.023021458319213
classes_divergence,5kb,5,LTR / lowest,GO:0016712,"oxidoreductase activity, acting on paired donors, with incorporation or reduction of molecular oxygen, reduced flavin or flavoprotein as one donor, and incorporation of one atom of oxygen",lost,0.0393441845290895,
classes_divergence,5kb,5,SINE / highest,GO:0000166,nucleotide binding,lost,0.0102516686075325,
classes_divergence,5kb,5,SINE / highest,GO:0001508,action potential,lost,0.0033738938647983,0.0037589902096046
classes_divergence,5kb,5,SINE / highest,GO:0001764,neuron migration,lost,0.0053960931279232,
classes_divergence,5kb,5,SINE / highest,GO:0001947,heart looping,lost,0.0276329056683411,
classes_divergence,5kb,5,SINE / highest,GO:0002062,chondrocyte differentiation,lost,0.0232534106102955,
classes_divergence,5kb,5,SINE / highest,GO:0003129,heart induction,lost,0.0450376356963534,
classes_divergence,5kb,5,SINE / highest,GO:0003148,outflow tract septum morphogenesis,lost,3.201060701602836e-05,0.0090099300814014
classes_divergence,5kb,5,SINE / highest,GO:0003151,outflow tract morphogenesis,lost,0.0211922726129406,0.023021458319213
classes_divergence,5kb,5,SINE / highest,GO:0003180,aortic valve morphogenesis,lost,0.0023160148966698,
classes_divergence,5kb,5,SINE / highest,GO:0003184,pulmonary valve morphogenesis,lost,0.0194634578221562,
classes_divergence,5kb,5,SINE / highest,GO:0003197,endocardial cushion development,lost,0.0288721192329733,
classes_divergence,5kb,5,SINE / highest,GO:0003198,epithelial to mesenchymal transition involved in endocardial cushion formation,lost,0.0042641106672605,
classes_divergence,5kb,5,SINE / highest,GO:0003700,DNA-binding transcription factor activity,lost,3.027783325377163e-08,0.0024538395669982
classes_divergence,5kb,5,SINE / highest,GO:0004114,"3',5'-cyclic-nucleotide phosphodiesterase activity",gained,0.0117347162425038,0.0025783627908691
classes_divergence,5kb,5,SINE / highest,GO:0004888,transmembrane signaling receptor activity,lost,0.0079842854301138,
classes_divergence,5kb,5,SINE / highest,GO:0004890,GABA-A receptor activity,lost,0.0043643486445684,0.0049945292922221
classes_divergence,5kb,5,SINE / highest,GO:0004935,adrenergic receptor activity,lost,0.0068143903447191,
classes_divergence,5kb,5,SINE / highest,GO:0004938,alpha2-adrenergic receptor activity,lost,0.0193189603057163,
classes_divergence,5kb,5,SINE / highest,GO:0005125,cytokine activity,lost,0.0375755364709871,0.0170801412832956
classes_divergence,5kb,5,SINE / highest,GO:0005216,monoatomic ion channel activity,lost,0.0003709339357133,1.0490890066896934e-06
classes_divergence,5kb,5,SINE / highest,GO:0005230,extracellular ligand-gated monoatomic ion channel activity,lost,0.0403240407188117,0.0450209114927013
classes_divergence,5kb,5,SINE / highest,GO:0005249,voltage-gated potassium channel activity,lost,0.0334828565894981,0.0121013710641684
classes_divergence,5kb,5,SINE / highest,GO:0005251,delayed rectifier potassium channel activity,lost,0.0227525818542981,
classes_divergence,5kb,5,SINE / highest,GO:0005254,chloride channel activity,lost,0.0143798481520493,0.0018492876674778
classes_divergence,5kb,5,SINE / highest,GO:0005267,potassium channel activity,lost,0.0136521799354015,0.0054778011444124
classes_divergence,5kb,5,SINE / highest,GO:0005524,ATP binding,lost,0.0124598202134283,
classes_divergence,5kb,5,SINE / highest,GO:0005576,extracellular region,lost,0.0079459710176169,2.4848913965273323e-05
classes_divergence,5kb,5,SINE / highest,GO:0005615,extracellular space,lost,0.0347279408745699,7.078280966942358e-06
classes_divergence,5kb,5,SINE / highest,GO:0005730,nucleolus,lost,1.058521726180462e-05,
classes_divergence,5kb,5,SINE / highest,GO:0005737,cytoplasm,lost,0.0054066638312344,0.0002989581148263
classes_divergence,5kb,5,SINE / highest,GO:0005743,mitochondrial inner membrane,lost,0.0103755278090756,
classes_divergence,5kb,5,SINE / highest,GO:0005759,mitochondrial matrix,lost,0.0097754613772988,
classes_divergence,5kb,5,SINE / highest,GO:0005813,centrosome,lost,0.0153115104766402,
classes_divergence,5kb,5,SINE / highest,GO:0005829,cytosol,lost,0.0003604301712349,8.040279612326498e-05
classes_divergence,5kb,5,SINE / highest,GO:0006412,translation,lost,0.0103755278090756,
classes_divergence,5kb,5,SINE / highest,GO:0006457,protein folding,lost,0.022106579611822,
classes_divergence,5kb,5,SINE / highest,GO:0006811,monoatomic ion transport,lost,0.0003381305594441,3.500392638926564e-07
classes_divergence,5kb,5,SINE / highest,GO:0006813,potassium ion transport,lost,0.0002194461660564,0.0006222181257538
classes_divergence,5kb,5,SINE / highest,GO:0006821,chloride transport,lost,0.0068128927669887,0.0007598315935665
classes_divergence,5kb,5,SINE / highest,GO:0006836,neurotransmitter transport,lost,0.0040330915606156,
classes_divergence,5kb,5,SINE / highest,GO:0006974,DNA damage response,lost,0.0076591928134944,
classes_divergence,5kb,5,SINE / highest,GO:0007155,cell adhesion,lost,0.0003604301712349,1.4002409054477284e-05
classes_divergence,5kb,5,SINE / highest,GO:0007158,neuron cell-cell adhesion,lost,0.0253205514256912,0.0281008334420373
classes_divergence,5kb,5,SINE / highest,GO:0007214,gamma-aminobutyric acid signaling pathway,lost,0.0133167461133059,0.0155232931583698
classes_divergence,5kb,5,SINE / highest,GO:0007267,cell-cell signaling,lost,0.0043643486445684,1.1463129235830323e-05
classes_divergence,5kb,5,SINE / highest,GO:0007268,chemical synaptic transmission,lost,2.8108491826686955e-12,1.0916084763314009e-07
classes_divergence,5kb,5,SINE / highest,GO:0007269,neurotransmitter secretion,lost,0.0024185396758271,
classes_divergence,5kb,5,SINE / highest,GO:0007399,nervous system development,lost,1.8434384626510557e-17,3.806710949472674e-15
classes_divergence,5kb,5,SINE / highest,GO:0007409,axonogenesis,lost,0.0004844862085318,
classes_divergence,5kb,5,SINE / highest,GO:0007411,axon guidance,lost,1.355957032695348e-10,3.4407084755385695e-08
classes_divergence,5kb,5,SINE / highest,GO:0007420,brain development,lost,0.0114671976718726,
classes_divergence,5kb,5,SINE / highest,GO:0007507,heart development,lost,0.0449657896247861,
classes_divergence,5kb,5,SINE / highest,GO:0007612,learning,lost,0.0009823861937899,0.0037340827352643
classes_divergence,5kb,5,SINE / highest,GO:0008076,voltage-gated potassium channel complex,lost,0.0003953827393567,0.0015101213414378
classes_divergence,5kb,5,SINE / highest,GO:0008083,growth factor activity,lost,0.0041491759514968,
classes_divergence,5kb,5,SINE / highest,GO:0008201,heparin binding,lost,0.0265096813495381,
classes_divergence,5kb,5,SINE / highest,GO:0008284,positive regulation of cell population proliferation,lost,0.0027767262705898,
classes_divergence,5kb,5,SINE / highest,GO:0008503,benzodiazepine receptor activity,lost,0.001604785348648,
classes_divergence,5kb,5,SINE / highest,GO:0008544,epidermis development,lost,0.0459967992351171,
classes_divergence,5kb,5,SINE / highest,GO:0009986,cell surface,lost,0.0104011090553883,0.0004547280478636
classes_divergence,5kb,5,SINE / highest,GO:0010811,positive regulation of cell-substrate adhesion,lost,0.003134110204131,
classes_divergence,5kb,5,SINE / highest,GO:0014704,intercalated disc,lost,0.0028627329746098,0.040320198860541
classes_divergence,5kb,5,SINE / highest,GO:0016740,transferase activity,lost,0.0014843251976822,
classes_divergence,5kb,5,SINE / highest,GO:0019229,regulation of vasoconstriction,lost,0.0143902492661181,0.0140145090963454
classes_divergence,5kb,5,SINE / highest,GO:0019966,interleukin-1 binding,lost,0.0271616621538594,
classes_divergence,5kb,5,SINE / highest,GO:0021527,spinal cord association neuron differentiation,lost,0.0288721192329733,
classes_divergence,5kb,5,SINE / highest,GO:0021537,telencephalon development,lost,0.0020086576143262,
classes_divergence,5kb,5,SINE / highest,GO:0021766,hippocampus development,lost,0.0286075934345353,
classes_divergence,5kb,5,SINE / highest,GO:0022008,neurogenesis,lost,0.0074664313788548,
classes_divergence,5kb,5,SINE / highest,GO:0022851,GABA-gated chloride ion channel activity,lost,0.0032995836535252,0.0037340827352643
classes_divergence,5kb,5,SINE / highest,GO:0030154,cell differentiation,lost,1.9214121598908533e-07,1.025848216360394e-05
classes_divergence,5kb,5,SINE / highest,GO:0030324,lung development,lost,7.128049649018038e-06,
classes_divergence,5kb,5,SINE / highest,GO:0030335,positive regulation of cell migration,lost,0.0453517743920296,
classes_divergence,5kb,5,SINE / highest,GO:0030414,peptidase inhibitor activity,lost,0.0109998246382579,
classes_divergence,5kb,5,SINE / highest,GO:0030424,axon,lost,3.113445999394676e-06,3.500392638926564e-07
classes_divergence,5kb,5,SINE / highest,GO:0030425,dendrite,lost,1.0783438781833794e-09,2.5287006916450262e-09
classes_divergence,5kb,5,SINE / highest,GO:0030501,positive regulation of bone mineralization,lost,0.006024344822335,
classes_divergence,5kb,5,SINE / highest,GO:0031012,extracellular matrix,lost,2.583294680254048e-05,0.0002334782364115
classes_divergence,5kb,5,SINE / highest,GO:0031424,keratinization,lost,0.0268929271143277,
classes_divergence,5kb,5,SINE / highest,GO:0032228,"regulation of synaptic transmission, GABAergic",lost,0.0129325523544084,
classes_divergence,5kb,5,SINE / highest,GO:0032590,dendrite membrane,lost,0.0039175051068884,0.0177610054529025
classes_divergence,5kb,5,SINE / highest,GO:0034707,chloride channel complex,lost,0.0102824725812403,0.0008373457740907
classes_divergence,5kb,5,SINE / highest,GO:0035116,embryonic hindlimb morphogenesis,lost,0.0016754028270585,
classes_divergence,5kb,5,SINE / highest,GO:0042476,odontogenesis,lost,0.0387253840005209,
classes_divergence,5kb,5,SINE / highest,GO:0042734,presynaptic membrane,lost,7.633742762205663e-07,0.0011158589631833
classes_divergence,5kb,5,SINE / highest,GO:0043005,neuron projection,lost,0.0023025581939503,0.0005515206755452
classes_divergence,5kb,5,SINE / highest,GO:0043025,neuronal cell body,lost,4.54333461621901e-07,0.0011622249676184
classes_divergence,5kb,5,SINE / highest,GO:0043113,receptor clustering,lost,0.0349328105560063,
classes_divergence,5kb,5,SINE / highest,GO:0043197,dendritic spine,lost,9.946207552442557e-07,8.258290443893254e-07
classes_divergence,5kb,5,SINE / highest,GO:0043410,positive regulation of MAPK cascade,lost,0.0457866164482566,0.011558134675662
classes_divergence,5kb,5,SINE / highest,GO:0043565,sequence-specific DNA binding,lost,1.456061409037476e-06,0.0139337754038346
classes_divergence,5kb,5,SINE / highest,GO:0045211,postsynaptic membrane,lost,2.981955709049941e-16,9.249842996162889e-16
classes_divergence,5kb,5,SINE / highest,GO:0045596,negative regulation of cell differentiation,lost,0.0334135317880362,
classes_divergence,5kb,5,SINE / highest,GO:0045597,positive regulation of cell differentiation,lost,0.0051090961704888,
classes_divergence,5kb,5,SINE / highest,GO:0045666,positive regulation of neuron differentiation,lost,0.0002698208428935,
classes_divergence,5kb,5,SINE / highest,GO:0045747,positive regulation of Notch signaling pathway,lost,0.0039175051068884,
classes_divergence,5kb,5,SINE / highest,GO:0045893,positive regulation of DNA-templated transcription,lost,0.0022002884593227,0.0128828204689335
classes_divergence,5kb,5,SINE / highest,GO:0047555,"3',5'-cyclic-GMP phosphodiesterase activity",gained,0.0117347162425038,0.0025783627908691
classes_divergence,5kb,5,SINE / highest,GO:0048666,neuron development,lost,0.0143798481520493,0.0018492876674778
classes_divergence,5kb,5,SINE / highest,GO:0048787,presynaptic active zone membrane,lost,0.0078984115030145,0.0367171432386691
classes_divergence,5kb,5,SINE / highest,GO:0048839,inner ear development,lost,0.0265096813495381,
classes_divergence,5kb,5,SINE / highest,GO:0050772,positive regulation of axonogenesis,lost,0.048409434602242,
classes_divergence,5kb,5,SINE / highest,GO:0050804,modulation of chemical synaptic transmission,lost,3.3444213563600204e-06,0.0049945292922221
classes_divergence,5kb,5,SINE / highest,GO:0050808,synapse organization,lost,5.684959971242552e-05,0.0035490257553371
classes_divergence,5kb,5,SINE / highest,GO:0050919,negative chemotaxis,lost,0.0001682346104449,0.0170801412832956
classes_divergence,5kb,5,SINE / highest,GO:0050925,negative regulation of negative chemotaxis,lost,0.0193189603057163,
classes_divergence,5kb,5,SINE / highest,GO:0051932,"synaptic transmission, GABAergic",lost,0.0477935202542407,0.0027335634160457
classes_divergence,5kb,5,SINE / highest,GO:0051965,positive regulation of synapse assembly,lost,0.0012952443957315,0.0049673101952431
classes_divergence,5kb,5,SINE / highest,GO:0055007,cardiac muscle cell differentiation,lost,0.0129325523544084,
classes_divergence,5kb,5,SINE / highest,GO:0060048,cardiac muscle contraction,lost,0.0242421316477419,
classes_divergence,5kb,5,SINE / highest,GO:0060078,regulation of postsynaptic membrane potential,lost,0.0012758479041018,0.0003378612759541
classes_divergence,5kb,5,SINE / highest,GO:0060413,atrial septum morphogenesis,lost,0.0359139906159305,
classes_divergence,5kb,5,SINE / highest,GO:0060997,dendritic spine morphogenesis,lost,0.0194634578221562,
classes_divergence,5kb,5,SINE / highest,GO:0061036,positive regulation of cartilage development,lost,0.0024440359990612,
classes_divergence,5kb,5,SINE / highest,GO:0062009,secondary palate development,lost,0.0055572965132297,
classes_divergence,5kb,5,SINE / highest,GO:0071526,semaphorin-plexin signaling pathway,lost,0.0027767262705898,0.0116264765187903
classes_divergence,5kb,5,SINE / highest,GO:0071805,potassium ion transmembrane transport,lost,0.0010730762624565,0.0001140834202915
classes_divergence,5kb,5,SINE / highest,GO:0071875,adrenergic receptor signaling pathway,lost,0.0017533759416835,
classes_divergence,5kb,5,SINE / highest,GO:0086004,regulation of cardiac muscle cell contraction,lost,0.0389258091114512,0.0446150380944676
classes_divergence,5kb,5,SINE / highest,GO:0086091,regulation of heart rate by cardiac conduction,lost,0.0073221812705815,0.0263945082237924
classes_divergence,5kb,5,SINE / highest,GO:0098685,Schaffer collateral - CA1 synapse,lost,0.0021545357952579,
classes_divergence,5kb,5,SINE / highest,GO:0098820,trans-synaptic protein complex,lost,0.0450376356963534,0.040320198860541
classes_divergence,5kb,5,SINE / highest,GO:0098839,postsynaptic density membrane,lost,9.155680657506787e-09,7.809821935823381e-07
classes_divergence,5kb,5,SINE / highest,GO:0098982,GABA-ergic synapse,lost,0.0022693939921707,6.329182817596535e-05
classes_divergence,5kb,5,SINE / highest,GO:0099175,regulation of postsynapse organization,lost,0.0009580139287888,
classes_divergence,5kb,5,SINE / highest,GO:0099634,postsynaptic specialization membrane,lost,0.0064717554522506,0.0018014551938531
classes_divergence,5kb,5,SINE / highest,GO:0160001,extrasynaptic signaling via GABA,lost,0.0450376356963534,0.040320198860541
classes_divergence,5kb,5,SINE / highest,GO:1902476,chloride transmembrane transport,lost,0.0010730762624565,0.0086475784682007
classes_divergence,5kb,5,SINE / highest,GO:1902711,GABA-A receptor complex,lost,0.0043643486445684,0.0049945292922221
classes_divergence,5kb,5,SINE / highest,GO:1903779,regulation of cardiac conduction,gained,,0.0154550075254621
classes_divergence,5kb,5,SINE / highest,GO:1904315,transmitter-gated monoatomic ion channel activity involved in regulation of postsynaptic membrane potential,lost,0.0001220040731527,1.8731558503146235e-05
classes_divergence,5kb,5,SINE / highest,GO:1904862,inhibitory synapse assembly,lost,0.0001220040731527,0.005520193104184
classes_divergence,5kb,5,SINE / highest,GO:1905606,regulation of presynapse assembly,lost,0.0093551970474794,
classes_divergence,5kb,5,SINE / highest,GO:1990837,sequence-specific double-stranded DNA binding,lost,4.286965356695889e-06,0.0155232931583698
classes_divergence,5kb,5,SINE / highest,GO:1990904,ribonucleoprotein complex,lost,0.0001338236261709,
classes_divergence,5kb,5,SINE / lowest,GO:0005515,protein binding,lost,0.0008154057211825,0.0128828204689335
classes_divergence,5kb,5,SINE / lowest,GO:0070062,extracellular exosome,lost,0.0008154057211825,
classes_divergence,5kb,5,TE_all / highest,GO:0000122,negative regulation of transcription by RNA polymerase II,gained,,0.0450209114927013
classes_divergence,5kb,5,TE_all / highest,GO:0000977,RNA polymerase II transcription regulatory region sequence-specific DNA binding,lost,0.0103755278090756,
classes_divergence,5kb,5,TE_all / highest,GO:0000978,RNA polymerase II cis-regulatory region sequence-specific DNA binding,lost,2.928203251778993e-05,
classes_divergence,5kb,5,TE_all / highest,GO:0000981,"DNA-binding transcription factor activity, RNA polymerase II-specific",lost,0.0097976104898631,
classes_divergence,5kb,5,TE_all / highest,GO:0001228,"DNA-binding transcription activator activity, RNA polymerase II-specific",lost,0.0028805917034734,
classes_divergence,5kb,5,TE_all / highest,GO:0001501,skeletal system development,gained,,0.023021458319213
classes_divergence,5kb,5,TE_all / highest,GO:0001502,cartilage condensation,lost,0.0012758479041018,
classes_divergence,5kb,5,TE_all / highest,GO:0001508,action potential,gained,0.0033738938647983,0.0037589902096046
classes_divergence,5kb,5,TE_all / highest,GO:0001525,angiogenesis,gained,,0.0308106424708051
classes_divergence,5kb,5,TE_all / highest,GO:0001709,cell fate determination,lost,0.0043643486445684,
classes_divergence,5kb,5,TE_all / highest,GO:0001764,neuron migration,lost,0.0053960931279232,
classes_divergence,5kb,5,TE_all / highest,GO:0001837,epithelial to mesenchymal transition,lost,0.0205166990334846,
classes_divergence,5kb,5,TE_all / highest,GO:0002053,positive regulation of mesenchymal cell proliferation,lost,0.0008898802525979,
classes_divergence,5kb,5,TE_all / highest,GO:0002062,chondrocyte differentiation,lost,0.0232534106102955,
classes_divergence,5kb,5,TE_all / highest,GO:0002116,semaphorin receptor complex,lost,0.0055572965132297,
classes_divergence,5kb,5,TE_all / highest,GO:0003148,outflow tract septum morphogenesis,gained,3.201060701602836e-05,0.0090099300814014
classes_divergence,5kb,5,TE_all / highest,GO:0003184,pulmonary valve morphogenesis,lost,0.0194634578221562,
classes_divergence,5kb,5,TE_all / highest,GO:0003197,endocardial cushion development,lost,0.0288721192329733,
classes_divergence,5kb,5,TE_all / highest,GO:0003338,metanephros morphogenesis,lost,0.0424402704392935,
classes_divergence,5kb,5,TE_all / highest,GO:0003824,catalytic activity,gained,,0.040320198860541
classes_divergence,5kb,5,TE_all / highest,GO:0004879,nuclear receptor activity,gained,,0.025159956320877
classes_divergence,5kb,5,TE_all / highest,GO:0004888,transmembrane signaling receptor activity,lost,0.0079842854301138,
classes_divergence,5kb,5,TE_all / highest,GO:0004937,alpha1-adrenergic receptor activity,gained,,0.0177610054529025
classes_divergence,5kb,5,TE_all / highest,GO:0005003,ephrin receptor activity,lost,0.0389258091114512,
classes_divergence,5kb,5,TE_all / highest,GO:0005102,signaling receptor binding,gained,,0.0020345670865966
classes_divergence,5kb,5,TE_all / highest,GO:0005201,extracellular matrix structural constituent,lost,0.012419157753178,
classes_divergence,5kb,5,TE_all / highest,GO:0005242,inward rectifier potassium channel activity,lost,0.0234665472246987,
classes_divergence,5kb,5,TE_all / highest,GO:0005515,protein binding,gained,0.0008154057211825,0.0128828204689335
classes_divergence,5kb,5,TE_all / highest,GO:0005581,collagen trimer,gained,,0.0116264765187903
classes_divergence,5kb,5,TE_all / highest,GO:0005743,mitochondrial inner membrane,lost,0.0103755278090756,
classes_divergence,5kb,5,TE_all / highest,GO:0005759,mitochondrial matrix,lost,0.0097754613772988,
classes_divergence,5kb,5,TE_all / highest,GO:0005829,cytosol,lost,0.0003604301712349,8.040279612326498e-05
classes_divergence,5kb,5,TE_all / highest,GO:0005911,cell-cell junction,gained,,0.0078257213621665
classes_divergence,5kb,5,TE_all / highest,GO:0006357,regulation of transcription by RNA polymerase II,lost,0.0008737374280665,
classes_divergence,5kb,5,TE_all / highest,GO:0006412,translation,lost,0.0103755278090756,
classes_divergence,5kb,5,TE_all / highest,GO:0006836,neurotransmitter transport,lost,0.0040330915606156,
classes_divergence,5kb,5,TE_all / highest,GO:0006974,DNA damage response,lost,0.0076591928134944,
classes_divergence,5kb,5,TE_all / highest,GO:0007043,cell-cell junction assembly,lost,0.0487675166683113,
classes_divergence,5kb,5,TE_all / highest,GO:0007156,homophilic cell-cell adhesion,gained,,8.27631994984473e-06
classes_divergence,5kb,5,TE_all / highest,GO:0007157,heterophilic cell-cell adhesion,gained,,0.037934711058961
classes_divergence,5kb,5,TE_all / highest,GO:0007186,G protein-coupled receptor signaling pathway,gained,6.351382054234928e-10,0.0180739833845217
classes_divergence,5kb,5,TE_all / highest,GO:0007196,adenylate cyclase-inhibiting G protein-coupled glutamate receptor signaling pathway,lost,0.0055572965132297,
classes_divergence,5kb,5,TE_all / highest,GO:0007216,G protein-coupled glutamate receptor signaling pathway,lost,0.0389258091114512,
classes_divergence,5kb,5,TE_all / highest,GO:0007269,neurotransmitter secretion,lost,0.0024185396758271,
classes_divergence,5kb,5,TE_all / highest,GO:0007386,compartment pattern specification,lost,0.0424402704392935,
classes_divergence,5kb,5,TE_all / highest,GO:0007389,pattern specification process,lost,0.005223943114256,
classes_divergence,5kb,5,TE_all / highest,GO:0007420,brain development,lost,0.0114671976718726,
classes_divergence,5kb,5,TE_all / highest,GO:0007422,peripheral nervous system development,lost,0.0191830848575474,
classes_divergence,5kb,5,TE_all / highest,GO:0007423,sensory organ development,lost,0.0286075934345353,
classes_divergence,5kb,5,TE_all / highest,GO:0007506,gonadal mesoderm development,gained,,1.850822298260602e-05
classes_divergence,5kb,5,TE_all / highest,GO:0007507,heart development,lost,0.0449657896247861,
classes_divergence,5kb,5,TE_all / highest,GO:0007519,skeletal muscle tissue development,lost,0.0399612422533444,
classes_divergence,5kb,5,TE_all / highest,GO:0007613,memory,gained,,0.0166951222837456
classes_divergence,5kb,5,TE_all / highest,GO:0008045,motor neuron axon guidance,lost,0.0004584180040476,
classes_divergence,5kb,5,TE_all / highest,GO:0008083,growth factor activity,lost,0.0041491759514968,
classes_divergence,5kb,5,TE_all / highest,GO:0008201,heparin binding,lost,0.0265096813495381,
classes_divergence,5kb,5,TE_all / highest,GO:0008284,positive regulation of cell population proliferation,lost,0.0027767262705898,
classes_divergence,5kb,5,TE_all / highest,GO:0008285,negative regulation of cell population proliferation,lost,0.0399612422533444,
classes_divergence,5kb,5,TE_all / highest,GO:0008328,ionotropic glutamate receptor complex,gained,,0.0020125485915791
classes_divergence,5kb,5,TE_all / highest,GO:0008503,benzodiazepine receptor activity,lost,0.001604785348648,
classes_divergence,5kb,5,TE_all / highest,GO:0008584,male gonad development,gained,,0.0078257213621665
classes_divergence,5kb,5,TE_all / highest,GO:0009611,response to wounding,gained,,0.0385788559539892
classes_divergence,5kb,5,TE_all / highest,GO:0009953,dorsal/ventral pattern formation,lost,0.0403240407188117,
classes_divergence,5kb,5,TE_all / highest,GO:0010628,positive regulation of gene expression,gained,,0.0423343367223514
classes_divergence,5kb,5,TE_all / highest,GO:0014704,intercalated disc,gained,0.0028627329746098,0.040320198860541
classes_divergence,5kb,5,TE_all / highest,GO:0014731,spectrin-associated cytoskeleton,gained,,0.016478519764898
classes_divergence,5kb,5,TE_all / highest,GO:0015031,protein transport,lost,0.005275439267699,
classes_divergence,5kb,5,TE_all / highest,GO:0015459,potassium channel regulator activity,gained,,0.0450209114927013
classes_divergence,5kb,5,TE_all / highest,GO:0016020,membrane,gained,0.0096693669586165,8.258290443893254e-07
classes_divergence,5kb,5,TE_all / highest,GO:0016342,catenin complex,lost,0.0030953531730312,
classes_divergence,5kb,5,TE_all / highest,GO:0017154,semaphorin receptor activity,lost,0.0040330915606156,
classes_divergence,5kb,5,TE_all / highest,GO:0019229,regulation of vasoconstriction,gained,0.0143902492661181,0.0140145090963454
classes_divergence,5kb,5,TE_all / highest,GO:0021527,spinal cord association neuron differentiation,lost,0.0288721192329733,
classes_divergence,5kb,5,TE_all / highest,GO:0021537,telencephalon development,lost,0.0020086576143262,
classes_divergence,5kb,5,TE_all / highest,GO:0021612,facial nerve structural organization,lost,0.0055572965132297,
classes_divergence,5kb,5,TE_all / highest,GO:0021637,trigeminal nerve structural organization,lost,0.0113183392800763,
classes_divergence,5kb,5,TE_all / highest,GO:0021766,hippocampus development,lost,0.0286075934345353,
classes_divergence,5kb,5,TE_all / highest,GO:0021785,branchiomotor neuron axon guidance,lost,0.0214773433190178,
classes_divergence,5kb,5,TE_all / highest,GO:0021819,layer formation in cerebral cortex,lost,0.0079394828171665,
classes_divergence,5kb,5,TE_all / highest,GO:0021828,gonadotrophin-releasing hormone neuronal migration to the hypothalamus,lost,0.0113183392800763,
classes_divergence,5kb,5,TE_all / highest,GO:0021879,forebrain neuron differentiation,lost,0.035968047841547,
classes_divergence,5kb,5,TE_all / highest,GO:0022849,glutamate-gated calcium ion channel activity,lost,0.0055572965132297,
classes_divergence,5kb,5,TE_all / highest,GO:0030020,extracellular matrix structural constituent conferring tensile strength,gained,0.0449876856783626,0.023021458319213
classes_divergence,5kb,5,TE_all / highest,GO:0030036,actin cytoskeleton organization,gained,,0.0095659329060845
classes_divergence,5kb,5,TE_all / highest,GO:0030165,PDZ domain binding,gained,,0.009689216431038
classes_divergence,5kb,5,TE_all / highest,GO:0030182,neuron differentiation,lost,0.0063426765905975,
classes_divergence,5kb,5,TE_all / highest,GO:0030215,semaphorin receptor binding,gained,,0.0172005769587184
classes_divergence,5kb,5,TE_all / highest,GO:0030279,negative regulation of ossification,lost,0.0286075934345353,
classes_divergence,5kb,5,TE_all / highest,GO:0030315,T-tubule,gained,,0.0191186620613442
classes_divergence,5kb,5,TE_all / highest,GO:0030324,lung development,lost,7.128049649018038e-06,
classes_divergence,5kb,5,TE_all / highest,GO:0030426,growth cone,gained,,0.0094063626646836
classes_divergence,5kb,5,TE_all / highest,GO:0030513,positive regulation of BMP signaling pathway,lost,0.0375755364709871,
classes_divergence,5kb,5,TE_all / highest,GO:0030545,signaling receptor regulator activity,gained,,0.0066870945076656
classes_divergence,5kb,5,TE_all / highest,GO:0031290,retinal ganglion cell axon guidance,lost,0.03968638272844,
classes_divergence,5kb,5,TE_all / highest,GO:0031594,neuromuscular junction,gained,,0.0445011604355326
classes_divergence,5kb,5,TE_all / highest,GO:0034332,adherens junction organization,lost,0.0012368951008286,
classes_divergence,5kb,5,TE_all / highest,GO:0034702,monoatomic ion channel complex,gained,0.0447528589146046,0.0139337754038346
classes_divergence,5kb,5,TE_all / highest,GO:0035019,somatic stem cell population maintenance,gained,,0.0170801412832956
classes_divergence,5kb,5,TE_all / highest,GO:0035418,protein localization to synapse,lost,0.0486090354074643,
classes_divergence,5kb,5,TE_all / highest,GO:0035556,intracellular signal transduction,gained,,0.0450846400063731
classes_divergence,5kb,5,TE_all / highest,GO:0035914,skeletal muscle cell differentiation,lost,0.0102824725812403,
classes_divergence,5kb,5,TE_all / highest,GO:0036064,ciliary basal body,lost,0.0389258091114512,
classes_divergence,5kb,5,TE_all / highest,GO:0036315,cellular response to sterol,gained,,0.0177610054529025
classes_divergence,5kb,5,TE_all / highest,GO:0036486,ventral trunk neural crest cell migration,lost,0.0150061918700614,
classes_divergence,5kb,5,TE_all / highest,GO:0042446,hormone biosynthetic process,gained,,0.0029258754529542
classes_divergence,5kb,5,TE_all / highest,GO:0042472,inner ear morphogenesis,lost,0.0105528589402816,
classes_divergence,5kb,5,TE_all / highest,GO:0042693,muscle cell fate commitment,lost,0.0006422691914597,
classes_divergence,5kb,5,TE_all / highest,GO:0043113,receptor clustering,lost,0.0349328105560063,
classes_divergence,5kb,5,TE_all / highest,GO:0043204,perikaryon,gained,,0.04866423164563
classes_divergence,5kb,5,TE_all / highest,GO:0044325,transmembrane transporter binding,gained,,0.040320198860541
classes_divergence,5kb,5,TE_all / highest,GO:0044331,cell-cell adhesion mediated by cadherin,lost,0.0150061918700614,
classes_divergence,5kb,5,TE_all / highest,GO:0044849,estrous cycle,gained,,0.023021458319213
classes_divergence,5kb,5,TE_all / highest,GO:0045165,cell fate commitment,lost,4.742797859828515e-05,
classes_divergence,5kb,5,TE_all / highest,GO:0045499,chemorepellent activity,gained,,0.0395837468737363
classes_divergence,5kb,5,TE_all / highest,GO:0045597,positive regulation of cell differentiation,lost,0.0051090961704888,
classes_divergence,5kb,5,TE_all / highest,GO:0045608,negative regulation of inner ear auditory receptor cell differentiation,lost,0.001710245838705,
classes_divergence,5kb,5,TE_all / highest,GO:0045663,positive regulation of myoblast differentiation,lost,0.0368060133950782,
classes_divergence,5kb,5,TE_all / highest,GO:0045665,negative regulation of neuron differentiation,lost,0.0056022345648758,
classes_divergence,5kb,5,TE_all / highest,GO:0045666,positive regulation of neuron differentiation,lost,0.0002698208428935,
classes_divergence,5kb,5,TE_all / highest,GO:0045669,positive regulation of osteoblast differentiation,lost,0.0189095236172407,
classes_divergence,5kb,5,TE_all / highest,GO:0045672,positive regulation of osteoclast differentiation,gained,,0.0450846400063731
classes_divergence,5kb,5,TE_all / highest,GO:0045747,positive regulation of Notch signaling pathway,lost,0.0039175051068884,
classes_divergence,5kb,5,TE_all / highest,GO:0045834,positive regulation of lipid metabolic process,gained,,0.0177610054529025
classes_divergence,5kb,5,TE_all / highest,GO:0045892,negative regulation of DNA-templated transcription,lost,0.0457866164482566,
classes_divergence,5kb,5,TE_all / highest,GO:0048010,vascular endothelial growth factor receptor signaling pathway,gained,,0.0395837468737363
classes_divergence,5kb,5,TE_all / highest,GO:0048167,regulation of synaptic plasticity,gained,,0.0019352880015627
classes_divergence,5kb,5,TE_all / highest,GO:0048286,lung alveolus development,lost,0.0043643486445684,
classes_divergence,5kb,5,TE_all / highest,GO:0048565,digestive tract development,lost,0.0375755364709871,
classes_divergence,5kb,5,TE_all / highest,GO:0048665,neuron fate specification,lost,0.0074865260890949,
classes_divergence,5kb,5,TE_all / highest,GO:0048709,oligodendrocyte differentiation,lost,0.0039175051068884,
classes_divergence,5kb,5,TE_all / highest,GO:0048731,system development,lost,0.0105528589402816,
classes_divergence,5kb,5,TE_all / highest,GO:0048813,dendrite morphogenesis,gained,,0.0094063626646836
classes_divergence,5kb,5,TE_all / highest,GO:0048839,inner ear development,lost,0.0265096813495381,
classes_divergence,5kb,5,TE_all / highest,GO:0048846,axon extension involved in axon guidance,lost,0.0033608411662259,
classes_divergence,5kb,5,TE_all / highest,GO:0050767,regulation of neurogenesis,lost,0.0178174114004887,
classes_divergence,5kb,5,TE_all / highest,GO:0050807,regulation of synapse organization,lost,0.0477935202542407,
classes_divergence,5kb,5,TE_all / highest,GO:0050839,cell adhesion molecule binding,gained,,0.0148105293379725
classes_divergence,5kb,5,TE_all / highest,GO:0051145,smooth muscle cell differentiation,lost,0.0253205514256912,
classes_divergence,5kb,5,TE_all / highest,GO:0051491,positive regulation of filopodium assembly,gained,,0.010782300586354
classes_divergence,5kb,5,TE_all / highest,GO:0051963,regulation of synapse assembly,gained,,0.0063768660247154
classes_divergence,5kb,5,TE_all / highest,GO:0055085,transmembrane transport,gained,,0.009689216431038
classes_divergence,5kb,5,TE_all / highest,GO:0060048,cardiac muscle contraction,lost,0.0242421316477419,
classes_divergence,5kb,5,TE_all / highest,GO:0060412,ventricular septum morphogenesis,gained,,0.0045985655726776
classes_divergence,5kb,5,TE_all / highest,GO:0060441,epithelial tube branching involved in lung morphogenesis,lost,0.0325415475937808,
classes_divergence,5kb,5,TE_all / highest,GO:0060603,mammary gland duct morphogenesis,lost,0.035968047841547,
classes_divergence,5kb,5,TE_all / highest,GO:0060638,mesenchymal-epithelial cell signaling,lost,0.0113183392800763,
classes_divergence,5kb,5,TE_all / highest,GO:0060997,dendritic spine morphogenesis,lost,0.0194634578221562,
classes_divergence,5kb,5,TE_all / highest,GO:0061549,sympathetic ganglion development,lost,0.0004425124913582,
classes_divergence,5kb,5,TE_all / highest,GO:0061629,RNA polymerase II-specific DNA-binding transcription factor binding,gained,,0.0331535356864786
classes_divergence,5kb,5,TE_all / highest,GO:0062009,secondary palate development,lost,0.0055572965132297,
classes_divergence,5kb,5,TE_all / highest,GO:0070373,negative regulation of ERK1 and ERK2 cascade,lost,0.0286075934345353,
classes_divergence,5kb,5,TE_all / highest,GO:0070888,E-box binding,lost,0.0211922726129406,
classes_divergence,5kb,5,TE_all / highest,GO:0071300,cellular response to retinoic acid,gained,,0.0012350100799899
classes_divergence,5kb,5,TE_all / highest,GO:0071895,odontoblast differentiation,gained,,0.040320198860541
classes_divergence,5kb,5,TE_all / highest,GO:0086091,regulation of heart rate by cardiac conduction,gained,0.0073221812705815,0.0263945082237924
classes_divergence,5kb,5,TE_all / highest,GO:0090103,cochlea morphogenesis,lost,0.0349328105560063,
classes_divergence,5kb,5,TE_all / highest,GO:0097491,sympathetic neuron projection guidance,lost,0.0424402704392935,
classes_divergence,5kb,5,TE_all / highest,GO:0098685,Schaffer collateral - CA1 synapse,lost,0.0021545357952579,
classes_divergence,5kb,5,TE_all / highest,GO:0098688,parallel fiber to Purkinje cell synapse,gained,,0.0034667582545125
classes_divergence,5kb,5,TE_all / highest,GO:0098794,postsynapse,lost,0.0074865260890949,
classes_divergence,5kb,5,TE_all / highest,GO:0098820,trans-synaptic protein complex,gained,0.0450376356963534,0.040320198860541
classes_divergence,5kb,5,TE_all / highest,GO:0098989,NMDA selective glutamate receptor signaling pathway,gained,,0.0139337754038346
classes_divergence,5kb,5,TE_all / highest,GO:0099054,presynapse assembly,lost,0.000673570756405,
classes_divergence,5kb,5,TE_all / highest,GO:0099149,regulation of postsynaptic neurotransmitter receptor internalization,lost,0.0286075934345353,
classes_divergence,5kb,5,TE_all / highest,GO:0099507,ligand-gated monoatomic ion channel activity involved in regulation of presynaptic membrane potential,lost,0.0107973383869549,
classes_divergence,5kb,5,TE_all / highest,GO:0099538,synaptic signaling via neuropeptide,gained,,0.040320198860541
classes_divergence,5kb,5,TE_all / highest,GO:0099557,"trans-synaptic signaling by trans-synaptic complex, modulating synaptic transmission",gained,,0.0245474648594954
classes_divergence,5kb,5,TE_all / highest,GO:0160001,extrasynaptic signaling via GABA,gained,0.0450376356963534,0.040320198860541
classes_divergence,5kb,5,TE_all / highest,GO:1901166,neural crest cell migration involved in autonomic nervous system development,lost,0.0214773433190178,
classes_divergence,5kb,5,TE_all / highest,GO:1904861,excitatory synapse assembly,gained,,0.0029258754529542
classes_divergence,5kb,5,TE_all / highest,GO:1905606,regulation of presynapse assembly,lost,0.0093551970474794,
classes_divergence,5kb,5,TE_all / highest,GO:1990573,potassium ion import across plasma membrane,lost,0.0232534106102955,
classes_divergence,5kb,5,TE_all / highest,GO:1990904,ribonucleoprotein complex,lost,0.0001338236261709,
classes_divergence,5kb,5,TE_all / highest,GO:2000179,positive regulation of neural precursor cell proliferation,lost,0.0022804254696713,
classes_divergence,5kb,5,TE_all / highest,GO:2000609,regulation of thyroid hormone generation,gained,,0.0020125485915791
classes_divergence,5kb,5,TE_all / highest,GO:2000974,negative regulation of pro-B cell differentiation,lost,0.0150061918700614,
classes_divergence,5kb,5,TE_all / highest,GO:2001016,positive regulation of skeletal muscle cell differentiation,lost,0.0150061918700614,
classes_divergence,5kb,5,TE_all / lowest,GO:0000981,"DNA-binding transcription factor activity, RNA polymerase II-specific",lost,0.0097976104898631,
classes_divergence,5kb,5,TE_all / lowest,GO:0003677,DNA binding,lost,0.0003926277240233,
classes_divergence,5kb,5,TE_all / lowest,GO:0003723,RNA binding,lost,2.7630891993501e-06,9.23023601771431e-05
classes_divergence,5kb,5,TE_all / lowest,GO:0005576,extracellular region,lost,0.0079459710176169,2.4848913965273323e-05
classes_divergence,5kb,5,TE_all / lowest,GO:0005615,extracellular space,lost,0.0347279408745699,7.078280966942358e-06
classes_divergence,5kb,5,TE_all / lowest,GO:0005654,nucleoplasm,lost,1.1217882003284322e-05,0.0072302127685524
classes_divergence,5kb,5,TE_all / lowest,GO:0005886,plasma membrane,lost,0.0020098291392366,1.260288782635913e-21
classes_divergence,5kb,5,TE_all / lowest,GO:0006355,regulation of DNA-templated transcription,lost,2.7630891993501e-06,
classes_divergence,5kb,5,TE_all / lowest,GO:0007165,signal transduction,lost,0.0471934815125152,9.658310076595649e-05
classes_divergence,5kb,5,TE_all / lowest,GO:0008270,zinc ion binding,lost,0.0009114006975607,
classes_divergence,5kb,5,TE_all / lowest,GO:0019843,rRNA binding,lost,0.0437291772792879,
classes_divergence,5kb,5,TE_all / lowest,GO:0097368,establishment of Sertoli cell barrier,lost,0.0416963523024743,
classes_divergence,5kb,5,TE_all / lowest,GO:0106333,subcortical maternal complex,lost,0.0097976104898631,
classes_divergence,5kb,5,TE_all / lowest,GO:1990904,ribonucleoprotein complex,lost,0.0001338236261709,
classes_divergence,5kb,10,LINE / highest,GO:0003779,actin binding,gained,,0.0091553096702147
classes_divergence,5kb,10,LINE / highest,GO:0005242,inward rectifier potassium channel activity,lost,0.0234665472246987,0.0387971419772718
classes_divergence,5kb,10,LINE / highest,GO:0005267,potassium channel activity,gained,0.0136521799354015,7.413265775809761e-05
classes_divergence,5kb,10,LINE / highest,GO:0005543,phospholipid binding,gained,,0.021800772752067
classes_divergence,5kb,10,LINE / highest,GO:0005737,cytoplasm,gained,0.0054066638312344,6.59480999846055e-06
classes_divergence,5kb,10,LINE / highest,GO:0005856,cytoskeleton,gained,,0.021921650926008
classes_divergence,5kb,10,LINE / highest,GO:0005886,plasma membrane,gained,0.0020098291392366,1.1910984272953566e-08
classes_divergence,5kb,10,LINE / highest,GO:0008076,voltage-gated potassium channel complex,lost,0.0003953827393567,1.2804240869020838e-05
classes_divergence,5kb,10,LINE / highest,GO:0014069,postsynaptic density,gained,0.0020142308354062,1.014707482087046e-06
classes_divergence,5kb,10,LINE / highest,GO:0019901,protein kinase binding,lost,0.0010902326533712,0.0004911958261737
classes_divergence,5kb,10,LINE / highest,GO:0030020,extracellular matrix structural constituent conferring tensile strength,lost,0.0449876856783626,0.0374655002774379
classes_divergence,5kb,10,LINE / highest,GO:0043204,perikaryon,gained,,0.0003553784025116
classes_divergence,5kb,10,LINE / highest,GO:0045202,synapse,gained,4.3055662943064656e-10,1.09909938111867e-22
classes_divergence,5kb,10,LINE / highest,GO:0051015,actin filament binding,gained,,0.0104880490695343
classes_divergence,5kb,10,LINE / highest,GO:0071944,cell periphery,gained,,0.0313384064104747
classes_divergence,5kb,10,LINE / highest,GO:0098978,glutamatergic synapse,gained,2.2850322437886437e-08,3.1714971013968845e-14
classes_divergence,5kb,10,LINE / lowest,GO:0000166,nucleotide binding,gained,0.0102516686075325,0.0075234012922661
classes_divergence,5kb,10,LINE / lowest,GO:0002286,T cell activation involved in immune response,lost,0.0091237116727219,
classes_divergence,5kb,10,LINE / lowest,GO:0002312,B cell activation involved in immune response,lost,0.000818936656407,
classes_divergence,5kb,10,LINE / lowest,GO:0002323,natural killer cell activation involved in immune response,lost,0.0012837976868039,
classes_divergence,5kb,10,LINE / lowest,GO:0006721,terpenoid metabolic process,lost,0.0074601121596022,
classes_divergence,5kb,10,LINE / lowest,GO:0015031,protein transport,lost,0.005275439267699,
classes_divergence,5kb,10,LINE / lowest,GO:0019901,protein kinase binding,gained,0.0010902326533712,0.0004911958261737
classes_divergence,5kb,10,LINE / lowest,GO:0070062,extracellular exosome,lost,0.0008154057211825,
classes_divergence,5kb,10,LTR / highest,GO:0000981,"DNA-binding transcription factor activity, RNA polymerase II-specific",gained,0.0097976104898631,0.026413045778959
classes_divergence,5kb,10,LTR / highest,GO:0005515,protein binding,gained,0.0008154057211825,0.0100958961784658
classes_divergence,5kb,10,LTR / highest,GO:0005654,nucleoplasm,gained,1.1217882003284322e-05,0.0022864288317111
classes_divergence,5kb,10,LTR / highest,GO:0005739,mitochondrion,gained,6.382649443205043e-07,0.0072737885165532
classes_divergence,5kb,10,LTR / highest,GO:0005886,plasma membrane,lost,0.0020098291392366,1.1910984272953566e-08
classes_divergence,5kb,10,LTR / highest,GO:0007608,sensory perception of smell,lost,3.009449886920615e-07,2.1305687324673018e-08
classes_divergence,5kb,10,LTR / highest,GO:0016018,cyclosporin A binding,gained,,0.0061912696519818
classes_divergence,5kb,10,LTR / highest,GO:0016339,calcium-dependent cell-cell adhesion,lost,0.0102824725812403,
classes_divergence,5kb,10,LTR / highest,GO:0043565,sequence-specific DNA binding,gained,1.456061409037476e-06,0.0008932653635642
classes_divergence,5kb,10,LTR / highest,GO:0046703,natural killer cell lectin-like receptor binding,gained,,0.0113688544882901
classes_divergence,5kb,10,LTR / lowest,GO:0016712,"oxidoreductase activity, acting on paired donors, with incorporation or reduction of molecular oxygen, reduced flavin or flavoprotein as one donor, and incorporation of one atom of oxygen",lost,0.0393441845290895,
classes_divergence,5kb,10,SINE / highest,GO:0000166,nucleotide binding,lost,0.0102516686075325,0.0075234012922661
classes_divergence,5kb,10,SINE / highest,GO:0001508,action potential,lost,0.0033738938647983,0.0008460630900608
classes_divergence,5kb,10,SINE / highest,GO:0001540,amyloid-beta binding,gained,,0.0121504858378691
classes_divergence,5kb,10,SINE / highest,GO:0001764,neuron migration,lost,0.0053960931279232,
classes_divergence,5kb,10,SINE / highest,GO:0001942,hair follicle development,gained,,0.0012031156203854
classes_divergence,5kb,10,SINE / highest,GO:0001947,heart looping,lost,0.0276329056683411,
classes_divergence,5kb,10,SINE / highest,GO:0002062,chondrocyte differentiation,lost,0.0232534106102955,
classes_divergence,5kb,10,SINE / highest,GO:0003129,heart induction,lost,0.0450376356963534,
classes_divergence,5kb,10,SINE / highest,GO:0003148,outflow tract septum morphogenesis,lost,3.201060701602836e-05,0.0196982033892967
classes_divergence,5kb,10,SINE / highest,GO:0003151,outflow tract morphogenesis,lost,0.0211922726129406,0.0435616464187272
classes_divergence,5kb,10,SINE / highest,GO:0003180,aortic valve morphogenesis,lost,0.0023160148966698,
classes_divergence,5kb,10,SINE / highest,GO:0003184,pulmonary valve morphogenesis,lost,0.0194634578221562,
classes_divergence,5kb,10,SINE / highest,GO:0003197,endocardial cushion development,lost,0.0288721192329733,
classes_divergence,5kb,10,SINE / highest,GO:0003198,epithelial to mesenchymal transition involved in endocardial cushion formation,lost,0.0042641106672605,
classes_divergence,5kb,10,SINE / highest,GO:0003677,DNA binding,gained,0.0003926277240233,0.0099566489105784
classes_divergence,5kb,10,SINE / highest,GO:0003700,DNA-binding transcription factor activity,lost,3.027783325377163e-08,0.0001834141069074
classes_divergence,5kb,10,SINE / highest,GO:0004888,transmembrane signaling receptor activity,lost,0.0079842854301138,0.0050906041541726
classes_divergence,5kb,10,SINE / highest,GO:0004890,GABA-A receptor activity,lost,0.0043643486445684,0.0221596175661758
classes_divergence,5kb,10,SINE / highest,GO:0004935,adrenergic receptor activity,lost,0.0068143903447191,
classes_divergence,5kb,10,SINE / highest,GO:0004938,alpha2-adrenergic receptor activity,lost,0.0193189603057163,
classes_divergence,5kb,10,SINE / highest,GO:0005125,cytokine activity,lost,0.0375755364709871,0.000284021044513
classes_divergence,5kb,10,SINE / highest,GO:0005216,monoatomic ion channel activity,lost,0.0003709339357133,1.527698096490732e-08
classes_divergence,5kb,10,SINE / highest,GO:0005230,extracellular ligand-gated monoatomic ion channel activity,lost,0.0403240407188117,
classes_divergence,5kb,10,SINE / highest,GO:0005249,voltage-gated potassium channel activity,lost,0.0334828565894981,0.0001812614448042
classes_divergence,5kb,10,SINE / highest,GO:0005251,delayed rectifier potassium channel activity,lost,0.0227525818542981,
classes_divergence,5kb,10,SINE / highest,GO:0005254,chloride channel activity,lost,0.0143798481520493,8.831541691487872e-05
classes_divergence,5kb,10,SINE / highest,GO:0005267,potassium channel activity,lost,0.0136521799354015,7.413265775809761e-05
classes_divergence,5kb,10,SINE / highest,GO:0005509,calcium ion binding,gained,0.0056629675313879,5.426683403976478e-06
classes_divergence,5kb,10,SINE / highest,GO:0005524,ATP binding,lost,0.0124598202134283,
classes_divergence,5kb,10,SINE / highest,GO:0005549,odorant binding,gained,,0.0200058523943451
classes_divergence,5kb,10,SINE / highest,GO:0005681,spliceosomal complex,gained,,0.0066275186437709
classes_divergence,5kb,10,SINE / highest,GO:0005737,cytoplasm,lost,0.0054066638312344,6.59480999846055e-06
classes_divergence,5kb,10,SINE / highest,GO:0005759,mitochondrial matrix,lost,0.0097754613772988,0.0205803570226202
classes_divergence,5kb,10,SINE / highest,GO:0005813,centrosome,lost,0.0153115104766402,
classes_divergence,5kb,10,SINE / highest,GO:0005882,intermediate filament,gained,,0.0121504858378691
classes_divergence,5kb,10,SINE / highest,GO:0006457,protein folding,lost,0.022106579611822,0.0205803570226202
classes_divergence,5kb,10,SINE / highest,GO:0006811,monoatomic ion transport,lost,0.0003381305594441,1.3025801533100887e-09
classes_divergence,5kb,10,SINE / highest,GO:0006813,potassium ion transport,lost,0.0002194461660564,3.9466391511975986e-10
classes_divergence,5kb,10,SINE / highest,GO:0006836,neurotransmitter transport,lost,0.0040330915606156,0.0099520339455379
classes_divergence,5kb,10,SINE / highest,GO:0006974,DNA damage response,lost,0.0076591928134944,0.000811184382679
classes_divergence,5kb,10,SINE / highest,GO:0007214,gamma-aminobutyric acid signaling pathway,lost,0.0133167461133059,0.0374655002774379
classes_divergence,5kb,10,SINE / highest,GO:0007267,cell-cell signaling,lost,0.0043643486445684,3.678397598423888e-07
classes_divergence,5kb,10,SINE / highest,GO:0007269,neurotransmitter secretion,lost,0.0024185396758271,
classes_divergence,5kb,10,SINE / highest,GO:0007409,axonogenesis,lost,0.0004844862085318,0.0046815201266076
classes_divergence,5kb,10,SINE / highest,GO:0007416,synapse assembly,gained,0.0016533202857237,0.0066275186437709
classes_divergence,5kb,10,SINE / highest,GO:0007420,brain development,lost,0.0114671976718726,
classes_divergence,5kb,10,SINE / highest,GO:0007507,heart development,lost,0.0449657896247861,
classes_divergence,5kb,10,SINE / highest,GO:0007517,muscle organ development,gained,0.0147991071208334,0.0391407354712193
classes_divergence,5kb,10,SINE / highest,GO:0007612,learning,lost,0.0009823861937899,0.0331511506152542
classes_divergence,5kb,10,SINE / highest,GO:0008076,voltage-gated potassium channel complex,lost,0.0003953827393567,1.2804240869020838e-05
classes_divergence,5kb,10,SINE / highest,GO:0008083,growth factor activity,lost,0.0041491759514968,0.0071651597184106
classes_divergence,5kb,10,SINE / highest,GO:0008201,heparin binding,lost,0.0265096813495381,
classes_divergence,5kb,10,SINE / highest,GO:0008284,positive regulation of cell population proliferation,lost,0.0027767262705898,8.425057098002197e-05
classes_divergence,5kb,10,SINE / highest,GO:0008503,benzodiazepine receptor activity,lost,0.001604785348648,
classes_divergence,5kb,10,SINE / highest,GO:0008544,epidermis development,lost,0.0459967992351171,
classes_divergence,5kb,10,SINE / highest,GO:0010628,positive regulation of gene expression,gained,,0.0063283066459042
classes_divergence,5kb,10,SINE / highest,GO:0010811,positive regulation of cell-substrate adhesion,lost,0.003134110204131,
classes_divergence,5kb,10,SINE / highest,GO:0014704,intercalated disc,lost,0.0028627329746098,0.0293900070297712
classes_divergence,5kb,10,SINE / highest,GO:0016740,transferase activity,lost,0.0014843251976822,
classes_divergence,5kb,10,SINE / highest,GO:0019229,regulation of vasoconstriction,lost,0.0143902492661181,0.0191146296000062
classes_divergence,5kb,10,SINE / highest,GO:0019966,interleukin-1 binding,lost,0.0271616621538594,
classes_divergence,5kb,10,SINE / highest,GO:0021527,spinal cord association neuron differentiation,lost,0.0288721192329733,
classes_divergence,5kb,10,SINE / highest,GO:0021766,hippocampus development,lost,0.0286075934345353,0.0011772905817515
classes_divergence,5kb,10,SINE / highest,GO:0022008,neurogenesis,lost,0.0074664313788548,0.0001247258056244
classes_divergence,5kb,10,SINE / highest,GO:0022626,cytosolic ribosome,gained,,0.0048739724233304
classes_divergence,5kb,10,SINE / highest,GO:0022851,GABA-gated chloride ion channel activity,lost,0.0032995836535252,0.0164529864772427
classes_divergence,5kb,10,SINE / highest,GO:0030154,cell differentiation,lost,1.9214121598908533e-07,3.6732423161889387e-07
classes_divergence,5kb,10,SINE / highest,GO:0030324,lung development,lost,7.128049649018038e-06,
classes_divergence,5kb,10,SINE / highest,GO:0030334,regulation of cell migration,gained,,0.0181596009846135
classes_divergence,5kb,10,SINE / highest,GO:0030335,positive regulation of cell migration,lost,0.0453517743920296,0.0045025752897044
classes_divergence,5kb,10,SINE / highest,GO:0030414,peptidase inhibitor activity,lost,0.0109998246382579,
classes_divergence,5kb,10,SINE / highest,GO:0030425,dendrite,lost,1.0783438781833794e-09,9.822945858203309e-13
classes_divergence,5kb,10,SINE / highest,GO:0030501,positive regulation of bone mineralization,lost,0.006024344822335,
classes_divergence,5kb,10,SINE / highest,GO:0031012,extracellular matrix,lost,2.583294680254048e-05,0.0317569629492769
classes_divergence,5kb,10,SINE / highest,GO:0032228,"regulation of synaptic transmission, GABAergic",lost,0.0129325523544084,
classes_divergence,5kb,10,SINE / highest,GO:0032590,dendrite membrane,lost,0.0039175051068884,0.045811800907006
classes_divergence,5kb,10,SINE / highest,GO:0032924,activin receptor signaling pathway,gained,,0.0130136263501037
classes_divergence,5kb,10,SINE / highest,GO:0034707,chloride channel complex,lost,0.0102824725812403,0.000188048500542
classes_divergence,5kb,10,SINE / highest,GO:0035116,embryonic hindlimb morphogenesis,lost,0.0016754028270585,
classes_divergence,5kb,10,SINE / highest,GO:0042476,odontogenesis,lost,0.0387253840005209,0.0347214946403604
classes_divergence,5kb,10,SINE / highest,GO:0042734,presynaptic membrane,lost,7.633742762205663e-07,2.466371105991492e-07
classes_divergence,5kb,10,SINE / highest,GO:0043005,neuron projection,lost,0.0023025581939503,0.0003553784025116
classes_divergence,5kb,10,SINE / highest,GO:0043025,neuronal cell body,lost,4.54333461621901e-07,8.132944616026972e-05
classes_divergence,5kb,10,SINE / highest,GO:0043113,receptor clustering,lost,0.0349328105560063,
classes_divergence,5kb,10,SINE / highest,GO:0043197,dendritic spine,lost,9.946207552442557e-07,1.1447245997964753e-07
classes_divergence,5kb,10,SINE / highest,GO:0043410,positive regulation of MAPK cascade,lost,0.0457866164482566,0.0010012510131135
classes_divergence,5kb,10,SINE / highest,GO:0043565,sequence-specific DNA binding,lost,1.456061409037476e-06,0.0008932653635642
classes_divergence,5kb,10,SINE / highest,GO:0044325,transmembrane transporter binding,gained,,0.0011813926342202
classes_divergence,5kb,10,SINE / highest,GO:0045095,keratin filament,gained,,0.0112888130222518
classes_divergence,5kb,10,SINE / highest,GO:0045596,negative regulation of cell differentiation,lost,0.0334135317880362,
classes_divergence,5kb,10,SINE / highest,GO:0045597,positive regulation of cell differentiation,lost,0.0051090961704888,
classes_divergence,5kb,10,SINE / highest,GO:0045666,positive regulation of neuron differentiation,lost,0.0002698208428935,0.0387501246002806
classes_divergence,5kb,10,SINE / highest,GO:0045747,positive regulation of Notch signaling pathway,lost,0.0039175051068884,0.0386834393745855
classes_divergence,5kb,10,SINE / highest,GO:0045893,positive regulation of DNA-templated transcription,lost,0.0022002884593227,4.784078075006046e-06
classes_divergence,5kb,10,SINE / highest,GO:0048513,animal organ development,gained,3.993194479367038e-05,0.0012663811680117
classes_divergence,5kb,10,SINE / highest,GO:0048666,neuron development,lost,0.0143798481520493,0.0337314183624571
classes_divergence,5kb,10,SINE / highest,GO:0048787,presynaptic active zone membrane,lost,0.0078984115030145,
classes_divergence,5kb,10,SINE / highest,GO:0048839,inner ear development,lost,0.0265096813495381,0.0337314183624571
classes_divergence,5kb,10,SINE / highest,GO:0050431,transforming growth factor beta binding,gained,,0.0046815201266076
classes_divergence,5kb,10,SINE / highest,GO:0050772,positive regulation of axonogenesis,lost,0.048409434602242,
classes_divergence,5kb,10,SINE / highest,GO:0050808,synapse organization,lost,5.684959971242552e-05,3.4771069056469144e-05
classes_divergence,5kb,10,SINE / highest,GO:0050925,negative regulation of negative chemotaxis,lost,0.0193189603057163,
classes_divergence,5kb,10,SINE / highest,GO:0051932,"synaptic transmission, GABAergic",lost,0.0477935202542407,0.0313978566250384
classes_divergence,5kb,10,SINE / highest,GO:0051965,positive regulation of synapse assembly,lost,0.0012952443957315,0.0002863359669926
classes_divergence,5kb,10,SINE / highest,GO:0055007,cardiac muscle cell differentiation,lost,0.0129325523544084,
classes_divergence,5kb,10,SINE / highest,GO:0060048,cardiac muscle contraction,lost,0.0242421316477419,
classes_divergence,5kb,10,SINE / highest,GO:0060078,regulation of postsynaptic membrane potential,lost,0.0012758479041018,0.0046246059154995
classes_divergence,5kb,10,SINE / highest,GO:0060413,atrial septum morphogenesis,lost,0.0359139906159305,
classes_divergence,5kb,10,SINE / highest,GO:0060997,dendritic spine morphogenesis,lost,0.0194634578221562,
classes_divergence,5kb,10,SINE / highest,GO:0070374,positive regulation of ERK1 and ERK2 cascade,gained,,0.0003553784025116
classes_divergence,5kb,10,SINE / highest,GO:0071625,vocalization behavior,gained,6.0877050583969095e-05,0.0221596175661758
classes_divergence,5kb,10,SINE / highest,GO:0071805,potassium ion transmembrane transport,lost,0.0010730762624565,2.466371105991492e-07
classes_divergence,5kb,10,SINE / highest,GO:0071875,adrenergic receptor signaling pathway,lost,0.0017533759416835,
classes_divergence,5kb,10,SINE / highest,GO:0086004,regulation of cardiac muscle cell contraction,lost,0.0389258091114512,
classes_divergence,5kb,10,SINE / highest,GO:0086091,regulation of heart rate by cardiac conduction,lost,0.0073221812705815,0.0440074811938917
classes_divergence,5kb,10,SINE / highest,GO:0098685,Schaffer collateral - CA1 synapse,lost,0.0021545357952579,0.0132390836926297
classes_divergence,5kb,10,SINE / highest,GO:0098820,trans-synaptic protein complex,lost,0.0450376356963534,
classes_divergence,5kb,10,SINE / highest,GO:0098839,postsynaptic density membrane,lost,9.155680657506787e-09,2.108487916586174e-08
classes_divergence,5kb,10,SINE / highest,GO:0098982,GABA-ergic synapse,lost,0.0022693939921707,7.380960684880089e-06
classes_divergence,5kb,10,SINE / highest,GO:0099175,regulation of postsynapse organization,lost,0.0009580139287888,
classes_divergence,5kb,10,SINE / highest,GO:0099634,postsynaptic specialization membrane,lost,0.0064717554522506,0.0299978978636281
classes_divergence,5kb,10,SINE / highest,GO:0160001,extrasynaptic signaling via GABA,lost,0.0450376356963534,
classes_divergence,5kb,10,SINE / highest,GO:1900273,positive regulation of long-term synaptic potentiation,gained,,0.0460360806403489
classes_divergence,5kb,10,SINE / highest,GO:1902476,chloride transmembrane transport,lost,0.0010730762624565,4.613808581661752e-06
classes_divergence,5kb,10,SINE / highest,GO:1902711,GABA-A receptor complex,lost,0.0043643486445684,0.0221596175661758
classes_divergence,5kb,10,SINE / highest,GO:1903779,regulation of cardiac conduction,gained,,0.0008043678891642
classes_divergence,5kb,10,SINE / highest,GO:1904315,transmitter-gated monoatomic ion channel activity involved in regulation of postsynaptic membrane potential,lost,0.0001220040731527,0.0002427275713975
classes_divergence,5kb,10,SINE / highest,GO:1904862,inhibitory synapse assembly,lost,0.0001220040731527,0.0387971419772718
classes_divergence,5kb,10,SINE / highest,GO:1905606,regulation of presynapse assembly,lost,0.0093551970474794,0.0070972216950713
classes_divergence,5kb,10,SINE / highest,GO:1990837,sequence-specific double-stranded DNA binding,lost,4.286965356695889e-06,0.0021706114624288
classes_divergence,5kb,10,SINE / highest,GO:2000609,regulation of thyroid hormone generation,gained,,0.0109790443046008
classes_divergence,5kb,10,SINE / lowest,GO:0003723,RNA binding,gained,2.7630891993501e-06,4.59482734914067e-05
classes_divergence,5kb,10,SINE / lowest,GO:0005515,protein binding,lost,0.0008154057211825,0.0100958961784658
classes_divergence,5kb,10,SINE / lowest,GO:0070062,extracellular exosome,lost,0.0008154057211825,
classes_divergence,5kb,10,TE_all / highest,GO:0000122,negative regulation of transcription by RNA polymerase II,gained,,0.0081098943484175
classes_divergence,5kb,10,TE_all / highest,GO:0000398,"mRNA splicing, via spliceosome",gained,,0.0435616464187272
classes_divergence,5kb,10,TE_all / highest,GO:0000977,RNA polymerase II transcription regulatory region sequence-specific DNA binding,lost,0.0103755278090756,
classes_divergence,5kb,10,TE_all / highest,GO:0000978,RNA polymerase II cis-regulatory region sequence-specific DNA binding,lost,2.928203251778993e-05,
classes_divergence,5kb,10,TE_all / highest,GO:0000981,"DNA-binding transcription factor activity, RNA polymerase II-specific",lost,0.0097976104898631,0.026413045778959
classes_divergence,5kb,10,TE_all / highest,GO:0001228,"DNA-binding transcription activator activity, RNA polymerase II-specific",lost,0.0028805917034734,
classes_divergence,5kb,10,TE_all / highest,GO:0001501,skeletal system development,gained,,0.0360982567442802
classes_divergence,5kb,10,TE_all / highest,GO:0001502,cartilage condensation,lost,0.0012758479041018,
classes_divergence,5kb,10,TE_all / highest,GO:0001508,action potential,gained,0.0033738938647983,0.0008460630900608
classes_divergence,5kb,10,TE_all / highest,GO:0001525,angiogenesis,gained,,2.8096080309338837e-05
classes_divergence,5kb,10,TE_all / highest,GO:0001569,branching involved in blood vessel morphogenesis,gained,,0.0121431336071271
classes_divergence,5kb,10,TE_all / highest,GO:0001701,in utero embryonic development,gained,,0.0228159382993306
classes_divergence,5kb,10,TE_all / highest,GO:0001709,cell fate determination,lost,0.0043643486445684,
classes_divergence,5kb,10,TE_all / highest,GO:0001764,neuron migration,lost,0.0053960931279232,
classes_divergence,5kb,10,TE_all / highest,GO:0001837,epithelial to mesenchymal transition,lost,0.0205166990334846,
classes_divergence,5kb,10,TE_all / highest,GO:0001843,neural tube closure,gained,,0.0173746341265242
classes_divergence,5kb,10,TE_all / highest,GO:0002027,regulation of heart rate,gained,,0.0151648444195537
classes_divergence,5kb,10,TE_all / highest,GO:0002053,positive regulation of mesenchymal cell proliferation,lost,0.0008898802525979,
classes_divergence,5kb,10,TE_all / highest,GO:0002062,chondrocyte differentiation,lost,0.0232534106102955,
classes_divergence,5kb,10,TE_all / highest,GO:0002116,semaphorin receptor complex,lost,0.0055572965132297,
classes_divergence,5kb,10,TE_all / highest,GO:0003091,renal water homeostasis,gained,,0.0374655002774379
classes_divergence,5kb,10,TE_all / highest,GO:0003148,outflow tract septum morphogenesis,gained,3.201060701602836e-05,0.0196982033892967
classes_divergence,5kb,10,TE_all / highest,GO:0003184,pulmonary valve morphogenesis,lost,0.0194634578221562,
classes_divergence,5kb,10,TE_all / highest,GO:0003197,endocardial cushion development,lost,0.0288721192329733,
classes_divergence,5kb,10,TE_all / highest,GO:0003338,metanephros morphogenesis,lost,0.0424402704392935,
classes_divergence,5kb,10,TE_all / highest,GO:0003707,nuclear steroid receptor activity,gained,,0.0243112538320297
classes_divergence,5kb,10,TE_all / highest,GO:0003779,actin binding,gained,,0.0091553096702147
classes_divergence,5kb,10,TE_all / highest,GO:0004714,transmembrane receptor protein tyrosine kinase activity,gained,,0.0299978978636281
classes_divergence,5kb,10,TE_all / highest,GO:0004879,nuclear receptor activity,gained,,0.000318659936907
classes_divergence,5kb,10,TE_all / highest,GO:0004930,G protein-coupled receptor activity,gained,5.4943254746443614e-11,0.0070972216950713
classes_divergence,5kb,10,TE_all / highest,GO:0005005,transmembrane-ephrin receptor activity,gained,,0.0048376743891674
classes_divergence,5kb,10,TE_all / highest,GO:0005085,guanyl-nucleotide exchange factor activity,gained,,0.0337314183624571
classes_divergence,5kb,10,TE_all / highest,GO:0005102,signaling receptor binding,gained,,0.0013921674190647
classes_divergence,5kb,10,TE_all / highest,GO:0005230,extracellular ligand-gated monoatomic ion channel activity,lost,0.0403240407188117,
classes_divergence,5kb,10,TE_all / highest,GO:0005515,protein binding,gained,0.0008154057211825,0.0100958961784658
classes_divergence,5kb,10,TE_all / highest,GO:0005581,collagen trimer,gained,,0.0010657564616569
classes_divergence,5kb,10,TE_all / highest,GO:0005634,nucleus,gained,1.816572568701226e-07,5.6170341696316417e-08
classes_divergence,5kb,10,TE_all / highest,GO:0005681,spliceosomal complex,gained,,0.0066275186437709
classes_divergence,5kb,10,TE_all / highest,GO:0005730,nucleolus,gained,1.058521726180462e-05,0.0397845604146357
classes_divergence,5kb,10,TE_all / highest,GO:0005788,endoplasmic reticulum lumen,gained,,0.0318413632858571
classes_divergence,5kb,10,TE_all / highest,GO:0005829,cytosol,lost,0.0003604301712349,0.0460360806403489
classes_divergence,5kb,10,TE_all / highest,GO:0005911,cell-cell junction,gained,,0.0033359626075878
classes_divergence,5kb,10,TE_all / highest,GO:0006281,DNA repair,gained,,0.001753247944244
classes_divergence,5kb,10,TE_all / highest,GO:0006357,regulation of transcription by RNA polymerase II,lost,0.0008737374280665,
classes_divergence,5kb,10,TE_all / highest,GO:0006457,protein folding,gained,0.022106579611822,0.0205803570226202
classes_divergence,5kb,10,TE_all / highest,GO:0006874,intracellular calcium ion homeostasis,gained,,0.0063706489219323
classes_divergence,5kb,10,TE_all / highest,GO:0007043,cell-cell junction assembly,lost,0.0487675166683113,
classes_divergence,5kb,10,TE_all / highest,GO:0007156,homophilic cell-cell adhesion,gained,,5.9330306174176e-06
classes_divergence,5kb,10,TE_all / highest,GO:0007158,neuron cell-cell adhesion,lost,0.0253205514256912,0.0444227587269379
classes_divergence,5kb,10,TE_all / highest,GO:0007162,negative regulation of cell adhesion,gained,,0.0171734669518058
classes_divergence,5kb,10,TE_all / highest,GO:0007169,cell surface receptor protein tyrosine kinase signaling pathway,gained,,0.0062283288472895
classes_divergence,5kb,10,TE_all / highest,GO:0007179,transforming growth factor beta receptor signaling pathway,gained,,0.0297223560590103
classes_divergence,5kb,10,TE_all / highest,GO:0007186,G protein-coupled receptor signaling pathway,gained,6.351382054234928e-10,0.0004252501457244
classes_divergence,5kb,10,TE_all / highest,GO:0007187,"G protein-coupled receptor signaling pathway, coupled to cyclic nucleotide second messenger",gained,,0.0387501246002806
classes_divergence,5kb,10,TE_all / highest,GO:0007189,adenylate cyclase-activating G protein-coupled receptor signaling pathway,gained,,0.0109782053335356
classes_divergence,5kb,10,TE_all / highest,GO:0007193,adenylate cyclase-inhibiting G protein-coupled receptor signaling pathway,gained,,0.0021738539180161
classes_divergence,5kb,10,TE_all / highest,GO:0007196,adenylate cyclase-inhibiting G protein-coupled glutamate receptor signaling pathway,lost,0.0055572965132297,
classes_divergence,5kb,10,TE_all / highest,GO:0007197,adenylate cyclase-inhibiting G protein-coupled acetylcholine receptor signaling pathway,gained,,0.0316003358207984
classes_divergence,5kb,10,TE_all / highest,GO:0007200,phospholipase C-activating G protein-coupled receptor signaling pathway,gained,,0.0001282238197984
classes_divergence,5kb,10,TE_all / highest,GO:0007204,positive regulation of cytosolic calcium ion concentration,gained,,0.0329446022007156
classes_divergence,5kb,10,TE_all / highest,GO:0007216,G protein-coupled glutamate receptor signaling pathway,lost,0.0389258091114512,
classes_divergence,5kb,10,TE_all / highest,GO:0007219,Notch signaling pathway,gained,,0.0313384064104747
classes_divergence,5kb,10,TE_all / highest,GO:0007269,neurotransmitter secretion,lost,0.0024185396758271,
classes_divergence,5kb,10,TE_all / highest,GO:0007386,compartment pattern specification,lost,0.0424402704392935,
classes_divergence,5kb,10,TE_all / highest,GO:0007389,pattern specification process,lost,0.005223943114256,
classes_divergence,5kb,10,TE_all / highest,GO:0007409,axonogenesis,gained,0.0004844862085318,0.0046815201266076
classes_divergence,5kb,10,TE_all / highest,GO:0007417,central nervous system development,gained,,0.0440074811938917
classes_divergence,5kb,10,TE_all / highest,GO:0007420,brain development,lost,0.0114671976718726,
classes_divergence,5kb,10,TE_all / highest,GO:0007423,sensory organ development,lost,0.0286075934345353,
classes_divergence,5kb,10,TE_all / highest,GO:0007506,gonadal mesoderm development,gained,,0.0006632182263556
classes_divergence,5kb,10,TE_all / highest,GO:0007507,heart development,lost,0.0449657896247861,
classes_divergence,5kb,10,TE_all / highest,GO:0007512,adult heart development,gained,,0.0169907712866849
classes_divergence,5kb,10,TE_all / highest,GO:0007519,skeletal muscle tissue development,lost,0.0399612422533444,
classes_divergence,5kb,10,TE_all / highest,GO:0007528,neuromuscular junction development,gained,,0.0046815201266076
classes_divergence,5kb,10,TE_all / highest,GO:0007605,sensory perception of sound,gained,,0.0342531028220347
classes_divergence,5kb,10,TE_all / highest,GO:0007626,locomotory behavior,gained,,0.0004747588705701
classes_divergence,5kb,10,TE_all / highest,GO:0007628,adult walking behavior,gained,,0.0238409757359347
classes_divergence,5kb,10,TE_all / highest,GO:0008013,beta-catenin binding,lost,0.0328023199644392,
classes_divergence,5kb,10,TE_all / highest,GO:0008016,regulation of heart contraction,gained,,0.0006042104722126
classes_divergence,5kb,10,TE_all / highest,GO:0008045,motor neuron axon guidance,lost,0.0004584180040476,
classes_divergence,5kb,10,TE_all / highest,GO:0008046,axon guidance receptor activity,gained,,0.0238409757359347
classes_divergence,5kb,10,TE_all / highest,GO:0008066,glutamate receptor activity,lost,0.0003988417740706,
classes_divergence,5kb,10,TE_all / highest,GO:0008179,adenylate cyclase binding,gained,,0.0358423989448379
classes_divergence,5kb,10,TE_all / highest,GO:0008201,heparin binding,lost,0.0265096813495381,
classes_divergence,5kb,10,TE_all / highest,GO:0008285,negative regulation of cell population proliferation,lost,0.0399612422533444,
classes_divergence,5kb,10,TE_all / highest,GO:0008328,ionotropic glutamate receptor complex,gained,,0.0109790443046008
classes_divergence,5kb,10,TE_all / highest,GO:0008503,benzodiazepine receptor activity,lost,0.001604785348648,
classes_divergence,5kb,10,TE_all / highest,GO:0009410,response to xenobiotic stimulus,gained,,0.0276652385791669
classes_divergence,5kb,10,TE_all / highest,GO:0009611,response to wounding,gained,,1.6388196319270017e-05
classes_divergence,5kb,10,TE_all / highest,GO:0009953,dorsal/ventral pattern formation,lost,0.0403240407188117,
classes_divergence,5kb,10,TE_all / highest,GO:0010628,positive regulation of gene expression,gained,,0.0063283066459042
classes_divergence,5kb,10,TE_all / highest,GO:0014704,intercalated disc,gained,0.0028627329746098,0.0293900070297712
classes_divergence,5kb,10,TE_all / highest,GO:0014731,spectrin-associated cytoskeleton,gained,,0.0238409757359347
classes_divergence,5kb,10,TE_all / highest,GO:0015031,protein transport,lost,0.005275439267699,
classes_divergence,5kb,10,TE_all / highest,GO:0015459,potassium channel regulator activity,gained,,0.0331511506152542
classes_divergence,5kb,10,TE_all / highest,GO:0015629,actin cytoskeleton,gained,,0.0006042104722126
classes_divergence,5kb,10,TE_all / highest,GO:0016020,membrane,gained,0.0096693669586165,1.1317756360553716e-08
classes_divergence,5kb,10,TE_all / highest,GO:0016339,calcium-dependent cell-cell adhesion,lost,0.0102824725812403,
classes_divergence,5kb,10,TE_all / highest,GO:0016342,catenin complex,lost,0.0030953531730312,
classes_divergence,5kb,10,TE_all / highest,GO:0016798,"hydrolase activity, acting on glycosyl bonds",gained,,0.020149178794494
classes_divergence,5kb,10,TE_all / highest,GO:0016853,isomerase activity,gained,,0.0088911172162397
classes_divergence,5kb,10,TE_all / highest,GO:0016907,G protein-coupled acetylcholine receptor activity,gained,,0.0331511506152542
classes_divergence,5kb,10,TE_all / highest,GO:0017046,peptide hormone binding,gained,,0.0188410387682033
classes_divergence,5kb,10,TE_all / highest,GO:0017080,sodium channel regulator activity,gained,,0.0027672863845001
classes_divergence,5kb,10,TE_all / highest,GO:0017154,semaphorin receptor activity,lost,0.0040330915606156,
classes_divergence,5kb,10,TE_all / highest,GO:0019229,regulation of vasoconstriction,gained,0.0143902492661181,0.0191146296000062
classes_divergence,5kb,10,TE_all / highest,GO:0019722,calcium-mediated signaling,gained,,0.0028447425620234
classes_divergence,5kb,10,TE_all / highest,GO:0021527,spinal cord association neuron differentiation,lost,0.0288721192329733,
classes_divergence,5kb,10,TE_all / highest,GO:0021612,facial nerve structural organization,lost,0.0055572965132297,
classes_divergence,5kb,10,TE_all / highest,GO:0021637,trigeminal nerve structural organization,lost,0.0113183392800763,
classes_divergence,5kb,10,TE_all / highest,GO:0021785,branchiomotor neuron axon guidance,lost,0.0214773433190178,
classes_divergence,5kb,10,TE_all / highest,GO:0021828,gonadotrophin-releasing hormone neuronal migration to the hypothalamus,lost,0.0113183392800763,
classes_divergence,5kb,10,TE_all / highest,GO:0021879,forebrain neuron differentiation,lost,0.035968047841547,
classes_divergence,5kb,10,TE_all / highest,GO:0022008,neurogenesis,gained,0.0074664313788548,0.0001247258056244
classes_divergence,5kb,10,TE_all / highest,GO:0022626,cytosolic ribosome,gained,,0.0048739724233304
classes_divergence,5kb,10,TE_all / highest,GO:0022849,glutamate-gated calcium ion channel activity,lost,0.0055572965132297,
classes_divergence,5kb,10,TE_all / highest,GO:0030020,extracellular matrix structural constituent conferring tensile strength,gained,0.0449876856783626,0.0374655002774379
classes_divergence,5kb,10,TE_all / highest,GO:0030036,actin cytoskeleton organization,gained,,0.040149137023943
classes_divergence,5kb,10,TE_all / highest,GO:0030165,PDZ domain binding,gained,,0.0058761141730384
classes_divergence,5kb,10,TE_all / highest,GO:0030215,semaphorin receptor binding,gained,,0.0065294600242122
classes_divergence,5kb,10,TE_all / highest,GO:0030279,negative regulation of ossification,lost,0.0286075934345353,
classes_divergence,5kb,10,TE_all / highest,GO:0030315,T-tubule,gained,,0.0077482009579456
classes_divergence,5kb,10,TE_all / highest,GO:0030324,lung development,lost,7.128049649018038e-06,
classes_divergence,5kb,10,TE_all / highest,GO:0030334,regulation of cell migration,gained,,0.0181596009846135
classes_divergence,5kb,10,TE_all / highest,GO:0030335,positive regulation of cell migration,gained,0.0453517743920296,0.0045025752897044
classes_divergence,5kb,10,TE_all / highest,GO:0030426,growth cone,gained,,0.0221596175661758
classes_divergence,5kb,10,TE_all / highest,GO:0030513,positive regulation of BMP signaling pathway,lost,0.0375755364709871,
classes_divergence,5kb,10,TE_all / highest,GO:0030518,nuclear receptor-mediated steroid hormone signaling pathway,gained,,0.0196982033892967
classes_divergence,5kb,10,TE_all / highest,GO:0030672,synaptic vesicle membrane,gained,,0.0054526557076343
classes_divergence,5kb,10,TE_all / highest,GO:0031175,neuron projection development,gained,,0.0095182274220631
classes_divergence,5kb,10,TE_all / highest,GO:0031290,retinal ganglion cell axon guidance,lost,0.03968638272844,
classes_divergence,5kb,10,TE_all / highest,GO:0031594,neuromuscular junction,gained,,0.012789146197712
classes_divergence,5kb,10,TE_all / highest,GO:0033268,node of Ranvier,gained,,0.030242914464518
classes_divergence,5kb,10,TE_all / highest,GO:0033564,anterior/posterior axon guidance,gained,,0.0331511506152542
classes_divergence,5kb,10,TE_all / highest,GO:0034332,adherens junction organization,lost,0.0012368951008286,
classes_divergence,5kb,10,TE_all / highest,GO:0034702,monoatomic ion channel complex,gained,0.0447528589146046,4.570396095841886e-05
classes_divergence,5kb,10,TE_all / highest,GO:0034714,type III transforming growth factor beta receptor binding,gained,,0.0109790443046008
classes_divergence,5kb,10,TE_all / highest,GO:0035019,somatic stem cell population maintenance,gained,,0.0271286648413842
classes_divergence,5kb,10,TE_all / highest,GO:0035255,ionotropic glutamate receptor binding,gained,,0.0313978566250384
classes_divergence,5kb,10,TE_all / highest,GO:0035556,intracellular signal transduction,gained,,0.0450729567527862
classes_divergence,5kb,10,TE_all / highest,GO:0035914,skeletal muscle cell differentiation,lost,0.0102824725812403,
classes_divergence,5kb,10,TE_all / highest,GO:0035924,cellular response to vascular endothelial growth factor stimulus,gained,,0.0196982033892967
classes_divergence,5kb,10,TE_all / highest,GO:0036064,ciliary basal body,lost,0.0389258091114512,
classes_divergence,5kb,10,TE_all / highest,GO:0036486,ventral trunk neural crest cell migration,lost,0.0150061918700614,
classes_divergence,5kb,10,TE_all / highest,GO:0042391,regulation of membrane potential,gained,,0.0222646199660511
classes_divergence,5kb,10,TE_all / highest,GO:0042446,hormone biosynthetic process,gained,,0.0358423989448379
classes_divergence,5kb,10,TE_all / highest,GO:0042472,inner ear morphogenesis,lost,0.0105528589402816,
classes_divergence,5kb,10,TE_all / highest,GO:0042476,odontogenesis,gained,0.0387253840005209,0.0347214946403604
classes_divergence,5kb,10,TE_all / highest,GO:0042693,muscle cell fate commitment,lost,0.0006422691914597,
classes_divergence,5kb,10,TE_all / highest,GO:0043113,receptor clustering,lost,0.0349328105560063,
classes_divergence,5kb,10,TE_all / highest,GO:0043194,axon initial segment,gained,,0.0065294600242122
classes_divergence,5kb,10,TE_all / highest,GO:0043204,perikaryon,gained,,0.0003553784025116
classes_divergence,5kb,10,TE_all / highest,GO:0043235,receptor complex,gained,,0.0221416666660389
classes_divergence,5kb,10,TE_all / highest,GO:0043536,positive regulation of blood vessel endothelial cell migration,gained,,0.0271286648413842
classes_divergence,5kb,10,TE_all / highest,GO:0043537,negative regulation of blood vessel endothelial cell migration,gained,,0.0141448500001648
classes_divergence,5kb,10,TE_all / highest,GO:0044300,cerebellar mossy fiber,gained,,0.0316003358207984
classes_divergence,5kb,10,TE_all / highest,GO:0044325,transmembrane transporter binding,gained,,0.0011813926342202
classes_divergence,5kb,10,TE_all / highest,GO:0044331,cell-cell adhesion mediated by cadherin,lost,0.0150061918700614,
classes_divergence,5kb,10,TE_all / highest,GO:0045499,chemorepellent activity,gained,,0.0196982033892967
classes_divergence,5kb,10,TE_all / highest,GO:0045597,positive regulation of cell differentiation,lost,0.0051090961704888,
classes_divergence,5kb,10,TE_all / highest,GO:0045599,negative regulation of fat cell differentiation,gained,,0.0077482009579456
classes_divergence,5kb,10,TE_all / highest,GO:0045608,negative regulation of inner ear auditory receptor cell differentiation,lost,0.001710245838705,
classes_divergence,5kb,10,TE_all / highest,GO:0045663,positive regulation of myoblast differentiation,lost,0.0368060133950782,
classes_divergence,5kb,10,TE_all / highest,GO:0045665,negative regulation of neuron differentiation,lost,0.0056022345648758,
classes_divergence,5kb,10,TE_all / highest,GO:0045907,positive regulation of vasoconstriction,gained,,0.004205113312916
classes_divergence,5kb,10,TE_all / highest,GO:0048010,vascular endothelial growth factor receptor signaling pathway,gained,,0.0196982033892967
classes_divergence,5kb,10,TE_all / highest,GO:0048013,ephrin receptor signaling pathway,gained,,0.0093703498340265
classes_divergence,5kb,10,TE_all / highest,GO:0048018,receptor ligand activity,gained,,0.0100958961784658
classes_divergence,5kb,10,TE_all / highest,GO:0048103,somatic stem cell division,gained,,0.0146763233548434
classes_divergence,5kb,10,TE_all / highest,GO:0048167,regulation of synaptic plasticity,gained,,0.0004252501457244
classes_divergence,5kb,10,TE_all / highest,GO:0048168,regulation of neuronal synaptic plasticity,gained,,0.0495579423169574
classes_divergence,5kb,10,TE_all / highest,GO:0048286,lung alveolus development,lost,0.0043643486445684,
classes_divergence,5kb,10,TE_all / highest,GO:0048384,retinoic acid receptor signaling pathway,gained,,0.0191146296000062
classes_divergence,5kb,10,TE_all / highest,GO:0048565,digestive tract development,lost,0.0375755364709871,
classes_divergence,5kb,10,TE_all / highest,GO:0048665,neuron fate specification,lost,0.0074865260890949,
classes_divergence,5kb,10,TE_all / highest,GO:0048709,oligodendrocyte differentiation,lost,0.0039175051068884,
classes_divergence,5kb,10,TE_all / highest,GO:0048787,presynaptic active zone membrane,lost,0.0078984115030145,
classes_divergence,5kb,10,TE_all / highest,GO:0048813,dendrite morphogenesis,gained,,0.0347214946403604
classes_divergence,5kb,10,TE_all / highest,GO:0048844,artery morphogenesis,gained,,0.0495579423169574
classes_divergence,5kb,10,TE_all / highest,GO:0048846,axon extension involved in axon guidance,lost,0.0033608411662259,
classes_divergence,5kb,10,TE_all / highest,GO:0050431,transforming growth factor beta binding,gained,,0.0046815201266076
classes_divergence,5kb,10,TE_all / highest,GO:0050767,regulation of neurogenesis,lost,0.0178174114004887,
classes_divergence,5kb,10,TE_all / highest,GO:0050768,negative regulation of neurogenesis,gained,,0.0093666456793772
classes_divergence,5kb,10,TE_all / highest,GO:0050877,nervous system process,gained,0.048409434602242,0.0037763196179452
classes_divergence,5kb,10,TE_all / highest,GO:0050885,neuromuscular process controlling balance,gained,,0.0137911974226909
classes_divergence,5kb,10,TE_all / highest,GO:0051056,regulation of small GTPase mediated signal transduction,gained,,0.0078820560515299
classes_divergence,5kb,10,TE_all / highest,GO:0051145,smooth muscle cell differentiation,lost,0.0253205514256912,
classes_divergence,5kb,10,TE_all / highest,GO:0051321,meiotic cell cycle,gained,,0.0321357720113648
classes_divergence,5kb,10,TE_all / highest,GO:0051393,alpha-actinin binding,gained,,0.007259495840238
classes_divergence,5kb,10,TE_all / highest,GO:0051491,positive regulation of filopodium assembly,gained,,0.0070972216950713
classes_divergence,5kb,10,TE_all / highest,GO:0051781,positive regulation of cell division,gained,,0.015525740701018
classes_divergence,5kb,10,TE_all / highest,GO:0055085,transmembrane transport,gained,,0.0167306632836216
classes_divergence,5kb,10,TE_all / highest,GO:0055117,regulation of cardiac muscle contraction,gained,,0.0141448500001648
classes_divergence,5kb,10,TE_all / highest,GO:0060048,cardiac muscle contraction,lost,0.0242421316477419,
classes_divergence,5kb,10,TE_all / highest,GO:0060326,cell chemotaxis,gained,,0.0348569411074679
classes_divergence,5kb,10,TE_all / highest,GO:0060412,ventricular septum morphogenesis,gained,,0.0271286648413842
classes_divergence,5kb,10,TE_all / highest,GO:0060441,epithelial tube branching involved in lung morphogenesis,lost,0.0325415475937808,
classes_divergence,5kb,10,TE_all / highest,GO:0060638,mesenchymal-epithelial cell signaling,lost,0.0113183392800763,
classes_divergence,5kb,10,TE_all / highest,GO:0060997,dendritic spine morphogenesis,lost,0.0194634578221562,
classes_divergence,5kb,10,TE_all / highest,GO:0061549,sympathetic ganglion development,lost,0.0004425124913582,
classes_divergence,5kb,10,TE_all / highest,GO:0070021,transforming growth factor beta ligand-receptor complex,gained,,0.0070972216950713
classes_divergence,5kb,10,TE_all / highest,GO:0070161,anchoring junction,gained,,0.0205108633364173
classes_divergence,5kb,10,TE_all / highest,GO:0070166,enamel mineralization,gained,,0.0243112538320297
classes_divergence,5kb,10,TE_all / highest,GO:0070374,positive regulation of ERK1 and ERK2 cascade,gained,,0.0003553784025116
classes_divergence,5kb,10,TE_all / highest,GO:0070723,response to cholesterol,gained,,0.0238409757359347
classes_divergence,5kb,10,TE_all / highest,GO:0070888,E-box binding,lost,0.0211922726129406,
classes_divergence,5kb,10,TE_all / highest,GO:0071300,cellular response to retinoic acid,gained,,0.0024001804645649
classes_divergence,5kb,10,TE_all / highest,GO:0071385,cellular response to glucocorticoid stimulus,gained,,0.0060254039455891
classes_divergence,5kb,10,TE_all / highest,GO:0071944,cell periphery,gained,,0.0313384064104747
classes_divergence,5kb,10,TE_all / highest,GO:0086004,regulation of cardiac muscle cell contraction,lost,0.0389258091114512,
classes_divergence,5kb,10,TE_all / highest,GO:0086091,regulation of heart rate by cardiac conduction,gained,0.0073221812705815,0.0440074811938917
classes_divergence,5kb,10,TE_all / highest,GO:0090103,cochlea morphogenesis,lost,0.0349328105560063,
classes_divergence,5kb,10,TE_all / highest,GO:0097110,scaffold protein binding,gained,,0.0166178598441907
classes_divergence,5kb,10,TE_all / highest,GO:0097491,sympathetic neuron projection guidance,lost,0.0424402704392935,
classes_divergence,5kb,10,TE_all / highest,GO:0098631,cell adhesion mediator activity,gained,,0.0461639238666885
classes_divergence,5kb,10,TE_all / highest,GO:0098632,cell-cell adhesion mediator activity,gained,,0.0006632182263556
classes_divergence,5kb,10,TE_all / highest,GO:0098688,parallel fiber to Purkinje cell synapse,gained,,0.0065294600242122
classes_divergence,5kb,10,TE_all / highest,GO:0098793,presynapse,gained,,3.720945293825509e-05
classes_divergence,5kb,10,TE_all / highest,GO:0098976,excitatory chemical synaptic transmission,gained,,0.0358423989448379
classes_divergence,5kb,10,TE_all / highest,GO:0098990,AMPA selective glutamate receptor signaling pathway,gained,,0.0331511506152542
classes_divergence,5kb,10,TE_all / highest,GO:0099054,presynapse assembly,lost,0.000673570756405,
classes_divergence,5kb,10,TE_all / highest,GO:0099149,regulation of postsynaptic neurotransmitter receptor internalization,lost,0.0286075934345353,
classes_divergence,5kb,10,TE_all / highest,GO:0099171,presynaptic modulation of chemical synaptic transmission,gained,,0.0196982033892967
classes_divergence,5kb,10,TE_all / highest,GO:1900748,positive regulation of vascular endothelial growth factor signaling pathway,gained,,0.0169907712866849
classes_divergence,5kb,10,TE_all / highest,GO:1901166,neural crest cell migration involved in autonomic nervous system development,lost,0.0214773433190178,
classes_divergence,5kb,10,TE_all / highest,GO:1901379,regulation of potassium ion transmembrane transport,gained,,0.0196982033892967
classes_divergence,5kb,10,TE_all / highest,GO:1903779,regulation of cardiac conduction,gained,,0.0008043678891642
classes_divergence,5kb,10,TE_all / highest,GO:1904861,excitatory synapse assembly,gained,,0.0065294600242122
classes_divergence,5kb,10,TE_all / highest,GO:2000147,positive regulation of cell motility,gained,,0.0100117152218383
classes_divergence,5kb,10,TE_all / highest,GO:2000463,positive regulation of excitatory postsynaptic potential,gained,,0.045811800907006
classes_divergence,5kb,10,TE_all / highest,GO:2000609,regulation of thyroid hormone generation,gained,,0.0109790443046008
classes_divergence,5kb,10,TE_all / highest,GO:2000974,negative regulation of pro-B cell differentiation,lost,0.0150061918700614,
classes_divergence,5kb,10,TE_all / highest,GO:2001016,positive regulation of skeletal muscle cell differentiation,lost,0.0150061918700614,
classes_divergence,5kb,10,TE_all / lowest,GO:0000981,"DNA-binding transcription factor activity, RNA polymerase II-specific",lost,0.0097976104898631,0.026413045778959
classes_divergence,5kb,10,TE_all / lowest,GO:0002181,cytoplasmic translation,gained,,0.0048739724233304
classes_divergence,5kb,10,TE_all / lowest,GO:0003735,structural constituent of ribosome,gained,,0.0105438601156414
classes_divergence,5kb,10,TE_all / lowest,GO:0005739,mitochondrion,gained,6.382649443205043e-07,0.0072737885165532
classes_divergence,5kb,10,TE_all / lowest,GO:0005743,mitochondrial inner membrane,gained,0.0103755278090756,0.0458575294688245
classes_divergence,5kb,10,TE_all / lowest,GO:0007165,signal transduction,lost,0.0471934815125152,2.691586445265376e-09
classes_divergence,5kb,10,TE_all / lowest,GO:0009897,external side of plasma membrane,gained,,0.0458575294688245
classes_divergence,5kb,10,TE_all / lowest,GO:0019843,rRNA binding,lost,0.0437291772792879,
classes_divergence,5kb,10,TE_all / lowest,GO:0022626,cytosolic ribosome,gained,,0.0048739724233304
classes_divergence,5kb,10,TE_all / lowest,GO:0031012,extracellular matrix,gained,2.583294680254048e-05,0.0317569629492769
classes_divergence,5kb,10,TE_all / lowest,GO:0070161,anchoring junction,gained,,0.0205108633364173
classes_divergence,5kb,10,TE_all / lowest,GO:0097368,establishment of Sertoli cell barrier,lost,0.0416963523024743,
classes_divergence,10kb,10,DNA / highest,GO:0005886,plasma membrane,gained,0.0020098291392366,9.031039204816413e-08
classes_divergence,10kb,10,LINE / highest,GO:0004879,nuclear receptor activity,gained,,0.0010541456757114
classes_divergence,10kb,10,LINE / highest,GO:0004930,G protein-coupled receptor activity,gained,5.4943254746443614e-11,1.5702426743967398e-10
classes_divergence,10kb,10,LINE / highest,GO:0004984,olfactory receptor activity,gained,6.846102116475155e-08,2.99421856787544e-07
classes_divergence,10kb,10,LINE / highest,GO:0005737,cytoplasm,gained,0.0054066638312344,0.0010432652448754
classes_divergence,10kb,10,LINE / highest,GO:0005886,plasma membrane,gained,0.0020098291392366,9.031039204816413e-08
classes_divergence,10kb,10,LINE / highest,GO:0006811,monoatomic ion transport,gained,0.0003381305594441,1.197521636931666e-06
classes_divergence,10kb,10,LINE / highest,GO:0007608,sensory perception of smell,gained,3.009449886920615e-07,2.4445956917531804e-06
classes_divergence,10kb,10,LINE / highest,GO:0030020,extracellular matrix structural constituent conferring tensile strength,lost,0.0449876856783626,0.0010588732060434
classes_divergence,10kb,10,LINE / highest,GO:0030154,cell differentiation,gained,1.9214121598908533e-07,1.2554445966038774e-09
classes_divergence,10kb,10,LINE / highest,GO:0030424,axon,gained,3.113445999394676e-06,7.747211606182374e-09
classes_divergence,10kb,10,LINE / highest,GO:0030425,dendrite,gained,1.0783438781833794e-09,3.02826416251801e-16
classes_divergence,10kb,10,LINE / highest,GO:0034220,monoatomic ion transmembrane transport,gained,0.0004584180040476,1.045118208984882e-07
classes_divergence,10kb,10,LINE / highest,GO:0042802,identical protein binding,gained,,0.0123326307621873
classes_divergence,10kb,10,LINE / highest,GO:0043005,neuron projection,gained,0.0023025581939503,1.4446057962097986e-09
classes_divergence,10kb,10,LINE / highest,GO:0043025,neuronal cell body,gained,4.54333461621901e-07,2.2099080492461185e-07
classes_divergence,10kb,10,LINE / highest,GO:0045202,synapse,gained,4.3055662943064656e-10,1.8372490625575962e-19
classes_divergence,10kb,10,LINE / highest,GO:0050808,synapse organization,gained,5.684959971242552e-05,8.42448531276096e-06
classes_divergence,10kb,10,LINE / highest,GO:0050911,detection of chemical stimulus involved in sensory perception of smell,gained,7.256647507355085e-08,3.176444663394006e-07
classes_divergence,10kb,10,LINE / highest,GO:0098609,cell-cell adhesion,gained,0.0003709339357133,3.9780936048263696e-05
classes_divergence,10kb,10,LINE / highest,GO:0098978,glutamatergic synapse,gained,2.2850322437886437e-08,1.7317284766673941e-13
classes_divergence,10kb,10,LINE / highest,GO:1990573,potassium ion import across plasma membrane,gained,0.0232534106102955,0.0010541456757114
classes_divergence,10kb,10,LINE / lowest,GO:0005549,odorant binding,gained,,0.0196504387007735
classes_divergence,10kb,10,LINE / lowest,GO:0005634,nucleus,gained,1.816572568701226e-07,2.5718485169111813e-24
classes_divergence,10kb,10,LINE / lowest,GO:0005856,cytoskeleton,gained,,0.0091050943159943
classes_divergence,10kb,10,LINE / lowest,GO:0005911,cell-cell junction,gained,,0.015053027183556
classes_divergence,10kb,10,LINE / lowest,GO:0006721,terpenoid metabolic process,lost,0.0074601121596022,
classes_divergence,10kb,10,LINE / lowest,GO:0006974,DNA damage response,gained,0.0076591928134944,3.903213692736562e-07
classes_divergence,10kb,10,LINE / lowest,GO:0007165,signal transduction,gained,0.0471934815125152,1.8532749631980844e-05
classes_divergence,10kb,10,LINE / lowest,GO:0015031,protein transport,lost,0.005275439267699,7.891109962150306e-06
classes_divergence,10kb,10,LINE / lowest,GO:0030027,lamellipodium,gained,,0.0465267391473858
classes_divergence,10kb,10,LINE / lowest,GO:0030036,actin cytoskeleton organization,gained,,0.0384128719087279
classes_divergence,10kb,10,LINE / lowest,GO:0032991,protein-containing complex,gained,,0.0465267391473858
classes_divergence,10kb,10,LINE / lowest,GO:0045095,keratin filament,gained,,0.0060291556650524
classes_divergence,10kb,10,LINE / lowest,GO:0045202,synapse,gained,4.3055662943064656e-10,1.8372490625575962e-19
classes_divergence,10kb,10,LINE / lowest,GO:0098793,presynapse,gained,,0.0292424305722274
classes_divergence,10kb,10,LINE / lowest,GO:0098794,postsynapse,gained,0.0074865260890949,0.0129777300524066
classes_divergence,10kb,10,LTR / highest,GO:0016339,calcium-dependent cell-cell adhesion,lost,0.0102824725812403,0.000213341849457
classes_divergence,10kb,10,LTR / lowest,GO:0005739,mitochondrion,gained,6.382649443205043e-07,3.985679435743618e-05
classes_divergence,10kb,10,LTR / lowest,GO:0006629,lipid metabolic process,gained,,0.0431365581602632
classes_divergence,10kb,10,LTR / lowest,GO:0016712,"oxidoreductase activity, acting on paired donors, with incorporation or reduction of molecular oxygen, reduced flavin or flavoprotein as one donor, and incorporation of one atom of oxygen",lost,0.0393441845290895,
classes_divergence,10kb,10,SINE / highest,GO:0000049,tRNA binding,gained,,0.0444949529264835
classes_divergence,10kb,10,SINE / highest,GO:0000398,"mRNA splicing, via spliceosome",gained,,0.0029734884588848
classes_divergence,10kb,10,SINE / highest,GO:0000775,"chromosome, centromeric region",gained,,0.0171794700066863
classes_divergence,10kb,10,SINE / highest,GO:0000781,"chromosome, telomeric region",gained,,0.0184252946203972
classes_divergence,10kb,10,SINE / highest,GO:0000785,chromatin,gained,6.52008110897948e-08,1.3682409873831454e-07
classes_divergence,10kb,10,SINE / highest,GO:0003129,heart induction,lost,0.0450376356963534,
classes_divergence,10kb,10,SINE / highest,GO:0003197,endocardial cushion development,lost,0.0288721192329733,0.0088621223536324
classes_divergence,10kb,10,SINE / highest,GO:0003198,epithelial to mesenchymal transition involved in endocardial cushion formation,lost,0.0042641106672605,
classes_divergence,10kb,10,SINE / highest,GO:0003676,nucleic acid binding,gained,,0.0188540201249848
classes_divergence,10kb,10,SINE / highest,GO:0003707,nuclear steroid receptor activity,gained,,0.0052893636758496
classes_divergence,10kb,10,SINE / highest,GO:0003729,mRNA binding,gained,,0.0053287543931179
classes_divergence,10kb,10,SINE / highest,GO:0003735,structural constituent of ribosome,gained,,0.0019881596959025
classes_divergence,10kb,10,SINE / highest,GO:0004867,serine-type endopeptidase inhibitor activity,gained,,0.0052804376105497
classes_divergence,10kb,10,SINE / highest,GO:0004879,nuclear receptor activity,gained,,0.0010541456757114
classes_divergence,10kb,10,SINE / highest,GO:0004935,adrenergic receptor activity,lost,0.0068143903447191,
classes_divergence,10kb,10,SINE / highest,GO:0004938,alpha2-adrenergic receptor activity,lost,0.0193189603057163,
classes_divergence,10kb,10,SINE / highest,GO:0004970,glutamate-gated receptor activity,gained,1.456061409037476e-06,9.432721035061188e-05
classes_divergence,10kb,10,SINE / highest,GO:0005201,extracellular matrix structural constituent,gained,0.012419157753178,0.0177044176938829
classes_divergence,10kb,10,SINE / highest,GO:0005509,calcium ion binding,gained,0.0056629675313879,4.657060554096458e-07
classes_divergence,10kb,10,SINE / highest,GO:0005515,protein binding,gained,0.0008154057211825,0.000162355542208
classes_divergence,10kb,10,SINE / highest,GO:0005525,GTP binding,gained,,0.0252338519291515
classes_divergence,10kb,10,SINE / highest,GO:0005549,odorant binding,gained,,0.0196504387007735
classes_divergence,10kb,10,SINE / highest,GO:0005681,spliceosomal complex,gained,,0.0116396845368699
classes_divergence,10kb,10,SINE / highest,GO:0005694,chromosome,gained,,0.0009693606690385
classes_divergence,10kb,10,SINE / highest,GO:0005765,lysosomal membrane,gained,,0.0025489907574597
classes_divergence,10kb,10,SINE / highest,GO:0005783,endoplasmic reticulum,gained,,0.0326734236293435
classes_divergence,10kb,10,SINE / highest,GO:0005813,centrosome,lost,0.0153115104766402,
classes_divergence,10kb,10,SINE / highest,GO:0005840,ribosome,gained,,0.0011326316845039
classes_divergence,10kb,10,SINE / highest,GO:0005901,caveola,gained,,0.0066088652205246
classes_divergence,10kb,10,SINE / highest,GO:0006281,DNA repair,gained,,6.206184698084272e-06
classes_divergence,10kb,10,SINE / highest,GO:0006364,rRNA processing,gained,,0.0088817956809389
classes_divergence,10kb,10,SINE / highest,GO:0006417,regulation of translation,gained,,0.0078651964462316
classes_divergence,10kb,10,SINE / highest,GO:0006511,ubiquitin-dependent protein catabolic process,gained,,0.0057376825748705
classes_divergence,10kb,10,SINE / highest,GO:0006955,immune response,gained,,0.0175749685682018
classes_divergence,10kb,10,SINE / highest,GO:0007043,cell-cell junction assembly,gained,0.0487675166683113,0.0252338519291515
classes_divergence,10kb,10,SINE / highest,GO:0007154,cell communication,gained,,0.0252784799138363
classes_divergence,10kb,10,SINE / highest,GO:0007156,homophilic cell-cell adhesion,gained,,0.0026742365812199
classes_divergence,10kb,10,SINE / highest,GO:0007162,negative regulation of cell adhesion,gained,,0.0450143181887659
classes_divergence,10kb,10,SINE / highest,GO:0007283,spermatogenesis,gained,,0.0129414400998772
classes_divergence,10kb,10,SINE / highest,GO:0007416,synapse assembly,gained,0.0016533202857237,8.242324932812224e-05
classes_divergence,10kb,10,SINE / highest,GO:0007422,peripheral nervous system development,gained,0.0191830848575474,0.0072254326858651
classes_divergence,10kb,10,SINE / highest,GO:0007507,heart development,lost,0.0449657896247861,0.027984701239453
classes_divergence,10kb,10,SINE / highest,GO:0008045,motor neuron axon guidance,gained,0.0004584180040476,0.0226340721226783
classes_divergence,10kb,10,SINE / highest,GO:0010001,glial cell differentiation,gained,,0.0016838691798647
classes_divergence,10kb,10,SINE / highest,GO:0010628,positive regulation of gene expression,gained,,0.0004752540511388
classes_divergence,10kb,10,SINE / highest,GO:0014069,postsynaptic density,gained,0.0020142308354062,2.617848345738484e-07
classes_divergence,10kb,10,SINE / highest,GO:0014704,intercalated disc,lost,0.0028627329746098,0.0088817956809389
classes_divergence,10kb,10,SINE / highest,GO:0015031,protein transport,gained,0.005275439267699,7.891109962150306e-06
classes_divergence,10kb,10,SINE / highest,GO:0015271,outward rectifier potassium channel activity,gained,,0.0345094603588439
classes_divergence,10kb,10,SINE / highest,GO:0016020,membrane,lost,0.0096693669586165,0.0057146585476023
classes_divergence,10kb,10,SINE / highest,GO:0016339,calcium-dependent cell-cell adhesion,gained,0.0102824725812403,0.000213341849457
classes_divergence,10kb,10,SINE / highest,GO:0016342,catenin complex,gained,0.0030953531730312,1.9287632924287182e-05
classes_divergence,10kb,10,SINE / highest,GO:0016787,hydrolase activity,gained,,0.0027096689865294
classes_divergence,10kb,10,SINE / highest,GO:0016887,ATP hydrolysis activity,gained,,0.005921232455133
classes_divergence,10kb,10,SINE / highest,GO:0017154,semaphorin receptor activity,gained,0.0040330915606156,0.000115799369067
classes_divergence,10kb,10,SINE / highest,GO:0017158,regulation of calcium ion-dependent exocytosis,gained,,0.0252338519291515
classes_divergence,10kb,10,SINE / highest,GO:0019966,interleukin-1 binding,lost,0.0271616621538594,
classes_divergence,10kb,10,SINE / highest,GO:0021527,spinal cord association neuron differentiation,lost,0.0288721192329733,0.0012293887907042
classes_divergence,10kb,10,SINE / highest,GO:0021766,hippocampus development,lost,0.0286075934345353,0.0078637285505466
classes_divergence,10kb,10,SINE / highest,GO:0022008,neurogenesis,lost,0.0074664313788548,0.013470293274544
classes_divergence,10kb,10,SINE / highest,GO:0022626,cytosolic ribosome,gained,,0.0387817850691781
classes_divergence,10kb,10,SINE / highest,GO:0030182,neuron differentiation,gained,0.0063426765905975,4.489101879218111e-05
classes_divergence,10kb,10,SINE / highest,GO:0030280,structural constituent of skin epidermis,gained,,7.522318862194297e-05
classes_divergence,10kb,10,SINE / highest,GO:0030335,positive regulation of cell migration,lost,0.0453517743920296,
classes_divergence,10kb,10,SINE / highest,GO:0030534,adult behavior,gained,,0.0496079113713062
classes_divergence,10kb,10,SINE / highest,GO:0030916,otic vesicle formation,gained,,0.0191342719069565
classes_divergence,10kb,10,SINE / highest,GO:0031069,hair follicle morphogenesis,gained,,0.0174310879071057
classes_divergence,10kb,10,SINE / highest,GO:0031625,ubiquitin protein ligase binding,gained,,0.0439241036512142
classes_divergence,10kb,10,SINE / highest,GO:0031966,mitochondrial membrane,gained,,0.0042949329064204
classes_divergence,10kb,10,SINE / highest,GO:0032590,dendrite membrane,lost,0.0039175051068884,0.0036206643253285
classes_divergence,10kb,10,SINE / highest,GO:0032811,negative regulation of epinephrine secretion,gained,,0.0294421316891585
classes_divergence,10kb,10,SINE / highest,GO:0034056,estrogen response element binding,gained,,0.0275120420819033
classes_divergence,10kb,10,SINE / highest,GO:0034332,adherens junction organization,gained,0.0012368951008286,0.0016478552528359
classes_divergence,10kb,10,SINE / highest,GO:0035116,embryonic hindlimb morphogenesis,lost,0.0016754028270585,0.0177373203039293
classes_divergence,10kb,10,SINE / highest,GO:0035176,social behavior,gained,0.0004900824516218,0.0022645066087111
classes_divergence,10kb,10,SINE / highest,GO:0035295,tube development,gained,,0.011913322549635
classes_divergence,10kb,10,SINE / highest,GO:0038023,signaling receptor activity,gained,0.001547961489094,6.206184698084272e-06
classes_divergence,10kb,10,SINE / highest,GO:0043113,receptor clustering,lost,0.0349328105560063,
classes_divergence,10kb,10,SINE / highest,GO:0043194,axon initial segment,gained,,0.0011060986639025
classes_divergence,10kb,10,SINE / highest,GO:0043204,perikaryon,gained,,1.9168923548339757e-05
classes_divergence,10kb,10,SINE / highest,GO:0043235,receptor complex,gained,,0.0134279987480141
classes_divergence,10kb,10,SINE / highest,GO:0044325,transmembrane transporter binding,gained,,0.0015381966795845
classes_divergence,10kb,10,SINE / highest,GO:0044331,cell-cell adhesion mediated by cadherin,gained,0.0150061918700614,0.0078109395269953
classes_divergence,10kb,10,SINE / highest,GO:0045095,keratin filament,gained,,0.0060291556650524
classes_divergence,10kb,10,SINE / highest,GO:0045109,intermediate filament organization,gained,,0.001493260596706
classes_divergence,10kb,10,SINE / highest,GO:0045165,cell fate commitment,gained,4.742797859828515e-05,9.183700910284148e-08
classes_divergence,10kb,10,SINE / highest,GO:0045608,negative regulation of inner ear auditory receptor cell differentiation,gained,0.001710245838705,0.0088817956809389
classes_divergence,10kb,10,SINE / highest,GO:0045665,negative regulation of neuron differentiation,gained,0.0056022345648758,0.0380605439434593
classes_divergence,10kb,10,SINE / highest,GO:0045893,positive regulation of DNA-templated transcription,lost,0.0022002884593227,
classes_divergence,10kb,10,SINE / highest,GO:0048513,animal organ development,gained,3.993194479367038e-05,1.657284344787796e-05
classes_divergence,10kb,10,SINE / highest,GO:0048709,oligodendrocyte differentiation,gained,0.0039175051068884,0.0036206643253285
classes_divergence,10kb,10,SINE / highest,GO:0048731,system development,gained,0.0105528589402816,0.0089986148218978
classes_divergence,10kb,10,SINE / highest,GO:0048787,presynaptic active zone membrane,lost,0.0078984115030145,0.0331541225914076
classes_divergence,10kb,10,SINE / highest,GO:0048813,dendrite morphogenesis,gained,,0.0411052822941019
classes_divergence,10kb,10,SINE / highest,GO:0050772,positive regulation of axonogenesis,lost,0.048409434602242,
classes_divergence,10kb,10,SINE / highest,GO:0050877,nervous system process,lost,0.048409434602242,
classes_divergence,10kb,10,SINE / highest,GO:0050919,negative chemotaxis,lost,0.0001682346104449,0.0250411468833569
classes_divergence,10kb,10,SINE / highest,GO:0050925,negative regulation of negative chemotaxis,lost,0.0193189603057163,
classes_divergence,10kb,10,SINE / highest,GO:0051301,cell division,gained,,0.0456403210322819
classes_divergence,10kb,10,SINE / highest,GO:0051321,meiotic cell cycle,gained,,0.0388181927900964
classes_divergence,10kb,10,SINE / highest,GO:0051480,regulation of cytosolic calcium ion concentration,gained,,0.0100154142046086
classes_divergence,10kb,10,SINE / highest,GO:0055007,cardiac muscle cell differentiation,lost,0.0129325523544084,
classes_divergence,10kb,10,SINE / highest,GO:0055008,cardiac muscle tissue morphogenesis,gained,,0.000115799369067
classes_divergence,10kb,10,SINE / highest,GO:0060074,synapse maturation,gained,,0.0276324678021199
classes_divergence,10kb,10,SINE / highest,GO:0060076,excitatory synapse,gained,0.0055572965132297,0.0061612818930483
classes_divergence,10kb,10,SINE / highest,GO:0060113,inner ear receptor cell differentiation,gained,,0.0436091675434091
classes_divergence,10kb,10,SINE / highest,GO:0060412,ventricular septum morphogenesis,gained,,0.0078109395269953
classes_divergence,10kb,10,SINE / highest,GO:0060413,atrial septum morphogenesis,lost,0.0359139906159305,
classes_divergence,10kb,10,SINE / highest,GO:0060996,dendritic spine development,gained,,0.0005474525871368
classes_divergence,10kb,10,SINE / highest,GO:0062009,secondary palate development,lost,0.0055572965132297,0.0022466784669052
classes_divergence,10kb,10,SINE / highest,GO:0070374,positive regulation of ERK1 and ERK2 cascade,gained,,0.0003203688586404
classes_divergence,10kb,10,SINE / highest,GO:0071526,semaphorin-plexin signaling pathway,lost,0.0027767262705898,0.0088817956809389
classes_divergence,10kb,10,SINE / highest,GO:0071625,vocalization behavior,gained,6.0877050583969095e-05,8.889223055382418e-05
classes_divergence,10kb,10,SINE / highest,GO:0086004,regulation of cardiac muscle cell contraction,lost,0.0389258091114512,
classes_divergence,10kb,10,SINE / highest,GO:0086091,regulation of heart rate by cardiac conduction,lost,0.0073221812705815,0.001365666848255
classes_divergence,10kb,10,SINE / highest,GO:0098609,cell-cell adhesion,gained,0.0003709339357133,3.9780936048263696e-05
classes_divergence,10kb,10,SINE / highest,GO:0098632,cell-cell adhesion mediator activity,gained,,0.0301640069090278
classes_divergence,10kb,10,SINE / highest,GO:0099054,presynapse assembly,gained,0.000673570756405,0.0022466784669052
classes_divergence,10kb,10,SINE / highest,GO:0099560,synaptic membrane adhesion,gained,,0.0227538202110951
classes_divergence,10kb,10,SINE / highest,GO:0160001,extrasynaptic signaling via GABA,lost,0.0450376356963534,
classes_divergence,10kb,10,SINE / highest,GO:1901379,regulation of potassium ion transmembrane transport,gained,,0.0057545886593073
classes_divergence,10kb,10,SINE / highest,GO:1903779,regulation of cardiac conduction,gained,,0.0252338519291515
classes_divergence,10kb,10,SINE / highest,GO:1904861,excitatory synapse assembly,gained,,0.0436091675434091
classes_divergence,10kb,10,SINE / lowest,GO:0003677,DNA binding,gained,0.0003926277240233,1.6422872858704072e-08
classes_divergence,10kb,10,SINE / lowest,GO:0005515,protein binding,lost,0.0008154057211825,0.000162355542208
classes_divergence,10kb,10,SINE / lowest,GO:0005576,extracellular region,gained,0.0079459710176169,5.318633344751942e-07
classes_divergence,10kb,10,SINE / lowest,GO:0005615,extracellular space,gained,0.0347279408745699,2.2510477767337107e-06
classes_divergence,10kb,10,SINE / lowest,GO:0005634,nucleus,gained,1.816572568701226e-07,2.5718485169111813e-24
classes_divergence,10kb,10,SINE / lowest,GO:0005654,nucleoplasm,gained,1.1217882003284322e-05,1.6080268804720326e-12
classes_divergence,10kb,10,SINE / lowest,GO:0005886,plasma membrane,gained,0.0020098291392366,9.031039204816413e-08
classes_divergence,10kb,10,SINE / lowest,GO:0006355,regulation of DNA-templated transcription,gained,2.7630891993501e-06,3.674764989876582e-10
classes_divergence,10kb,10,SINE / lowest,GO:0006935,chemotaxis,gained,,0.0417085015719536
classes_divergence,10kb,10,SINE / lowest,GO:0006955,immune response,gained,,0.0175749685682018
classes_divergence,10kb,10,SINE / lowest,GO:0016020,membrane,gained,0.0096693669586165,0.0057146585476023
classes_divergence,10kb,10,SINE / lowest,GO:0062072,histone H3K9me2/3 reader activity,gained,,0.0437119931058529
classes_divergence,10kb,10,SINE / lowest,GO:0070062,extracellular exosome,lost,0.0008154057211825,0.0095481836056366
classes_divergence,10kb,10,TE_all / highest,GO:0000122,negative regulation of transcription by RNA polymerase II,gained,,0.0487633619830417
classes_divergence,10kb,10,TE_all / highest,GO:0000166,nucleotide binding,gained,0.0102516686075325,0.0199964086201786
classes_divergence,10kb,10,TE_all / highest,GO:0000398,"mRNA splicing, via spliceosome",gained,,0.0029734884588848
classes_divergence,10kb,10,TE_all / highest,GO:0000775,"chromosome, centromeric region",gained,,0.0171794700066863
classes_divergence,10kb,10,TE_all / highest,GO:0000977,RNA polymerase II transcription regulatory region sequence-specific DNA binding,lost,0.0103755278090756,
classes_divergence,10kb,10,TE_all / highest,GO:0001508,action potential,gained,0.0033738938647983,0.0072331468232675
classes_divergence,10kb,10,TE_all / highest,GO:0001525,angiogenesis,gained,,0.001994315438822
classes_divergence,10kb,10,TE_all / highest,GO:0001569,branching involved in blood vessel morphogenesis,gained,,0.010286384536822
classes_divergence,10kb,10,TE_all / highest,GO:0001657,ureteric bud development,gained,,0.0295211888777246
classes_divergence,10kb,10,TE_all / highest,GO:0002009,morphogenesis of an epithelium,gained,,0.0454591069612845
classes_divergence,10kb,10,TE_all / highest,GO:0002181,cytoplasmic translation,gained,,0.0084539749357431
classes_divergence,10kb,10,TE_all / highest,GO:0003148,outflow tract septum morphogenesis,gained,3.201060701602836e-05,0.0010499262417856
classes_divergence,10kb,10,TE_all / highest,GO:0003338,metanephros morphogenesis,lost,0.0424402704392935,
classes_divergence,10kb,10,TE_all / highest,GO:0003707,nuclear steroid receptor activity,gained,,0.0052893636758496
classes_divergence,10kb,10,TE_all / highest,GO:0003735,structural constituent of ribosome,gained,,0.0019881596959025
classes_divergence,10kb,10,TE_all / highest,GO:0004720,protein-lysine 6-oxidase activity,gained,,0.0294421316891585
classes_divergence,10kb,10,TE_all / highest,GO:0004843,cysteine-type deubiquitinase activity,gained,,0.0220075169763978
classes_divergence,10kb,10,TE_all / highest,GO:0004879,nuclear receptor activity,gained,,0.0010541456757114
classes_divergence,10kb,10,TE_all / highest,GO:0004971,AMPA glutamate receptor activity,lost,0.0113183392800763,
classes_divergence,10kb,10,TE_all / highest,GO:0005001,transmembrane receptor protein tyrosine phosphatase activity,gained,,0.0454399219515486
classes_divergence,10kb,10,TE_all / highest,GO:0005005,transmembrane-ephrin receptor activity,gained,,0.0222689904890465
classes_divergence,10kb,10,TE_all / highest,GO:0005102,signaling receptor binding,gained,,0.0341092020875821
classes_divergence,10kb,10,TE_all / highest,GO:0005230,extracellular ligand-gated monoatomic ion channel activity,lost,0.0403240407188117,0.0386343346178711
classes_divergence,10kb,10,TE_all / highest,GO:0005251,delayed rectifier potassium channel activity,gained,0.0227525818542981,0.029313366795318
classes_divergence,10kb,10,TE_all / highest,GO:0005581,collagen trimer,gained,,0.0026426946867813
classes_divergence,10kb,10,TE_all / highest,GO:0005634,nucleus,gained,1.816572568701226e-07,2.5718485169111813e-24
classes_divergence,10kb,10,TE_all / highest,GO:0005654,nucleoplasm,gained,1.1217882003284322e-05,1.6080268804720326e-12
classes_divergence,10kb,10,TE_all / highest,GO:0005681,spliceosomal complex,gained,,0.0116396845368699
classes_divergence,10kb,10,TE_all / highest,GO:0005694,chromosome,gained,,0.0009693606690385
classes_divergence,10kb,10,TE_all / highest,GO:0005730,nucleolus,gained,1.058521726180462e-05,0.0068743795428607
classes_divergence,10kb,10,TE_all / highest,GO:0005765,lysosomal membrane,gained,,0.0025489907574597
classes_divergence,10kb,10,TE_all / highest,GO:0005840,ribosome,gained,,0.0011326316845039
classes_divergence,10kb,10,TE_all / highest,GO:0005891,voltage-gated calcium channel complex,gained,,0.0227538202110951
classes_divergence,10kb,10,TE_all / highest,GO:0005901,caveola,gained,,0.0066088652205246
classes_divergence,10kb,10,TE_all / highest,GO:0005954,calcium- and calmodulin-dependent protein kinase complex,gained,,0.0294421316891585
classes_divergence,10kb,10,TE_all / highest,GO:0006281,DNA repair,gained,,6.206184698084272e-06
classes_divergence,10kb,10,TE_all / highest,GO:0006357,regulation of transcription by RNA polymerase II,lost,0.0008737374280665,0.000385242331742
classes_divergence,10kb,10,TE_all / highest,GO:0006364,rRNA processing,gained,,0.0088817956809389
classes_divergence,10kb,10,TE_all / highest,GO:0006397,mRNA processing,gained,,0.0029734884588848
classes_divergence,10kb,10,TE_all / highest,GO:0006457,protein folding,gained,0.022106579611822,0.0036206643253285
classes_divergence,10kb,10,TE_all / highest,GO:0006511,ubiquitin-dependent protein catabolic process,gained,,0.0057376825748705
classes_divergence,10kb,10,TE_all / highest,GO:0007030,Golgi organization,gained,,0.0294066155383314
classes_divergence,10kb,10,TE_all / highest,GO:0007043,cell-cell junction assembly,lost,0.0487675166683113,0.0252338519291515
classes_divergence,10kb,10,TE_all / highest,GO:0007156,homophilic cell-cell adhesion,gained,,0.0026742365812199
classes_divergence,10kb,10,TE_all / highest,GO:0007157,heterophilic cell-cell adhesion,gained,,0.0174741407083673
classes_divergence,10kb,10,TE_all / highest,GO:0007162,negative regulation of cell adhesion,gained,,0.0450143181887659
classes_divergence,10kb,10,TE_all / highest,GO:0007169,cell surface receptor protein tyrosine kinase signaling pathway,gained,,0.0052893636758496
classes_divergence,10kb,10,TE_all / highest,GO:0007186,G protein-coupled receptor signaling pathway,gained,6.351382054234928e-10,0.0098231420346653
classes_divergence,10kb,10,TE_all / highest,GO:0007193,adenylate cyclase-inhibiting G protein-coupled receptor signaling pathway,gained,,0.0127036987677175
classes_divergence,10kb,10,TE_all / highest,GO:0007200,phospholipase C-activating G protein-coupled receptor signaling pathway,gained,,0.0472469034842055
classes_divergence,10kb,10,TE_all / highest,GO:0007219,Notch signaling pathway,gained,,0.0172268502311312
classes_divergence,10kb,10,TE_all / highest,GO:0007386,compartment pattern specification,lost,0.0424402704392935,
classes_divergence,10kb,10,TE_all / highest,GO:0007409,axonogenesis,gained,0.0004844862085318,0.0202833030228159
classes_divergence,10kb,10,TE_all / highest,GO:0007417,central nervous system development,gained,,0.02736002301222
classes_divergence,10kb,10,TE_all / highest,GO:0007519,skeletal muscle tissue development,lost,0.0399612422533444,
classes_divergence,10kb,10,TE_all / highest,GO:0007528,neuromuscular junction development,gained,,0.0010588732060434
classes_divergence,10kb,10,TE_all / highest,GO:0007614,short-term memory,gained,,0.0215233646034939
classes_divergence,10kb,10,TE_all / highest,GO:0008016,regulation of heart contraction,gained,,0.0001058236572418
classes_divergence,10kb,10,TE_all / highest,GO:0008033,tRNA processing,gained,,0.0032891307122791
classes_divergence,10kb,10,TE_all / highest,GO:0008201,heparin binding,lost,0.0265096813495381,0.0225596336004547
classes_divergence,10kb,10,TE_all / highest,GO:0008380,RNA splicing,gained,,0.000385242331742
classes_divergence,10kb,10,TE_all / highest,GO:0008544,epidermis development,gained,0.0459967992351171,0.0239907107898813
classes_divergence,10kb,10,TE_all / highest,GO:0010001,glial cell differentiation,gained,,0.0016838691798647
classes_divergence,10kb,10,TE_all / highest,GO:0010628,positive regulation of gene expression,gained,,0.0004752540511388
classes_divergence,10kb,10,TE_all / highest,GO:0010718,positive regulation of epithelial to mesenchymal transition,gained,,0.0234711558372348
classes_divergence,10kb,10,TE_all / highest,GO:0014704,intercalated disc,gained,0.0028627329746098,0.0088817956809389
classes_divergence,10kb,10,TE_all / highest,GO:0015277,kainate selective glutamate receptor activity,gained,,0.0294421316891585
classes_divergence,10kb,10,TE_all / highest,GO:0016020,membrane,gained,0.0096693669586165,0.0057146585476023
classes_divergence,10kb,10,TE_all / highest,GO:0016477,cell migration,gained,,0.0184281708180917
classes_divergence,10kb,10,TE_all / highest,GO:0016567,protein ubiquitination,gained,,0.0034042812516412
classes_divergence,10kb,10,TE_all / highest,GO:0016579,protein deubiquitination,gained,,0.0043822117523314
classes_divergence,10kb,10,TE_all / highest,GO:0016641,"oxidoreductase activity, acting on the CH-NH2 group of donors, oxygen as acceptor",gained,,0.0294421316891585
classes_divergence,10kb,10,TE_all / highest,GO:0016740,transferase activity,gained,0.0014843251976822,0.0422109531487102
classes_divergence,10kb,10,TE_all / highest,GO:0016787,hydrolase activity,gained,,0.0027096689865294
classes_divergence,10kb,10,TE_all / highest,GO:0016887,ATP hydrolysis activity,gained,,0.005921232455133
classes_divergence,10kb,10,TE_all / highest,GO:0019228,neuronal action potential,gained,,0.010286384536822
classes_divergence,10kb,10,TE_all / highest,GO:0019955,cytokine binding,gained,,0.0363595494462637
classes_divergence,10kb,10,TE_all / highest,GO:0021612,facial nerve structural organization,lost,0.0055572965132297,
classes_divergence,10kb,10,TE_all / highest,GO:0021631,optic nerve morphogenesis,gained,,0.0294421316891585
classes_divergence,10kb,10,TE_all / highest,GO:0021637,trigeminal nerve structural organization,lost,0.0113183392800763,
classes_divergence,10kb,10,TE_all / highest,GO:0021707,cerebellar granule cell differentiation,lost,0.035968047841547,
classes_divergence,10kb,10,TE_all / highest,GO:0021785,branchiomotor neuron axon guidance,lost,0.0214773433190178,
classes_divergence,10kb,10,TE_all / highest,GO:0021879,forebrain neuron differentiation,lost,0.035968047841547,
classes_divergence,10kb,10,TE_all / highest,GO:0022008,neurogenesis,gained,0.0074664313788548,0.013470293274544
classes_divergence,10kb,10,TE_all / highest,GO:0022626,cytosolic ribosome,gained,,0.0387817850691781
classes_divergence,10kb,10,TE_all / highest,GO:0022849,glutamate-gated calcium ion channel activity,lost,0.0055572965132297,
classes_divergence,10kb,10,TE_all / highest,GO:0030020,extracellular matrix structural constituent conferring tensile strength,gained,0.0449876856783626,0.0010588732060434
classes_divergence,10kb,10,TE_all / highest,GO:0030054,cell junction,gained,,0.0340715611886283
classes_divergence,10kb,10,TE_all / highest,GO:0030279,negative regulation of ossification,lost,0.0286075934345353,
classes_divergence,10kb,10,TE_all / highest,GO:0030280,structural constituent of skin epidermis,gained,,7.522318862194297e-05
classes_divergence,10kb,10,TE_all / highest,GO:0030296,protein tyrosine kinase activator activity,gained,,0.0310502785426706
classes_divergence,10kb,10,TE_all / highest,GO:0030315,T-tubule,gained,,0.0066060412962419
classes_divergence,10kb,10,TE_all / highest,GO:0030518,nuclear receptor-mediated steroid hormone signaling pathway,gained,,0.0177373203039293
classes_divergence,10kb,10,TE_all / highest,GO:0030855,epithelial cell differentiation,gained,,0.0010541456757114
classes_divergence,10kb,10,TE_all / highest,GO:0030900,forebrain development,gained,,0.0227538202110951
classes_divergence,10kb,10,TE_all / highest,GO:0031175,neuron projection development,gained,,0.044504783008193
classes_divergence,10kb,10,TE_all / highest,GO:0031424,keratinization,gained,0.0268929271143277,0.005752131695467
classes_divergence,10kb,10,TE_all / highest,GO:0031594,neuromuscular junction,gained,,0.0116398674605686
classes_divergence,10kb,10,TE_all / highest,GO:0031641,regulation of myelination,gained,,0.0137234003401325
classes_divergence,10kb,10,TE_all / highest,GO:0032809,neuronal cell body membrane,gained,,0.0010499262417856
classes_divergence,10kb,10,TE_all / highest,GO:0032811,negative regulation of epinephrine secretion,gained,,0.0294421316891585
classes_divergence,10kb,10,TE_all / highest,GO:0032983,kainate selective glutamate receptor complex,gained,,0.0294421316891585
classes_divergence,10kb,10,TE_all / highest,GO:0033268,node of Ranvier,gained,,0.0058515789977462
classes_divergence,10kb,10,TE_all / highest,GO:0033564,anterior/posterior axon guidance,gained,,0.0294421316891585
classes_divergence,10kb,10,TE_all / highest,GO:0034702,monoatomic ion channel complex,gained,0.0447528589146046,1.6563716999085454e-05
classes_divergence,10kb,10,TE_all / highest,GO:0035116,embryonic hindlimb morphogenesis,gained,0.0016754028270585,0.0177373203039293
classes_divergence,10kb,10,TE_all / highest,GO:0035255,ionotropic glutamate receptor binding,gained,,0.0290336742906162
classes_divergence,10kb,10,TE_all / highest,GO:0035418,protein localization to synapse,lost,0.0486090354074643,
classes_divergence,10kb,10,TE_all / highest,GO:0036486,ventral trunk neural crest cell migration,lost,0.0150061918700614,
classes_divergence,10kb,10,TE_all / highest,GO:0042060,wound healing,lost,0.0378845287437865,
classes_divergence,10kb,10,TE_all / highest,GO:0042383,sarcolemma,gained,,0.0047643353464836
classes_divergence,10kb,10,TE_all / highest,GO:0042391,regulation of membrane potential,gained,,0.0062545842280504
classes_divergence,10kb,10,TE_all / highest,GO:0042476,odontogenesis,gained,0.0387253840005209,0.0007644966880732
classes_divergence,10kb,10,TE_all / highest,GO:0043113,receptor clustering,lost,0.0349328105560063,
classes_divergence,10kb,10,TE_all / highest,GO:0043194,axon initial segment,gained,,0.0011060986639025
classes_divergence,10kb,10,TE_all / highest,GO:0043204,perikaryon,gained,,1.9168923548339757e-05
classes_divergence,10kb,10,TE_all / highest,GO:0043235,receptor complex,gained,,0.0134279987480141
classes_divergence,10kb,10,TE_all / highest,GO:0044300,cerebellar mossy fiber,gained,,0.0287343056739
classes_divergence,10kb,10,TE_all / highest,GO:0044305,calyx of Held,gained,,0.0199964086201786
classes_divergence,10kb,10,TE_all / highest,GO:0044325,transmembrane transporter binding,gained,,0.0015381966795845
classes_divergence,10kb,10,TE_all / highest,GO:0045109,intermediate filament organization,gained,,0.001493260596706
classes_divergence,10kb,10,TE_all / highest,GO:0045121,membrane raft,gained,,0.0052933996562733
classes_divergence,10kb,10,TE_all / highest,GO:0045663,positive regulation of myoblast differentiation,lost,0.0368060133950782,
classes_divergence,10kb,10,TE_all / highest,GO:0045672,positive regulation of osteoclast differentiation,gained,,0.0227538202110951
classes_divergence,10kb,10,TE_all / highest,GO:0045893,positive regulation of DNA-templated transcription,lost,0.0022002884593227,
classes_divergence,10kb,10,TE_all / highest,GO:0046983,protein dimerization activity,gained,,0.026979634942725
classes_divergence,10kb,10,TE_all / highest,GO:0048013,ephrin receptor signaling pathway,gained,,0.0234711558372348
classes_divergence,10kb,10,TE_all / highest,GO:0048167,regulation of synaptic plasticity,gained,,0.0234711558372348
classes_divergence,10kb,10,TE_all / highest,GO:0048168,regulation of neuronal synaptic plasticity,gained,,0.0134279987480141
classes_divergence,10kb,10,TE_all / highest,GO:0048384,retinoic acid receptor signaling pathway,gained,,0.0036206643253285
classes_divergence,10kb,10,TE_all / highest,GO:0048593,camera-type eye morphogenesis,gained,,0.0022985550241175
classes_divergence,10kb,10,TE_all / highest,GO:0048663,neuron fate commitment,gained,,0.0004435377193079
classes_divergence,10kb,10,TE_all / highest,GO:0048745,smooth muscle tissue development,gained,,0.0454399219515486
classes_divergence,10kb,10,TE_all / highest,GO:0048844,artery morphogenesis,gained,,0.0490038314203708
classes_divergence,10kb,10,TE_all / highest,GO:0050767,regulation of neurogenesis,lost,0.0178174114004887,
classes_divergence,10kb,10,TE_all / highest,GO:0050807,regulation of synapse organization,lost,0.0477935202542407,
classes_divergence,10kb,10,TE_all / highest,GO:0051145,smooth muscle cell differentiation,lost,0.0253205514256912,
classes_divergence,10kb,10,TE_all / highest,GO:0051216,cartilage development,gained,,0.0187138726477742
classes_divergence,10kb,10,TE_all / highest,GO:0051301,cell division,gained,,0.0456403210322819
classes_divergence,10kb,10,TE_all / highest,GO:0051393,alpha-actinin binding,gained,,0.0059689999710016
classes_divergence,10kb,10,TE_all / highest,GO:0051491,positive regulation of filopodium assembly,gained,,0.0227538202110951
classes_divergence,10kb,10,TE_all / highest,GO:0051932,"synaptic transmission, GABAergic",lost,0.0477935202542407,0.0103881877761532
classes_divergence,10kb,10,TE_all / highest,GO:0055008,cardiac muscle tissue morphogenesis,gained,,0.000115799369067
classes_divergence,10kb,10,TE_all / highest,GO:0055012,ventricular cardiac muscle cell differentiation,gained,0.005320972681822,0.0057040322628745
classes_divergence,10kb,10,TE_all / highest,GO:0060307,regulation of ventricular cardiac muscle cell membrane repolarization,gained,,0.0275499900179418
classes_divergence,10kb,10,TE_all / highest,GO:0060412,ventricular septum morphogenesis,gained,,0.0078109395269953
classes_divergence,10kb,10,TE_all / highest,GO:0060441,epithelial tube branching involved in lung morphogenesis,lost,0.0325415475937808,
classes_divergence,10kb,10,TE_all / highest,GO:0060603,mammary gland duct morphogenesis,lost,0.035968047841547,
classes_divergence,10kb,10,TE_all / highest,GO:0060638,mesenchymal-epithelial cell signaling,lost,0.0113183392800763,
classes_divergence,10kb,10,TE_all / highest,GO:0060996,dendritic spine development,gained,,0.0005474525871368
classes_divergence,10kb,10,TE_all / highest,GO:0061036,positive regulation of cartilage development,gained,0.0024440359990612,0.0089986148218978
classes_divergence,10kb,10,TE_all / highest,GO:0061630,ubiquitin protein ligase activity,gained,,0.0433308633817664
classes_divergence,10kb,10,TE_all / highest,GO:0070161,anchoring junction,gained,,0.0087209710974388
classes_divergence,10kb,10,TE_all / highest,GO:0070293,renal absorption,gained,,0.0215233646034939
classes_divergence,10kb,10,TE_all / highest,GO:0070373,negative regulation of ERK1 and ERK2 cascade,lost,0.0286075934345353,
classes_divergence,10kb,10,TE_all / highest,GO:0070374,positive regulation of ERK1 and ERK2 cascade,gained,,0.0003203688586404
classes_divergence,10kb,10,TE_all / highest,GO:0071320,cellular response to cAMP,lost,0.0375755364709871,
classes_divergence,10kb,10,TE_all / highest,GO:0071363,cellular response to growth factor stimulus,gained,,0.0146552695982795
classes_divergence,10kb,10,TE_all / highest,GO:0071875,adrenergic receptor signaling pathway,gained,0.0017533759416835,0.0215233646034939
classes_divergence,10kb,10,TE_all / highest,GO:0086004,regulation of cardiac muscle cell contraction,lost,0.0389258091114512,
classes_divergence,10kb,10,TE_all / highest,GO:0086005,ventricular cardiac muscle cell action potential,gained,,0.0454399219515486
classes_divergence,10kb,10,TE_all / highest,GO:0086091,regulation of heart rate by cardiac conduction,gained,0.0073221812705815,0.001365666848255
classes_divergence,10kb,10,TE_all / highest,GO:0090102,cochlea development,gained,,0.0275499900179418
classes_divergence,10kb,10,TE_all / highest,GO:0090103,cochlea morphogenesis,lost,0.0349328105560063,
classes_divergence,10kb,10,TE_all / highest,GO:0097109,neuroligin family protein binding,gained,,0.0294421316891585
classes_divergence,10kb,10,TE_all / highest,GO:0097110,scaffold protein binding,gained,,0.0146552695982795
classes_divergence,10kb,10,TE_all / highest,GO:0097491,sympathetic neuron projection guidance,lost,0.0424402704392935,
classes_divergence,10kb,10,TE_all / highest,GO:0098586,cellular response to virus,gained,,0.0300807118037736
classes_divergence,10kb,10,TE_all / highest,GO:0098688,parallel fiber to Purkinje cell synapse,gained,,0.0001909007532572
classes_divergence,10kb,10,TE_all / highest,GO:0099560,synaptic membrane adhesion,gained,,0.0227538202110951
classes_divergence,10kb,10,TE_all / highest,GO:0099634,postsynaptic specialization membrane,lost,0.0064717554522506,0.0334908900636757
classes_divergence,10kb,10,TE_all / highest,GO:0099645,neurotransmitter receptor localization to postsynaptic specialization membrane,gained,,0.0275499900179418
classes_divergence,10kb,10,TE_all / highest,GO:1901166,neural crest cell migration involved in autonomic nervous system development,lost,0.0214773433190178,
classes_divergence,10kb,10,TE_all / highest,GO:1905606,regulation of presynapse assembly,lost,0.0093551970474794,0.0078651964462316
classes_divergence,10kb,10,TE_all / highest,GO:2000974,negative regulation of pro-B cell differentiation,lost,0.0150061918700614,
classes_divergence,10kb,10,TE_all / highest,GO:2001016,positive regulation of skeletal muscle cell differentiation,lost,0.0150061918700614,
classes_divergence,10kb,10,TE_all / lowest,GO:0000375,"RNA splicing, via transesterification reactions",gained,,0.0332592835174827
classes_divergence,10kb,10,TE_all / lowest,GO:0000398,"mRNA splicing, via spliceosome",gained,,0.0029734884588848
classes_divergence,10kb,10,TE_all / lowest,GO:0000978,RNA polymerase II cis-regulatory region sequence-specific DNA binding,gained,2.928203251778993e-05,0.0093754866995991
classes_divergence,10kb,10,TE_all / lowest,GO:0003735,structural constituent of ribosome,gained,,0.0019881596959025
classes_divergence,10kb,10,TE_all / lowest,GO:0005201,extracellular matrix structural constituent,gained,0.012419157753178,0.0177044176938829
classes_divergence,10kb,10,TE_all / lowest,GO:0005681,spliceosomal complex,gained,,0.0116396845368699
classes_divergence,10kb,10,TE_all / lowest,GO:0005730,nucleolus,gained,1.058521726180462e-05,0.0068743795428607
classes_divergence,10kb,10,TE_all / lowest,GO:0005739,mitochondrion,gained,6.382649443205043e-07,3.985679435743618e-05
classes_divergence,10kb,10,TE_all / lowest,GO:0005743,mitochondrial inner membrane,gained,0.0103755278090756,0.0026105515348221
classes_divergence,10kb,10,TE_all / lowest,GO:0005759,mitochondrial matrix,gained,0.0097754613772988,0.0274074982396721
classes_divergence,10kb,10,TE_all / lowest,GO:0005840,ribosome,gained,,0.0011326316845039
classes_divergence,10kb,10,TE_all / lowest,GO:0006357,regulation of transcription by RNA polymerase II,gained,0.0008737374280665,0.000385242331742
classes_divergence,10kb,10,TE_all / lowest,GO:0006397,mRNA processing,gained,,0.0029734884588848
classes_divergence,10kb,10,TE_all / lowest,GO:0006412,translation,gained,0.0103755278090756,0.000382056403689
classes_divergence,10kb,10,TE_all / lowest,GO:0007186,G protein-coupled receptor signaling pathway,gained,6.351382054234928e-10,0.0098231420346653
classes_divergence,10kb,10,TE_all / lowest,GO:0008380,RNA splicing,gained,,0.000385242331742
classes_divergence,10kb,10,TE_all / lowest,GO:0016607,nuclear speck,gained,,0.0277641224270908
classes_divergence,10kb,10,TE_all / lowest,GO:0031012,extracellular matrix,gained,2.583294680254048e-05,0.0011326316845039
classes_divergence,10kb,10,TE_all / lowest,GO:0097368,establishment of Sertoli cell barrier,lost,0.0416963523024743,
classes_divergence,20kb,5,DNA / highest,GO:0098839,postsynaptic density membrane,gained,9.155680657506787e-09,3.6295664909653776e-06
classes_divergence,20kb,5,LINE / highest,GO:0004984,olfactory receptor activity,gained,6.846102116475155e-08,1.8975781794813092e-05
classes_divergence,20kb,5,LINE / highest,GO:0005102,signaling receptor binding,gained,,0.0110027572910204
classes_divergence,20kb,5,LINE / highest,GO:0005242,inward rectifier potassium channel activity,lost,0.0234665472246987,
classes_divergence,20kb,5,LINE / highest,GO:0005886,plasma membrane,gained,0.0020098291392366,0.000612334309623
classes_divergence,20kb,5,LINE / highest,GO:0019901,protein kinase binding,lost,0.0010902326533712,
classes_divergence,20kb,5,LINE / highest,GO:0030020,extracellular matrix structural constituent conferring tensile strength,lost,0.0449876856783626,
classes_divergence,20kb,5,LINE / highest,GO:0050911,detection of chemical stimulus involved in sensory perception of smell,gained,7.256647507355085e-08,2.013058652115164e-05
classes_divergence,20kb,5,LINE / highest,GO:0055012,ventricular cardiac muscle cell differentiation,lost,0.005320972681822,
classes_divergence,20kb,5,LINE / lowest,GO:0004497,monooxygenase activity,gained,,0.0254017422184979
classes_divergence,20kb,5,LINE / lowest,GO:0005549,odorant binding,gained,,7.029969801794269e-08
classes_divergence,20kb,5,LINE / lowest,GO:0005739,mitochondrion,gained,6.382649443205043e-07,4.208863066956723e-07
classes_divergence,20kb,5,LINE / lowest,GO:0005856,cytoskeleton,gained,,0.0008653364016453
classes_divergence,20kb,5,LINE / lowest,GO:0007165,signal transduction,gained,0.0471934815125152,0.0044188432904064
classes_divergence,20kb,5,LINE / lowest,GO:0008392,arachidonate epoxygenase activity,gained,,0.0018465157221458
classes_divergence,20kb,5,LINE / lowest,GO:0015031,protein transport,lost,0.005275439267699,0.0266336666140679
classes_divergence,20kb,5,LINE / lowest,GO:0016712,"oxidoreductase activity, acting on paired donors, with incorporation or reduction of molecular oxygen, reduced flavin or flavoprotein as one donor, and incorporation of one atom of oxygen",gained,0.0393441845290895,0.009840760829811
classes_divergence,20kb,5,LINE / lowest,GO:0016740,transferase activity,gained,0.0014843251976822,0.0176440573968876
classes_divergence,20kb,5,LINE / lowest,GO:0019373,epoxygenase P450 pathway,gained,,0.0011329502045665
classes_divergence,20kb,5,LINE / lowest,GO:0031462,Cul2-RING ubiquitin ligase complex,gained,,0.0460489037032307
classes_divergence,20kb,5,LINE / lowest,GO:0035556,intracellular signal transduction,gained,,0.0037842124362518
classes_divergence,20kb,5,LINE / lowest,GO:0043330,response to exogenous dsRNA,gained,,0.0235526511698917
classes_divergence,20kb,5,LINE / lowest,GO:0045095,keratin filament,gained,,0.0282626717114121
classes_divergence,20kb,5,LINE / lowest,GO:0070062,extracellular exosome,lost,0.0008154057211825,
classes_divergence,20kb,5,LTR / highest,GO:0004930,G protein-coupled receptor activity,lost,5.4943254746443614e-11,0.0028058305901982
classes_divergence,20kb,5,LTR / highest,GO:0004984,olfactory receptor activity,lost,6.846102116475155e-08,1.8975781794813092e-05
classes_divergence,20kb,5,LTR / highest,GO:0005634,nucleus,lost,1.816572568701226e-07,5.452101672905585e-18
classes_divergence,20kb,5,LTR / highest,GO:0007156,homophilic cell-cell adhesion,gained,,0.0015105996704146
classes_divergence,20kb,5,LTR / highest,GO:0007165,signal transduction,lost,0.0471934815125152,0.0044188432904064
classes_divergence,20kb,5,LTR / highest,GO:0007186,G protein-coupled receptor signaling pathway,lost,6.351382054234928e-10,0.0105458635443382
classes_divergence,20kb,5,LTR / highest,GO:0007399,nervous system development,gained,1.8434384626510557e-17,1.8185946075560094e-09
classes_divergence,20kb,5,LTR / highest,GO:0007608,sensory perception of smell,lost,3.009449886920615e-07,5.7014165718582215e-05
classes_divergence,20kb,5,LTR / highest,GO:0050911,detection of chemical stimulus involved in sensory perception of smell,lost,7.256647507355085e-08,2.013058652115164e-05
classes_divergence,20kb,5,LTR / lowest,GO:0005739,mitochondrion,gained,6.382649443205043e-07,4.208863066956723e-07
classes_divergence,20kb,5,LTR / lowest,GO:0005743,mitochondrial inner membrane,gained,0.0103755278090756,0.0012789617320729
classes_divergence,20kb,5,LTR / lowest,GO:0005762,mitochondrial large ribosomal subunit,gained,,0.0093386631659041
classes_divergence,20kb,5,LTR / lowest,GO:0016712,"oxidoreductase activity, acting on paired donors, with incorporation or reduction of molecular oxygen, reduced flavin or flavoprotein as one donor, and incorporation of one atom of oxygen",lost,0.0393441845290895,0.009840760829811
classes_divergence,20kb,5,SINE / highest,GO:0000785,chromatin,gained,6.52008110897948e-08,4.6727698207917124e-08
classes_divergence,20kb,5,SINE / highest,GO:0000977,RNA polymerase II transcription regulatory region sequence-specific DNA binding,gained,0.0103755278090756,0.0015044159405976
classes_divergence,20kb,5,SINE / highest,GO:0001947,heart looping,lost,0.0276329056683411,
classes_divergence,20kb,5,SINE / highest,GO:0001974,blood vessel remodeling,gained,,0.0085893003740631
classes_divergence,20kb,5,SINE / highest,GO:0003129,heart induction,lost,0.0450376356963534,
classes_divergence,20kb,5,SINE / highest,GO:0003148,outflow tract septum morphogenesis,lost,3.201060701602836e-05,
classes_divergence,20kb,5,SINE / highest,GO:0003151,outflow tract morphogenesis,lost,0.0211922726129406,0.0261643644754946
classes_divergence,20kb,5,SINE / highest,GO:0003180,aortic valve morphogenesis,lost,0.0023160148966698,
classes_divergence,20kb,5,SINE / highest,GO:0003184,pulmonary valve morphogenesis,lost,0.0194634578221562,
classes_divergence,20kb,5,SINE / highest,GO:0003197,endocardial cushion development,lost,0.0288721192329733,
classes_divergence,20kb,5,SINE / highest,GO:0003198,epithelial to mesenchymal transition involved in endocardial cushion formation,lost,0.0042641106672605,
classes_divergence,20kb,5,SINE / highest,GO:0003272,endocardial cushion formation,gained,,0.0256861989441239
classes_divergence,20kb,5,SINE / highest,GO:0004890,GABA-A receptor activity,lost,0.0043643486445684,
classes_divergence,20kb,5,SINE / highest,GO:0004935,adrenergic receptor activity,lost,0.0068143903447191,
classes_divergence,20kb,5,SINE / highest,GO:0004938,alpha2-adrenergic receptor activity,lost,0.0193189603057163,0.0202622363993645
classes_divergence,20kb,5,SINE / highest,GO:0005125,cytokine activity,lost,0.0375755364709871,
classes_divergence,20kb,5,SINE / highest,GO:0005230,extracellular ligand-gated monoatomic ion channel activity,lost,0.0403240407188117,
classes_divergence,20kb,5,SINE / highest,GO:0005254,chloride channel activity,lost,0.0143798481520493,
classes_divergence,20kb,5,SINE / highest,GO:0005515,protein binding,gained,0.0008154057211825,0.0002471387469983
classes_divergence,20kb,5,SINE / highest,GO:0005524,ATP binding,lost,0.0124598202134283,
classes_divergence,20kb,5,SINE / highest,GO:0005576,extracellular region,lost,0.0079459710176169,0.0097758757920934
classes_divergence,20kb,5,SINE / highest,GO:0005694,chromosome,gained,,0.0005498999042497
classes_divergence,20kb,5,SINE / highest,GO:0005783,endoplasmic reticulum,gained,,0.003793572458212
classes_divergence,20kb,5,SINE / highest,GO:0005813,centrosome,lost,0.0153115104766402,
classes_divergence,20kb,5,SINE / highest,GO:0005840,ribosome,gained,,0.0118978895913911
classes_divergence,20kb,5,SINE / highest,GO:0006208,pyrimidine nucleobase catabolic process,gained,,0.0443140121645558
classes_divergence,20kb,5,SINE / highest,GO:0006281,DNA repair,gained,,0.0063558414867161
classes_divergence,20kb,5,SINE / highest,GO:0006821,chloride transport,lost,0.0068128927669887,
classes_divergence,20kb,5,SINE / highest,GO:0006836,neurotransmitter transport,lost,0.0040330915606156,
classes_divergence,20kb,5,SINE / highest,GO:0007155,cell adhesion,lost,0.0003604301712349,
classes_divergence,20kb,5,SINE / highest,GO:0007158,neuron cell-cell adhesion,lost,0.0253205514256912,
classes_divergence,20kb,5,SINE / highest,GO:0007214,gamma-aminobutyric acid signaling pathway,lost,0.0133167461133059,
classes_divergence,20kb,5,SINE / highest,GO:0007267,cell-cell signaling,lost,0.0043643486445684,0.005385804768253
classes_divergence,20kb,5,SINE / highest,GO:0007269,neurotransmitter secretion,lost,0.0024185396758271,
classes_divergence,20kb,5,SINE / highest,GO:0007409,axonogenesis,lost,0.0004844862085318,
classes_divergence,20kb,5,SINE / highest,GO:0007420,brain development,lost,0.0114671976718726,0.0220863743357138
classes_divergence,20kb,5,SINE / highest,GO:0007507,heart development,lost,0.0449657896247861,
classes_divergence,20kb,5,SINE / highest,GO:0007612,learning,lost,0.0009823861937899,
classes_divergence,20kb,5,SINE / highest,GO:0008066,glutamate receptor activity,gained,0.0003988417740706,1.0804284992129506e-06
classes_divergence,20kb,5,SINE / highest,GO:0008083,growth factor activity,lost,0.0041491759514968,
classes_divergence,20kb,5,SINE / highest,GO:0008201,heparin binding,lost,0.0265096813495381,
classes_divergence,20kb,5,SINE / highest,GO:0008284,positive regulation of cell population proliferation,lost,0.0027767262705898,
classes_divergence,20kb,5,SINE / highest,GO:0008503,benzodiazepine receptor activity,lost,0.001604785348648,
classes_divergence,20kb,5,SINE / highest,GO:0009986,cell surface,lost,0.0104011090553883,
classes_divergence,20kb,5,SINE / highest,GO:0010811,positive regulation of cell-substrate adhesion,lost,0.003134110204131,
classes_divergence,20kb,5,SINE / highest,GO:0014069,postsynaptic density,gained,0.0020142308354062,0.0008123726866463
classes_divergence,20kb,5,SINE / highest,GO:0014704,intercalated disc,lost,0.0028627329746098,
classes_divergence,20kb,5,SINE / highest,GO:0015031,protein transport,gained,0.005275439267699,0.0266336666140679
classes_divergence,20kb,5,SINE / highest,GO:0016020,membrane,lost,0.0096693669586165,
classes_divergence,20kb,5,SINE / highest,GO:0016740,transferase activity,lost,0.0014843251976822,0.0176440573968876
classes_divergence,20kb,5,SINE / highest,GO:0016787,hydrolase activity,gained,,0.0070097076026157
classes_divergence,20kb,5,SINE / highest,GO:0019229,regulation of vasoconstriction,lost,0.0143902492661181,0.0024861630915098
classes_divergence,20kb,5,SINE / highest,GO:0019966,interleukin-1 binding,lost,0.0271616621538594,
classes_divergence,20kb,5,SINE / highest,GO:0021527,spinal cord association neuron differentiation,lost,0.0288721192329733,
classes_divergence,20kb,5,SINE / highest,GO:0021537,telencephalon development,lost,0.0020086576143262,
classes_divergence,20kb,5,SINE / highest,GO:0021766,hippocampus development,lost,0.0286075934345353,
classes_divergence,20kb,5,SINE / highest,GO:0021960,anterior commissure morphogenesis,gained,,0.0443140121645558
classes_divergence,20kb,5,SINE / highest,GO:0022851,GABA-gated chloride ion channel activity,lost,0.0032995836535252,
classes_divergence,20kb,5,SINE / highest,GO:0030154,cell differentiation,lost,1.9214121598908533e-07,0.0302171230098853
classes_divergence,20kb,5,SINE / highest,GO:0030324,lung development,lost,7.128049649018038e-06,
classes_divergence,20kb,5,SINE / highest,GO:0030335,positive regulation of cell migration,lost,0.0453517743920296,
classes_divergence,20kb,5,SINE / highest,GO:0030414,peptidase inhibitor activity,lost,0.0109998246382579,
classes_divergence,20kb,5,SINE / highest,GO:0030501,positive regulation of bone mineralization,lost,0.006024344822335,
classes_divergence,20kb,5,SINE / highest,GO:0031012,extracellular matrix,lost,2.583294680254048e-05,0.000300284900114
classes_divergence,20kb,5,SINE / highest,GO:0031966,mitochondrial membrane,gained,,0.011912192502495
classes_divergence,20kb,5,SINE / highest,GO:0032228,"regulation of synaptic transmission, GABAergic",lost,0.0129325523544084,
classes_divergence,20kb,5,SINE / highest,GO:0032590,dendrite membrane,lost,0.0039175051068884,
classes_divergence,20kb,5,SINE / highest,GO:0034702,monoatomic ion channel complex,gained,0.0447528589146046,0.0025302056154928
classes_divergence,20kb,5,SINE / highest,GO:0034707,chloride channel complex,lost,0.0102824725812403,
classes_divergence,20kb,5,SINE / highest,GO:0035116,embryonic hindlimb morphogenesis,lost,0.0016754028270585,0.0002648923290304
classes_divergence,20kb,5,SINE / highest,GO:0038023,signaling receptor activity,gained,0.001547961489094,0.0003151462242986
classes_divergence,20kb,5,SINE / highest,GO:0043113,receptor clustering,lost,0.0349328105560063,
classes_divergence,20kb,5,SINE / highest,GO:0043197,dendritic spine,lost,9.946207552442557e-07,0.0013960624627854
classes_divergence,20kb,5,SINE / highest,GO:0043410,positive regulation of MAPK cascade,lost,0.0457866164482566,
classes_divergence,20kb,5,SINE / highest,GO:0045596,negative regulation of cell differentiation,lost,0.0334135317880362,
classes_divergence,20kb,5,SINE / highest,GO:0045597,positive regulation of cell differentiation,lost,0.0051090961704888,
classes_divergence,20kb,5,SINE / highest,GO:0045747,positive regulation of Notch signaling pathway,lost,0.0039175051068884,
classes_divergence,20kb,5,SINE / highest,GO:0045893,positive regulation of DNA-templated transcription,lost,0.0022002884593227,
classes_divergence,20kb,5,SINE / highest,GO:0048787,presynaptic active zone membrane,lost,0.0078984115030145,0.0003992028778729
classes_divergence,20kb,5,SINE / highest,GO:0048839,inner ear development,lost,0.0265096813495381,
classes_divergence,20kb,5,SINE / highest,GO:0050772,positive regulation of axonogenesis,lost,0.048409434602242,
classes_divergence,20kb,5,SINE / highest,GO:0050808,synapse organization,lost,5.684959971242552e-05,0.0131067087269799
classes_divergence,20kb,5,SINE / highest,GO:0050877,nervous system process,lost,0.048409434602242,
classes_divergence,20kb,5,SINE / highest,GO:0050919,negative chemotaxis,lost,0.0001682346104449,
classes_divergence,20kb,5,SINE / highest,GO:0050925,negative regulation of negative chemotaxis,lost,0.0193189603057163,
classes_divergence,20kb,5,SINE / highest,GO:0051932,"synaptic transmission, GABAergic",lost,0.0477935202542407,
classes_divergence,20kb,5,SINE / highest,GO:0055007,cardiac muscle cell differentiation,lost,0.0129325523544084,
classes_divergence,20kb,5,SINE / highest,GO:0060048,cardiac muscle contraction,lost,0.0242421316477419,
classes_divergence,20kb,5,SINE / highest,GO:0060078,regulation of postsynaptic membrane potential,lost,0.0012758479041018,0.0013956656488807
classes_divergence,20kb,5,SINE / highest,GO:0060413,atrial septum morphogenesis,lost,0.0359139906159305,
classes_divergence,20kb,5,SINE / highest,GO:0060997,dendritic spine morphogenesis,lost,0.0194634578221562,
classes_divergence,20kb,5,SINE / highest,GO:0061036,positive regulation of cartilage development,lost,0.0024440359990612,0.0194304477778801
classes_divergence,20kb,5,SINE / highest,GO:0062009,secondary palate development,lost,0.0055572965132297,
classes_divergence,20kb,5,SINE / highest,GO:0071526,semaphorin-plexin signaling pathway,lost,0.0027767262705898,0.0136926562888819
classes_divergence,20kb,5,SINE / highest,GO:0071875,adrenergic receptor signaling pathway,lost,0.0017533759416835,
classes_divergence,20kb,5,SINE / highest,GO:0086004,regulation of cardiac muscle cell contraction,lost,0.0389258091114512,
classes_divergence,20kb,5,SINE / highest,GO:0086091,regulation of heart rate by cardiac conduction,lost,0.0073221812705815,
classes_divergence,20kb,5,SINE / highest,GO:0098820,trans-synaptic protein complex,lost,0.0450376356963534,0.0038012890366913
classes_divergence,20kb,5,SINE / highest,GO:0098982,GABA-ergic synapse,lost,0.0022693939921707,0.0499552846833231
classes_divergence,20kb,5,SINE / highest,GO:0099175,regulation of postsynapse organization,lost,0.0009580139287888,
classes_divergence,20kb,5,SINE / highest,GO:0099505,regulation of presynaptic membrane potential,gained,0.0093551970474794,4.128070427058455e-07
classes_divergence,20kb,5,SINE / highest,GO:0099508,voltage-gated monoatomic ion channel activity involved in regulation of presynaptic membrane potential,gained,,0.0172806204099946
classes_divergence,20kb,5,SINE / highest,GO:0099566,regulation of postsynaptic cytosolic calcium ion concentration,gained,,0.0102522539123377
classes_divergence,20kb,5,SINE / highest,GO:0099634,postsynaptic specialization membrane,lost,0.0064717554522506,
classes_divergence,20kb,5,SINE / highest,GO:0160001,extrasynaptic signaling via GABA,lost,0.0450376356963534,
classes_divergence,20kb,5,SINE / highest,GO:1902476,chloride transmembrane transport,lost,0.0010730762624565,
classes_divergence,20kb,5,SINE / highest,GO:1902711,GABA-A receptor complex,lost,0.0043643486445684,
classes_divergence,20kb,5,SINE / highest,GO:1904315,transmitter-gated monoatomic ion channel activity involved in regulation of postsynaptic membrane potential,lost,0.0001220040731527,0.0001445488473278
classes_divergence,20kb,5,SINE / highest,GO:1904862,inhibitory synapse assembly,lost,0.0001220040731527,
classes_divergence,20kb,5,SINE / highest,GO:1905606,regulation of presynapse assembly,lost,0.0093551970474794,
classes_divergence,20kb,5,SINE / lowest,GO:0000978,RNA polymerase II cis-regulatory region sequence-specific DNA binding,gained,2.928203251778993e-05,1.640809977639932e-06
classes_divergence,20kb,5,SINE / lowest,GO:0000981,"DNA-binding transcription factor activity, RNA polymerase II-specific",gained,0.0097976104898631,7.474677065784357e-08
classes_divergence,20kb,5,SINE / lowest,GO:0003677,DNA binding,gained,0.0003926277240233,2.921689622458913e-12
classes_divergence,20kb,5,SINE / lowest,GO:0005515,protein binding,lost,0.0008154057211825,0.0002471387469983
classes_divergence,20kb,5,SINE / lowest,GO:0005615,extracellular space,gained,0.0347279408745699,0.0167766275346983
classes_divergence,20kb,5,SINE / lowest,GO:0005886,plasma membrane,gained,0.0020098291392366,0.000612334309623
classes_divergence,20kb,5,SINE / lowest,GO:0006355,regulation of DNA-templated transcription,gained,2.7630891993501e-06,7.35632615462288e-14
classes_divergence,20kb,5,SINE / lowest,GO:0006357,regulation of transcription by RNA polymerase II,gained,0.0008737374280665,2.8634209813520976e-08
classes_divergence,20kb,5,SINE / lowest,GO:0008270,zinc ion binding,gained,0.0009114006975607,3.7494285981733264e-10
classes_divergence,20kb,5,SINE / lowest,GO:0070062,extracellular exosome,lost,0.0008154057211825,
classes_divergence,20kb,5,TE_all / highest,GO:0000976,transcription cis-regulatory region binding,gained,,0.0492510054320562
classes_divergence,20kb,5,TE_all / highest,GO:0001503,ossification,gained,,0.0057377341241922
classes_divergence,20kb,5,TE_all / highest,GO:0001508,action potential,gained,0.0033738938647983,0.014980001873654
classes_divergence,20kb,5,TE_all / highest,GO:0001568,blood vessel development,gained,,0.0240310934796257
classes_divergence,20kb,5,TE_all / highest,GO:0001709,cell fate determination,lost,0.0043643486445684,
classes_divergence,20kb,5,TE_all / highest,GO:0001755,neural crest cell migration,lost,0.0043643486445684,
classes_divergence,20kb,5,TE_all / highest,GO:0001756,somitogenesis,gained,,0.0012778921673769
classes_divergence,20kb,5,TE_all / highest,GO:0001837,epithelial to mesenchymal transition,lost,0.0205166990334846,
classes_divergence,20kb,5,TE_all / highest,GO:0002053,positive regulation of mesenchymal cell proliferation,lost,0.0008898802525979,
classes_divergence,20kb,5,TE_all / highest,GO:0003184,pulmonary valve morphogenesis,lost,0.0194634578221562,
classes_divergence,20kb,5,TE_all / highest,GO:0003197,endocardial cushion development,lost,0.0288721192329733,
classes_divergence,20kb,5,TE_all / highest,GO:0003203,endocardial cushion morphogenesis,gained,,0.0312720888742766
classes_divergence,20kb,5,TE_all / highest,GO:0003272,endocardial cushion formation,gained,,0.0256861989441239
classes_divergence,20kb,5,TE_all / highest,GO:0003338,metanephros morphogenesis,lost,0.0424402704392935,
classes_divergence,20kb,5,TE_all / highest,GO:0004114,"3',5'-cyclic-nucleotide phosphodiesterase activity",lost,0.0117347162425038,
classes_divergence,20kb,5,TE_all / highest,GO:0004115,"3',5'-cyclic-AMP phosphodiesterase activity",lost,0.0097754613772988,
classes_divergence,20kb,5,TE_all / highest,GO:0004890,GABA-A receptor activity,lost,0.0043643486445684,
classes_divergence,20kb,5,TE_all / highest,GO:0004938,alpha2-adrenergic receptor activity,gained,0.0193189603057163,0.0202622363993645
classes_divergence,20kb,5,TE_all / highest,GO:0005003,ephrin receptor activity,lost,0.0389258091114512,
classes_divergence,20kb,5,TE_all / highest,GO:0005125,cytokine activity,lost,0.0375755364709871,
classes_divergence,20kb,5,TE_all / highest,GO:0005230,extracellular ligand-gated monoatomic ion channel activity,lost,0.0403240407188117,
classes_divergence,20kb,5,TE_all / highest,GO:0005242,inward rectifier potassium channel activity,lost,0.0234665472246987,
classes_divergence,20kb,5,TE_all / highest,GO:0005251,delayed rectifier potassium channel activity,gained,0.0227525818542981,0.0240310934796257
classes_divergence,20kb,5,TE_all / highest,GO:0005254,chloride channel activity,lost,0.0143798481520493,
classes_divergence,20kb,5,TE_all / highest,GO:0005581,collagen trimer,gained,,0.0140896394538716
classes_divergence,20kb,5,TE_all / highest,GO:0005604,basement membrane,lost,0.0422538166726066,
classes_divergence,20kb,5,TE_all / highest,GO:0005615,extracellular space,lost,0.0347279408745699,0.0167766275346983
classes_divergence,20kb,5,TE_all / highest,GO:0005634,nucleus,gained,1.816572568701226e-07,5.452101672905585e-18
classes_divergence,20kb,5,TE_all / highest,GO:0005667,transcription regulator complex,gained,,0.0028213527105626
classes_divergence,20kb,5,TE_all / highest,GO:0005694,chromosome,gained,,0.0005498999042497
classes_divergence,20kb,5,TE_all / highest,GO:0005730,nucleolus,gained,1.058521726180462e-05,0.0158472283176025
classes_divergence,20kb,5,TE_all / highest,GO:0005737,cytoplasm,gained,0.0054066638312344,0.0127806912796667
classes_divergence,20kb,5,TE_all / highest,GO:0005840,ribosome,gained,,0.0118978895913911
classes_divergence,20kb,5,TE_all / highest,GO:0006281,DNA repair,gained,,0.0063558414867161
classes_divergence,20kb,5,TE_all / highest,GO:0006357,regulation of transcription by RNA polymerase II,lost,0.0008737374280665,2.8634209813520976e-08
classes_divergence,20kb,5,TE_all / highest,GO:0006457,protein folding,gained,0.022106579611822,0.0150605285748538
classes_divergence,20kb,5,TE_all / highest,GO:0006511,ubiquitin-dependent protein catabolic process,gained,,0.0126297695227536
classes_divergence,20kb,5,TE_all / highest,GO:0006821,chloride transport,lost,0.0068128927669887,
classes_divergence,20kb,5,TE_all / highest,GO:0006836,neurotransmitter transport,lost,0.0040330915606156,
classes_divergence,20kb,5,TE_all / highest,GO:0006936,muscle contraction,gained,,0.0499552846833231
classes_divergence,20kb,5,TE_all / highest,GO:0007043,cell-cell junction assembly,lost,0.0487675166683113,
classes_divergence,20kb,5,TE_all / highest,GO:0007155,cell adhesion,lost,0.0003604301712349,
classes_divergence,20kb,5,TE_all / highest,GO:0007157,heterophilic cell-cell adhesion,gained,,0.0136926562888819
classes_divergence,20kb,5,TE_all / highest,GO:0007158,neuron cell-cell adhesion,lost,0.0253205514256912,
classes_divergence,20kb,5,TE_all / highest,GO:0007165,signal transduction,lost,0.0471934815125152,0.0044188432904064
classes_divergence,20kb,5,TE_all / highest,GO:0007193,adenylate cyclase-inhibiting G protein-coupled receptor signaling pathway,gained,,0.0499552846833231
classes_divergence,20kb,5,TE_all / highest,GO:0007214,gamma-aminobutyric acid signaling pathway,lost,0.0133167461133059,
classes_divergence,20kb,5,TE_all / highest,GO:0007215,glutamate receptor signaling pathway,gained,,0.0006825286290113
classes_divergence,20kb,5,TE_all / highest,GO:0007269,neurotransmitter secretion,lost,0.0024185396758271,
classes_divergence,20kb,5,TE_all / highest,GO:0007386,compartment pattern specification,lost,0.0424402704392935,
classes_divergence,20kb,5,TE_all / highest,GO:0007422,peripheral nervous system development,lost,0.0191830848575474,
classes_divergence,20kb,5,TE_all / highest,GO:0007423,sensory organ development,lost,0.0286075934345353,
classes_divergence,20kb,5,TE_all / highest,GO:0007507,heart development,lost,0.0449657896247861,
classes_divergence,20kb,5,TE_all / highest,GO:0007519,skeletal muscle tissue development,lost,0.0399612422533444,
classes_divergence,20kb,5,TE_all / highest,GO:0007605,sensory perception of sound,gained,,0.0223124134998782
classes_divergence,20kb,5,TE_all / highest,GO:0007612,learning,lost,0.0009823861937899,
classes_divergence,20kb,5,TE_all / highest,GO:0008013,beta-catenin binding,lost,0.0328023199644392,
classes_divergence,20kb,5,TE_all / highest,GO:0008016,regulation of heart contraction,gained,,0.0342607902356194
classes_divergence,20kb,5,TE_all / highest,GO:0008045,motor neuron axon guidance,lost,0.0004584180040476,
classes_divergence,20kb,5,TE_all / highest,GO:0008081,phosphoric diester hydrolase activity,lost,0.0044483058140784,
classes_divergence,20kb,5,TE_all / highest,GO:0008083,growth factor activity,lost,0.0041491759514968,
classes_divergence,20kb,5,TE_all / highest,GO:0008201,heparin binding,lost,0.0265096813495381,
classes_divergence,20kb,5,TE_all / highest,GO:0008284,positive regulation of cell population proliferation,lost,0.0027767262705898,
classes_divergence,20kb,5,TE_all / highest,GO:0008285,negative regulation of cell population proliferation,lost,0.0399612422533444,
classes_divergence,20kb,5,TE_all / highest,GO:0008503,benzodiazepine receptor activity,lost,0.001604785348648,
classes_divergence,20kb,5,TE_all / highest,GO:0008544,epidermis development,gained,0.0459967992351171,0.0219909069766633
classes_divergence,20kb,5,TE_all / highest,GO:0009653,anatomical structure morphogenesis,gained,,0.0158010966384441
classes_divergence,20kb,5,TE_all / highest,GO:0009953,dorsal/ventral pattern formation,lost,0.0403240407188117,
classes_divergence,20kb,5,TE_all / highest,GO:0009986,cell surface,lost,0.0104011090553883,
classes_divergence,20kb,5,TE_all / highest,GO:0016339,calcium-dependent cell-cell adhesion,lost,0.0102824725812403,0.0090379097292456
classes_divergence,20kb,5,TE_all / highest,GO:0016342,catenin complex,lost,0.0030953531730312,
classes_divergence,20kb,5,TE_all / highest,GO:0016567,protein ubiquitination,gained,,0.0028338648907426
classes_divergence,20kb,5,TE_all / highest,GO:0016787,hydrolase activity,gained,,0.0070097076026157
classes_divergence,20kb,5,TE_all / highest,GO:0016887,ATP hydrolysis activity,gained,,0.0226785387863095
classes_divergence,20kb,5,TE_all / highest,GO:0019229,regulation of vasoconstriction,gained,0.0143902492661181,0.0024861630915098
classes_divergence,20kb,5,TE_all / highest,GO:0021527,spinal cord association neuron differentiation,lost,0.0288721192329733,
classes_divergence,20kb,5,TE_all / highest,GO:0021537,telencephalon development,lost,0.0020086576143262,
classes_divergence,20kb,5,TE_all / highest,GO:0021612,facial nerve structural organization,lost,0.0055572965132297,
classes_divergence,20kb,5,TE_all / highest,GO:0021637,trigeminal nerve structural organization,lost,0.0113183392800763,
classes_divergence,20kb,5,TE_all / highest,GO:0021766,hippocampus development,lost,0.0286075934345353,
classes_divergence,20kb,5,TE_all / highest,GO:0021785,branchiomotor neuron axon guidance,lost,0.0214773433190178,
classes_divergence,20kb,5,TE_all / highest,GO:0021796,cerebral cortex regionalization,gained,,0.0261643644754946
classes_divergence,20kb,5,TE_all / highest,GO:0021819,layer formation in cerebral cortex,lost,0.0079394828171665,
classes_divergence,20kb,5,TE_all / highest,GO:0021828,gonadotrophin-releasing hormone neuronal migration to the hypothalamus,lost,0.0113183392800763,
classes_divergence,20kb,5,TE_all / highest,GO:0021902,commitment of neuronal cell to specific neuron type in forebrain,gained,,0.014980001873654
classes_divergence,20kb,5,TE_all / highest,GO:0021983,pituitary gland development,gained,,0.014980001873654
classes_divergence,20kb,5,TE_all / highest,GO:0022851,GABA-gated chloride ion channel activity,lost,0.0032995836535252,
classes_divergence,20kb,5,TE_all / highest,GO:0030199,collagen fibril organization,lost,0.0008684742516632,
classes_divergence,20kb,5,TE_all / highest,GO:0030279,negative regulation of ossification,lost,0.0286075934345353,
classes_divergence,20kb,5,TE_all / highest,GO:0030280,structural constituent of skin epidermis,gained,,0.0024861630915098
classes_divergence,20kb,5,TE_all / highest,GO:0030324,lung development,lost,7.128049649018038e-06,
classes_divergence,20kb,5,TE_all / highest,GO:0030513,positive regulation of BMP signaling pathway,lost,0.0375755364709871,
classes_divergence,20kb,5,TE_all / highest,GO:0031290,retinal ganglion cell axon guidance,lost,0.03968638272844,
classes_divergence,20kb,5,TE_all / highest,GO:0031424,keratinization,gained,0.0268929271143277,0.0007918045067796
classes_divergence,20kb,5,TE_all / highest,GO:0031966,mitochondrial membrane,gained,,0.011912192502495
classes_divergence,20kb,5,TE_all / highest,GO:0032281,AMPA glutamate receptor complex,lost,0.0110206557528655,
classes_divergence,20kb,5,TE_all / highest,GO:0032590,dendrite membrane,lost,0.0039175051068884,
classes_divergence,20kb,5,TE_all / highest,GO:0032808,lacrimal gland development,gained,,0.0261643644754946
classes_divergence,20kb,5,TE_all / highest,GO:0032809,neuronal cell body membrane,gained,,0.0451631779662762
classes_divergence,20kb,5,TE_all / highest,GO:0034332,adherens junction organization,lost,0.0012368951008286,
classes_divergence,20kb,5,TE_all / highest,GO:0034702,monoatomic ion channel complex,gained,0.0447528589146046,0.0025302056154928
classes_divergence,20kb,5,TE_all / highest,GO:0034707,chloride channel complex,lost,0.0102824725812403,
classes_divergence,20kb,5,TE_all / highest,GO:0035115,embryonic forelimb morphogenesis,gained,,0.0217478221467061
classes_divergence,20kb,5,TE_all / highest,GO:0035116,embryonic hindlimb morphogenesis,gained,0.0016754028270585,0.0002648923290304
classes_divergence,20kb,5,TE_all / highest,GO:0035176,social behavior,lost,0.0004900824516218,
classes_divergence,20kb,5,TE_all / highest,GO:0035295,tube development,gained,,0.0047171874315676
classes_divergence,20kb,5,TE_all / highest,GO:0035418,protein localization to synapse,lost,0.0486090354074643,
classes_divergence,20kb,5,TE_all / highest,GO:0035914,skeletal muscle cell differentiation,lost,0.0102824725812403,
classes_divergence,20kb,5,TE_all / highest,GO:0036064,ciliary basal body,lost,0.0389258091114512,
classes_divergence,20kb,5,TE_all / highest,GO:0036486,ventral trunk neural crest cell migration,lost,0.0150061918700614,
classes_divergence,20kb,5,TE_all / highest,GO:0042060,wound healing,lost,0.0378845287437865,
classes_divergence,20kb,5,TE_all / highest,GO:0042391,regulation of membrane potential,gained,,0.0239532617953598
classes_divergence,20kb,5,TE_all / highest,GO:0042476,odontogenesis,gained,0.0387253840005209,0.0106090590338736
classes_divergence,20kb,5,TE_all / highest,GO:0042481,regulation of odontogenesis,gained,,0.0018220852220622
classes_divergence,20kb,5,TE_all / highest,GO:0043113,receptor clustering,lost,0.0349328105560063,
classes_divergence,20kb,5,TE_all / highest,GO:0043204,perikaryon,gained,,0.012658191906137
classes_divergence,20kb,5,TE_all / highest,GO:0043410,positive regulation of MAPK cascade,lost,0.0457866164482566,
classes_divergence,20kb,5,TE_all / highest,GO:0043525,positive regulation of neuron apoptotic process,gained,,0.0261643644754946
classes_divergence,20kb,5,TE_all / highest,GO:0044325,transmembrane transporter binding,gained,,0.0225752375268844
classes_divergence,20kb,5,TE_all / highest,GO:0044331,cell-cell adhesion mediated by cadherin,lost,0.0150061918700614,
classes_divergence,20kb,5,TE_all / highest,GO:0045109,intermediate filament organization,gained,,0.0240310934796257
classes_divergence,20kb,5,TE_all / highest,GO:0045597,positive regulation of cell differentiation,lost,0.0051090961704888,
classes_divergence,20kb,5,TE_all / highest,GO:0045608,negative regulation of inner ear auditory receptor cell differentiation,lost,0.001710245838705,
classes_divergence,20kb,5,TE_all / highest,GO:0045663,positive regulation of myoblast differentiation,lost,0.0368060133950782,
classes_divergence,20kb,5,TE_all / highest,GO:0045665,negative regulation of neuron differentiation,lost,0.0056022345648758,
classes_divergence,20kb,5,TE_all / highest,GO:0045669,positive regulation of osteoblast differentiation,lost,0.0189095236172407,
classes_divergence,20kb,5,TE_all / highest,GO:0045747,positive regulation of Notch signaling pathway,lost,0.0039175051068884,
classes_divergence,20kb,5,TE_all / highest,GO:0045892,negative regulation of DNA-templated transcription,lost,0.0457866164482566,
classes_divergence,20kb,5,TE_all / highest,GO:0045893,positive regulation of DNA-templated transcription,lost,0.0022002884593227,
classes_divergence,20kb,5,TE_all / highest,GO:0047555,"3',5'-cyclic-GMP phosphodiesterase activity",lost,0.0117347162425038,
classes_divergence,20kb,5,TE_all / highest,GO:0048286,lung alveolus development,lost,0.0043643486445684,
classes_divergence,20kb,5,TE_all / highest,GO:0048384,retinoic acid receptor signaling pathway,gained,,0.0157310076671986
classes_divergence,20kb,5,TE_all / highest,GO:0048665,neuron fate specification,lost,0.0074865260890949,
classes_divergence,20kb,5,TE_all / highest,GO:0048666,neuron development,lost,0.0143798481520493,0.0029044815830281
classes_divergence,20kb,5,TE_all / highest,GO:0048704,embryonic skeletal system morphogenesis,gained,,0.0329318018848071
classes_divergence,20kb,5,TE_all / highest,GO:0048709,oligodendrocyte differentiation,lost,0.0039175051068884,
classes_divergence,20kb,5,TE_all / highest,GO:0048731,system development,lost,0.0105528589402816,
classes_divergence,20kb,5,TE_all / highest,GO:0048839,inner ear development,lost,0.0265096813495381,
classes_divergence,20kb,5,TE_all / highest,GO:0048846,axon extension involved in axon guidance,lost,0.0033608411662259,
classes_divergence,20kb,5,TE_all / highest,GO:0050767,regulation of neurogenesis,lost,0.0178174114004887,
classes_divergence,20kb,5,TE_all / highest,GO:0050807,regulation of synapse organization,lost,0.0477935202542407,
classes_divergence,20kb,5,TE_all / highest,GO:0050919,negative chemotaxis,lost,0.0001682346104449,
classes_divergence,20kb,5,TE_all / highest,GO:0051145,smooth muscle cell differentiation,lost,0.0253205514256912,
classes_divergence,20kb,5,TE_all / highest,GO:0051216,cartilage development,gained,,0.0024234457627529
classes_divergence,20kb,5,TE_all / highest,GO:0051379,epinephrine binding,gained,,0.014980001873654
classes_divergence,20kb,5,TE_all / highest,GO:0051897,positive regulation of phosphatidylinositol 3-kinase/protein kinase B signal transduction,lost,0.014344683118046,
classes_divergence,20kb,5,TE_all / highest,GO:0051932,"synaptic transmission, GABAergic",lost,0.0477935202542407,
classes_divergence,20kb,5,TE_all / highest,GO:0051966,"regulation of synaptic transmission, glutamatergic",gained,,0.0246723056964216
classes_divergence,20kb,5,TE_all / highest,GO:0060048,cardiac muscle contraction,lost,0.0242421316477419,
classes_divergence,20kb,5,TE_all / highest,GO:0060076,excitatory synapse,lost,0.0055572965132297,
classes_divergence,20kb,5,TE_all / highest,GO:0060291,long-term synaptic potentiation,gained,,0.0219909069766633
classes_divergence,20kb,5,TE_all / highest,GO:0060603,mammary gland duct morphogenesis,lost,0.035968047841547,
classes_divergence,20kb,5,TE_all / highest,GO:0060638,mesenchymal-epithelial cell signaling,lost,0.0113183392800763,
classes_divergence,20kb,5,TE_all / highest,GO:0060997,dendritic spine morphogenesis,lost,0.0194634578221562,
classes_divergence,20kb,5,TE_all / highest,GO:0061036,positive regulation of cartilage development,gained,0.0024440359990612,0.0194304477778801
classes_divergence,20kb,5,TE_all / highest,GO:0061549,sympathetic ganglion development,lost,0.0004425124913582,
classes_divergence,20kb,5,TE_all / highest,GO:0062009,secondary palate development,lost,0.0055572965132297,
classes_divergence,20kb,5,TE_all / highest,GO:0070373,negative regulation of ERK1 and ERK2 cascade,lost,0.0286075934345353,
classes_divergence,20kb,5,TE_all / highest,GO:0070888,E-box binding,lost,0.0211922726129406,
classes_divergence,20kb,5,TE_all / highest,GO:0071625,vocalization behavior,lost,6.0877050583969095e-05,
classes_divergence,20kb,5,TE_all / highest,GO:0086004,regulation of cardiac muscle cell contraction,lost,0.0389258091114512,
classes_divergence,20kb,5,TE_all / highest,GO:0090103,cochlea morphogenesis,lost,0.0349328105560063,
classes_divergence,20kb,5,TE_all / highest,GO:0097491,sympathetic neuron projection guidance,lost,0.0424402704392935,
classes_divergence,20kb,5,TE_all / highest,GO:0098685,Schaffer collateral - CA1 synapse,lost,0.0021545357952579,0.0036784757480013
classes_divergence,20kb,5,TE_all / highest,GO:0098686,hippocampal mossy fiber to CA3 synapse,lost,0.0325094672192483,
classes_divergence,20kb,5,TE_all / highest,GO:0098794,postsynapse,lost,0.0074865260890949,
classes_divergence,20kb,5,TE_all / highest,GO:0098820,trans-synaptic protein complex,gained,0.0450376356963534,0.0038012890366913
classes_divergence,20kb,5,TE_all / highest,GO:0099054,presynapse assembly,lost,0.000673570756405,
classes_divergence,20kb,5,TE_all / highest,GO:0099149,regulation of postsynaptic neurotransmitter receptor internalization,lost,0.0286075934345353,
classes_divergence,20kb,5,TE_all / highest,GO:0099557,"trans-synaptic signaling by trans-synaptic complex, modulating synaptic transmission",gained,,0.0261643644754946
classes_divergence,20kb,5,TE_all / highest,GO:0099605,regulation of action potential firing rate,gained,,0.0202622363993645
classes_divergence,20kb,5,TE_all / highest,GO:0099634,postsynaptic specialization membrane,lost,0.0064717554522506,
classes_divergence,20kb,5,TE_all / highest,GO:0141162,negative regulation of cAMP/PKA signal transduction,lost,0.0403240407188117,
classes_divergence,20kb,5,TE_all / highest,GO:1901166,neural crest cell migration involved in autonomic nervous system development,lost,0.0214773433190178,
classes_divergence,20kb,5,TE_all / highest,GO:1902476,chloride transmembrane transport,lost,0.0010730762624565,
classes_divergence,20kb,5,TE_all / highest,GO:1902711,GABA-A receptor complex,lost,0.0043643486445684,
classes_divergence,20kb,5,TE_all / highest,GO:1904862,inhibitory synapse assembly,lost,0.0001220040731527,
classes_divergence,20kb,5,TE_all / highest,GO:1905606,regulation of presynapse assembly,lost,0.0093551970474794,
classes_divergence,20kb,5,TE_all / highest,GO:1990573,potassium ion import across plasma membrane,lost,0.0232534106102955,
classes_divergence,20kb,5,TE_all / highest,GO:2000179,positive regulation of neural precursor cell proliferation,lost,0.0022804254696713,
classes_divergence,20kb,5,TE_all / highest,GO:2000974,negative regulation of pro-B cell differentiation,lost,0.0150061918700614,
classes_divergence,20kb,5,TE_all / highest,GO:2001016,positive regulation of skeletal muscle cell differentiation,lost,0.0150061918700614,
classes_divergence,20kb,5,TE_all / lowest,GO:0000978,RNA polymerase II cis-regulatory region sequence-specific DNA binding,gained,2.928203251778993e-05,1.640809977639932e-06
classes_divergence,20kb,5,TE_all / lowest,GO:0004930,G protein-coupled receptor activity,gained,5.4943254746443614e-11,0.0028058305901982
classes_divergence,20kb,5,TE_all / lowest,GO:0005615,extracellular space,lost,0.0347279408745699,0.0167766275346983
classes_divergence,20kb,5,TE_all / lowest,GO:0006357,regulation of transcription by RNA polymerase II,gained,0.0008737374280665,2.8634209813520976e-08
classes_divergence,20kb,5,TE_all / lowest,GO:0006397,mRNA processing,gained,,0.0105458635443382
classes_divergence,20kb,5,TE_all / lowest,GO:0007186,G protein-coupled receptor signaling pathway,gained,6.351382054234928e-10,0.0105458635443382
classes_divergence,20kb,5,TE_all / lowest,GO:0008380,RNA splicing,gained,,0.0008357098177446
classes_divergence,20kb,5,TE_all / lowest,GO:0019843,rRNA binding,lost,0.0437291772792879,
classes_divergence,20kb,5,TE_all / lowest,GO:0031012,extracellular matrix,gained,2.583294680254048e-05,0.000300284900114
classes_divergence,20kb,5,TE_all / lowest,GO:0046872,metal ion binding,gained,,0.0127007514298091
classes_divergence,20kb,5,TE_all / lowest,GO:0097368,establishment of Sertoli cell barrier,lost,0.0416963523024743,
classes_divergence,20kb,5,TE_all / lowest,GO:0106333,subcortical maternal complex,lost,0.0097976104898631,
classes_divergence,20kb,10,DNA / highest,GO:0014069,postsynaptic density,gained,0.0020142308354062,1.55093254244787e-06
classes_divergence,20kb,10,DNA / highest,GO:0098839,postsynaptic density membrane,gained,9.155680657506787e-09,8.641806289858696e-09
classes_divergence,20kb,10,LINE / highest,GO:0004930,G protein-coupled receptor activity,gained,5.4943254746443614e-11,0.0040533947122717
classes_divergence,20kb,10,LINE / highest,GO:0004984,olfactory receptor activity,gained,6.846102116475155e-08,2.149922314989697e-07
classes_divergence,20kb,10,LINE / highest,GO:0005242,inward rectifier potassium channel activity,lost,0.0234665472246987,0.044083012490825
classes_divergence,20kb,10,LINE / highest,GO:0005549,odorant binding,gained,,0.0016481148853621
classes_divergence,20kb,10,LINE / highest,GO:0005886,plasma membrane,gained,0.0020098291392366,3.75577767531441e-06
classes_divergence,20kb,10,LINE / highest,GO:0006811,monoatomic ion transport,gained,0.0003381305594441,1.1374712006245616e-07
classes_divergence,20kb,10,LINE / highest,GO:0007268,chemical synaptic transmission,gained,2.8108491826686955e-12,9.513394053322343e-11
classes_divergence,20kb,10,LINE / highest,GO:0007399,nervous system development,gained,1.8434384626510557e-17,1.0148853777552874e-14
classes_divergence,20kb,10,LINE / highest,GO:0007411,axon guidance,gained,1.355957032695348e-10,2.8863862600469454e-08
classes_divergence,20kb,10,LINE / highest,GO:0007528,neuromuscular junction development,gained,,0.0150625261462632
classes_divergence,20kb,10,LINE / highest,GO:0007605,sensory perception of sound,gained,,0.0455002969436653
classes_divergence,20kb,10,LINE / highest,GO:0007608,sensory perception of smell,gained,3.009449886920615e-07,2.870716258608708e-07
classes_divergence,20kb,10,LINE / highest,GO:0014069,postsynaptic density,gained,0.0020142308354062,1.55093254244787e-06
classes_divergence,20kb,10,LINE / highest,GO:0015016,heparan sulfate N-sulfotransferase activity,gained,,0.0455002969436653
classes_divergence,20kb,10,LINE / highest,GO:0019901,protein kinase binding,lost,0.0010902326533712,
classes_divergence,20kb,10,LINE / highest,GO:0030020,extracellular matrix structural constituent conferring tensile strength,lost,0.0449876856783626,0.0012569456157231
classes_divergence,20kb,10,LINE / highest,GO:0030315,T-tubule,gained,,0.0324220917564058
classes_divergence,20kb,10,LINE / highest,GO:0030424,axon,gained,3.113445999394676e-06,4.4812384974558964e-07
classes_divergence,20kb,10,LINE / highest,GO:0030425,dendrite,gained,1.0783438781833794e-09,1.6618488644220336e-09
classes_divergence,20kb,10,LINE / highest,GO:0031012,extracellular matrix,gained,2.583294680254048e-05,3.0876382577568326e-05
classes_divergence,20kb,10,LINE / highest,GO:0033268,node of Ranvier,gained,,0.0290544973283388
classes_divergence,20kb,10,LINE / highest,GO:0034220,monoatomic ion transmembrane transport,gained,0.0004584180040476,8.37419907637366e-10
classes_divergence,20kb,10,LINE / highest,GO:0042734,presynaptic membrane,gained,7.633742762205663e-07,3.201780409511268e-07
classes_divergence,20kb,10,LINE / highest,GO:0043025,neuronal cell body,gained,4.54333461621901e-07,2.6075045998156147e-06
classes_divergence,20kb,10,LINE / highest,GO:0043204,perikaryon,gained,,0.0034986033285614
classes_divergence,20kb,10,LINE / highest,GO:0045087,innate immune response,gained,,0.0267124069046877
classes_divergence,20kb,10,LINE / highest,GO:0045202,synapse,gained,4.3055662943064656e-10,1.8245978800548443e-09
classes_divergence,20kb,10,LINE / highest,GO:0045211,postsynaptic membrane,gained,2.981955709049941e-16,0.0001306920403423
classes_divergence,20kb,10,LINE / highest,GO:0050804,modulation of chemical synaptic transmission,gained,3.3444213563600204e-06,1.203102836968173e-06
classes_divergence,20kb,10,LINE / highest,GO:0050911,detection of chemical stimulus involved in sensory perception of smell,gained,7.256647507355085e-08,2.2855967494010174e-07
classes_divergence,20kb,10,LINE / highest,GO:0055012,ventricular cardiac muscle cell differentiation,lost,0.005320972681822,
classes_divergence,20kb,10,LINE / highest,GO:0070062,extracellular exosome,gained,0.0008154057211825,0.0066004586734804
classes_divergence,20kb,10,LINE / highest,GO:0071526,semaphorin-plexin signaling pathway,gained,0.0027767262705898,0.0035625560297597
classes_divergence,20kb,10,LINE / highest,GO:0098686,hippocampal mossy fiber to CA3 synapse,gained,0.0325094672192483,0.008962629621021
classes_divergence,20kb,10,LINE / highest,GO:0098793,presynapse,gained,,0.0260454640610708
classes_divergence,20kb,10,LINE / highest,GO:0098978,glutamatergic synapse,gained,2.2850322437886437e-08,3.632152317571144e-08
classes_divergence,20kb,10,LINE / highest,GO:0099505,regulation of presynaptic membrane potential,gained,0.0093551970474794,8.51992671901276e-07
classes_divergence,20kb,10,LINE / highest,GO:2000463,positive regulation of excitatory postsynaptic potential,gained,,0.0189997953205423
classes_divergence,20kb,10,LINE / lowest,GO:0005216,monoatomic ion channel activity,gained,0.0003709339357133,8.641806289858696e-09
classes_divergence,20kb,10,LINE / lowest,GO:0005549,odorant binding,gained,,0.0016481148853621
classes_divergence,20kb,10,LINE / lowest,GO:0005634,nucleus,gained,1.816572568701226e-07,6.4633581530990425e-34
classes_divergence,20kb,10,LINE / lowest,GO:0005739,mitochondrion,gained,6.382649443205043e-07,0.0002970052044475
classes_divergence,20kb,10,LINE / lowest,GO:0005794,Golgi apparatus,gained,,0.0137085955157751
classes_divergence,20kb,10,LINE / lowest,GO:0005856,cytoskeleton,gained,,0.001731567496806
classes_divergence,20kb,10,LINE / lowest,GO:0006811,monoatomic ion transport,gained,0.0003381305594441,1.1374712006245616e-07
classes_divergence,20kb,10,LINE / lowest,GO:0006974,DNA damage response,gained,0.0076591928134944,1.7689984866310233e-05
classes_divergence,20kb,10,LINE / lowest,GO:0007165,signal transduction,gained,0.0471934815125152,3.0220415460925088e-05
classes_divergence,20kb,10,LINE / lowest,GO:0007606,sensory perception of chemical stimulus,gained,,0.0009195848197665
classes_divergence,20kb,10,LINE / lowest,GO:0008210,estrogen metabolic process,gained,,0.0084185775113137
classes_divergence,20kb,10,LINE / lowest,GO:0008392,arachidonate epoxygenase activity,gained,,0.0116092580236821
classes_divergence,20kb,10,LINE / lowest,GO:0015031,protein transport,lost,0.005275439267699,3.276801433436931e-05
classes_divergence,20kb,10,LINE / lowest,GO:0016712,"oxidoreductase activity, acting on paired donors, with incorporation or reduction of molecular oxygen, reduced flavin or flavoprotein as one donor, and incorporation of one atom of oxygen",gained,0.0393441845290895,0.0249534028848562
classes_divergence,20kb,10,LINE / lowest,GO:0016740,transferase activity,gained,0.0014843251976822,7.882815717105643e-05
classes_divergence,20kb,10,LINE / lowest,GO:0019373,epoxygenase P450 pathway,gained,,0.0129024109332963
classes_divergence,20kb,10,LINE / lowest,GO:0030036,actin cytoskeleton organization,gained,,0.0373146548186242
classes_divergence,20kb,10,LINE / lowest,GO:0034220,monoatomic ion transmembrane transport,gained,0.0004584180040476,8.37419907637366e-10
classes_divergence,20kb,10,LINE / lowest,GO:0035556,intracellular signal transduction,gained,,0.0006179524414282
classes_divergence,20kb,10,LINE / lowest,GO:0042573,retinoic acid metabolic process,gained,,0.0084185775113137
classes_divergence,20kb,10,LINE / lowest,GO:0042802,identical protein binding,gained,,0.0001789080997364
classes_divergence,20kb,10,LINE / lowest,GO:0045095,keratin filament,gained,,0.0003663666108774
classes_divergence,20kb,10,LINE / lowest,GO:0045202,synapse,gained,4.3055662943064656e-10,1.8245978800548443e-09
classes_divergence,20kb,10,LTR / highest,GO:0001503,ossification,gained,,0.0149319464467853
classes_divergence,20kb,10,LTR / highest,GO:0004930,G protein-coupled receptor activity,lost,5.4943254746443614e-11,0.0040533947122717
classes_divergence,20kb,10,LTR / highest,GO:0004984,olfactory receptor activity,lost,6.846102116475155e-08,2.149922314989697e-07
classes_divergence,20kb,10,LTR / highest,GO:0005509,calcium ion binding,gained,0.0056629675313879,3.8819083784134696e-05
classes_divergence,20kb,10,LTR / highest,GO:0005634,nucleus,lost,1.816572568701226e-07,6.4633581530990425e-34
classes_divergence,20kb,10,LTR / highest,GO:0007155,cell adhesion,gained,0.0003604301712349,0.0048100793942602
classes_divergence,20kb,10,LTR / highest,GO:0007156,homophilic cell-cell adhesion,gained,,0.0076566645905717
classes_divergence,20kb,10,LTR / highest,GO:0007399,nervous system development,gained,1.8434384626510557e-17,1.0148853777552874e-14
classes_divergence,20kb,10,LTR / highest,GO:0007608,sensory perception of smell,lost,3.009449886920615e-07,2.870716258608708e-07
classes_divergence,20kb,10,LTR / highest,GO:0016339,calcium-dependent cell-cell adhesion,lost,0.0102824725812403,
classes_divergence,20kb,10,LTR / highest,GO:0031012,extracellular matrix,gained,2.583294680254048e-05,3.0876382577568326e-05
classes_divergence,20kb,10,LTR / highest,GO:0050839,cell adhesion molecule binding,gained,,0.0227993061824418
classes_divergence,20kb,10,LTR / highest,GO:0050911,detection of chemical stimulus involved in sensory perception of smell,lost,7.256647507355085e-08,2.2855967494010174e-07
classes_divergence,20kb,10,LTR / lowest,GO:0003735,structural constituent of ribosome,gained,,0.0213977817067999
classes_divergence,20kb,10,LTR / lowest,GO:0005739,mitochondrion,gained,6.382649443205043e-07,0.0002970052044475
classes_divergence,20kb,10,LTR / lowest,GO:0005840,ribosome,gained,,9.736921032575904e-05
classes_divergence,20kb,10,LTR / lowest,GO:0016712,"oxidoreductase activity, acting on paired donors, with incorporation or reduction of molecular oxygen, reduced flavin or flavoprotein as one donor, and incorporation of one atom of oxygen",lost,0.0393441845290895,0.0249534028848562
classes_divergence,20kb,10,SINE / highest,GO:0000049,tRNA binding,gained,,0.0257232368114522
classes_divergence,20kb,10,SINE / highest,GO:0000398,"mRNA splicing, via spliceosome",gained,,0.0353580468142999
classes_divergence,20kb,10,SINE / highest,GO:0000776,kinetochore,gained,,0.0205879221911911
classes_divergence,20kb,10,SINE / highest,GO:0000785,chromatin,gained,6.52008110897948e-08,2.3867013851761612e-09
classes_divergence,20kb,10,SINE / highest,GO:0000977,RNA polymerase II transcription regulatory region sequence-specific DNA binding,gained,0.0103755278090756,0.002610177283147
classes_divergence,20kb,10,SINE / highest,GO:0001640,adenylate cyclase inhibiting G protein-coupled glutamate receptor activity,gained,,0.034479418830685
classes_divergence,20kb,10,SINE / highest,GO:0001756,somitogenesis,gained,,0.0068647006173614
classes_divergence,20kb,10,SINE / highest,GO:0001947,heart looping,lost,0.0276329056683411,
classes_divergence,20kb,10,SINE / highest,GO:0001974,blood vessel remodeling,gained,,0.0151342719219746
classes_divergence,20kb,10,SINE / highest,GO:0002027,regulation of heart rate,gained,,0.0490807779780044
classes_divergence,20kb,10,SINE / highest,GO:0002116,semaphorin receptor complex,gained,0.0055572965132297,0.0028189498933434
classes_divergence,20kb,10,SINE / highest,GO:0003008,system process,gained,,0.0300893871397858
classes_divergence,20kb,10,SINE / highest,GO:0003129,heart induction,lost,0.0450376356963534,
classes_divergence,20kb,10,SINE / highest,GO:0003148,outflow tract septum morphogenesis,lost,3.201060701602836e-05,0.0012297667032053
classes_divergence,20kb,10,SINE / highest,GO:0003180,aortic valve morphogenesis,lost,0.0023160148966698,
classes_divergence,20kb,10,SINE / highest,GO:0003184,pulmonary valve morphogenesis,lost,0.0194634578221562,
classes_divergence,20kb,10,SINE / highest,GO:0003197,endocardial cushion development,lost,0.0288721192329733,
classes_divergence,20kb,10,SINE / highest,GO:0003198,epithelial to mesenchymal transition involved in endocardial cushion formation,lost,0.0042641106672605,
classes_divergence,20kb,10,SINE / highest,GO:0003272,endocardial cushion formation,gained,,0.048061987444173
classes_divergence,20kb,10,SINE / highest,GO:0003697,single-stranded DNA binding,gained,,0.0242694322354125
classes_divergence,20kb,10,SINE / highest,GO:0003707,nuclear steroid receptor activity,gained,,0.0065403065023471
classes_divergence,20kb,10,SINE / highest,GO:0003729,mRNA binding,gained,,0.0154430684799597
classes_divergence,20kb,10,SINE / highest,GO:0003735,structural constituent of ribosome,gained,,0.0213977817067999
classes_divergence,20kb,10,SINE / highest,GO:0004842,ubiquitin-protein transferase activity,gained,,0.0228280171157053
classes_divergence,20kb,10,SINE / highest,GO:0004867,serine-type endopeptidase inhibitor activity,gained,,0.0026938409212826
classes_divergence,20kb,10,SINE / highest,GO:0004879,nuclear receptor activity,gained,,3.295516745299951e-06
classes_divergence,20kb,10,SINE / highest,GO:0004888,transmembrane signaling receptor activity,lost,0.0079842854301138,0.0193239636517077
classes_divergence,20kb,10,SINE / highest,GO:0004890,GABA-A receptor activity,lost,0.0043643486445684,
classes_divergence,20kb,10,SINE / highest,GO:0004935,adrenergic receptor activity,lost,0.0068143903447191,
classes_divergence,20kb,10,SINE / highest,GO:0004938,alpha2-adrenergic receptor activity,lost,0.0193189603057163,
classes_divergence,20kb,10,SINE / highest,GO:0004970,glutamate-gated receptor activity,gained,1.456061409037476e-06,0.0001037579580081
classes_divergence,20kb,10,SINE / highest,GO:0005230,extracellular ligand-gated monoatomic ion channel activity,lost,0.0403240407188117,
classes_divergence,20kb,10,SINE / highest,GO:0005515,protein binding,gained,0.0008154057211825,1.2469468335872842e-08
classes_divergence,20kb,10,SINE / highest,GO:0005549,odorant binding,gained,,0.0016481148853621
classes_divergence,20kb,10,SINE / highest,GO:0005681,spliceosomal complex,gained,,0.0490754486194862
classes_divergence,20kb,10,SINE / highest,GO:0005694,chromosome,gained,,7.830137157101782e-05
classes_divergence,20kb,10,SINE / highest,GO:0005783,endoplasmic reticulum,gained,,0.0120910708314209
classes_divergence,20kb,10,SINE / highest,GO:0005794,Golgi apparatus,gained,,0.0137085955157751
classes_divergence,20kb,10,SINE / highest,GO:0005840,ribosome,gained,,9.736921032575904e-05
classes_divergence,20kb,10,SINE / highest,GO:0006281,DNA repair,gained,,5.059265331188404e-05
classes_divergence,20kb,10,SINE / highest,GO:0006325,chromatin organization,gained,,0.0111902412810254
classes_divergence,20kb,10,SINE / highest,GO:0006364,rRNA processing,gained,,0.0002963704343748
classes_divergence,20kb,10,SINE / highest,GO:0006397,mRNA processing,gained,,0.0434927450460534
classes_divergence,20kb,10,SINE / highest,GO:0006511,ubiquitin-dependent protein catabolic process,gained,,0.0006404686726463
classes_divergence,20kb,10,SINE / highest,GO:0006914,autophagy,gained,,0.0038838535076196
classes_divergence,20kb,10,SINE / highest,GO:0006936,muscle contraction,gained,,0.0154294605035218
classes_divergence,20kb,10,SINE / highest,GO:0007030,Golgi organization,gained,,0.0336312454940483
classes_divergence,20kb,10,SINE / highest,GO:0007196,adenylate cyclase-inhibiting G protein-coupled glutamate receptor signaling pathway,gained,0.0055572965132297,0.0006404686726463
classes_divergence,20kb,10,SINE / highest,GO:0007200,phospholipase C-activating G protein-coupled receptor signaling pathway,gained,,0.0163515320936919
classes_divergence,20kb,10,SINE / highest,GO:0007214,gamma-aminobutyric acid signaling pathway,lost,0.0133167461133059,
classes_divergence,20kb,10,SINE / highest,GO:0007216,G protein-coupled glutamate receptor signaling pathway,gained,0.0389258091114512,0.0171938630333814
classes_divergence,20kb,10,SINE / highest,GO:0007263,nitric oxide mediated signal transduction,gained,,0.0310788358917758
classes_divergence,20kb,10,SINE / highest,GO:0007267,cell-cell signaling,lost,0.0043643486445684,0.0434778004684103
classes_divergence,20kb,10,SINE / highest,GO:0007283,spermatogenesis,gained,,0.0094815207206551
classes_divergence,20kb,10,SINE / highest,GO:0007389,pattern specification process,gained,0.005223943114256,0.005630195999988
classes_divergence,20kb,10,SINE / highest,GO:0007409,axonogenesis,lost,0.0004844862085318,0.0237181014203566
classes_divergence,20kb,10,SINE / highest,GO:0007416,synapse assembly,gained,0.0016533202857237,0.0073254082393866
classes_divergence,20kb,10,SINE / highest,GO:0007422,peripheral nervous system development,gained,0.0191830848575474,0.0421186796585359
classes_divergence,20kb,10,SINE / highest,GO:0007507,heart development,lost,0.0449657896247861,
classes_divergence,20kb,10,SINE / highest,GO:0008016,regulation of heart contraction,gained,,0.0099530901843211
classes_divergence,20kb,10,SINE / highest,GO:0008033,tRNA processing,gained,,0.003862166602839
classes_divergence,20kb,10,SINE / highest,GO:0008066,glutamate receptor activity,gained,0.0003988417740706,8.33363073172331e-06
classes_divergence,20kb,10,SINE / highest,GO:0008201,heparin binding,lost,0.0265096813495381,0.0297287625886865
classes_divergence,20kb,10,SINE / highest,GO:0008270,zinc ion binding,gained,0.0009114006975607,3.1034237523252783e-09
classes_divergence,20kb,10,SINE / highest,GO:0008284,positive regulation of cell population proliferation,lost,0.0027767262705898,
classes_divergence,20kb,10,SINE / highest,GO:0008503,benzodiazepine receptor activity,lost,0.001604785348648,0.0245816144349751
classes_divergence,20kb,10,SINE / highest,GO:0010628,positive regulation of gene expression,gained,,0.0276510854717597
classes_divergence,20kb,10,SINE / highest,GO:0010811,positive regulation of cell-substrate adhesion,lost,0.003134110204131,
classes_divergence,20kb,10,SINE / highest,GO:0014069,postsynaptic density,gained,0.0020142308354062,1.55093254244787e-06
classes_divergence,20kb,10,SINE / highest,GO:0014704,intercalated disc,lost,0.0028627329746098,
classes_divergence,20kb,10,SINE / highest,GO:0015031,protein transport,gained,0.005275439267699,3.276801433436931e-05
classes_divergence,20kb,10,SINE / highest,GO:0015271,outward rectifier potassium channel activity,gained,,0.0092175315185736
classes_divergence,20kb,10,SINE / highest,GO:0015630,microtubule cytoskeleton,gained,,0.0205879221911911
classes_divergence,20kb,10,SINE / highest,GO:0016020,membrane,lost,0.0096693669586165,
classes_divergence,20kb,10,SINE / highest,GO:0016567,protein ubiquitination,gained,,0.0005399397583562
classes_divergence,20kb,10,SINE / highest,GO:0016787,hydrolase activity,gained,,0.0004329766626355
classes_divergence,20kb,10,SINE / highest,GO:0016887,ATP hydrolysis activity,gained,,0.0002530676792951
classes_divergence,20kb,10,SINE / highest,GO:0017154,semaphorin receptor activity,gained,0.0040330915606156,0.0014778505882122
classes_divergence,20kb,10,SINE / highest,GO:0019228,neuronal action potential,gained,,0.043053862491545
classes_divergence,20kb,10,SINE / highest,GO:0019229,regulation of vasoconstriction,lost,0.0143902492661181,0.0196618281035862
classes_divergence,20kb,10,SINE / highest,GO:0019966,interleukin-1 binding,lost,0.0271616621538594,
classes_divergence,20kb,10,SINE / highest,GO:0021527,spinal cord association neuron differentiation,lost,0.0288721192329733,
classes_divergence,20kb,10,SINE / highest,GO:0021766,hippocampus development,lost,0.0286075934345353,
classes_divergence,20kb,10,SINE / highest,GO:0021796,cerebral cortex regionalization,gained,,0.0170519951979202
classes_divergence,20kb,10,SINE / highest,GO:0021819,layer formation in cerebral cortex,gained,0.0079394828171665,0.0045774496341555
classes_divergence,20kb,10,SINE / highest,GO:0021879,forebrain neuron differentiation,gained,0.035968047841547,0.0410490081055714
classes_divergence,20kb,10,SINE / highest,GO:0022008,neurogenesis,lost,0.0074664313788548,0.0166843658607338
classes_divergence,20kb,10,SINE / highest,GO:0022851,GABA-gated chloride ion channel activity,lost,0.0032995836535252,
classes_divergence,20kb,10,SINE / highest,GO:0030154,cell differentiation,lost,1.9214121598908533e-07,0.0023897982591179
classes_divergence,20kb,10,SINE / highest,GO:0030182,neuron differentiation,gained,0.0063426765905975,1.7005354197602158e-07
classes_divergence,20kb,10,SINE / highest,GO:0030280,structural constituent of skin epidermis,gained,,8.249702555106992e-05
classes_divergence,20kb,10,SINE / highest,GO:0030318,melanocyte differentiation,gained,,0.0059264983467617
classes_divergence,20kb,10,SINE / highest,GO:0030324,lung development,lost,7.128049649018038e-06,0.0119614198560687
classes_divergence,20kb,10,SINE / highest,GO:0030335,positive regulation of cell migration,lost,0.0453517743920296,
classes_divergence,20kb,10,SINE / highest,GO:0030496,midbody,gained,,0.0127014540801908
classes_divergence,20kb,10,SINE / highest,GO:0030501,positive regulation of bone mineralization,lost,0.006024344822335,
classes_divergence,20kb,10,SINE / highest,GO:0030518,nuclear receptor-mediated steroid hormone signaling pathway,gained,,0.0254633923381561
classes_divergence,20kb,10,SINE / highest,GO:0031091,platelet alpha granule,gained,,0.0289483198448112
classes_divergence,20kb,10,SINE / highest,GO:0032228,"regulation of synaptic transmission, GABAergic",lost,0.0129325523544084,
classes_divergence,20kb,10,SINE / highest,GO:0032809,neuronal cell body membrane,gained,,0.0206195519528357
classes_divergence,20kb,10,SINE / highest,GO:0034702,monoatomic ion channel complex,gained,0.0447528589146046,6.390658383412919e-07
classes_divergence,20kb,10,SINE / highest,GO:0034707,chloride channel complex,lost,0.0102824725812403,0.0205909796023623
classes_divergence,20kb,10,SINE / highest,GO:0034765,regulation of monoatomic ion transmembrane transport,gained,,0.0334482182335783
classes_divergence,20kb,10,SINE / highest,GO:0035115,embryonic forelimb morphogenesis,gained,,0.0045140015558665
classes_divergence,20kb,10,SINE / highest,GO:0035295,tube development,gained,,0.0107553230341748
classes_divergence,20kb,10,SINE / highest,GO:0036064,ciliary basal body,gained,0.0389258091114512,0.0276452301947795
classes_divergence,20kb,10,SINE / highest,GO:0038023,signaling receptor activity,gained,0.001547961489094,5.5317044582309164e-08
classes_divergence,20kb,10,SINE / highest,GO:0042311,vasodilation,gained,,0.0454958568374964
classes_divergence,20kb,10,SINE / highest,GO:0042472,inner ear morphogenesis,gained,0.0105528589402816,0.0059825402195186
classes_divergence,20kb,10,SINE / highest,GO:0042475,odontogenesis of dentin-containing tooth,gained,,0.0061039257112987
classes_divergence,20kb,10,SINE / highest,GO:0042481,regulation of odontogenesis,gained,,0.0108417421650702
classes_divergence,20kb,10,SINE / highest,GO:0043010,camera-type eye development,gained,,0.0205879221911911
classes_divergence,20kb,10,SINE / highest,GO:0043113,receptor clustering,lost,0.0349328105560063,
classes_divergence,20kb,10,SINE / highest,GO:0043161,proteasome-mediated ubiquitin-dependent protein catabolic process,gained,,0.0259601247434727
classes_divergence,20kb,10,SINE / highest,GO:0043194,axon initial segment,gained,,0.0259367060417827
classes_divergence,20kb,10,SINE / highest,GO:0043410,positive regulation of MAPK cascade,lost,0.0457866164482566,0.0087675826027862
classes_divergence,20kb,10,SINE / highest,GO:0043679,axon terminus,gained,,0.0302408037662161
classes_divergence,20kb,10,SINE / highest,GO:0044305,calyx of Held,gained,,0.0289483198448112
classes_divergence,20kb,10,SINE / highest,GO:0044325,transmembrane transporter binding,gained,,0.0035625560297597
classes_divergence,20kb,10,SINE / highest,GO:0045095,keratin filament,gained,,0.0003663666108774
classes_divergence,20kb,10,SINE / highest,GO:0045109,intermediate filament organization,gained,,0.0005976855631508
classes_divergence,20kb,10,SINE / highest,GO:0045165,cell fate commitment,gained,4.742797859828515e-05,0.0032742043648021
classes_divergence,20kb,10,SINE / highest,GO:0045199,maintenance of epithelial cell apical/basal polarity,gained,,0.0170519951979202
classes_divergence,20kb,10,SINE / highest,GO:0045596,negative regulation of cell differentiation,lost,0.0334135317880362,
classes_divergence,20kb,10,SINE / highest,GO:0045597,positive regulation of cell differentiation,lost,0.0051090961704888,
classes_divergence,20kb,10,SINE / highest,GO:0045747,positive regulation of Notch signaling pathway,lost,0.0039175051068884,0.00559215516759
classes_divergence,20kb,10,SINE / highest,GO:0045893,positive regulation of DNA-templated transcription,lost,0.0022002884593227,
classes_divergence,20kb,10,SINE / highest,GO:0047961,glycine N-acyltransferase activity,gained,,0.0427288372719583
classes_divergence,20kb,10,SINE / highest,GO:0048646,anatomical structure formation involved in morphogenesis,gained,,0.0331888943910677
classes_divergence,20kb,10,SINE / highest,GO:0048752,semicircular canal morphogenesis,gained,,0.0410490081055714
classes_divergence,20kb,10,SINE / highest,GO:0048793,pronephros development,gained,,0.0205879221911911
classes_divergence,20kb,10,SINE / highest,GO:0050772,positive regulation of axonogenesis,lost,0.048409434602242,
classes_divergence,20kb,10,SINE / highest,GO:0050808,synapse organization,lost,5.684959971242552e-05,0.0004329766626355
classes_divergence,20kb,10,SINE / highest,GO:0050877,nervous system process,lost,0.048409434602242,
classes_divergence,20kb,10,SINE / highest,GO:0050925,negative regulation of negative chemotaxis,lost,0.0193189603057163,
classes_divergence,20kb,10,SINE / highest,GO:0051301,cell division,gained,,0.0037166633660187
classes_divergence,20kb,10,SINE / highest,GO:0051321,meiotic cell cycle,gained,,0.0082864888578168
classes_divergence,20kb,10,SINE / highest,GO:0051480,regulation of cytosolic calcium ion concentration,gained,,0.0122778830608997
classes_divergence,20kb,10,SINE / highest,GO:0051607,defense response to virus,gained,,0.0065354599228372
classes_divergence,20kb,10,SINE / highest,GO:0051932,"synaptic transmission, GABAergic",lost,0.0477935202542407,
classes_divergence,20kb,10,SINE / highest,GO:0055007,cardiac muscle cell differentiation,lost,0.0129325523544084,
classes_divergence,20kb,10,SINE / highest,GO:0060021,roof of mouth development,gained,,0.0343634588732814
classes_divergence,20kb,10,SINE / highest,GO:0060048,cardiac muscle contraction,lost,0.0242421316477419,
classes_divergence,20kb,10,SINE / highest,GO:0060413,atrial septum morphogenesis,lost,0.0359139906159305,
classes_divergence,20kb,10,SINE / highest,GO:0060662,salivary gland cavitation,gained,,0.034479418830685
classes_divergence,20kb,10,SINE / highest,GO:0060997,dendritic spine morphogenesis,lost,0.0194634578221562,
classes_divergence,20kb,10,SINE / highest,GO:0062009,secondary palate development,lost,0.0055572965132297,0.0171938630333814
classes_divergence,20kb,10,SINE / highest,GO:0070268,cornification,gained,,0.0451640415166118
classes_divergence,20kb,10,SINE / highest,GO:0071560,cellular response to transforming growth factor beta stimulus,gained,0.0020142308354062,0.002878816976127
classes_divergence,20kb,10,SINE / highest,GO:0071875,adrenergic receptor signaling pathway,lost,0.0017533759416835,
classes_divergence,20kb,10,SINE / highest,GO:0086004,regulation of cardiac muscle cell contraction,lost,0.0389258091114512,
classes_divergence,20kb,10,SINE / highest,GO:0097623,potassium ion export across plasma membrane,gained,,0.0056728437235767
classes_divergence,20kb,10,SINE / highest,GO:0098609,cell-cell adhesion,gained,0.0003709339357133,0.002610177283147
classes_divergence,20kb,10,SINE / highest,GO:0098632,cell-cell adhesion mediator activity,gained,,0.0096434000082039
classes_divergence,20kb,10,SINE / highest,GO:0098686,hippocampal mossy fiber to CA3 synapse,gained,0.0325094672192483,0.008962629621021
classes_divergence,20kb,10,SINE / highest,GO:0098914,membrane repolarization during atrial cardiac muscle cell action potential,gained,,0.0427288372719583
classes_divergence,20kb,10,SINE / highest,GO:0099175,regulation of postsynapse organization,lost,0.0009580139287888,
classes_divergence,20kb,10,SINE / highest,GO:0099505,regulation of presynaptic membrane potential,gained,0.0093551970474794,8.51992671901276e-07
classes_divergence,20kb,10,SINE / highest,GO:0099507,ligand-gated monoatomic ion channel activity involved in regulation of presynaptic membrane potential,gained,0.0107973383869549,0.007456242702933
classes_divergence,20kb,10,SINE / highest,GO:0099508,voltage-gated monoatomic ion channel activity involved in regulation of presynaptic membrane potential,gained,,0.001642461638674
classes_divergence,20kb,10,SINE / highest,GO:0099566,regulation of postsynaptic cytosolic calcium ion concentration,gained,,0.0097721233355483
classes_divergence,20kb,10,SINE / highest,GO:0160001,extrasynaptic signaling via GABA,lost,0.0450376356963534,
classes_divergence,20kb,10,SINE / highest,GO:1901379,regulation of potassium ion transmembrane transport,gained,,0.0206195519528357
classes_divergence,20kb,10,SINE / highest,GO:1902711,GABA-A receptor complex,lost,0.0043643486445684,
classes_divergence,20kb,10,SINE / highest,GO:1905606,regulation of presynapse assembly,lost,0.0093551970474794,
classes_divergence,20kb,10,SINE / lowest,GO:0000978,RNA polymerase II cis-regulatory region sequence-specific DNA binding,gained,2.928203251778993e-05,3.0220415460925088e-05
classes_divergence,20kb,10,SINE / lowest,GO:0000981,"DNA-binding transcription factor activity, RNA polymerase II-specific",gained,0.0097976104898631,3.6224654476927113e-06
classes_divergence,20kb,10,SINE / lowest,GO:0003677,DNA binding,gained,0.0003926277240233,1.457228089762934e-11
classes_divergence,20kb,10,SINE / lowest,GO:0005515,protein binding,lost,0.0008154057211825,1.2469468335872842e-08
classes_divergence,20kb,10,SINE / lowest,GO:0005576,extracellular region,gained,0.0079459710176169,1.216676927786754e-06
classes_divergence,20kb,10,SINE / lowest,GO:0005615,extracellular space,gained,0.0347279408745699,0.0030885010107079
classes_divergence,20kb,10,SINE / lowest,GO:0005634,nucleus,gained,1.816572568701226e-07,6.4633581530990425e-34
classes_divergence,20kb,10,SINE / lowest,GO:0005654,nucleoplasm,gained,1.1217882003284322e-05,1.7997129358407465e-12
classes_divergence,20kb,10,SINE / lowest,GO:0005886,plasma membrane,gained,0.0020098291392366,3.75577767531441e-06
classes_divergence,20kb,10,SINE / lowest,GO:0006355,regulation of DNA-templated transcription,gained,2.7630891993501e-06,6.183812524491342e-14
classes_divergence,20kb,10,SINE / lowest,GO:0006357,regulation of transcription by RNA polymerase II,gained,0.0008737374280665,4.9036436695634937e-08
classes_divergence,20kb,10,SINE / lowest,GO:0006954,inflammatory response,gained,,0.0218455925461484
classes_divergence,20kb,10,SINE / lowest,GO:0006955,immune response,gained,,0.0205098145308658
classes_divergence,20kb,10,SINE / lowest,GO:0008270,zinc ion binding,gained,0.0009114006975607,3.1034237523252783e-09
classes_divergence,20kb,10,SINE / lowest,GO:0031012,extracellular matrix,gained,2.583294680254048e-05,3.0876382577568326e-05
classes_divergence,20kb,10,SINE / lowest,GO:0070062,extracellular exosome,lost,0.0008154057211825,0.0066004586734804
classes_divergence,20kb,10,TE_all / highest,GO:0000049,tRNA binding,gained,,0.0257232368114522
classes_divergence,20kb,10,TE_all / highest,GO:0000166,nucleotide binding,gained,0.0102516686075325,0.0018074177981698
classes_divergence,20kb,10,TE_all / highest,GO:0000398,"mRNA splicing, via spliceosome",gained,,0.0353580468142999
classes_divergence,20kb,10,TE_all / highest,GO:0000775,"chromosome, centromeric region",gained,,0.0196618281035862
classes_divergence,20kb,10,TE_all / highest,GO:0000781,"chromosome, telomeric region",gained,,0.0377616238721103
classes_divergence,20kb,10,TE_all / highest,GO:0000932,P-body,gained,,0.0075389068097419
classes_divergence,20kb,10,TE_all / highest,GO:0001221,transcription coregulator binding,gained,,0.0434778004684103
classes_divergence,20kb,10,TE_all / highest,GO:0001227,"DNA-binding transcription repressor activity, RNA polymerase II-specific",gained,,0.0133516539582021
classes_divergence,20kb,10,TE_all / highest,GO:0001501,skeletal system development,gained,,0.0113027544191115
classes_divergence,20kb,10,TE_all / highest,GO:0001503,ossification,gained,,0.0149319464467853
classes_divergence,20kb,10,TE_all / highest,GO:0001508,action potential,gained,0.0033738938647983,0.0009303181685777
classes_divergence,20kb,10,TE_all / highest,GO:0001568,blood vessel development,gained,,0.0133516539582021
classes_divergence,20kb,10,TE_all / highest,GO:0001569,branching involved in blood vessel morphogenesis,gained,,0.043053862491545
classes_divergence,20kb,10,TE_all / highest,GO:0001640,adenylate cyclase inhibiting G protein-coupled glutamate receptor activity,gained,,0.034479418830685
classes_divergence,20kb,10,TE_all / highest,GO:0001756,somitogenesis,gained,,0.0068647006173614
classes_divergence,20kb,10,TE_all / highest,GO:0001837,epithelial to mesenchymal transition,lost,0.0205166990334846,
classes_divergence,20kb,10,TE_all / highest,GO:0002027,regulation of heart rate,gained,,0.0490807779780044
classes_divergence,20kb,10,TE_all / highest,GO:0002181,cytoplasmic translation,gained,,0.0100547830426414
classes_divergence,20kb,10,TE_all / highest,GO:0003148,outflow tract septum morphogenesis,gained,3.201060701602836e-05,0.0012297667032053
classes_divergence,20kb,10,TE_all / highest,GO:0003184,pulmonary valve morphogenesis,lost,0.0194634578221562,
classes_divergence,20kb,10,TE_all / highest,GO:0003197,endocardial cushion development,lost,0.0288721192329733,
classes_divergence,20kb,10,TE_all / highest,GO:0003203,endocardial cushion morphogenesis,gained,,0.0231777540805659
classes_divergence,20kb,10,TE_all / highest,GO:0003676,nucleic acid binding,gained,,0.0248303451491255
classes_divergence,20kb,10,TE_all / highest,GO:0003697,single-stranded DNA binding,gained,,0.0242694322354125
classes_divergence,20kb,10,TE_all / highest,GO:0003707,nuclear steroid receptor activity,gained,,0.0065403065023471
classes_divergence,20kb,10,TE_all / highest,GO:0003735,structural constituent of ribosome,gained,,0.0213977817067999
classes_divergence,20kb,10,TE_all / highest,GO:0004114,"3',5'-cyclic-nucleotide phosphodiesterase activity",lost,0.0117347162425038,
classes_divergence,20kb,10,TE_all / highest,GO:0004115,"3',5'-cyclic-AMP phosphodiesterase activity",lost,0.0097754613772988,
classes_divergence,20kb,10,TE_all / highest,GO:0004879,nuclear receptor activity,gained,,3.295516745299951e-06
classes_divergence,20kb,10,TE_all / highest,GO:0004890,GABA-A receptor activity,lost,0.0043643486445684,
classes_divergence,20kb,10,TE_all / highest,GO:0005003,ephrin receptor activity,lost,0.0389258091114512,
classes_divergence,20kb,10,TE_all / highest,GO:0005125,cytokine activity,lost,0.0375755364709871,0.0069472487706426
classes_divergence,20kb,10,TE_all / highest,GO:0005230,extracellular ligand-gated monoatomic ion channel activity,lost,0.0403240407188117,
classes_divergence,20kb,10,TE_all / highest,GO:0005251,delayed rectifier potassium channel activity,gained,0.0227525818542981,0.0088184210929282
classes_divergence,20kb,10,TE_all / highest,GO:0005515,protein binding,gained,0.0008154057211825,1.2469468335872842e-08
classes_divergence,20kb,10,TE_all / highest,GO:0005516,calmodulin binding,gained,,0.0157532125925629
classes_divergence,20kb,10,TE_all / highest,GO:0005524,ATP binding,gained,0.0124598202134283,0.0028189498933434
classes_divergence,20kb,10,TE_all / highest,GO:0005539,glycosaminoglycan binding,gained,,0.0339312657967035
classes_divergence,20kb,10,TE_all / highest,GO:0005581,collagen trimer,gained,,0.0012379565710221
classes_divergence,20kb,10,TE_all / highest,GO:0005583,fibrillar collagen trimer,gained,,0.0170519951979202
classes_divergence,20kb,10,TE_all / highest,GO:0005634,nucleus,gained,1.816572568701226e-07,6.4633581530990425e-34
classes_divergence,20kb,10,TE_all / highest,GO:0005654,nucleoplasm,gained,1.1217882003284322e-05,1.7997129358407465e-12
classes_divergence,20kb,10,TE_all / highest,GO:0005667,transcription regulator complex,gained,,0.0172836073408646
classes_divergence,20kb,10,TE_all / highest,GO:0005681,spliceosomal complex,gained,,0.0490754486194862
classes_divergence,20kb,10,TE_all / highest,GO:0005694,chromosome,gained,,7.830137157101782e-05
classes_divergence,20kb,10,TE_all / highest,GO:0005730,nucleolus,gained,1.058521726180462e-05,3.918512233477667e-06
classes_divergence,20kb,10,TE_all / highest,GO:0005737,cytoplasm,gained,0.0054066638312344,4.021632189244315e-07
classes_divergence,20kb,10,TE_all / highest,GO:0005783,endoplasmic reticulum,gained,,0.0120910708314209
classes_divergence,20kb,10,TE_all / highest,GO:0005789,endoplasmic reticulum membrane,gained,,0.0045140015558665
classes_divergence,20kb,10,TE_all / highest,GO:0005813,centrosome,gained,0.0153115104766402,0.003862166602839
classes_divergence,20kb,10,TE_all / highest,GO:0005814,centriole,gained,,0.0398675821355096
classes_divergence,20kb,10,TE_all / highest,GO:0005840,ribosome,gained,,9.736921032575904e-05
classes_divergence,20kb,10,TE_all / highest,GO:0005930,axoneme,gained,,0.0205909796023623
classes_divergence,20kb,10,TE_all / highest,GO:0006281,DNA repair,gained,,5.059265331188404e-05
classes_divergence,20kb,10,TE_all / highest,GO:0006325,chromatin organization,gained,,0.0111902412810254
classes_divergence,20kb,10,TE_all / highest,GO:0006357,regulation of transcription by RNA polymerase II,lost,0.0008737374280665,4.9036436695634937e-08
classes_divergence,20kb,10,TE_all / highest,GO:0006364,rRNA processing,gained,,0.0002963704343748
classes_divergence,20kb,10,TE_all / highest,GO:0006397,mRNA processing,gained,,0.0434927450460534
classes_divergence,20kb,10,TE_all / highest,GO:0006417,regulation of translation,gained,,0.0171938630333814
classes_divergence,20kb,10,TE_all / highest,GO:0006457,protein folding,gained,0.022106579611822,0.0002033644089024
classes_divergence,20kb,10,TE_all / highest,GO:0006511,ubiquitin-dependent protein catabolic process,gained,,0.0006404686726463
classes_divergence,20kb,10,TE_all / highest,GO:0007030,Golgi organization,gained,,0.0336312454940483
classes_divergence,20kb,10,TE_all / highest,GO:0007043,cell-cell junction assembly,lost,0.0487675166683113,
classes_divergence,20kb,10,TE_all / highest,GO:0007156,homophilic cell-cell adhesion,gained,,0.0076566645905717
classes_divergence,20kb,10,TE_all / highest,GO:0007162,negative regulation of cell adhesion,gained,,0.0059402790198931
classes_divergence,20kb,10,TE_all / highest,GO:0007214,gamma-aminobutyric acid signaling pathway,lost,0.0133167461133059,
classes_divergence,20kb,10,TE_all / highest,GO:0007215,glutamate receptor signaling pathway,gained,,0.0231777540805659
classes_divergence,20kb,10,TE_all / highest,GO:0007219,Notch signaling pathway,gained,,0.0199187190202784
classes_divergence,20kb,10,TE_all / highest,GO:0007283,spermatogenesis,gained,,0.0094815207206551
classes_divergence,20kb,10,TE_all / highest,GO:0007386,compartment pattern specification,lost,0.0424402704392935,
classes_divergence,20kb,10,TE_all / highest,GO:0007409,axonogenesis,gained,0.0004844862085318,0.0237181014203566
classes_divergence,20kb,10,TE_all / highest,GO:0007420,brain development,lost,0.0114671976718726,0.0127288498481771
classes_divergence,20kb,10,TE_all / highest,GO:0007422,peripheral nervous system development,lost,0.0191830848575474,0.0421186796585359
classes_divergence,20kb,10,TE_all / highest,GO:0007423,sensory organ development,lost,0.0286075934345353,
classes_divergence,20kb,10,TE_all / highest,GO:0007507,heart development,lost,0.0449657896247861,
classes_divergence,20kb,10,TE_all / highest,GO:0007519,skeletal muscle tissue development,lost,0.0399612422533444,
classes_divergence,20kb,10,TE_all / highest,GO:0007528,neuromuscular junction development,gained,,0.0150625261462632
classes_divergence,20kb,10,TE_all / highest,GO:0008013,beta-catenin binding,lost,0.0328023199644392,
classes_divergence,20kb,10,TE_all / highest,GO:0008016,regulation of heart contraction,gained,,0.0099530901843211
classes_divergence,20kb,10,TE_all / highest,GO:0008033,tRNA processing,gained,,0.003862166602839
classes_divergence,20kb,10,TE_all / highest,GO:0008045,motor neuron axon guidance,lost,0.0004584180040476,
classes_divergence,20kb,10,TE_all / highest,GO:0008284,positive regulation of cell population proliferation,lost,0.0027767262705898,
classes_divergence,20kb,10,TE_all / highest,GO:0008285,negative regulation of cell population proliferation,lost,0.0399612422533444,
classes_divergence,20kb,10,TE_all / highest,GO:0009653,anatomical structure morphogenesis,gained,,0.0078905478903604
classes_divergence,20kb,10,TE_all / highest,GO:0009887,animal organ morphogenesis,gained,,0.0181289051982881
classes_divergence,20kb,10,TE_all / highest,GO:0009953,dorsal/ventral pattern formation,lost,0.0403240407188117,
classes_divergence,20kb,10,TE_all / highest,GO:0010628,positive regulation of gene expression,gained,,0.0276510854717597
classes_divergence,20kb,10,TE_all / highest,GO:0016339,calcium-dependent cell-cell adhesion,lost,0.0102824725812403,
classes_divergence,20kb,10,TE_all / highest,GO:0016567,protein ubiquitination,gained,,0.0005399397583562
classes_divergence,20kb,10,TE_all / highest,GO:0016740,transferase activity,gained,0.0014843251976822,7.882815717105643e-05
classes_divergence,20kb,10,TE_all / highest,GO:0016779,nucleotidyltransferase activity,gained,,0.0468805108587861
classes_divergence,20kb,10,TE_all / highest,GO:0016787,hydrolase activity,gained,,0.0004329766626355
classes_divergence,20kb,10,TE_all / highest,GO:0016887,ATP hydrolysis activity,gained,,0.0002530676792951
classes_divergence,20kb,10,TE_all / highest,GO:0019228,neuronal action potential,gained,,0.043053862491545
classes_divergence,20kb,10,TE_all / highest,GO:0019229,regulation of vasoconstriction,gained,0.0143902492661181,0.0196618281035862
classes_divergence,20kb,10,TE_all / highest,GO:0021517,ventral spinal cord development,gained,,0.0076566645905717
classes_divergence,20kb,10,TE_all / highest,GO:0021527,spinal cord association neuron differentiation,lost,0.0288721192329733,
classes_divergence,20kb,10,TE_all / highest,GO:0021537,telencephalon development,lost,0.0020086576143262,0.0019441066976666
classes_divergence,20kb,10,TE_all / highest,GO:0021612,facial nerve structural organization,lost,0.0055572965132297,
classes_divergence,20kb,10,TE_all / highest,GO:0021637,trigeminal nerve structural organization,lost,0.0113183392800763,
classes_divergence,20kb,10,TE_all / highest,GO:0021707,cerebellar granule cell differentiation,lost,0.035968047841547,
classes_divergence,20kb,10,TE_all / highest,GO:0021766,hippocampus development,lost,0.0286075934345353,
classes_divergence,20kb,10,TE_all / highest,GO:0021785,branchiomotor neuron axon guidance,lost,0.0214773433190178,
classes_divergence,20kb,10,TE_all / highest,GO:0021796,cerebral cortex regionalization,gained,,0.0170519951979202
classes_divergence,20kb,10,TE_all / highest,GO:0021828,gonadotrophin-releasing hormone neuronal migration to the hypothalamus,lost,0.0113183392800763,
classes_divergence,20kb,10,TE_all / highest,GO:0021879,forebrain neuron differentiation,lost,0.035968047841547,0.0410490081055714
classes_divergence,20kb,10,TE_all / highest,GO:0021983,pituitary gland development,gained,,0.0337139104925494
classes_divergence,20kb,10,TE_all / highest,GO:0022008,neurogenesis,gained,0.0074664313788548,0.0166843658607338
classes_divergence,20kb,10,TE_all / highest,GO:0022851,GABA-gated chloride ion channel activity,lost,0.0032995836535252,
classes_divergence,20kb,10,TE_all / highest,GO:0030020,extracellular matrix structural constituent conferring tensile strength,gained,0.0449876856783626,0.0012569456157231
classes_divergence,20kb,10,TE_all / highest,GO:0030198,extracellular matrix organization,gained,,0.0012379565710221
classes_divergence,20kb,10,TE_all / highest,GO:0030224,monocyte differentiation,gained,,0.0196618281035862
classes_divergence,20kb,10,TE_all / highest,GO:0030279,negative regulation of ossification,lost,0.0286075934345353,
classes_divergence,20kb,10,TE_all / highest,GO:0030280,structural constituent of skin epidermis,gained,,8.249702555106992e-05
classes_divergence,20kb,10,TE_all / highest,GO:0030326,embryonic limb morphogenesis,gained,,0.0334743790733219
classes_divergence,20kb,10,TE_all / highest,GO:0030496,midbody,gained,,0.0127014540801908
classes_divergence,20kb,10,TE_all / highest,GO:0030522,intracellular receptor signaling pathway,gained,,0.0296383778985975
classes_divergence,20kb,10,TE_all / highest,GO:0030858,positive regulation of epithelial cell differentiation,gained,,0.0334482182335783
classes_divergence,20kb,10,TE_all / highest,GO:0030902,hindbrain development,gained,,0.0231777540805659
classes_divergence,20kb,10,TE_all / highest,GO:0031424,keratinization,gained,0.0268929271143277,0.0028131637387518
classes_divergence,20kb,10,TE_all / highest,GO:0032809,neuronal cell body membrane,gained,,0.0206195519528357
classes_divergence,20kb,10,TE_all / highest,GO:0034702,monoatomic ion channel complex,gained,0.0447528589146046,6.390658383412919e-07
classes_divergence,20kb,10,TE_all / highest,GO:0034765,regulation of monoatomic ion transmembrane transport,gained,,0.0334482182335783
classes_divergence,20kb,10,TE_all / highest,GO:0035115,embryonic forelimb morphogenesis,gained,,0.0045140015558665
classes_divergence,20kb,10,TE_all / highest,GO:0035116,embryonic hindlimb morphogenesis,gained,0.0016754028270585,0.0002262435772859
classes_divergence,20kb,10,TE_all / highest,GO:0035176,social behavior,lost,0.0004900824516218,
classes_divergence,20kb,10,TE_all / highest,GO:0035295,tube development,gained,,0.0107553230341748
classes_divergence,20kb,10,TE_all / highest,GO:0035418,protein localization to synapse,lost,0.0486090354074643,
classes_divergence,20kb,10,TE_all / highest,GO:0035655,interleukin-18-mediated signaling pathway,gained,,0.0068647006173614
classes_divergence,20kb,10,TE_all / highest,GO:0035725,sodium ion transmembrane transport,gained,,0.0401887621261176
classes_divergence,20kb,10,TE_all / highest,GO:0035914,skeletal muscle cell differentiation,lost,0.0102824725812403,
classes_divergence,20kb,10,TE_all / highest,GO:0036064,ciliary basal body,lost,0.0389258091114512,0.0276452301947795
classes_divergence,20kb,10,TE_all / highest,GO:0036477,somatodendritic compartment,gained,,0.0032721148640725
classes_divergence,20kb,10,TE_all / highest,GO:0036486,ventral trunk neural crest cell migration,lost,0.0150061918700614,
classes_divergence,20kb,10,TE_all / highest,GO:0042060,wound healing,lost,0.0378845287437865,
classes_divergence,20kb,10,TE_all / highest,GO:0042391,regulation of membrane potential,gained,,0.0439895612689014
classes_divergence,20kb,10,TE_all / highest,GO:0042476,odontogenesis,gained,0.0387253840005209,0.0001879623371693
classes_divergence,20kb,10,TE_all / highest,GO:0042481,regulation of odontogenesis,gained,,0.0108417421650702
classes_divergence,20kb,10,TE_all / highest,GO:0043113,receptor clustering,lost,0.0349328105560063,
classes_divergence,20kb,10,TE_all / highest,GO:0043161,proteasome-mediated ubiquitin-dependent protein catabolic process,gained,,0.0259601247434727
classes_divergence,20kb,10,TE_all / highest,GO:0043194,axon initial segment,gained,,0.0259367060417827
classes_divergence,20kb,10,TE_all / highest,GO:0043525,positive regulation of neuron apoptotic process,gained,,0.0078905478903604
classes_divergence,20kb,10,TE_all / highest,GO:0044325,transmembrane transporter binding,gained,,0.0035625560297597
classes_divergence,20kb,10,TE_all / highest,GO:0045087,innate immune response,gained,,0.0267124069046877
classes_divergence,20kb,10,TE_all / highest,GO:0045109,intermediate filament organization,gained,,0.0005976855631508
classes_divergence,20kb,10,TE_all / highest,GO:0045199,maintenance of epithelial cell apical/basal polarity,gained,,0.0170519951979202
classes_divergence,20kb,10,TE_all / highest,GO:0045597,positive regulation of cell differentiation,lost,0.0051090961704888,
classes_divergence,20kb,10,TE_all / highest,GO:0045608,negative regulation of inner ear auditory receptor cell differentiation,lost,0.001710245838705,
classes_divergence,20kb,10,TE_all / highest,GO:0045663,positive regulation of myoblast differentiation,lost,0.0368060133950782,
classes_divergence,20kb,10,TE_all / highest,GO:0045665,negative regulation of neuron differentiation,lost,0.0056022345648758,
classes_divergence,20kb,10,TE_all / highest,GO:0045892,negative regulation of DNA-templated transcription,lost,0.0457866164482566,
classes_divergence,20kb,10,TE_all / highest,GO:0045893,positive regulation of DNA-templated transcription,lost,0.0022002884593227,
classes_divergence,20kb,10,TE_all / highest,GO:0047555,"3',5'-cyclic-GMP phosphodiesterase activity",lost,0.0117347162425038,
classes_divergence,20kb,10,TE_all / highest,GO:0048146,positive regulation of fibroblast proliferation,gained,,0.0196618281035862
classes_divergence,20kb,10,TE_all / highest,GO:0048167,regulation of synaptic plasticity,gained,,0.0113027544191115
classes_divergence,20kb,10,TE_all / highest,GO:0048286,lung alveolus development,lost,0.0043643486445684,
classes_divergence,20kb,10,TE_all / highest,GO:0048384,retinoic acid receptor signaling pathway,gained,,0.0008489808717556
classes_divergence,20kb,10,TE_all / highest,GO:0048407,platelet-derived growth factor binding,gained,,0.0034982684577244
classes_divergence,20kb,10,TE_all / highest,GO:0048675,axon extension,gained,,0.0337139104925494
classes_divergence,20kb,10,TE_all / highest,GO:0048709,oligodendrocyte differentiation,lost,0.0039175051068884,
classes_divergence,20kb,10,TE_all / highest,GO:0048839,inner ear development,lost,0.0265096813495381,0.0004733964041729
classes_divergence,20kb,10,TE_all / highest,GO:0048846,axon extension involved in axon guidance,lost,0.0033608411662259,
classes_divergence,20kb,10,TE_all / highest,GO:0050767,regulation of neurogenesis,lost,0.0178174114004887,
classes_divergence,20kb,10,TE_all / highest,GO:0050807,regulation of synapse organization,lost,0.0477935202542407,
classes_divergence,20kb,10,TE_all / highest,GO:0051145,smooth muscle cell differentiation,lost,0.0253205514256912,
classes_divergence,20kb,10,TE_all / highest,GO:0051216,cartilage development,gained,,0.0028999543422095
classes_divergence,20kb,10,TE_all / highest,GO:0051301,cell division,gained,,0.0037166633660187
classes_divergence,20kb,10,TE_all / highest,GO:0051321,meiotic cell cycle,gained,,0.0082864888578168
classes_divergence,20kb,10,TE_all / highest,GO:0051607,defense response to virus,gained,,0.0065354599228372
classes_divergence,20kb,10,TE_all / highest,GO:0051897,positive regulation of phosphatidylinositol 3-kinase/protein kinase B signal transduction,lost,0.014344683118046,
classes_divergence,20kb,10,TE_all / highest,GO:0051932,"synaptic transmission, GABAergic",lost,0.0477935202542407,
classes_divergence,20kb,10,TE_all / highest,GO:0060048,cardiac muscle contraction,lost,0.0242421316477419,
classes_divergence,20kb,10,TE_all / highest,GO:0060076,excitatory synapse,lost,0.0055572965132297,
classes_divergence,20kb,10,TE_all / highest,GO:0060077,inhibitory synapse,gained,,0.037234018108682
classes_divergence,20kb,10,TE_all / highest,GO:0060349,bone morphogenesis,gained,,0.0257406646982412
classes_divergence,20kb,10,TE_all / highest,GO:0060603,mammary gland duct morphogenesis,lost,0.035968047841547,
classes_divergence,20kb,10,TE_all / highest,GO:0060638,mesenchymal-epithelial cell signaling,lost,0.0113183392800763,
classes_divergence,20kb,10,TE_all / highest,GO:0060662,salivary gland cavitation,gained,,0.034479418830685
classes_divergence,20kb,10,TE_all / highest,GO:0060996,dendritic spine development,gained,,0.0045774496341555
classes_divergence,20kb,10,TE_all / highest,GO:0060997,dendritic spine morphogenesis,lost,0.0194634578221562,
classes_divergence,20kb,10,TE_all / highest,GO:0061036,positive regulation of cartilage development,gained,0.0024440359990612,0.0111902412810254
classes_divergence,20kb,10,TE_all / highest,GO:0061549,sympathetic ganglion development,lost,0.0004425124913582,
classes_divergence,20kb,10,TE_all / highest,GO:0061630,ubiquitin protein ligase activity,gained,,0.0231872537736788
classes_divergence,20kb,10,TE_all / highest,GO:0070373,negative regulation of ERK1 and ERK2 cascade,lost,0.0286075934345353,
classes_divergence,20kb,10,TE_all / highest,GO:0071300,cellular response to retinoic acid,gained,,0.0181289051982881
classes_divergence,20kb,10,TE_all / highest,GO:0071625,vocalization behavior,lost,6.0877050583969095e-05,
classes_divergence,20kb,10,TE_all / highest,GO:0086004,regulation of cardiac muscle cell contraction,lost,0.0389258091114512,
classes_divergence,20kb,10,TE_all / highest,GO:0086091,regulation of heart rate by cardiac conduction,gained,0.0073221812705815,0.0181289051982881
classes_divergence,20kb,10,TE_all / highest,GO:0090103,cochlea morphogenesis,lost,0.0349328105560063,
classes_divergence,20kb,10,TE_all / highest,GO:0097491,sympathetic neuron projection guidance,lost,0.0424402704392935,
classes_divergence,20kb,10,TE_all / highest,GO:0098632,cell-cell adhesion mediator activity,gained,,0.0096434000082039
classes_divergence,20kb,10,TE_all / highest,GO:0098688,parallel fiber to Purkinje cell synapse,gained,,0.0065403065023471
classes_divergence,20kb,10,TE_all / highest,GO:0098820,trans-synaptic protein complex,gained,0.0450376356963534,0.0035622492279409
classes_divergence,20kb,10,TE_all / highest,GO:0098976,excitatory chemical synaptic transmission,gained,,0.0392983267680032
classes_divergence,20kb,10,TE_all / highest,GO:0099054,presynapse assembly,lost,0.000673570756405,
classes_divergence,20kb,10,TE_all / highest,GO:0099149,regulation of postsynaptic neurotransmitter receptor internalization,lost,0.0286075934345353,
classes_divergence,20kb,10,TE_all / highest,GO:0099508,voltage-gated monoatomic ion channel activity involved in regulation of presynaptic membrane potential,gained,,0.001642461638674
classes_divergence,20kb,10,TE_all / highest,GO:0099572,postsynaptic specialization,gained,,0.0245816144349751
classes_divergence,20kb,10,TE_all / highest,GO:0099634,postsynaptic specialization membrane,lost,0.0064717554522506,0.0400453406818171
classes_divergence,20kb,10,TE_all / highest,GO:0141162,negative regulation of cAMP/PKA signal transduction,lost,0.0403240407188117,
classes_divergence,20kb,10,TE_all / highest,GO:1901166,neural crest cell migration involved in autonomic nervous system development,lost,0.0214773433190178,
classes_divergence,20kb,10,TE_all / highest,GO:1901379,regulation of potassium ion transmembrane transport,gained,,0.0206195519528357
classes_divergence,20kb,10,TE_all / highest,GO:1902711,GABA-A receptor complex,lost,0.0043643486445684,
classes_divergence,20kb,10,TE_all / highest,GO:1904861,excitatory synapse assembly,gained,,0.0392983267680032
classes_divergence,20kb,10,TE_all / highest,GO:1905606,regulation of presynapse assembly,lost,0.0093551970474794,
classes_divergence,20kb,10,TE_all / highest,GO:2000179,positive regulation of neural precursor cell proliferation,lost,0.0022804254696713,
classes_divergence,20kb,10,TE_all / highest,GO:2000974,negative regulation of pro-B cell differentiation,lost,0.0150061918700614,
classes_divergence,20kb,10,TE_all / highest,GO:2001016,positive regulation of skeletal muscle cell differentiation,lost,0.0150061918700614,
classes_divergence,20kb,10,TE_all / lowest,GO:0000278,mitotic cell cycle,gained,,0.0070461479139448
classes_divergence,20kb,10,TE_all / lowest,GO:0000398,"mRNA splicing, via spliceosome",gained,,0.0353580468142999
classes_divergence,20kb,10,TE_all / lowest,GO:0000978,RNA polymerase II cis-regulatory region sequence-specific DNA binding,gained,2.928203251778993e-05,3.0220415460925088e-05
classes_divergence,20kb,10,TE_all / lowest,GO:0003676,nucleic acid binding,gained,,0.0248303451491255
classes_divergence,20kb,10,TE_all / lowest,GO:0003729,mRNA binding,gained,,0.0154430684799597
classes_divergence,20kb,10,TE_all / lowest,GO:0003735,structural constituent of ribosome,gained,,0.0213977817067999
classes_divergence,20kb,10,TE_all / lowest,GO:0004930,G protein-coupled receptor activity,gained,5.4943254746443614e-11,0.0040533947122717
classes_divergence,20kb,10,TE_all / lowest,GO:0005515,protein binding,gained,0.0008154057211825,1.2469468335872842e-08
classes_divergence,20kb,10,TE_all / lowest,GO:0005681,spliceosomal complex,gained,,0.0490754486194862
classes_divergence,20kb,10,TE_all / lowest,GO:0005739,mitochondrion,gained,6.382649443205043e-07,0.0002970052044475
classes_divergence,20kb,10,TE_all / lowest,GO:0005743,mitochondrial inner membrane,gained,0.0103755278090756,0.000879328755864
classes_divergence,20kb,10,TE_all / lowest,GO:0005829,cytosol,gained,0.0003604301712349,0.0001306920403423
classes_divergence,20kb,10,TE_all / lowest,GO:0006357,regulation of transcription by RNA polymerase II,gained,0.0008737374280665,4.9036436695634937e-08
classes_divergence,20kb,10,TE_all / lowest,GO:0006412,translation,gained,0.0103755278090756,6.257373060641669e-05
classes_divergence,20kb,10,TE_all / lowest,GO:0007186,G protein-coupled receptor signaling pathway,gained,6.351382054234928e-10,0.0009495654390465
classes_divergence,20kb,10,TE_all / lowest,GO:0007283,spermatogenesis,gained,,0.0094815207206551
classes_divergence,20kb,10,TE_all / lowest,GO:0008380,RNA splicing,gained,,0.0472459582315399
classes_divergence,20kb,10,TE_all / lowest,GO:0031012,extracellular matrix,gained,2.583294680254048e-05,3.0876382577568326e-05
classes_divergence,20kb,10,TE_all / lowest,GO:0031625,ubiquitin protein ligase binding,gained,,0.0201732795841501
classes_divergence,20kb,10,TE_all / lowest,GO:0031640,killing of cells of another organism,gained,,0.0472459582315399
classes_divergence,20kb,10,TE_all / lowest,GO:0045211,postsynaptic membrane,gained,2.981955709049941e-16,0.0001306920403423
classes_divergence,20kb,10,TE_all / lowest,GO:0046872,metal ion binding,gained,,0.0476604518604126
classes_divergence,20kb,10,TE_all / lowest,GO:0051082,unfolded protein binding,gained,,0.0375007764507228
classes_divergence,20kb,10,TE_all / lowest,GO:0097368,establishment of Sertoli cell barrier,lost,0.0416963523024743,
classes_divergence,20kb,10,TE_all / lowest,GO:1901796,regulation of signal transduction by p53 class mediator,gained,,0.0211309851018646
families,5kb,5,Alu,GO:0000166,nucleotide binding,lost,0.0376122617053908,
families,5kb,5,Alu,GO:0003700,DNA-binding transcription factor activity,gained,0.0114494765083692,0.0452045303699226
families,5kb,5,Alu,GO:0004930,G protein-coupled receptor activity,gained,3.3911488188646097e-23,1.802567089114725e-15
families,5kb,5,Alu,GO:0005576,extracellular region,lost,0.0032519267719382,
families,5kb,5,Alu,GO:0005737,cytoplasm,lost,0.0138966354316271,0.0007700860797378
families,5kb,5,Alu,GO:0005765,lysosomal membrane,gained,,0.0250942231121855
families,5kb,5,Alu,GO:0005819,spindle,lost,0.0134962576764704,
families,5kb,5,Alu,GO:0005829,cytosol,lost,0.0056447500549249,0.0363031080631614
families,5kb,5,Alu,GO:0006119,oxidative phosphorylation,gained,,0.0177265334274014
families,5kb,5,Alu,GO:0006281,DNA repair,lost,0.0469661584526314,
families,5kb,5,Alu,GO:0006754,ATP biosynthetic process,gained,,0.0146585810999461
families,5kb,5,Alu,GO:0006974,DNA damage response,lost,0.0060636030891562,
families,5kb,5,Alu,GO:0007141,male meiosis I,lost,0.0398376172505088,
families,5kb,5,Alu,GO:0007144,female meiosis I,lost,0.0257147015447393,
families,5kb,5,Alu,GO:0007165,signal transduction,gained,5.379733966729977e-05,0.0105902851638654
families,5kb,5,Alu,GO:0007186,G protein-coupled receptor signaling pathway,gained,5.767804966638017e-19,2.510984586848438e-12
families,5kb,5,Alu,GO:0031966,mitochondrial membrane,gained,,0.0122217015316065
families,5kb,5,Alu,GO:0032968,positive regulation of transcription elongation by RNA polymerase II,lost,0.0134962576764704,
families,5kb,5,Alu,GO:0051726,regulation of cell cycle,lost,0.0335166015586235,
families,5kb,5,Alu,GO:0070585,protein localization to mitochondrion,lost,0.0257147015447393,
families,5kb,5,Alu,GO:0071011,precatalytic spliceosome,lost,0.0200218988778016,
families,5kb,5,Alu,GO:1990837,sequence-specific double-stranded DNA binding,gained,0.042288474968093,0.0070444325881132
families,5kb,5,CR1,GO:0005886,plasma membrane,lost,9.239667458169687e-10,0.0112362549665
families,5kb,5,CR1,GO:0007165,signal transduction,lost,5.379733966729977e-05,0.0105902851638654
families,5kb,5,CR1,GO:0007186,G protein-coupled receptor signaling pathway,lost,5.767804966638017e-19,2.510984586848438e-12
families,5kb,5,CR1,GO:0016020,membrane,lost,1.5730792876273606e-06,0.0089129663640394
families,5kb,5,CR1,GO:0042220,response to cocaine,lost,0.027181739090831,
families,5kb,5,CR1,GO:0045202,synapse,lost,0.0004860037413042,0.0310213000511559
families,5kb,5,ERV1,GO:0000977,RNA polymerase II transcription regulatory region sequence-specific DNA binding,gained,,0.0089129663640394
families,5kb,5,ERV1,GO:0003682,chromatin binding,gained,,0.0146994338125946
families,5kb,5,ERV1,GO:0004065,arylsulfatase activity,lost,0.0385720523171089,
families,5kb,5,ERV1,GO:0005654,nucleoplasm,lost,0.0008715998805948,7.269222595855149e-05
families,5kb,5,ERV1,GO:0005886,plasma membrane,gained,9.239667458169687e-10,0.0112362549665
families,5kb,5,ERV1,GO:0007155,cell adhesion,gained,,0.0089129663640394
families,5kb,5,ERV1,GO:0007165,signal transduction,gained,5.379733966729977e-05,0.0105902851638654
families,5kb,5,ERV1,GO:0016020,membrane,gained,1.5730792876273606e-06,0.0089129663640394
families,5kb,5,ERV1,GO:0016055,Wnt signaling pathway,lost,0.0263732890928563,
families,5kb,5,ERV1,GO:0030154,cell differentiation,gained,0.0001622369987961,0.0053385932957384
families,5kb,5,ERV1,GO:0031462,Cul2-RING ubiquitin ligase complex,lost,0.0192916507782708,
families,5kb,5,ERV1,GO:0045071,negative regulation of viral genome replication,gained,,0.0438598507204266
families,5kb,5,ERV1,GO:0045944,positive regulation of transcription by RNA polymerase II,gained,5.13967378945746e-07,0.0254326281793831
families,5kb,5,ERV1,GO:0051607,defense response to virus,gained,,0.0309933798550922
families,5kb,5,ERV1,GO:0070292,N-acylphosphatidylethanolamine metabolic process,lost,0.0385720523171089,
families,5kb,5,ERVK,GO:0000785,chromatin,lost,8.839572980789548e-07,2.5393053878503945e-05
families,5kb,5,ERVL,GO:0000122,negative regulation of transcription by RNA polymerase II,gained,,0.0041684487881489
families,5kb,5,ERVL,GO:0001580,detection of chemical stimulus involved in sensory perception of bitter taste,lost,0.0314645653727518,
families,5kb,5,ERVL,GO:0003677,DNA binding,gained,4.960480373644655e-05,0.0021417868525824
families,5kb,5,ERVL,GO:0003700,DNA-binding transcription factor activity,gained,0.0114494765083692,0.0452045303699226
families,5kb,5,ERVL,GO:0003723,RNA binding,gained,5.8406139984930144e-08,0.0020820737790394
families,5kb,5,ERVL,GO:0005886,plasma membrane,gained,9.239667458169687e-10,0.0112362549665
families,5kb,5,ERVL,GO:0008284,positive regulation of cell population proliferation,gained,0.0347980571333507,0.0462157590994081
families,5kb,5,ERVL,GO:0033038,bitter taste receptor activity,lost,0.0232797692941588,
families,5kb,5,ERVL,GO:0042633,hair cycle,lost,0.005247449003698,
families,5kb,5,ERVL,GO:0045893,positive regulation of DNA-templated transcription,gained,,1.065973975357366e-05
families,5kb,5,ERVL-MaLR,GO:0000398,"mRNA splicing, via spliceosome",gained,8.317377771862808e-07,0.0006256496510354
families,5kb,5,ERVL-MaLR,GO:0000978,RNA polymerase II cis-regulatory region sequence-specific DNA binding,gained,0.0001165418541621,0.0019435466408073
families,5kb,5,ERVL-MaLR,GO:0001228,"DNA-binding transcription activator activity, RNA polymerase II-specific",gained,0.0228578000376938,0.0188833593431896
families,5kb,5,ERVL-MaLR,GO:0003677,DNA binding,gained,4.960480373644655e-05,0.0021417868525824
families,5kb,5,ERVL-MaLR,GO:0003700,DNA-binding transcription factor activity,gained,0.0114494765083692,0.0452045303699226
families,5kb,5,ERVL-MaLR,GO:0005525,GTP binding,gained,,0.038988260702855
families,5kb,5,ERVL-MaLR,GO:0005681,spliceosomal complex,gained,0.0019804484251084,0.0146585810999461
families,5kb,5,ERVL-MaLR,GO:0005765,lysosomal membrane,gained,,0.0250942231121855
families,5kb,5,ERVL-MaLR,GO:0005856,cytoskeleton,gained,0.0055318912879008,0.0283644380704329
families,5kb,5,ERVL-MaLR,GO:0006325,chromatin organization,gained,,0.0473459405563844
families,5kb,5,ERVL-MaLR,GO:0006355,regulation of DNA-templated transcription,gained,6.260969578476079e-11,6.260969578476079e-11
families,5kb,5,ERVL-MaLR,GO:0006357,regulation of transcription by RNA polymerase II,gained,0.0003291119046899,4.45355070707864e-05
families,5kb,5,ERVL-MaLR,GO:0006412,translation,gained,,0.0307912159159794
families,5kb,5,ERVL-MaLR,GO:0006915,apoptotic process,gained,,0.0001521300982485
families,5kb,5,ERVL-MaLR,GO:0007165,signal transduction,gained,5.379733966729977e-05,0.0105902851638654
families,5kb,5,ERVL-MaLR,GO:0007186,G protein-coupled receptor signaling pathway,gained,5.767804966638017e-19,2.510984586848438e-12
families,5kb,5,ERVL-MaLR,GO:0007420,brain development,gained,,0.0095026886906599
families,5kb,5,ERVL-MaLR,GO:0008380,RNA splicing,gained,0.0019804484251084,0.0452045303699226
families,5kb,5,ERVL-MaLR,GO:0030154,cell differentiation,lost,0.0001622369987961,0.0053385932957384
families,5kb,5,ERVL-MaLR,GO:0030425,dendrite,gained,,0.0170986206239766
families,5kb,5,ERVL-MaLR,GO:0043161,proteasome-mediated ubiquitin-dependent protein catabolic process,gained,,0.0400131929070781
families,5kb,5,ERVL-MaLR,GO:0045893,positive regulation of DNA-templated transcription,gained,,1.065973975357366e-05
families,5kb,5,ERVL-MaLR,GO:0045944,positive regulation of transcription by RNA polymerase II,gained,5.13967378945746e-07,0.0254326281793831
families,5kb,5,ERVL-MaLR,GO:0046872,metal ion binding,gained,9.157996868139084e-07,7.3791925665842e-08
families,5kb,5,ERVL-MaLR,GO:1990837,sequence-specific double-stranded DNA binding,gained,0.042288474968093,0.0070444325881132
families,5kb,5,Gypsy,GO:0000981,"DNA-binding transcription factor activity, RNA polymerase II-specific",lost,4.1189311600419513e-07,7.3791925665842e-08
families,5kb,5,Gypsy,GO:0005515,protein binding,lost,0.0113123839874294,1.4531942674558166e-09
families,5kb,5,Gypsy,GO:0005634,nucleus,lost,0.0113123839874294,1.0231810459045663e-06
families,5kb,5,Gypsy,GO:0005654,nucleoplasm,lost,0.0008715998805948,7.269222595855149e-05
families,5kb,5,Gypsy,GO:0006357,regulation of transcription by RNA polymerase II,lost,0.0003291119046899,4.45355070707864e-05
families,5kb,5,Gypsy,GO:0008494,translation activator activity,lost,0.0376787664630407,
families,5kb,5,L1,GO:0001228,"DNA-binding transcription activator activity, RNA polymerase II-specific",lost,0.0228578000376938,0.0188833593431896
families,5kb,5,L1,GO:0001851,complement component C3b binding,gained,,0.0363031080631614
families,5kb,5,L1,GO:0002250,adaptive immune response,lost,0.0228578000376938,
families,5kb,5,L1,GO:0003700,DNA-binding transcription factor activity,lost,0.0114494765083692,0.0452045303699226
families,5kb,5,L1,GO:0003723,RNA binding,gained,5.8406139984930144e-08,0.0020820737790394
families,5kb,5,L1,GO:0005509,calcium ion binding,lost,0.0330885070233894,
families,5kb,5,L1,GO:0005829,cytosol,gained,0.0056447500549249,0.0363031080631614
families,5kb,5,L1,GO:0007165,signal transduction,lost,5.379733966729977e-05,0.0105902851638654
families,5kb,5,L1,GO:0007399,nervous system development,lost,0.0081301684481034,
families,5kb,5,L1,GO:0007606,sensory perception of chemical stimulus,lost,0.0081301684481034,
families,5kb,5,L1,GO:0016477,cell migration,lost,0.0114494765083692,
families,5kb,5,L1,GO:0048471,perinuclear region of cytoplasm,gained,,0.0310213000511559
families,5kb,5,L1,GO:0070062,extracellular exosome,gained,6.948481932044459e-05,0.0405497699439525
families,5kb,5,L1,GO:1990837,sequence-specific double-stranded DNA binding,lost,0.042288474968093,0.0070444325881132
families,5kb,5,L2,GO:0071006,U2-type catalytic step 1 spliceosome,gained,,0.0431623025424501
families,5kb,5,MIR,GO:0004668,protein-arginine deiminase activity,lost,0.0279412123478901,
families,5kb,5,MIR,GO:0005249,voltage-gated potassium channel activity,lost,0.0172513258843582,
families,5kb,5,MIR,GO:0005576,extracellular region,lost,0.0032519267719382,
families,5kb,5,MIR,GO:0005615,extracellular space,lost,0.0001803828168384,
families,5kb,5,MIR,GO:0005856,cytoskeleton,lost,0.0055318912879008,0.0283644380704329
families,5kb,5,MIR,GO:0006813,potassium ion transport,lost,0.020859278333346,
families,5kb,5,MIR,GO:0006882,intracellular zinc ion homeostasis,lost,0.014418368904208,
families,5kb,5,MIR,GO:0006954,inflammatory response,gained,,0.0439517580286227
families,5kb,5,MIR,GO:0007605,sensory perception of sound,lost,0.0413078660515016,
families,5kb,5,MIR,GO:0008076,voltage-gated potassium channel complex,lost,0.0070524551789961,
families,5kb,5,MIR,GO:0008289,lipid binding,lost,0.0025446346753977,
families,5kb,5,MIR,GO:0016020,membrane,gained,1.5730792876273606e-06,0.0089129663640394
families,5kb,5,MIR,GO:0016323,basolateral plasma membrane,lost,0.0107203978469929,
families,5kb,5,MIR,GO:0031012,extracellular matrix,lost,0.0107203978469929,
families,5kb,5,MIR,GO:0044325,transmembrane transporter binding,lost,0.0413078660515016,
families,5kb,5,MIR,GO:0045202,synapse,lost,0.0004860037413042,0.0310213000511559
families,5kb,5,MIR,GO:0050729,positive regulation of inflammatory response,lost,0.0070524551789961,
families,5kb,5,MIR,GO:0051015,actin filament binding,gained,,0.0289163511599682
families,5kb,5,MIR,GO:0055085,transmembrane transport,lost,0.0328918965377333,
families,5kb,5,MIR,GO:0071294,cellular response to zinc ion,lost,0.0056447500549249,
families,5kb,5,MIR,GO:0071805,potassium ion transmembrane transport,lost,0.0061974306281925,
families,5kb,5,SVA,GO:0005515,protein binding,lost,0.0113123839874294,1.4531942674558166e-09
families,5kb,5,SVA,GO:0005634,nucleus,lost,0.0113123839874294,1.0231810459045663e-06
families,5kb,5,SVA,GO:0006369,termination of RNA polymerase II transcription,lost,0.0202647454872782,
families,5kb,5,SVA,GO:0006397,mRNA processing,lost,0.0202647454872782,0.0122217015316065
families,5kb,5,SVA,GO:0019899,enzyme binding,lost,0.0211728942371974,
families,5kb,5,TcMar-Tc1,GO:0007283,spermatogenesis,gained,,0.0001323145418086
families,5kb,5,TcMar-Tc1,GO:0030154,cell differentiation,gained,0.0001622369987961,0.0053385932957384
families,5kb,5,hAT-Charlie,GO:0004984,olfactory receptor activity,lost,6.425755724753261e-41,1.3485603460828337e-29
families,5kb,5,hAT-Charlie,GO:0042612,MHC class I protein complex,lost,0.0254881874152267,
families,5kb,5,hAT-Tip100,GO:0003677,DNA binding,gained,4.960480373644655e-05,0.0021417868525824
families,5kb,5,hAT-Tip100,GO:0004869,cysteine-type endopeptidase inhibitor activity,lost,0.040144772098386,
families,5kb,5,hAT-Tip100,GO:0005634,nucleus,gained,0.0113123839874294,1.0231810459045663e-06
families,5kb,5,hAT-Tip100,GO:0005886,plasma membrane,gained,9.239667458169687e-10,0.0112362549665
families,5kb,5,hAT-Tip100,GO:0006357,regulation of transcription by RNA polymerase II,gained,0.0003291119046899,4.45355070707864e-05
families,5kb,5,hAT-Tip100,GO:0030546,signaling receptor activator activity,gained,,0.0476869322939234
families,5kb,5,hAT-Tip100,GO:1990000,amyloid fibril formation,gained,,0.0008549692021852
families,5kb,10,Alu,GO:0000244,spliceosomal tri-snRNP complex assembly,gained,,0.0383118454182921
families,5kb,10,Alu,GO:0000245,spliceosomal complex assembly,gained,,0.0478053487779801
families,5kb,10,Alu,GO:0000388,spliceosome conformational change to release U4 (or U4atac) and U1 (or U11),gained,,0.0011696979142713
families,5kb,10,Alu,GO:0000428,DNA-directed RNA polymerase complex,gained,,0.0116825126882067
families,5kb,10,Alu,GO:0000781,"chromosome, telomeric region",gained,,0.0020777606555338
families,5kb,10,Alu,GO:0001181,RNA polymerase I general transcription initiation factor activity,gained,,0.0383118454182921
families,5kb,10,Alu,GO:0001228,"DNA-binding transcription activator activity, RNA polymerase II-specific",gained,0.0228578000376938,0.0025482128094198
families,5kb,10,Alu,GO:0002181,cytoplasmic translation,gained,,0.0129892637919413
families,5kb,10,Alu,GO:0002183,cytoplasmic translational initiation,gained,,0.0221617468428077
families,5kb,10,Alu,GO:0003676,nucleic acid binding,gained,,0.0107610982592506
families,5kb,10,Alu,GO:0003700,DNA-binding transcription factor activity,gained,0.0114494765083692,0.0001124724958993
families,5kb,10,Alu,GO:0003735,structural constituent of ribosome,gained,,0.0013724575793448
families,5kb,10,Alu,GO:0003899,DNA-directed RNA polymerase activity,gained,,0.0313918279118525
families,5kb,10,Alu,GO:0004176,ATP-dependent peptidase activity,gained,,0.0383118454182921
families,5kb,10,Alu,GO:0004518,nuclease activity,gained,,0.0151263759265486
families,5kb,10,Alu,GO:0004527,exonuclease activity,gained,,0.0304830331011824
families,5kb,10,Alu,GO:0004930,G protein-coupled receptor activity,gained,3.3911488188646097e-23,1.7514429360778806e-08
families,5kb,10,Alu,GO:0004984,olfactory receptor activity,gained,6.425755724753261e-41,6.38794209723726e-22
families,5kb,10,Alu,GO:0005267,potassium channel activity,gained,,0.0449399158571105
families,5kb,10,Alu,GO:0005524,ATP binding,gained,,0.019964379050297
families,5kb,10,Alu,GO:0005615,extracellular space,gained,0.0001803828168384,0.0174907455991503
families,5kb,10,Alu,GO:0005643,nuclear pore,gained,,0.0029487775520206
families,5kb,10,Alu,GO:0005730,nucleolus,gained,,5.151050746032221e-07
families,5kb,10,Alu,GO:0005759,mitochondrial matrix,gained,,0.0139169815980582
families,5kb,10,Alu,GO:0005813,centrosome,gained,,0.0098125646300712
families,5kb,10,Alu,GO:0005840,ribosome,gained,,0.0004270431206099
families,5kb,10,Alu,GO:0005882,intermediate filament,gained,,0.0130674153462588
families,5kb,10,Alu,GO:0006119,oxidative phosphorylation,gained,,0.0221617468428077
families,5kb,10,Alu,GO:0006298,mismatch repair,lost,0.0017616560885311,
families,5kb,10,Alu,GO:0006325,chromatin organization,gained,,0.036655965526105
families,5kb,10,Alu,GO:0006364,rRNA processing,gained,,0.0020777606555338
families,5kb,10,Alu,GO:0006383,transcription by RNA polymerase III,gained,,0.0383118454182921
families,5kb,10,Alu,GO:0006384,transcription initiation at RNA polymerase III promoter,gained,,0.0013832462774657
families,5kb,10,Alu,GO:0006412,translation,gained,,0.0020360739894812
families,5kb,10,Alu,GO:0006610,ribosomal protein import into nucleus,gained,,0.0263238816683998
families,5kb,10,Alu,GO:0006813,potassium ion transport,gained,0.020859278333346,0.041454573064284
families,5kb,10,Alu,GO:0006886,intracellular protein transport,gained,,0.0079012695177613
families,5kb,10,Alu,GO:0007141,male meiosis I,lost,0.0398376172505088,
families,5kb,10,Alu,GO:0007144,female meiosis I,lost,0.0257147015447393,
families,5kb,10,Alu,GO:0007165,signal transduction,gained,5.379733966729977e-05,0.0025572037324097
families,5kb,10,Alu,GO:0007186,G protein-coupled receptor signaling pathway,gained,5.767804966638017e-19,3.2457895561159573e-06
families,5kb,10,Alu,GO:0007399,nervous system development,gained,0.0081301684481034,0.023277144085036
families,5kb,10,Alu,GO:0007608,sensory perception of smell,gained,4.4347374687503917e-38,2.249953152244676e-20
families,5kb,10,Alu,GO:0008270,zinc ion binding,gained,1.0778361865447418e-13,7.1493622930926e-14
families,5kb,10,Alu,GO:0016887,ATP hydrolysis activity,gained,,0.0383118454182921
families,5kb,10,Alu,GO:0019843,rRNA binding,gained,,0.0252649580438458
families,5kb,10,Alu,GO:0019901,protein kinase binding,gained,,0.041454573064284
families,5kb,10,Alu,GO:0022626,cytosolic ribosome,gained,,0.0127313187447381
families,5kb,10,Alu,GO:0031369,translation initiation factor binding,gained,,0.0449399158571105
families,5kb,10,Alu,GO:0031462,Cul2-RING ubiquitin ligase complex,gained,0.0192916507782708,0.0023746806816753
families,5kb,10,Alu,GO:0031966,mitochondrial membrane,gained,,0.0098125646300712
families,5kb,10,Alu,GO:0032300,mismatch repair complex,lost,0.0136248377982638,
families,5kb,10,Alu,GO:0032968,positive regulation of transcription elongation by RNA polymerase II,lost,0.0134962576764704,
families,5kb,10,Alu,GO:0034220,monoatomic ion transmembrane transport,gained,,0.0168775974144436
families,5kb,10,Alu,GO:0034693,U11/U12 snRNP,gained,,0.0252942315208228
families,5kb,10,Alu,GO:0034702,monoatomic ion channel complex,gained,,0.019964379050297
families,5kb,10,Alu,GO:0035725,sodium ion transmembrane transport,gained,,0.036655965526105
families,5kb,10,Alu,GO:0042274,ribosomal small subunit biogenesis,gained,,0.028529025712594
families,5kb,10,Alu,GO:0042373,vitamin K metabolic process,gained,,0.0383118454182921
families,5kb,10,Alu,GO:0042797,tRNA transcription by RNA polymerase III,gained,,0.0088755087809107
families,5kb,10,Alu,GO:0043161,proteasome-mediated ubiquitin-dependent protein catabolic process,gained,,0.0107610982592506
families,5kb,10,Alu,GO:0050911,detection of chemical stimulus involved in sensory perception of smell,gained,6.425755724753261e-41,6.38794209723726e-22
families,5kb,10,Alu,GO:0051301,cell division,gained,,0.0443784886757733
families,5kb,10,Alu,GO:0070585,protein localization to mitochondrion,lost,0.0257147015447393,
families,5kb,10,Alu,GO:0071006,U2-type catalytic step 1 spliceosome,gained,,0.0080299171683281
families,5kb,10,Alu,GO:0071009,U4atac/U6atac x U5 tri-snRNP complex,gained,,0.0134830590626124
families,5kb,10,Alu,GO:0071016,U12-type precatalytic spliceosome,gained,,0.0011696979142713
families,5kb,10,Alu,GO:0072686,mitotic spindle,gained,,0.0383118454182921
families,5kb,10,Alu,GO:0097190,apoptotic signaling pathway,gained,,0.0246359022476676
families,5kb,10,Alu,GO:0106333,subcortical maternal complex,gained,,0.0383118454182921
families,5kb,10,Alu,GO:0140664,ATP-dependent DNA damage sensor activity,lost,0.0054031360659107,
families,5kb,10,Alu,GO:0140693,molecular condensate scaffold activity,gained,,0.036655965526105
families,5kb,10,Alu,GO:1990116,ribosome-associated ubiquitin-dependent protein catabolic process,gained,,0.0383118454182921
families,5kb,10,Alu,GO:1990837,sequence-specific double-stranded DNA binding,gained,0.042288474968093,0.0009024513879418
families,5kb,10,Alu,GO:2000622,"regulation of nuclear-transcribed mRNA catabolic process, nonsense-mediated decay",gained,,0.0193095861733864
families,5kb,10,CR1,GO:0000981,"DNA-binding transcription factor activity, RNA polymerase II-specific",gained,4.1189311600419513e-07,0.0004688841118488
families,5kb,10,CR1,GO:0003677,DNA binding,gained,4.960480373644655e-05,0.0057127626522589
families,5kb,10,CR1,GO:0006355,regulation of DNA-templated transcription,gained,6.260969578476079e-11,2.712898687589204e-07
families,5kb,10,CR1,GO:0007165,signal transduction,lost,5.379733966729977e-05,0.0025572037324097
families,5kb,10,CR1,GO:0007186,G protein-coupled receptor signaling pathway,lost,5.767804966638017e-19,3.2457895561159573e-06
families,5kb,10,CR1,GO:0030224,monocyte differentiation,gained,,0.0131783722987877
families,5kb,10,CR1,GO:0042220,response to cocaine,lost,0.027181739090831,
families,5kb,10,CR1,GO:0045211,postsynaptic membrane,gained,,0.0391091941073602
families,5kb,10,ERV1,GO:0001228,"DNA-binding transcription activator activity, RNA polymerase II-specific",gained,0.0228578000376938,0.0025482128094198
families,5kb,10,ERV1,GO:0003682,chromatin binding,gained,,7.716458289222164e-06
families,5kb,10,ERV1,GO:0004065,arylsulfatase activity,lost,0.0385720523171089,
families,5kb,10,ERV1,GO:0005615,extracellular space,gained,0.0001803828168384,0.0174907455991503
families,5kb,10,ERV1,GO:0005654,nucleoplasm,lost,0.0008715998805948,6.1877285983113225e-18
families,5kb,10,ERV1,GO:0005667,transcription regulator complex,gained,,0.0141776551258211
families,5kb,10,ERV1,GO:0005759,mitochondrial matrix,gained,,0.0139169815980582
families,5kb,10,ERV1,GO:0005886,plasma membrane,gained,9.239667458169687e-10,1.288295378815858e-05
families,5kb,10,ERV1,GO:0006066,alcohol metabolic process,lost,0.0304079417730968,
families,5kb,10,ERV1,GO:0007155,cell adhesion,gained,,0.0072203254360654
families,5kb,10,ERV1,GO:0007165,signal transduction,gained,5.379733966729977e-05,0.0025572037324097
families,5kb,10,ERV1,GO:0007399,nervous system development,gained,0.0081301684481034,0.023277144085036
families,5kb,10,ERV1,GO:0007411,axon guidance,gained,,0.020638097425058
families,5kb,10,ERV1,GO:0009952,anterior/posterior pattern specification,gained,,0.0141151701531324
families,5kb,10,ERV1,GO:0016020,membrane,gained,1.5730792876273606e-06,0.0489509841676019
families,5kb,10,ERV1,GO:0016055,Wnt signaling pathway,lost,0.0263732890928563,
families,5kb,10,ERV1,GO:0016878,acid-thiol ligase activity,gained,,0.0387445573840389
families,5kb,10,ERV1,GO:0030154,cell differentiation,gained,0.0001622369987961,0.0002673837502697
families,5kb,10,ERV1,GO:0031012,extracellular matrix,gained,0.0107203978469929,0.0004563802849955
families,5kb,10,ERV1,GO:0031462,Cul2-RING ubiquitin ligase complex,lost,0.0192916507782708,0.0023746806816753
families,5kb,10,ERV1,GO:0042826,histone deacetylase binding,gained,,0.0025708805438718
families,5kb,10,ERV1,GO:0044325,transmembrane transporter binding,gained,0.0413078660515016,0.0057470414599001
families,5kb,10,ERV1,GO:0045202,synapse,gained,0.0004860037413042,0.0387445573840389
families,5kb,10,ERV1,GO:0045893,positive regulation of DNA-templated transcription,gained,,0.0087573250835834
families,5kb,10,ERV1,GO:0045944,positive regulation of transcription by RNA polymerase II,gained,5.13967378945746e-07,7.716458289222164e-06
families,5kb,10,ERV1,GO:0046983,protein dimerization activity,gained,,0.020638097425058
families,5kb,10,ERV1,GO:0070292,N-acylphosphatidylethanolamine metabolic process,lost,0.0385720523171089,
families,5kb,10,ERV1,GO:0098978,glutamatergic synapse,gained,,0.0004563802849955
families,5kb,10,ERV1,GO:1990837,sequence-specific double-stranded DNA binding,gained,0.042288474968093,0.0009024513879418
families,5kb,10,ERVK,GO:0000785,chromatin,lost,8.839572980789548e-07,6.812989404149463e-12
families,5kb,10,ERVL,GO:0000122,negative regulation of transcription by RNA polymerase II,gained,,0.0275255069908889
families,5kb,10,ERVL,GO:0000977,RNA polymerase II transcription regulatory region sequence-specific DNA binding,gained,,0.0407582436992433
families,5kb,10,ERVL,GO:0002250,adaptive immune response,gained,0.0228578000376938,0.0026191441051338
families,5kb,10,ERVL,GO:0002504,antigen processing and presentation of peptide or polysaccharide antigen via MHC class II,gained,,0.0475302909177679
families,5kb,10,ERVL,GO:0002767,immune response-inhibiting cell surface receptor signaling pathway,gained,,0.0001207349693125
families,5kb,10,ERVL,GO:0003676,nucleic acid binding,gained,,0.0107610982592506
families,5kb,10,ERVL,GO:0003677,DNA binding,gained,4.960480373644655e-05,0.0057127626522589
families,5kb,10,ERVL,GO:0003682,chromatin binding,gained,,7.716458289222164e-06
families,5kb,10,ERVL,GO:0003700,DNA-binding transcription factor activity,gained,0.0114494765083692,0.0001124724958993
families,5kb,10,ERVL,GO:0003713,transcription coactivator activity,gained,,0.0005120900802183
families,5kb,10,ERVL,GO:0003723,RNA binding,gained,5.8406139984930144e-08,0.0015655754976377
families,5kb,10,ERVL,GO:0004930,G protein-coupled receptor activity,gained,3.3911488188646097e-23,1.7514429360778806e-08
families,5kb,10,ERVL,GO:0005912,adherens junction,gained,,0.0475302909177679
families,5kb,10,ERVL,GO:0007399,nervous system development,gained,0.0081301684481034,0.023277144085036
families,5kb,10,ERVL,GO:0015031,protein transport,gained,0.0320576222685495,2.070769603393616e-05
families,5kb,10,ERVL,GO:0016567,protein ubiquitination,gained,,0.0017879072172959
families,5kb,10,ERVL,GO:0030425,dendrite,gained,,0.0018804741169566
families,5kb,10,ERVL,GO:0032396,inhibitory MHC class I receptor activity,gained,,0.007184442545174
families,5kb,10,ERVL,GO:0042613,MHC class II protein complex,gained,,0.0223060559900449
families,5kb,10,ERVL,GO:0042633,hair cycle,lost,0.005247449003698,
families,5kb,10,ERVL,GO:0043565,sequence-specific DNA binding,gained,,0.0131013648988003
families,5kb,10,ERVL,GO:0045296,cadherin binding,gained,,0.007184442545174
families,5kb,10,ERVL,GO:0045893,positive regulation of DNA-templated transcription,gained,,0.0087573250835834
families,5kb,10,ERVL,GO:0047086,ketosteroid monooxygenase activity,gained,,0.0074645345193448
families,5kb,10,ERVL,GO:0050909,sensory perception of taste,gained,,0.0452623323087449
families,5kb,10,ERVL,GO:0070062,extracellular exosome,gained,6.948481932044459e-05,1.8548759197373788e-06
families,5kb,10,ERVL,GO:0071395,cellular response to jasmonic acid stimulus,gained,,0.0475302909177679
families,5kb,10,ERVL,GO:0090090,negative regulation of canonical Wnt signaling pathway,gained,,0.0095382171400168
families,5kb,10,ERVL,GO:0140105,interleukin-10-mediated signaling pathway,gained,,0.0291799663665706
families,5kb,10,ERVL,GO:0140169,3-alpha-hydroxysteroid 3-dehydrogenase [NAD(P)+] activity,gained,,0.0475302909177679
families,5kb,10,ERVL,GO:1990837,sequence-specific double-stranded DNA binding,gained,0.042288474968093,0.0009024513879418
families,5kb,10,ERVL-MaLR,GO:0001228,"DNA-binding transcription activator activity, RNA polymerase II-specific",gained,0.0228578000376938,0.0025482128094198
families,5kb,10,ERVL-MaLR,GO:0001764,neuron migration,gained,,0.0217012268604578
families,5kb,10,ERVL-MaLR,GO:0005525,GTP binding,gained,,0.016357989390299
families,5kb,10,ERVL-MaLR,GO:0007420,brain development,gained,,0.0020027526258135
families,5kb,10,ERVL-MaLR,GO:0010467,gene expression,gained,,0.0015240195098499
families,5kb,10,ERVL-MaLR,GO:0016740,transferase activity,gained,,0.0252758897068812
families,5kb,10,ERVL-MaLR,GO:0030425,dendrite,gained,,0.0018804741169566
families,5kb,10,ERVL-MaLR,GO:0043066,negative regulation of apoptotic process,gained,,0.0093534716625668
families,5kb,10,ERVL-MaLR,GO:0043524,negative regulation of neuron apoptotic process,gained,,0.0020251924239072
families,5kb,10,ERVL-MaLR,GO:0045202,synapse,gained,0.0004860037413042,0.0387445573840389
families,5kb,10,ERVL-MaLR,GO:0045893,positive regulation of DNA-templated transcription,gained,,0.0087573250835834
families,5kb,10,ERVL-MaLR,GO:0045944,positive regulation of transcription by RNA polymerase II,gained,5.13967378945746e-07,7.716458289222164e-06
families,5kb,10,ERVL-MaLR,GO:1990837,sequence-specific double-stranded DNA binding,gained,0.042288474968093,0.0009024513879418
families,5kb,10,Gypsy,GO:0000981,"DNA-binding transcription factor activity, RNA polymerase II-specific",lost,4.1189311600419513e-07,0.0004688841118488
families,5kb,10,Gypsy,GO:0005515,protein binding,lost,0.0113123839874294,2.5814514368330868e-11
families,5kb,10,Gypsy,GO:0005634,nucleus,lost,0.0113123839874294,0.025174705722329
families,5kb,10,Gypsy,GO:0005654,nucleoplasm,lost,0.0008715998805948,6.1877285983113225e-18
families,5kb,10,Gypsy,GO:0006357,regulation of transcription by RNA polymerase II,lost,0.0003291119046899,0.0027725954630839
families,5kb,10,Gypsy,GO:0008494,translation activator activity,lost,0.0376787664630407,
families,5kb,10,L1,GO:0000978,RNA polymerase II cis-regulatory region sequence-specific DNA binding,gained,0.0001165418541621,0.0284380607680118
families,5kb,10,L1,GO:0001501,skeletal system development,gained,,0.018990241970437
families,5kb,10,L1,GO:0001525,angiogenesis,gained,,0.0143799862779085
families,5kb,10,L1,GO:0001851,complement component C3b binding,gained,,0.0315051142828936
families,5kb,10,L1,GO:0002286,T cell activation involved in immune response,gained,,0.003765249228225
families,5kb,10,L1,GO:0002312,B cell activation involved in immune response,gained,,0.0012313587667031
families,5kb,10,L1,GO:0002323,natural killer cell activation involved in immune response,gained,,0.002100844096227
families,5kb,10,L1,GO:0003723,RNA binding,gained,5.8406139984930144e-08,0.0015655754976377
families,5kb,10,L1,GO:0005126,cytokine receptor binding,gained,,0.018990241970437
families,5kb,10,L1,GO:0005132,type I interferon receptor binding,gained,,0.0006430005129797
families,5kb,10,L1,GO:0005509,calcium ion binding,lost,0.0330885070233894,
families,5kb,10,L1,GO:0005634,nucleus,gained,0.0113123839874294,0.025174705722329
families,5kb,10,L1,GO:0005882,intermediate filament,gained,,0.0130674153462588
families,5kb,10,L1,GO:0006952,defense response,gained,,0.0131013648988003
families,5kb,10,L1,GO:0007165,signal transduction,lost,5.379733966729977e-05,0.0025572037324097
families,5kb,10,L1,GO:0009952,anterior/posterior pattern specification,gained,,0.0141151701531324
families,5kb,10,L1,GO:0010468,regulation of gene expression,gained,,0.0019926224961794
families,5kb,10,L1,GO:0016477,cell migration,lost,0.0114494765083692,
families,5kb,10,L1,GO:0030182,neuron differentiation,gained,,0.0208027547758426
families,5kb,10,L1,GO:0043565,sequence-specific DNA binding,gained,,0.0131013648988003
families,5kb,10,L1,GO:0045202,synapse,lost,0.0004860037413042,0.0387445573840389
families,5kb,10,L1,GO:0048471,perinuclear region of cytoplasm,gained,,0.0046000677615933
families,5kb,10,L1,GO:0060337,type I interferon-mediated signaling pathway,gained,,0.0006931395341335
families,5kb,10,L1,GO:0098978,glutamatergic synapse,gained,,0.0004563802849955
families,5kb,10,L2,GO:0000387,spliceosomal snRNP assembly,gained,0.0100343683248874,0.0025980055452843
families,5kb,10,L2,GO:0005654,nucleoplasm,gained,0.0008715998805948,6.1877285983113225e-18
families,5kb,10,L2,GO:0005737,cytoplasm,gained,0.0138966354316271,0.0004824667797036
families,5kb,10,L2,GO:0005813,centrosome,gained,,0.0098125646300712
families,5kb,10,L2,GO:0005829,cytosol,gained,0.0056447500549249,0.0002302675218585
families,5kb,10,L2,GO:0015272,ATP-activated inward rectifier potassium channel activity,gained,,0.026659051854803
families,5kb,10,L2,GO:0016020,membrane,gained,1.5730792876273606e-06,0.0489509841676019
families,5kb,10,L2,GO:0097542,ciliary tip,gained,,0.046983222612269
families,5kb,10,MIR,GO:0000978,RNA polymerase II cis-regulatory region sequence-specific DNA binding,gained,0.0001165418541621,0.0284380607680118
families,5kb,10,MIR,GO:0000981,"DNA-binding transcription factor activity, RNA polymerase II-specific",gained,4.1189311600419513e-07,0.0004688841118488
families,5kb,10,MIR,GO:0003677,DNA binding,gained,4.960480373644655e-05,0.0057127626522589
families,5kb,10,MIR,GO:0004668,protein-arginine deiminase activity,lost,0.0279412123478901,
families,5kb,10,MIR,GO:0004867,serine-type endopeptidase inhibitor activity,gained,,0.0002981621689504
families,5kb,10,MIR,GO:0005085,guanyl-nucleotide exchange factor activity,gained,,0.03275152110175
families,5kb,10,MIR,GO:0005249,voltage-gated potassium channel activity,lost,0.0172513258843582,
families,5kb,10,MIR,GO:0005739,mitochondrion,gained,5.672173203210193e-07,0.0019754367282028
families,5kb,10,MIR,GO:0005856,cytoskeleton,lost,0.0055318912879008,
families,5kb,10,MIR,GO:0006357,regulation of transcription by RNA polymerase II,gained,0.0003291119046899,0.0027725954630839
families,5kb,10,MIR,GO:0006629,lipid metabolic process,gained,4.960480373644655e-05,0.0009024513879418
families,5kb,10,MIR,GO:0006813,potassium ion transport,lost,0.020859278333346,0.041454573064284
families,5kb,10,MIR,GO:0006882,intracellular zinc ion homeostasis,lost,0.014418368904208,
families,5kb,10,MIR,GO:0006954,inflammatory response,gained,,0.0018601141206555
families,5kb,10,MIR,GO:0007605,sensory perception of sound,lost,0.0413078660515016,
families,5kb,10,MIR,GO:0008076,voltage-gated potassium channel complex,lost,0.0070524551789961,
families,5kb,10,MIR,GO:0008289,lipid binding,lost,0.0025446346753977,
families,5kb,10,MIR,GO:0016020,membrane,gained,1.5730792876273606e-06,0.0489509841676019
families,5kb,10,MIR,GO:0016323,basolateral plasma membrane,lost,0.0107203978469929,
families,5kb,10,MIR,GO:0019221,cytokine-mediated signaling pathway,gained,,0.0298079452182304
families,5kb,10,MIR,GO:0030414,peptidase inhibitor activity,gained,,0.0052083973779319
families,5kb,10,MIR,GO:0032715,negative regulation of interleukin-6 production,gained,,0.0317981688995278
families,5kb,10,MIR,GO:0042742,defense response to bacterium,gained,,0.0433648846366269
families,5kb,10,MIR,GO:0044325,transmembrane transporter binding,lost,0.0413078660515016,0.0057470414599001
families,5kb,10,MIR,GO:0045202,synapse,lost,0.0004860037413042,0.0387445573840389
families,5kb,10,MIR,GO:0050729,positive regulation of inflammatory response,lost,0.0070524551789961,
families,5kb,10,MIR,GO:0055085,transmembrane transport,lost,0.0328918965377333,
families,5kb,10,MIR,GO:0071294,cellular response to zinc ion,lost,0.0056447500549249,
families,5kb,10,MIR,GO:0071805,potassium ion transmembrane transport,lost,0.0061974306281925,
families,5kb,10,SVA,GO:0005515,protein binding,lost,0.0113123839874294,2.5814514368330868e-11
families,5kb,10,SVA,GO:0005634,nucleus,lost,0.0113123839874294,0.025174705722329
families,5kb,10,SVA,GO:0006369,termination of RNA polymerase II transcription,lost,0.0202647454872782,
families,5kb,10,SVA,GO:0006397,mRNA processing,lost,0.0202647454872782,6.856063319245635e-06
families,5kb,10,SVA,GO:0019899,enzyme binding,lost,0.0211728942371974,
families,5kb,10,TcMar-Tc1,GO:0007283,spermatogenesis,gained,,0.0001323145418086
families,5kb,10,TcMar-Tc1,GO:0030154,cell differentiation,gained,0.0001622369987961,0.0002673837502697
families,5kb,10,hAT-Charlie,GO:0000137,Golgi cis cisterna,gained,,5.00437014490839e-09
families,5kb,10,hAT-Charlie,GO:0004984,olfactory receptor activity,lost,6.425755724753261e-41,6.38794209723726e-22
families,5kb,10,hAT-Charlie,GO:0005801,cis-Golgi network,gained,,2.131856815637025e-05
families,5kb,10,hAT-Charlie,GO:0007030,Golgi organization,gained,,0.0074906245436345
families,5kb,10,hAT-Charlie,GO:0042612,MHC class I protein complex,lost,0.0254881874152267,
families,5kb,10,hAT-Tip100,GO:0003677,DNA binding,gained,4.960480373644655e-05,0.0057127626522589
families,5kb,10,hAT-Tip100,GO:0003723,RNA binding,gained,5.8406139984930144e-08,0.0015655754976377
families,5kb,10,hAT-Tip100,GO:0004869,cysteine-type endopeptidase inhibitor activity,lost,0.040144772098386,
families,5kb,10,hAT-Tip100,GO:0005634,nucleus,gained,0.0113123839874294,0.025174705722329
families,5kb,10,hAT-Tip100,GO:0005654,nucleoplasm,gained,0.0008715998805948,6.1877285983113225e-18
families,5kb,10,hAT-Tip100,GO:0005886,plasma membrane,gained,9.239667458169687e-10,1.288295378815858e-05
families,5kb,10,hAT-Tip100,GO:0006357,regulation of transcription by RNA polymerase II,gained,0.0003291119046899,0.0027725954630839
families,5kb,10,hAT-Tip100,GO:1990000,amyloid fibril formation,gained,,0.0002636063557776
families,10kb,10,Alu,GO:0000070,mitotic sister chromatid segregation,gained,,0.003114004659284
families,10kb,10,Alu,GO:0000244,spliceosomal tri-snRNP complex assembly,gained,,0.0307447311069531
families,10kb,10,Alu,GO:0000388,spliceosome conformational change to release U4 (or U4atac) and U1 (or U11),gained,,0.0001544783755657
families,10kb,10,Alu,GO:0000428,DNA-directed RNA polymerase complex,gained,,0.0307447311069531
families,10kb,10,Alu,GO:0000776,kinetochore,gained,,0.0228980255276373
families,10kb,10,Alu,GO:0000781,"chromosome, telomeric region",gained,,0.016399922503424
families,10kb,10,Alu,GO:0000812,Swr1 complex,gained,,0.0462716727906778
families,10kb,10,Alu,GO:0000932,P-body,gained,,0.0249784437148074
families,10kb,10,Alu,GO:0001701,in utero embryonic development,gained,,0.0229724832748702
families,10kb,10,Alu,GO:0001732,formation of cytoplasmic translation initiation complex,gained,,0.0094631752685039
families,10kb,10,Alu,GO:0002181,cytoplasmic translation,gained,,0.0014717536585688
families,10kb,10,Alu,GO:0002183,cytoplasmic translational initiation,gained,,0.0189957830081209
families,10kb,10,Alu,GO:0003676,nucleic acid binding,gained,,1.1447761157564888e-05
families,10kb,10,Alu,GO:0003677,DNA binding,gained,4.960480373644655e-05,0.0282502466382711
families,10kb,10,Alu,GO:0003682,chromatin binding,gained,,0.0005029934706792
families,10kb,10,Alu,GO:0003729,mRNA binding,gained,,0.0004924381694081
families,10kb,10,Alu,GO:0003735,structural constituent of ribosome,gained,,0.0009759698342007
families,10kb,10,Alu,GO:0003899,DNA-directed RNA polymerase activity,gained,,0.0249784437148074
families,10kb,10,Alu,GO:0004176,ATP-dependent peptidase activity,gained,,0.0307447311069531
families,10kb,10,Alu,GO:0004930,G protein-coupled receptor activity,gained,3.3911488188646097e-23,4.1411573368445173e-23
families,10kb,10,Alu,GO:0004984,olfactory receptor activity,gained,6.425755724753261e-41,2.897140315162197e-48
families,10kb,10,Alu,GO:0005524,ATP binding,gained,,2.975906687644752e-05
families,10kb,10,Alu,GO:0005615,extracellular space,gained,0.0001803828168384,1.1931752784293864e-06
families,10kb,10,Alu,GO:0005643,nuclear pore,gained,,0.0070684334540046
families,10kb,10,Alu,GO:0005684,U2-type spliceosomal complex,gained,,0.0033192966826987
families,10kb,10,Alu,GO:0005685,U1 snRNP,gained,,0.0307447311069531
families,10kb,10,Alu,GO:0005690,U4atac snRNP,gained,,0.0448249099294477
families,10kb,10,Alu,GO:0005694,chromosome,gained,,0.000386793612496
families,10kb,10,Alu,GO:0005730,nucleolus,gained,,3.636035820728626e-07
families,10kb,10,Alu,GO:0005759,mitochondrial matrix,gained,,0.0017922118352266
families,10kb,10,Alu,GO:0005765,lysosomal membrane,gained,,0.0388749076254766
families,10kb,10,Alu,GO:0005813,centrosome,gained,,0.0438434922144894
families,10kb,10,Alu,GO:0005840,ribosome,gained,,0.0014717536585688
families,10kb,10,Alu,GO:0005852,eukaryotic translation initiation factor 3 complex,gained,,0.0161453979552205
families,10kb,10,Alu,GO:0005874,microtubule,gained,,0.0018003603332688
families,10kb,10,Alu,GO:0005882,intermediate filament,gained,,0.0288320116796243
families,10kb,10,Alu,GO:0006325,chromatin organization,gained,,0.0004924381694081
families,10kb,10,Alu,GO:0006338,chromatin remodeling,gained,,0.0001885460841532
families,10kb,10,Alu,GO:0006355,regulation of DNA-templated transcription,gained,6.260969578476079e-11,1.042653602246847e-05
families,10kb,10,Alu,GO:0006364,rRNA processing,gained,,0.0307447311069531
families,10kb,10,Alu,GO:0006412,translation,gained,,3.262051889708784e-06
families,10kb,10,Alu,GO:0006413,translational initiation,gained,,0.0448989500228929
families,10kb,10,Alu,GO:0006606,protein import into nucleus,gained,,0.013613071310907
families,10kb,10,Alu,GO:0006754,ATP biosynthetic process,gained,,0.0473407793798794
families,10kb,10,Alu,GO:0006886,intracellular protein transport,gained,,0.0307447311069531
families,10kb,10,Alu,GO:0007005,mitochondrion organization,gained,,0.020600688024385
families,10kb,10,Alu,GO:0007144,female meiosis I,lost,0.0257147015447393,
families,10kb,10,Alu,GO:0007155,cell adhesion,gained,,0.0049521743842289
families,10kb,10,Alu,GO:0007156,homophilic cell-cell adhesion,gained,,0.00130308606077
families,10kb,10,Alu,GO:0007165,signal transduction,gained,5.379733966729977e-05,3.439317174621189e-05
families,10kb,10,Alu,GO:0007186,G protein-coupled receptor signaling pathway,gained,5.767804966638017e-19,8.807632004545089e-19
families,10kb,10,Alu,GO:0007283,spermatogenesis,gained,,0.0335214169679389
families,10kb,10,Alu,GO:0007399,nervous system development,gained,0.0081301684481034,0.0030895556651584
families,10kb,10,Alu,GO:0007608,sensory perception of smell,gained,4.4347374687503917e-38,2.742950550814407e-45
families,10kb,10,Alu,GO:0008094,"ATP-dependent activity, acting on DNA",gained,,0.0385674383683974
families,10kb,10,Alu,GO:0008270,zinc ion binding,gained,1.0778361865447418e-13,2.000334457614171e-12
families,10kb,10,Alu,GO:0010008,endosome membrane,gained,,0.02164626388465
families,10kb,10,Alu,GO:0015030,Cajal body,gained,,0.0388749076254766
families,10kb,10,Alu,GO:0015630,microtubule cytoskeleton,gained,,0.0420775011511642
families,10kb,10,Alu,GO:0016192,vesicle-mediated transport,gained,,0.0203325530669999
families,10kb,10,Alu,GO:0016282,eukaryotic 43S preinitiation complex,gained,,0.0307447311069531
families,10kb,10,Alu,GO:0016604,nuclear body,gained,,0.0042799899363279
families,10kb,10,Alu,GO:0016607,nuclear speck,gained,,0.0218717619963357
families,10kb,10,Alu,GO:0016787,hydrolase activity,gained,,0.0228980255276373
families,10kb,10,Alu,GO:0016887,ATP hydrolysis activity,gained,,0.0006888285567981
families,10kb,10,Alu,GO:0022626,cytosolic ribosome,gained,,0.0014717536585688
families,10kb,10,Alu,GO:0030674,protein-macromolecule adaptor activity,gained,,0.0094661907957829
families,10kb,10,Alu,GO:0031462,Cul2-RING ubiquitin ligase complex,gained,0.0192916507782708,2.9950950999101856e-06
families,10kb,10,Alu,GO:0032300,mismatch repair complex,lost,0.0136248377982638,
families,10kb,10,Alu,GO:0032418,lysosome localization,gained,,0.0094631752685039
families,10kb,10,Alu,GO:0032991,protein-containing complex,gained,,0.0090065708157522
families,10kb,10,Alu,GO:0033290,eukaryotic 48S preinitiation complex,gained,,0.0223102045583952
families,10kb,10,Alu,GO:0034693,U11/U12 snRNP,gained,,0.0210785262673524
families,10kb,10,Alu,GO:0038127,ERBB signaling pathway,gained,,0.0288262833832656
families,10kb,10,Alu,GO:0038133,ERBB2-ERBB3 signaling pathway,gained,,0.016399922503424
families,10kb,10,Alu,GO:0042274,ribosomal small subunit biogenesis,gained,,0.0094631752685039
families,10kb,10,Alu,GO:0042373,vitamin K metabolic process,gained,,0.0307447311069531
families,10kb,10,Alu,GO:0042393,histone binding,gained,,0.0035222990525897
families,10kb,10,Alu,GO:0042802,identical protein binding,gained,,0.0086053998906818
families,10kb,10,Alu,GO:0043161,proteasome-mediated ubiquitin-dependent protein catabolic process,gained,,0.0360096450452282
families,10kb,10,Alu,GO:0045095,keratin filament,gained,,0.0335677505112607
families,10kb,10,Alu,GO:0045596,negative regulation of cell differentiation,gained,,0.0178496108451445
families,10kb,10,Alu,GO:0045815,transcription initiation-coupled chromatin remodeling,gained,,0.0335214169679389
families,10kb,10,Alu,GO:0046872,metal ion binding,gained,9.157996868139084e-07,2.017070150954108e-05
families,10kb,10,Alu,GO:0050911,detection of chemical stimulus involved in sensory perception of smell,gained,6.425755724753261e-41,3.134325528806717e-48
families,10kb,10,Alu,GO:0051301,cell division,gained,,3.538908528729175e-05
families,10kb,10,Alu,GO:0060090,molecular adaptor activity,gained,,0.0307447311069531
families,10kb,10,Alu,GO:0061157,mRNA destabilization,gained,,0.0094631752685039
families,10kb,10,Alu,GO:0070585,protein localization to mitochondrion,lost,0.0257147015447393,
families,10kb,10,Alu,GO:0071002,U4atac/U6atac snRNP,gained,,0.0423481284247053
families,10kb,10,Alu,GO:0071005,U2-type precatalytic spliceosome,gained,,0.0178496108451445
families,10kb,10,Alu,GO:0071009,U4atac/U6atac x U5 tri-snRNP complex,gained,,0.0115002562592871
families,10kb,10,Alu,GO:0071016,U12-type precatalytic spliceosome,gained,,0.0001544783755657
families,10kb,10,Alu,GO:0071339,MLL1 complex,gained,,0.0203325530669999
families,10kb,10,Alu,GO:0072686,mitotic spindle,gained,,0.0307447311069531
families,10kb,10,Alu,GO:0090170,regulation of Golgi inheritance,gained,,0.0217325069587952
families,10kb,10,Alu,GO:0098761,cellular response to interleukin-7,gained,,0.0309747154524321
families,10kb,10,Alu,GO:0106333,subcortical maternal complex,gained,,0.0307447311069531
families,10kb,10,Alu,GO:0160240,RNA polymerase II transcription initiation surveillance,gained,,0.0423481284247053
families,10kb,10,Alu,GO:1902036,regulation of hematopoietic stem cell differentiation,gained,,0.0448249099294477
families,10kb,10,Alu,GO:1990116,ribosome-associated ubiquitin-dependent protein catabolic process,gained,,0.0307447311069531
families,10kb,10,CR1,GO:0001725,stress fiber,gained,,0.0125182551449362
families,10kb,10,CR1,GO:0003779,actin binding,gained,,0.0002002743655418
families,10kb,10,CR1,GO:0005261,monoatomic cation channel activity,gained,,0.0025239584656034
families,10kb,10,CR1,GO:0005515,protein binding,gained,0.0113123839874294,0.0113123839874294
families,10kb,10,CR1,GO:0005882,intermediate filament,gained,,0.0288320116796243
families,10kb,10,CR1,GO:0007218,neuropeptide signaling pathway,gained,,0.0494794663409434
families,10kb,10,CR1,GO:0007631,feeding behavior,gained,,0.0125182551449362
families,10kb,10,CR1,GO:0014069,postsynaptic density,gained,,0.0170598943230725
families,10kb,10,CR1,GO:0030018,Z disc,gained,,0.0170598943230725
families,10kb,10,CR1,GO:0030280,structural constituent of skin epidermis,gained,,0.0013777242551445
families,10kb,10,CR1,GO:0030424,axon,gained,,0.0170598943230725
families,10kb,10,CR1,GO:0042734,presynaptic membrane,gained,,0.0400545713042225
families,10kb,10,CR1,GO:0045095,keratin filament,gained,,0.0335677505112607
families,10kb,10,CR1,GO:0045109,intermediate filament organization,gained,,0.0052450918861151
families,10kb,10,CR1,GO:0051015,actin filament binding,gained,,0.0050562655065699
families,10kb,10,CR1,GO:0051056,regulation of small GTPase mediated signal transduction,gained,,0.0170598943230725
families,10kb,10,CR1,GO:0098609,cell-cell adhesion,gained,,0.0274400086305809
families,10kb,10,ERV1,GO:0000978,RNA polymerase II cis-regulatory region sequence-specific DNA binding,lost,0.0001165418541621,7.241522775483431e-07
families,10kb,10,ERV1,GO:0001228,"DNA-binding transcription activator activity, RNA polymerase II-specific",gained,0.0228578000376938,1.3464760750885937e-05
families,10kb,10,ERV1,GO:0002376,immune system process,gained,,0.0054009369041484
families,10kb,10,ERV1,GO:0003677,DNA binding,lost,4.960480373644655e-05,0.0282502466382711
families,10kb,10,ERV1,GO:0003682,chromatin binding,gained,,0.0005029934706792
families,10kb,10,ERV1,GO:0003700,DNA-binding transcription factor activity,gained,0.0114494765083692,0.00541983488349
families,10kb,10,ERV1,GO:0004065,arylsulfatase activity,lost,0.0385720523171089,
families,10kb,10,ERV1,GO:0005667,transcription regulator complex,gained,,0.00541983488349
families,10kb,10,ERV1,GO:0005739,mitochondrion,gained,5.672173203210193e-07,0.0032675243931717
families,10kb,10,ERV1,GO:0005886,plasma membrane,gained,9.239667458169687e-10,0.0404400207386184
families,10kb,10,ERV1,GO:0006066,alcohol metabolic process,lost,0.0304079417730968,
families,10kb,10,ERV1,GO:0006635,fatty acid beta-oxidation,gained,,0.0127887456247322
families,10kb,10,ERV1,GO:0007155,cell adhesion,gained,,0.0049521743842289
families,10kb,10,ERV1,GO:0007399,nervous system development,gained,0.0081301684481034,0.0030895556651584
families,10kb,10,ERV1,GO:0016055,Wnt signaling pathway,lost,0.0263732890928563,
families,10kb,10,ERV1,GO:0030154,cell differentiation,gained,0.0001622369987961,6.201653672732045e-06
families,10kb,10,ERV1,GO:0031462,Cul2-RING ubiquitin ligase complex,lost,0.0192916507782708,2.9950950999101856e-06
families,10kb,10,ERV1,GO:0045087,innate immune response,gained,,0.0159405383760743
families,10kb,10,ERV1,GO:0045202,synapse,gained,0.0004860037413042,0.0037402262325589
families,10kb,10,ERV1,GO:0045893,positive regulation of DNA-templated transcription,gained,,0.0054009369041484
families,10kb,10,ERV1,GO:0045944,positive regulation of transcription by RNA polymerase II,gained,5.13967378945746e-07,6.201653672732045e-06
families,10kb,10,ERV1,GO:0051607,defense response to virus,gained,,0.0130038377568804
families,10kb,10,ERV1,GO:0070292,N-acylphosphatidylethanolamine metabolic process,lost,0.0385720523171089,
families,10kb,10,ERV1,GO:0070383,DNA cytosine deamination,gained,,0.0404400207386184
families,10kb,10,ERV1,GO:0098978,glutamatergic synapse,gained,,0.0074353811310953
families,10kb,10,ERV1,GO:0140827,zinc chaperone activity,gained,,0.0077755567909842
families,10kb,10,ERV1,GO:1901289,succinyl-CoA catabolic process,gained,,0.0366623431078069
families,10kb,10,ERV1,GO:1990837,sequence-specific double-stranded DNA binding,gained,0.042288474968093,0.0011731868043244
families,10kb,10,ERV1,GO:2001199,negative regulation of dendritic cell differentiation,gained,,0.00541983488349
families,10kb,10,ERVL,GO:0000122,negative regulation of transcription by RNA polymerase II,gained,,0.0002344780644587
families,10kb,10,ERVL,GO:0000166,nucleotide binding,gained,0.0376122617053908,3.9744891646018176e-08
families,10kb,10,ERVL,GO:0003677,DNA binding,gained,4.960480373644655e-05,0.0282502466382711
families,10kb,10,ERVL,GO:0003700,DNA-binding transcription factor activity,gained,0.0114494765083692,0.00541983488349
families,10kb,10,ERVL,GO:0003723,RNA binding,gained,5.8406139984930144e-08,0.0456133241734602
families,10kb,10,ERVL,GO:0005667,transcription regulator complex,gained,,0.00541983488349
families,10kb,10,ERVL,GO:0005882,intermediate filament,gained,,0.0288320116796243
families,10kb,10,ERVL,GO:0008284,positive regulation of cell population proliferation,gained,0.0347980571333507,0.020087538750942
families,10kb,10,ERVL,GO:0042633,hair cycle,lost,0.005247449003698,
families,10kb,10,ERVL,GO:0042802,identical protein binding,gained,,0.0086053998906818
families,10kb,10,ERVL,GO:0045893,positive regulation of DNA-templated transcription,gained,,0.0054009369041484
families,10kb,10,ERVL,GO:1990837,sequence-specific double-stranded DNA binding,gained,0.042288474968093,0.0011731868043244
families,10kb,10,ERVL-MaLR,GO:0000122,negative regulation of transcription by RNA polymerase II,gained,,0.0002344780644587
families,10kb,10,ERVL-MaLR,GO:0000976,transcription cis-regulatory region binding,gained,,0.035791481301392
families,10kb,10,ERVL-MaLR,GO:0000978,RNA polymerase II cis-regulatory region sequence-specific DNA binding,gained,0.0001165418541621,7.241522775483431e-07
families,10kb,10,ERVL-MaLR,GO:0000981,"DNA-binding transcription factor activity, RNA polymerase II-specific",gained,4.1189311600419513e-07,0.0054009369041484
families,10kb,10,ERVL-MaLR,GO:0001228,"DNA-binding transcription activator activity, RNA polymerase II-specific",gained,0.0228578000376938,1.3464760750885937e-05
families,10kb,10,ERVL-MaLR,GO:0003677,DNA binding,gained,4.960480373644655e-05,0.0282502466382711
families,10kb,10,ERVL-MaLR,GO:0003700,DNA-binding transcription factor activity,gained,0.0114494765083692,0.00541983488349
families,10kb,10,ERVL-MaLR,GO:0005886,plasma membrane,lost,9.239667458169687e-10,0.0404400207386184
families,10kb,10,ERVL-MaLR,GO:0006355,regulation of DNA-templated transcription,gained,6.260969578476079e-11,1.042653602246847e-05
families,10kb,10,ERVL-MaLR,GO:0006357,regulation of transcription by RNA polymerase II,gained,0.0003291119046899,0.0446129058584974
families,10kb,10,ERVL-MaLR,GO:0006412,translation,gained,,3.262051889708784e-06
families,10kb,10,ERVL-MaLR,GO:0045893,positive regulation of DNA-templated transcription,gained,,0.0054009369041484
families,10kb,10,ERVL-MaLR,GO:0045944,positive regulation of transcription by RNA polymerase II,gained,5.13967378945746e-07,6.201653672732045e-06
families,10kb,10,ERVL-MaLR,GO:0070062,extracellular exosome,lost,6.948481932044459e-05,0.0343037196432246
families,10kb,10,ERVL-MaLR,GO:1990837,sequence-specific double-stranded DNA binding,gained,0.042288474968093,0.0011731868043244
families,10kb,10,ERVL-MaLR,GO:1990904,ribonucleoprotein complex,gained,0.0001662301203037,2.0420114535792582e-10
families,10kb,10,L1,GO:0000978,RNA polymerase II cis-regulatory region sequence-specific DNA binding,gained,0.0001165418541621,7.241522775483431e-07
families,10kb,10,L1,GO:0000981,"DNA-binding transcription factor activity, RNA polymerase II-specific",gained,4.1189311600419513e-07,0.0054009369041484
families,10kb,10,L1,GO:0001227,"DNA-binding transcription repressor activity, RNA polymerase II-specific",gained,,0.0264823592650731
families,10kb,10,L1,GO:0001525,angiogenesis,gained,,0.0119833218982571
families,10kb,10,L1,GO:0002286,T cell activation involved in immune response,gained,,3.860308237440461e-06
families,10kb,10,L1,GO:0002312,B cell activation involved in immune response,gained,,2.676082944075545e-07
families,10kb,10,L1,GO:0002323,natural killer cell activation involved in immune response,gained,,7.241522775483431e-07
families,10kb,10,L1,GO:0003723,RNA binding,gained,5.8406139984930144e-08,0.0456133241734602
families,10kb,10,L1,GO:0005126,cytokine receptor binding,gained,,8.454123172469752e-05
families,10kb,10,L1,GO:0005132,type I interferon receptor binding,gained,,9.53846222406651e-08
families,10kb,10,L1,GO:0005634,nucleus,gained,0.0113123839874294,0.0113123839874294
families,10kb,10,L1,GO:0005654,nucleoplasm,gained,0.0008715998805948,0.0054009369041484
families,10kb,10,L1,GO:0006952,defense response,gained,,1.535494764773763e-07
families,10kb,10,L1,GO:0008284,positive regulation of cell population proliferation,gained,0.0347980571333507,0.020087538750942
families,10kb,10,L1,GO:0032787,monocarboxylic acid metabolic process,gained,,0.0117307890489093
families,10kb,10,L1,GO:0042742,defense response to bacterium,gained,,0.0109606651229931
families,10kb,10,L1,GO:0043330,response to exogenous dsRNA,gained,,3.439317174621189e-05
families,10kb,10,L1,GO:0043565,sequence-specific DNA binding,gained,,0.0003519422061639
families,10kb,10,L1,GO:0045211,postsynaptic membrane,gained,,0.0119833218982571
families,10kb,10,L1,GO:0048471,perinuclear region of cytoplasm,gained,,0.0204511143892142
families,10kb,10,L1,GO:0060337,type I interferon-mediated signaling pathway,gained,,0.0017973523570325
families,10kb,10,L1,GO:0070062,extracellular exosome,gained,6.948481932044459e-05,0.0343037196432246
families,10kb,10,L1,GO:0098586,cellular response to virus,gained,,0.0264823592650731
families,10kb,10,L1,GO:0098978,glutamatergic synapse,gained,,0.0074353811310953
families,10kb,10,L2,GO:0006811,monoatomic ion transport,gained,,0.0225958916600922
families,10kb,10,MIR,GO:0003677,DNA binding,gained,4.960480373644655e-05,0.0282502466382711
families,10kb,10,MIR,GO:0004668,protein-arginine deiminase activity,lost,0.0279412123478901,
families,10kb,10,MIR,GO:0004867,serine-type endopeptidase inhibitor activity,gained,,0.0063480670047269
families,10kb,10,MIR,GO:0004984,olfactory receptor activity,gained,6.425755724753261e-41,2.897140315162197e-48
families,10kb,10,MIR,GO:0005249,voltage-gated potassium channel activity,lost,0.0172513258843582,
families,10kb,10,MIR,GO:0005516,calmodulin binding,gained,,0.0046967226708587
families,10kb,10,MIR,GO:0005911,cell-cell junction,gained,,0.0037536675271284
families,10kb,10,MIR,GO:0005925,focal adhesion,gained,,0.0227412249303898
families,10kb,10,MIR,GO:0006811,monoatomic ion transport,gained,,0.0225958916600922
families,10kb,10,MIR,GO:0006813,potassium ion transport,lost,0.020859278333346,
families,10kb,10,MIR,GO:0007165,signal transduction,gained,5.379733966729977e-05,3.439317174621189e-05
families,10kb,10,MIR,GO:0007605,sensory perception of sound,lost,0.0413078660515016,
families,10kb,10,MIR,GO:0008076,voltage-gated potassium channel complex,lost,0.0070524551789961,
families,10kb,10,MIR,GO:0008289,lipid binding,lost,0.0025446346753977,
families,10kb,10,MIR,GO:0015370,solute:sodium symporter activity,gained,,0.0438221876462295
families,10kb,10,MIR,GO:0016020,membrane,gained,1.5730792876273606e-06,0.0003503300763447
families,10kb,10,MIR,GO:0016323,basolateral plasma membrane,lost,0.0107203978469929,
families,10kb,10,MIR,GO:0035556,intracellular signal transduction,gained,,0.0173507575459302
families,10kb,10,MIR,GO:0042802,identical protein binding,gained,,0.0086053998906818
families,10kb,10,MIR,GO:0044325,transmembrane transporter binding,lost,0.0413078660515016,
families,10kb,10,MIR,GO:0045202,synapse,lost,0.0004860037413042,0.0037402262325589
families,10kb,10,MIR,GO:0050911,detection of chemical stimulus involved in sensory perception of smell,gained,6.425755724753261e-41,3.134325528806717e-48
families,10kb,10,MIR,GO:0055085,transmembrane transport,lost,0.0328918965377333,
families,10kb,10,MIR,GO:0071276,cellular response to cadmium ion,gained,,0.0385542364620322
families,10kb,10,MIR,GO:0071805,potassium ion transmembrane transport,lost,0.0061974306281925,
families,10kb,10,hAT-Charlie,GO:0007608,sensory perception of smell,gained,4.4347374687503917e-38,2.742950550814407e-45
families,10kb,10,hAT-Charlie,GO:0042612,MHC class I protein complex,lost,0.0254881874152267,
families,10kb,10,hAT-Charlie,GO:0050911,detection of chemical stimulus involved in sensory perception of smell,gained,6.425755724753261e-41,3.134325528806717e-48
families,10kb,10,hAT-Charlie,GO:0140827,zinc chaperone activity,gained,,0.0077755567909842
families,10kb,10,hAT-Tip100,GO:0004869,cysteine-type endopeptidase inhibitor activity,lost,0.040144772098386,
families,10kb,10,hAT-Tip100,GO:0005634,nucleus,gained,0.0113123839874294,0.0113123839874294
families,10kb,10,hAT-Tip100,GO:0005886,plasma membrane,gained,9.239667458169687e-10,0.0404400207386184
families,10kb,10,hAT-Tip100,GO:1990000,amyloid fibril formation,gained,,0.0399579408131932
families,20kb,5,Alu,GO:0000387,spliceosomal snRNP assembly,lost,0.0100343683248874,
families,20kb,5,Alu,GO:0001784,phosphotyrosine residue binding,gained,,0.0322480385783885
families,20kb,5,Alu,GO:0003676,nucleic acid binding,gained,,0.0015738346283415
families,20kb,5,Alu,GO:0003677,DNA binding,gained,4.960480373644655e-05,0.0026029943358557
families,20kb,5,Alu,GO:0004930,G protein-coupled receptor activity,gained,3.3911488188646097e-23,2.5884897755589667e-40
families,20kb,5,Alu,GO:0004984,olfactory receptor activity,gained,6.425755724753261e-41,4.778221049884448e-69
families,20kb,5,Alu,GO:0005524,ATP binding,gained,,0.0012720917780167
families,20kb,5,Alu,GO:0005684,U2-type spliceosomal complex,gained,,0.0280616970461032
families,20kb,5,Alu,GO:0005694,chromosome,gained,,0.0010035290243857
families,20kb,5,Alu,GO:0005730,nucleolus,gained,,0.022623062613241
families,20kb,5,Alu,GO:0005743,mitochondrial inner membrane,lost,0.0003490799399617,
families,20kb,5,Alu,GO:0005765,lysosomal membrane,gained,,0.0446648375945388
families,20kb,5,Alu,GO:0005874,microtubule,gained,,0.0057381176219444
families,20kb,5,Alu,GO:0005886,plasma membrane,lost,9.239667458169687e-10,0.0310041128435342
families,20kb,5,Alu,GO:0006325,chromatin organization,gained,,0.0002645726513589
families,20kb,5,Alu,GO:0006338,chromatin remodeling,gained,,0.0001202537452803
families,20kb,5,Alu,GO:0006412,translation,gained,,0.0290248219522746
families,20kb,5,Alu,GO:0006914,autophagy,gained,,0.0425848525217483
families,20kb,5,Alu,GO:0007141,male meiosis I,lost,0.0398376172505088,
families,20kb,5,Alu,GO:0007144,female meiosis I,lost,0.0257147015447393,
families,20kb,5,Alu,GO:0007186,G protein-coupled receptor signaling pathway,gained,5.767804966638017e-19,2.2752302535430192e-33
families,20kb,5,Alu,GO:0007399,nervous system development,gained,0.0081301684481034,0.048326721490191
families,20kb,5,Alu,GO:0007608,sensory perception of smell,gained,4.4347374687503917e-38,7.63053665234491e-68
families,20kb,5,Alu,GO:0010008,endosome membrane,gained,,0.0290248219522746
families,20kb,5,Alu,GO:0019901,protein kinase binding,gained,,0.0111549113981686
families,20kb,5,Alu,GO:0031462,Cul2-RING ubiquitin ligase complex,gained,0.0192916507782708,0.0001132583445948
families,20kb,5,Alu,GO:0032300,mismatch repair complex,lost,0.0136248377982638,
families,20kb,5,Alu,GO:0032480,negative regulation of type I interferon production,gained,,0.0213825089996264
families,20kb,5,Alu,GO:0032991,protein-containing complex,gained,,0.0238579889790729
families,20kb,5,Alu,GO:0034098,VCP-NPL4-UFD1 AAA ATPase complex,gained,,0.0105970960653163
families,20kb,5,Alu,GO:0042393,histone binding,gained,,0.0002645726513589
families,20kb,5,Alu,GO:0042802,identical protein binding,gained,,0.0107555617674162
families,20kb,5,Alu,GO:0048471,perinuclear region of cytoplasm,gained,,0.0290248219522746
families,20kb,5,Alu,GO:0050911,detection of chemical stimulus involved in sensory perception of smell,gained,6.425755724753261e-41,4.915041883463195e-69
families,20kb,5,Alu,GO:0051082,unfolded protein binding,gained,,0.0280616970461032
families,20kb,5,Alu,GO:0051301,cell division,gained,,0.0039168466551045
families,20kb,5,Alu,GO:0062072,histone H3K9me2/3 reader activity,gained,,0.0327670320459628
families,20kb,5,Alu,GO:0070062,extracellular exosome,gained,6.948481932044459e-05,0.0020809984156844
families,20kb,5,Alu,GO:0070585,protein localization to mitochondrion,lost,0.0257147015447393,
families,20kb,5,Alu,GO:0071011,precatalytic spliceosome,lost,0.0200218988778016,
families,20kb,5,Alu,GO:0140288,GBAF complex,gained,,0.0175102166167948
families,20kb,5,Alu,GO:0140664,ATP-dependent DNA damage sensor activity,lost,0.0054031360659107,
families,20kb,5,Alu,GO:1901797,negative regulation of signal transduction by p53 class mediator,gained,,0.0238579889790729
families,20kb,5,Alu,GO:1902459,positive regulation of stem cell population maintenance,gained,,0.0115372536982983
families,20kb,5,Alu,GO:1990841,promoter-specific chromatin binding,gained,,0.0301103383697723
families,20kb,5,Alu,GO:2000781,positive regulation of double-strand break repair,gained,,0.0115372536982983
families,20kb,5,CR1,GO:0001518,voltage-gated sodium channel complex,gained,,0.004985266486125
families,20kb,5,CR1,GO:0003779,actin binding,gained,,0.0374532853277443
families,20kb,5,CR1,GO:0004114,"3',5'-cyclic-nucleotide phosphodiesterase activity",gained,,0.0223172488732061
families,20kb,5,CR1,GO:0007165,signal transduction,lost,5.379733966729977e-05,1.4216772320057207e-14
families,20kb,5,CR1,GO:0007186,G protein-coupled receptor signaling pathway,lost,5.767804966638017e-19,2.2752302535430192e-33
families,20kb,5,CR1,GO:0032332,positive regulation of chondrocyte differentiation,gained,,0.010494898007396
families,20kb,5,CR1,GO:0034703,cation channel complex,gained,,0.0202957736442523
families,20kb,5,CR1,GO:0042220,response to cocaine,lost,0.027181739090831,
families,20kb,5,CR1,GO:0047555,"3',5'-cyclic-GMP phosphodiesterase activity",gained,,0.0223172488732061
families,20kb,5,Dong-R4,GO:0019896,axonal transport of mitochondrion,gained,,0.0013223573556446
families,20kb,5,ERV1,GO:0000786,nucleosome,gained,,0.0003007469358909
families,20kb,5,ERV1,GO:0000978,RNA polymerase II cis-regulatory region sequence-specific DNA binding,lost,0.0001165418541621,
families,20kb,5,ERV1,GO:0001788,antibody-dependent cellular cytotoxicity,gained,,0.0079949803969789
families,20kb,5,ERV1,GO:0004065,arylsulfatase activity,lost,0.0385720523171089,
families,20kb,5,ERV1,GO:0005654,nucleoplasm,lost,0.0008715998805948,0.0171856446805681
families,20kb,5,ERV1,GO:0006357,regulation of transcription by RNA polymerase II,lost,0.0003291119046899,
families,20kb,5,ERV1,GO:0016055,Wnt signaling pathway,lost,0.0263732890928563,
families,20kb,5,ERV1,GO:0019770,IgG receptor activity,gained,,0.0079949803969789
families,20kb,5,ERV1,GO:0019864,IgG binding,gained,,0.0030139675169907
families,20kb,5,ERV1,GO:0030527,structural constituent of chromatin,gained,,9.62848252339634e-06
families,20kb,5,ERV1,GO:0042633,hair cycle,gained,0.005247449003698,0.0368638111593133
families,20kb,5,ERV1,GO:0045944,positive regulation of transcription by RNA polymerase II,gained,5.13967378945746e-07,0.0129823166866214
families,20kb,5,ERV1,GO:0070292,N-acylphosphatidylethanolamine metabolic process,lost,0.0385720523171089,
families,20kb,5,ERVK,GO:0006355,regulation of DNA-templated transcription,gained,6.260969578476079e-11,3.570010730902072e-05
families,20kb,5,ERVK,GO:0006805,xenobiotic metabolic process,gained,0.0080972885934577,0.0022089230244113
families,20kb,5,ERVK,GO:0008270,zinc ion binding,gained,1.0778361865447418e-13,2.6482787285322226e-08
families,20kb,5,ERVL,GO:0000785,chromatin,lost,8.839572980789548e-07,7.812820107741033e-05
families,20kb,5,ERVL,GO:0002250,adaptive immune response,gained,0.0228578000376938,0.0216446990696293
families,20kb,5,ERVL,GO:0002376,immune system process,gained,,0.0093932694473306
families,20kb,5,ERVL,GO:0005634,nucleus,lost,0.0113123839874294,0.0027833876999439
families,20kb,5,ERVL,GO:0030154,cell differentiation,lost,0.0001622369987961,0.0164635804826334
families,20kb,5,ERVL,GO:0033038,bitter taste receptor activity,lost,0.0232797692941588,
families,20kb,5,ERVL,GO:0042633,hair cycle,lost,0.005247449003698,0.0368638111593133
families,20kb,5,ERVL-MaLR,GO:0005829,cytosol,lost,0.0056447500549249,0.0216446990696293
families,20kb,5,ERVL-MaLR,GO:0005886,plasma membrane,lost,9.239667458169687e-10,0.0310041128435342
families,20kb,5,ERVL-MaLR,GO:0008284,positive regulation of cell population proliferation,lost,0.0347980571333507,
families,20kb,5,ERVL-MaLR,GO:0016020,membrane,lost,1.5730792876273606e-06,0.0008153592907307
families,20kb,5,ERVL-MaLR,GO:0030154,cell differentiation,lost,0.0001622369987961,0.0164635804826334
families,20kb,5,ERVL-MaLR,GO:0032991,protein-containing complex,gained,,0.0238579889790729
families,20kb,5,ERVL-MaLR,GO:0045893,positive regulation of DNA-templated transcription,gained,,0.0153583317935369
families,20kb,5,ERVL-MaLR,GO:0070062,extracellular exosome,lost,6.948481932044459e-05,0.0020809984156844
families,20kb,5,Gypsy,GO:0001594,trace-amine receptor activity,gained,,0.0421421342287872
families,20kb,5,Gypsy,GO:0003677,DNA binding,gained,4.960480373644655e-05,0.0026029943358557
families,20kb,5,Gypsy,GO:0003723,RNA binding,gained,5.8406139984930144e-08,0.0008469052599786
families,20kb,5,Gypsy,GO:0005515,protein binding,lost,0.0113123839874294,0.0005615753169864
families,20kb,5,Gypsy,GO:0006357,regulation of transcription by RNA polymerase II,lost,0.0003291119046899,
families,20kb,5,Gypsy,GO:0006954,inflammatory response,gained,,0.0098447483664616
families,20kb,5,Gypsy,GO:0008494,translation activator activity,lost,0.0376787664630407,
families,20kb,5,L1,GO:0000139,Golgi membrane,gained,,0.0173041933698492
families,20kb,5,L1,GO:0003700,DNA-binding transcription factor activity,lost,0.0114494765083692,
families,20kb,5,L1,GO:0003723,RNA binding,gained,5.8406139984930144e-08,0.0008469052599786
families,20kb,5,L1,GO:0005509,calcium ion binding,lost,0.0330885070233894,0.0011420210663863
families,20kb,5,L1,GO:0005654,nucleoplasm,gained,0.0008715998805948,0.0171856446805681
families,20kb,5,L1,GO:0005829,cytosol,gained,0.0056447500549249,0.0216446990696293
families,20kb,5,L1,GO:0005882,intermediate filament,gained,,0.0310041128435342
families,20kb,5,L1,GO:0005886,plasma membrane,gained,9.239667458169687e-10,0.0310041128435342
families,20kb,5,L1,GO:0006952,defense response,gained,,8.267362493073749e-05
families,20kb,5,L1,GO:0007399,nervous system development,lost,0.0081301684481034,0.048326721490191
families,20kb,5,L1,GO:0016477,cell migration,lost,0.0114494765083692,
families,20kb,5,L1,GO:1990837,sequence-specific double-stranded DNA binding,lost,0.042288474968093,
families,20kb,5,L2,GO:0005886,plasma membrane,gained,9.239667458169687e-10,0.0310041128435342
families,20kb,5,MIR,GO:0001666,response to hypoxia,gained,,0.0380563612257734
families,20kb,5,MIR,GO:0004668,protein-arginine deiminase activity,lost,0.0279412123478901,
families,20kb,5,MIR,GO:0005267,potassium channel activity,gained,,0.007810848303625
families,20kb,5,MIR,GO:0005509,calcium ion binding,gained,0.0330885070233894,0.0011420210663863
families,20kb,5,MIR,GO:0005516,calmodulin binding,gained,,0.0125671568399327
families,20kb,5,MIR,GO:0005546,"phosphatidylinositol-4,5-bisphosphate binding",gained,,0.0453215677317893
families,20kb,5,MIR,GO:0005737,cytoplasm,lost,0.0138966354316271,2.07389858027591e-05
families,20kb,5,MIR,GO:0005829,cytosol,lost,0.0056447500549249,0.0216446990696293
families,20kb,5,MIR,GO:0005856,cytoskeleton,lost,0.0055318912879008,
families,20kb,5,MIR,GO:0006811,monoatomic ion transport,gained,,0.0024628204400394
families,20kb,5,MIR,GO:0006836,neurotransmitter transport,gained,,0.0164635804826334
families,20kb,5,MIR,GO:0007179,transforming growth factor beta receptor signaling pathway,gained,,0.0163240718123647
families,20kb,5,MIR,GO:0007268,chemical synaptic transmission,gained,,0.0453215677317893
families,20kb,5,MIR,GO:0010273,detoxification of copper ion,gained,,0.0105575657681874
families,20kb,5,MIR,GO:0015459,potassium channel regulator activity,gained,,0.0453215677317893
families,20kb,5,MIR,GO:0030154,cell differentiation,gained,0.0001622369987961,0.0164635804826334
families,20kb,5,MIR,GO:0030672,synaptic vesicle membrane,gained,,0.0380563612257734
families,20kb,5,MIR,GO:0031032,actomyosin structure organization,gained,,0.0453215677317893
families,20kb,5,MIR,GO:0032587,ruffle membrane,gained,,0.0106256846148244
families,20kb,5,MIR,GO:0032720,negative regulation of tumor necrosis factor production,gained,,0.0410604890370359
families,20kb,5,MIR,GO:0042995,cell projection,gained,,0.0293421402713663
families,20kb,5,MIR,GO:0050729,positive regulation of inflammatory response,lost,0.0070524551789961,
families,20kb,5,MIR,GO:0050796,regulation of insulin secretion,gained,,0.0453215677317893
families,20kb,5,MIR,GO:0055085,transmembrane transport,lost,0.0328918965377333,
families,20kb,5,MIR,GO:0071276,cellular response to cadmium ion,gained,,0.0018045421911884
families,20kb,5,MIR,GO:0071280,cellular response to copper ion,gained,,0.0339314613994477
families,20kb,5,Penelope,GO:0006450,regulation of translational fidelity,gained,,0.0487404662308527
families,20kb,5,RTE-BovB,GO:0004984,olfactory receptor activity,gained,6.425755724753261e-41,4.778221049884448e-69
families,20kb,5,RTE-BovB,GO:0007608,sensory perception of smell,gained,4.4347374687503917e-38,7.63053665234491e-68
families,20kb,5,RTE-BovB,GO:0050911,detection of chemical stimulus involved in sensory perception of smell,gained,6.425755724753261e-41,4.915041883463195e-69
families,20kb,5,SVA,GO:0003723,RNA binding,gained,5.8406139984930144e-08,0.0008469052599786
families,20kb,5,SVA,GO:0005654,nucleoplasm,gained,0.0008715998805948,0.0171856446805681
families,20kb,5,SVA,GO:0006369,termination of RNA polymerase II transcription,lost,0.0202647454872782,
families,20kb,5,SVA,GO:0006397,mRNA processing,lost,0.0202647454872782,0.0080104433878903
families,20kb,5,TcMar-Tc1,GO:0030154,cell differentiation,gained,0.0001622369987961,0.0164635804826334
families,20kb,5,TcMar-Tigger,GO:0005634,nucleus,gained,0.0113123839874294,0.0027833876999439
families,20kb,5,TcMar-Tigger,GO:0005654,nucleoplasm,gained,0.0008715998805948,0.0171856446805681
families,20kb,5,TcMar-Tigger,GO:0005694,chromosome,gained,,0.0010035290243857
families,20kb,5,TcMar-Tigger,GO:0005737,cytoplasm,gained,0.0138966354316271,2.07389858027591e-05
families,20kb,5,TcMar-Tigger,GO:0008420,RNA polymerase II CTD heptapeptide repeat phosphatase activity,gained,,0.006300993217474
families,20kb,5,hAT-Charlie,GO:0005515,protein binding,gained,0.0113123839874294,0.0005615753169864
families,20kb,5,hAT-Charlie,GO:0007608,sensory perception of smell,gained,4.4347374687503917e-38,7.63053665234491e-68
families,20kb,5,hAT-Charlie,GO:0042612,MHC class I protein complex,lost,0.0254881874152267,
families,20kb,5,hAT-Charlie,GO:0050911,detection of chemical stimulus involved in sensory perception of smell,gained,6.425755724753261e-41,4.915041883463195e-69
families,20kb,5,hAT-Tip100,GO:0004869,cysteine-type endopeptidase inhibitor activity,lost,0.040144772098386,
families,20kb,5,hAT-Tip100,GO:0005634,nucleus,gained,0.0113123839874294,0.0027833876999439
families,20kb,5,hAT-Tip100,GO:0005886,plasma membrane,gained,9.239667458169687e-10,0.0310041128435342
families,20kb,5,hAT-Tip100,GO:0061178,regulation of insulin secretion involved in cellular response to glucose stimulus,gained,,0.0274831457607073
families,20kb,10,Alu,GO:0000070,mitotic sister chromatid segregation,gained,,0.0025562724815018
families,20kb,10,Alu,GO:0000209,protein polyubiquitination,gained,,0.0044906943918045
families,20kb,10,Alu,GO:0000244,spliceosomal tri-snRNP complex assembly,gained,,0.0267321216468882
families,20kb,10,Alu,GO:0000245,spliceosomal complex assembly,gained,,0.03411734932589
families,20kb,10,Alu,GO:0000388,spliceosome conformational change to release U4 (or U4atac) and U1 (or U11),gained,,0.0006592842789529
families,20kb,10,Alu,GO:0000400,four-way junction DNA binding,gained,,0.0185216792560262
families,20kb,10,Alu,GO:0000776,kinetochore,gained,,0.0114450805673092
families,20kb,10,Alu,GO:0000781,"chromosome, telomeric region",gained,,3.0889019934936164e-05
families,20kb,10,Alu,GO:0000812,Swr1 complex,gained,,0.0428868133727419
families,20kb,10,Alu,GO:0000932,P-body,gained,,0.0212064552363344
families,20kb,10,Alu,GO:0001732,formation of cytoplasmic translation initiation complex,gained,,0.0008787154755234
families,20kb,10,Alu,GO:0002183,cytoplasmic translational initiation,gained,,0.0005458813666571
families,20kb,10,Alu,GO:0003676,nucleic acid binding,gained,,0.0328881099429344
families,20kb,10,Alu,GO:0003677,DNA binding,gained,4.960480373644655e-05,3.170633487395411e-06
families,20kb,10,Alu,GO:0003729,mRNA binding,gained,,3.291852032702564e-06
families,20kb,10,Alu,GO:0003743,translation initiation factor activity,gained,,0.0050945663073544
families,20kb,10,Alu,GO:0004386,helicase activity,gained,,0.0232202585573819
families,20kb,10,Alu,GO:0004930,G protein-coupled receptor activity,gained,3.3911488188646097e-23,7.757070274053559e-56
families,20kb,10,Alu,GO:0004984,olfactory receptor activity,gained,6.425755724753261e-41,5.577324078519791e-83
families,20kb,10,Alu,GO:0005524,ATP binding,gained,,1.50858597283414e-07
families,20kb,10,Alu,GO:0005525,GTP binding,gained,,0.0061431904340742
families,20kb,10,Alu,GO:0005615,extracellular space,gained,0.0001803828168384,3.181639428834573e-05
families,20kb,10,Alu,GO:0005635,nuclear envelope,gained,,0.0176275392654469
families,20kb,10,Alu,GO:0005643,nuclear pore,gained,,0.0002297919259149
families,20kb,10,Alu,GO:0005684,U2-type spliceosomal complex,gained,,0.0450092871342292
families,20kb,10,Alu,GO:0005685,U1 snRNP,gained,,0.0270944837912487
families,20kb,10,Alu,GO:0005694,chromosome,gained,,0.0003363422717356
families,20kb,10,Alu,GO:0005730,nucleolus,gained,,6.654326296281441e-07
families,20kb,10,Alu,GO:0005741,mitochondrial outer membrane,gained,,0.0203954281189039
families,20kb,10,Alu,GO:0005759,mitochondrial matrix,gained,,8.086600329915756e-05
families,20kb,10,Alu,GO:0005765,lysosomal membrane,gained,,0.0212064552363344
families,20kb,10,Alu,GO:0005813,centrosome,gained,,0.0035642161515786
families,20kb,10,Alu,GO:0005852,eukaryotic translation initiation factor 3 complex,gained,,0.0017150352600085
families,20kb,10,Alu,GO:0005874,microtubule,gained,,5.865953548343541e-05
families,20kb,10,Alu,GO:0006298,mismatch repair,lost,0.0017616560885311,
families,20kb,10,Alu,GO:0006325,chromatin organization,gained,,0.0004220898594926
families,20kb,10,Alu,GO:0006335,DNA replication-dependent chromatin assembly,gained,,0.0272299066609349
families,20kb,10,Alu,GO:0006338,chromatin remodeling,gained,,3.877396054427464e-05
families,20kb,10,Alu,GO:0006355,regulation of DNA-templated transcription,gained,6.260969578476079e-11,5.103946697105176e-05
families,20kb,10,Alu,GO:0006357,regulation of transcription by RNA polymerase II,gained,0.0003291119046899,0.0275863141406031
families,20kb,10,Alu,GO:0006366,transcription by RNA polymerase II,gained,,0.0054198464786923
families,20kb,10,Alu,GO:0006412,translation,gained,,3.2397775039488434e-05
families,20kb,10,Alu,GO:0006413,translational initiation,gained,,0.0166357252366363
families,20kb,10,Alu,GO:0006606,protein import into nucleus,gained,,0.0105539541623886
families,20kb,10,Alu,GO:0006610,ribosomal protein import into nucleus,gained,,0.017799958080537
families,20kb,10,Alu,GO:0006611,protein export from nucleus,gained,,0.0166357252366363
families,20kb,10,Alu,GO:0006754,ATP biosynthetic process,gained,,0.0438598397195942
families,20kb,10,Alu,GO:0006886,intracellular protein transport,gained,,3.1474884399679925e-05
families,20kb,10,Alu,GO:0006913,nucleocytoplasmic transport,gained,,0.0171902544316272
families,20kb,10,Alu,GO:0006914,autophagy,gained,,0.0021468536709364
families,20kb,10,Alu,GO:0007005,mitochondrion organization,gained,,0.003076238582566
families,20kb,10,Alu,GO:0007059,chromosome segregation,gained,,0.0428868133727419
families,20kb,10,Alu,GO:0007141,male meiosis I,lost,0.0398376172505088,
families,20kb,10,Alu,GO:0007144,female meiosis I,lost,0.0257147015447393,
families,20kb,10,Alu,GO:0007155,cell adhesion,gained,,0.0131535378626634
families,20kb,10,Alu,GO:0007165,signal transduction,gained,5.379733966729977e-05,4.84623990133503e-17
families,20kb,10,Alu,GO:0007186,G protein-coupled receptor signaling pathway,gained,5.767804966638017e-19,1.9301569640494445e-45
families,20kb,10,Alu,GO:0007283,spermatogenesis,gained,,0.0458696850609711
families,20kb,10,Alu,GO:0007608,sensory perception of smell,gained,4.4347374687503917e-38,5.537100808013846e-79
families,20kb,10,Alu,GO:0008094,"ATP-dependent activity, acting on DNA",gained,,0.03411734932589
families,20kb,10,Alu,GO:0008139,nuclear localization sequence binding,gained,,0.0107095101283422
families,20kb,10,Alu,GO:0008270,zinc ion binding,gained,1.0778361865447418e-13,0.0362475651117898
families,20kb,10,Alu,GO:0009060,aerobic respiration,gained,,0.0418606752093137
families,20kb,10,Alu,GO:0009566,fertilization,gained,,0.0473340128567351
families,20kb,10,Alu,GO:0010494,cytoplasmic stress granule,gained,,0.0050805291966796
families,20kb,10,Alu,GO:0010592,positive regulation of lamellipodium assembly,gained,,0.03411734932589
families,20kb,10,Alu,GO:0015630,microtubule cytoskeleton,gained,,0.0118327201873093
families,20kb,10,Alu,GO:0016192,vesicle-mediated transport,gained,,1.219959294521938e-05
families,20kb,10,Alu,GO:0016282,eukaryotic 43S preinitiation complex,gained,,0.0047792103532593
families,20kb,10,Alu,GO:0016567,protein ubiquitination,gained,,0.0225609801967195
families,20kb,10,Alu,GO:0016604,nuclear body,gained,,0.0034005399494112
families,20kb,10,Alu,GO:0016607,nuclear speck,gained,,0.0006810030027888
families,20kb,10,Alu,GO:0016787,hydrolase activity,gained,,0.0171552098262035
families,20kb,10,Alu,GO:0016887,ATP hydrolysis activity,gained,,0.0033791779355741
families,20kb,10,Alu,GO:0019901,protein kinase binding,gained,,0.0003492958263048
families,20kb,10,Alu,GO:0030198,extracellular matrix organization,gained,,0.0341492277479876
families,20kb,10,Alu,GO:0030674,protein-macromolecule adaptor activity,gained,,0.0115030065499971
families,20kb,10,Alu,GO:0031462,Cul2-RING ubiquitin ligase complex,gained,0.0192916507782708,3.693370731489872e-07
families,20kb,10,Alu,GO:0031625,ubiquitin protein ligase binding,gained,,0.0044906943918045
families,20kb,10,Alu,GO:0031965,nuclear membrane,gained,,0.0006497565724697
families,20kb,10,Alu,GO:0032211,negative regulation of telomere maintenance via telomerase,gained,,0.024167582884714
families,20kb,10,Alu,GO:0032300,mismatch repair complex,lost,0.0136248377982638,
families,20kb,10,Alu,GO:0032418,lysosome localization,gained,,0.0270944837912487
families,20kb,10,Alu,GO:0032991,protein-containing complex,gained,,2.279984326227873e-06
families,20kb,10,Alu,GO:0033290,eukaryotic 48S preinitiation complex,gained,,0.0030792118285948
families,20kb,10,Alu,GO:0034599,cellular response to oxidative stress,gained,,0.0045356136134297
families,20kb,10,Alu,GO:0034644,cellular response to UV,gained,,0.0032051789556309
families,20kb,10,Alu,GO:0042162,telomeric DNA binding,gained,,0.03411734932589
families,20kb,10,Alu,GO:0042393,histone binding,gained,,0.0005493146320031
families,20kb,10,Alu,GO:0042771,intrinsic apoptotic signaling pathway in response to DNA damage by p53 class mediator,gained,,0.0270944837912487
families,20kb,10,Alu,GO:0042802,identical protein binding,gained,,0.0076933633481477
families,20kb,10,Alu,GO:0042981,regulation of apoptotic process,gained,,0.0251332015444718
families,20kb,10,Alu,GO:0043161,proteasome-mediated ubiquitin-dependent protein catabolic process,gained,,0.0023207904024895
families,20kb,10,Alu,GO:0044877,protein-containing complex binding,gained,,0.0225373711463282
families,20kb,10,Alu,GO:0045296,cadherin binding,gained,,0.0007426779145019
families,20kb,10,Alu,GO:0045815,transcription initiation-coupled chromatin remodeling,gained,,0.0300070748664614
families,20kb,10,Alu,GO:0045892,negative regulation of DNA-templated transcription,gained,,0.0267321216468882
families,20kb,10,Alu,GO:0046872,metal ion binding,gained,9.157996868139084e-07,0.0024691823535566
families,20kb,10,Alu,GO:0048471,perinuclear region of cytoplasm,gained,,0.001252899087286
families,20kb,10,Alu,GO:0050911,detection of chemical stimulus involved in sensory perception of smell,gained,6.425755724753261e-41,8.648326642711582e-83
families,20kb,10,Alu,GO:0051082,unfolded protein binding,gained,,0.0137054467271247
families,20kb,10,Alu,GO:0051301,cell division,gained,,0.0481345455605732
families,20kb,10,Alu,GO:0060090,molecular adaptor activity,gained,,0.0034005399494112
families,20kb,10,Alu,GO:0061157,mRNA destabilization,gained,,0.0012753263514955
families,20kb,10,Alu,GO:0061608,nuclear import signal receptor activity,gained,,0.0047792103532593
families,20kb,10,Alu,GO:0062072,histone H3K9me2/3 reader activity,gained,,0.0327162587439764
families,20kb,10,Alu,GO:0070062,extracellular exosome,gained,6.948481932044459e-05,0.0473859811798214
families,20kb,10,Alu,GO:0070182,DNA polymerase binding,gained,,0.0171902544316272
families,20kb,10,Alu,GO:0070585,protein localization to mitochondrion,lost,0.0257147015447393,
families,20kb,10,Alu,GO:0071009,U4atac/U6atac x U5 tri-snRNP complex,gained,,0.03411734932589
families,20kb,10,Alu,GO:0071016,U12-type precatalytic spliceosome,gained,,0.0006592842789529
families,20kb,10,Alu,GO:0071339,MLL1 complex,gained,,0.0166357252366363
families,20kb,10,Alu,GO:0090307,mitotic spindle assembly,gained,,0.0157104708144509
families,20kb,10,Alu,GO:0106333,subcortical maternal complex,gained,,0.0272299066609349
families,20kb,10,Alu,GO:0140288,GBAF complex,gained,,0.0275863141406031
families,20kb,10,Alu,GO:1901797,negative regulation of signal transduction by p53 class mediator,gained,,0.0008787154755234
families,20kb,10,Alu,GO:1902459,positive regulation of stem cell population maintenance,gained,,0.0090680320501346
families,20kb,10,Alu,GO:2000781,positive regulation of double-strand break repair,gained,,0.0090680320501346
families,20kb,10,CR1,GO:0001725,stress fiber,gained,,0.0060602149932881
families,20kb,10,CR1,GO:0003779,actin binding,gained,,4.121684883258164e-05
families,20kb,10,CR1,GO:0004888,transmembrane signaling receptor activity,gained,,0.0373012134965155
families,20kb,10,CR1,GO:0005515,protein binding,gained,0.0113123839874294,0.000150514805842
families,20kb,10,CR1,GO:0005523,tropomyosin binding,gained,,0.0328720825116451
families,20kb,10,CR1,GO:0005770,late endosome,gained,,0.0098205143570646
families,20kb,10,CR1,GO:0005884,actin filament,gained,,0.0060602149932881
families,20kb,10,CR1,GO:0006811,monoatomic ion transport,gained,,6.36222767941975e-05
families,20kb,10,CR1,GO:0007165,signal transduction,lost,5.379733966729977e-05,4.84623990133503e-17
families,20kb,10,CR1,GO:0007186,G protein-coupled receptor signaling pathway,lost,5.767804966638017e-19,1.9301569640494445e-45
families,20kb,10,CR1,GO:0009986,cell surface,gained,,0.0477446502207411
families,20kb,10,CR1,GO:0014069,postsynaptic density,gained,,0.0477446502207411
families,20kb,10,CR1,GO:0030036,actin cytoskeleton organization,gained,,0.027964152323429
families,20kb,10,CR1,GO:0030425,dendrite,gained,,0.0249305623048043
families,20kb,10,CR1,GO:0032332,positive regulation of chondrocyte differentiation,gained,,0.0477446502207411
families,20kb,10,CR1,GO:0035556,intracellular signal transduction,gained,,0.0018316877499538
families,20kb,10,CR1,GO:0042220,response to cocaine,lost,0.027181739090831,
families,20kb,10,CR1,GO:0043005,neuron projection,gained,,0.0107574222978543
families,20kb,10,CR1,GO:0043194,axon initial segment,gained,,0.0458979005500383
families,20kb,10,CR1,GO:0043235,receptor complex,gained,,0.0112388832303977
families,20kb,10,CR1,GO:0046777,protein autophosphorylation,gained,,0.0098205143570646
families,20kb,10,CR1,GO:0051015,actin filament binding,gained,,0.0112388832303977
families,20kb,10,CR1,GO:0098609,cell-cell adhesion,gained,,0.0304888984784232
families,20kb,10,CR1,GO:0098978,glutamatergic synapse,gained,,0.0004619731799597
families,20kb,10,Dong-R4,GO:0019896,axonal transport of mitochondrion,gained,,0.0013223573556446
families,20kb,10,ERV1,GO:0000786,nucleosome,gained,,0.0005549944430878
families,20kb,10,ERV1,GO:0000978,RNA polymerase II cis-regulatory region sequence-specific DNA binding,lost,0.0001165418541621,0.0021631784897807
families,20kb,10,ERV1,GO:0001228,"DNA-binding transcription activator activity, RNA polymerase II-specific",gained,0.0228578000376938,0.0105191924747715
families,20kb,10,ERV1,GO:0002227,innate immune response in mucosa,gained,,0.0004095334439111
families,20kb,10,ERV1,GO:0002376,immune system process,gained,,0.0325552772085905
families,20kb,10,ERV1,GO:0003677,DNA binding,lost,4.960480373644655e-05,3.170633487395411e-06
families,20kb,10,ERV1,GO:0003682,chromatin binding,gained,,0.0339370466616991
families,20kb,10,ERV1,GO:0004065,arylsulfatase activity,lost,0.0385720523171089,
families,20kb,10,ERV1,GO:0005201,extracellular matrix structural constituent,gained,,0.0173609814883662
families,20kb,10,ERV1,GO:0005975,carbohydrate metabolic process,gained,,0.0356723617273856
families,20kb,10,ERV1,GO:0006066,alcohol metabolic process,lost,0.0304079417730968,
families,20kb,10,ERV1,GO:0006357,regulation of transcription by RNA polymerase II,lost,0.0003291119046899,0.0275863141406031
families,20kb,10,ERV1,GO:0007155,cell adhesion,gained,,0.0131535378626634
families,20kb,10,ERV1,GO:0007399,nervous system development,gained,0.0081301684481034,0.0026481905701358
families,20kb,10,ERV1,GO:0019731,antibacterial humoral response,gained,,0.0131209229252828
families,20kb,10,ERV1,GO:0030154,cell differentiation,gained,0.0001622369987961,0.0044586989703764
families,20kb,10,ERV1,GO:0030182,neuron differentiation,gained,,0.0067023497170873
families,20kb,10,ERV1,GO:0030527,structural constituent of chromatin,gained,,3.693370731489872e-07
families,20kb,10,ERV1,GO:0031012,extracellular matrix,gained,0.0107203978469929,0.0100888899629351
families,20kb,10,ERV1,GO:0035455,response to interferon-alpha,gained,,0.0080790138242747
families,20kb,10,ERV1,GO:0043005,neuron projection,gained,,0.0107574222978543
families,20kb,10,ERV1,GO:0045071,negative regulation of viral genome replication,gained,,0.0336351729892799
families,20kb,10,ERV1,GO:0045087,innate immune response,gained,,0.0100888899629351
families,20kb,10,ERV1,GO:0045202,synapse,gained,0.0004860037413042,0.0034908778170549
families,20kb,10,ERV1,GO:0045211,postsynaptic membrane,gained,,0.0152106930606423
families,20kb,10,ERV1,GO:0045893,positive regulation of DNA-templated transcription,gained,,0.0222600876722549
families,20kb,10,ERV1,GO:0045944,positive regulation of transcription by RNA polymerase II,gained,5.13967378945746e-07,3.98316365964982e-07
families,20kb,10,ERV1,GO:0061629,RNA polymerase II-specific DNA-binding transcription factor binding,gained,,0.0053553477712745
families,20kb,10,ERV1,GO:0098978,glutamatergic synapse,gained,,0.0004619731799597
families,20kb,10,ERV1,GO:1990756,ubiquitin-like ligase-substrate adaptor activity,gained,,0.0044586989703764
families,20kb,10,ERV1,GO:1990837,sequence-specific double-stranded DNA binding,gained,0.042288474968093,0.0067023497170873
families,20kb,10,ERVK,GO:0005739,mitochondrion,gained,5.672173203210193e-07,1.9319999144692448e-15
families,20kb,10,ERVK,GO:0006805,xenobiotic metabolic process,gained,0.0080972885934577,0.0004619731799597
families,20kb,10,ERVK,GO:0008270,zinc ion binding,gained,1.0778361865447418e-13,0.0362475651117898
families,20kb,10,ERVK,GO:0030154,cell differentiation,gained,0.0001622369987961,0.0044586989703764
families,20kb,10,ERVK,GO:0045893,positive regulation of DNA-templated transcription,gained,,0.0222600876722549
families,20kb,10,ERVK,GO:0045944,positive regulation of transcription by RNA polymerase II,gained,5.13967378945746e-07,3.98316365964982e-07
families,20kb,10,ERVK,GO:0098978,glutamatergic synapse,gained,,0.0004619731799597
families,20kb,10,ERVL,GO:0000122,negative regulation of transcription by RNA polymerase II,gained,,0.0040675561889347
families,20kb,10,ERVL,GO:0001916,positive regulation of T cell mediated cytotoxicity,gained,,0.0019084544917059
families,20kb,10,ERVL,GO:0002250,adaptive immune response,gained,0.0228578000376938,0.0063340650387487
families,20kb,10,ERVL,GO:0002376,immune system process,gained,,0.0325552772085905
families,20kb,10,ERVL,GO:0002476,antigen processing and presentation of endogenous peptide antigen via MHC class Ib,gained,,5.017653862239331e-06
families,20kb,10,ERVL,GO:0002486,"antigen processing and presentation of endogenous peptide antigen via MHC class I via ER pathway, TAP-independent",gained,,5.017653862239331e-06
families,20kb,10,ERVL,GO:0003008,system process,gained,,0.0021900185507012
families,20kb,10,ERVL,GO:0003682,chromatin binding,gained,,0.0339370466616991
families,20kb,10,ERVL,GO:0003700,DNA-binding transcription factor activity,gained,0.0114494765083692,0.0095456241025388
families,20kb,10,ERVL,GO:0003723,RNA binding,gained,5.8406139984930144e-08,0.000265339965059
families,20kb,10,ERVL,GO:0004930,G protein-coupled receptor activity,gained,3.3911488188646097e-23,7.757070274053559e-56
families,20kb,10,ERVL,GO:0004984,olfactory receptor activity,gained,6.425755724753261e-41,5.577324078519791e-83
families,20kb,10,ERVL,GO:0007186,G protein-coupled receptor signaling pathway,gained,5.767804966638017e-19,1.9301569640494445e-45
families,20kb,10,ERVL,GO:0007608,sensory perception of smell,gained,4.4347374687503917e-38,5.537100808013846e-79
families,20kb,10,ERVL,GO:0009653,anatomical structure morphogenesis,gained,,0.0150440006112601
families,20kb,10,ERVL,GO:0042605,peptide antigen binding,gained,,0.0299408576139634
families,20kb,10,ERVL,GO:0042633,hair cycle,lost,0.005247449003698,
families,20kb,10,ERVL,GO:0045893,positive regulation of DNA-templated transcription,gained,,0.0222600876722549
families,20kb,10,ERVL,GO:0050909,sensory perception of taste,gained,,0.0007189384130445
families,20kb,10,ERVL,GO:0050911,detection of chemical stimulus involved in sensory perception of smell,gained,6.425755724753261e-41,8.648326642711582e-83
families,20kb,10,ERVL,GO:0071396,cellular response to lipid,gained,,0.0037061950156711
families,20kb,10,ERVL-MaLR,GO:0000978,RNA polymerase II cis-regulatory region sequence-specific DNA binding,gained,0.0001165418541621,0.0021631784897807
families,20kb,10,ERVL-MaLR,GO:0000981,"DNA-binding transcription factor activity, RNA polymerase II-specific",gained,4.1189311600419513e-07,0.0172895829748683
families,20kb,10,ERVL-MaLR,GO:0003677,DNA binding,gained,4.960480373644655e-05,3.170633487395411e-06
families,20kb,10,ERVL-MaLR,GO:0003682,chromatin binding,gained,,0.0339370466616991
families,20kb,10,ERVL-MaLR,GO:0003700,DNA-binding transcription factor activity,gained,0.0114494765083692,0.0095456241025388
families,20kb,10,ERVL-MaLR,GO:0005730,nucleolus,gained,,6.654326296281441e-07
families,20kb,10,ERVL-MaLR,GO:0005886,plasma membrane,lost,9.239667458169687e-10,0.0438276388238519
families,20kb,10,ERVL-MaLR,GO:0006355,regulation of DNA-templated transcription,gained,6.260969578476079e-11,5.103946697105176e-05
families,20kb,10,ERVL-MaLR,GO:0006357,regulation of transcription by RNA polymerase II,gained,0.0003291119046899,0.0275863141406031
families,20kb,10,ERVL-MaLR,GO:0007608,sensory perception of smell,gained,4.4347374687503917e-38,5.537100808013846e-79
families,20kb,10,ERVL-MaLR,GO:0008284,positive regulation of cell population proliferation,lost,0.0347980571333507,
families,20kb,10,ERVL-MaLR,GO:0010468,regulation of gene expression,gained,,0.0059506029562789
families,20kb,10,ERVL-MaLR,GO:0030154,cell differentiation,lost,0.0001622369987961,0.0044586989703764
families,20kb,10,ERVL-MaLR,GO:0045893,positive regulation of DNA-templated transcription,gained,,0.0222600876722549
families,20kb,10,ERVL-MaLR,GO:0045944,positive regulation of transcription by RNA polymerase II,gained,5.13967378945746e-07,3.98316365964982e-07
families,20kb,10,ERVL-MaLR,GO:0046872,metal ion binding,gained,9.157996868139084e-07,0.0024691823535566
families,20kb,10,ERVL-MaLR,GO:0070062,extracellular exosome,lost,6.948481932044459e-05,0.0473859811798214
families,20kb,10,ERVL-MaLR,GO:1990837,sequence-specific double-stranded DNA binding,gained,0.042288474968093,0.0067023497170873
families,20kb,10,Gypsy,GO:0000785,chromatin,gained,8.839572980789548e-07,6.698901526299741e-08
families,20kb,10,Gypsy,GO:0000976,transcription cis-regulatory region binding,gained,,0.0178908741159858
families,20kb,10,Gypsy,GO:0000978,RNA polymerase II cis-regulatory region sequence-specific DNA binding,gained,0.0001165418541621,0.0021631784897807
families,20kb,10,Gypsy,GO:0003677,DNA binding,gained,4.960480373644655e-05,3.170633487395411e-06
families,20kb,10,Gypsy,GO:0003723,RNA binding,gained,5.8406139984930144e-08,0.000265339965059
families,20kb,10,Gypsy,GO:0006355,regulation of DNA-templated transcription,gained,6.260969578476079e-11,5.103946697105176e-05
families,20kb,10,Gypsy,GO:0006954,inflammatory response,gained,,0.0028275584338425
families,20kb,10,Gypsy,GO:0008494,translation activator activity,lost,0.0376787664630407,
families,20kb,10,Gypsy,GO:1990837,sequence-specific double-stranded DNA binding,gained,0.042288474968093,0.0067023497170873
families,20kb,10,L1,GO:0000978,RNA polymerase II cis-regulatory region sequence-specific DNA binding,gained,0.0001165418541621,0.0021631784897807
families,20kb,10,L1,GO:0001227,"DNA-binding transcription repressor activity, RNA polymerase II-specific",gained,,0.016539437251462
families,20kb,10,L1,GO:0001580,detection of chemical stimulus involved in sensory perception of bitter taste,gained,0.0314645653727518,0.0033479025213178
families,20kb,10,L1,GO:0002250,adaptive immune response,lost,0.0228578000376938,0.0063340650387487
families,20kb,10,L1,GO:0003723,RNA binding,gained,5.8406139984930144e-08,0.000265339965059
families,20kb,10,L1,GO:0005509,calcium ion binding,lost,0.0330885070233894,0.0181140609622738
families,20kb,10,L1,GO:0005654,nucleoplasm,gained,0.0008715998805948,0.001488739626238
families,20kb,10,L1,GO:0005886,plasma membrane,gained,9.239667458169687e-10,0.0438276388238519
families,20kb,10,L1,GO:0006952,defense response,gained,,0.0266361258300871
families,20kb,10,L1,GO:0007399,nervous system development,lost,0.0081301684481034,0.0026481905701358
families,20kb,10,L1,GO:0008285,negative regulation of cell population proliferation,gained,,0.0473859811798214
families,20kb,10,L1,GO:0008527,taste receptor activity,gained,,0.0127833877394667
families,20kb,10,L1,GO:0016477,cell migration,lost,0.0114494765083692,
families,20kb,10,L1,GO:0033038,bitter taste receptor activity,gained,0.0232797692941588,1.0885324329521283e-06
families,20kb,10,L1,GO:0042742,defense response to bacterium,gained,,0.0080958627697316
families,20kb,10,L1,GO:0045095,keratin filament,gained,,0.0303192064565508
families,20kb,10,L1,GO:0050909,sensory perception of taste,gained,,0.0007189384130445
families,20kb,10,L1,GO:0060255,regulation of macromolecule metabolic process,gained,,0.0105191924747715
families,20kb,10,L1,GO:0070062,extracellular exosome,gained,6.948481932044459e-05,0.0473859811798214
families,20kb,10,L2,GO:0004984,olfactory receptor activity,gained,6.425755724753261e-41,5.577324078519791e-83
families,20kb,10,L2,GO:0005886,plasma membrane,gained,9.239667458169687e-10,0.0438276388238519
families,20kb,10,L2,GO:0006811,monoatomic ion transport,gained,,6.36222767941975e-05
families,20kb,10,L2,GO:0016020,membrane,gained,1.5730792876273606e-06,0.0040625796557768
families,20kb,10,L2,GO:0043005,neuron projection,gained,,0.0107574222978543
families,20kb,10,L2,GO:0045202,synapse,gained,0.0004860037413042,0.0034908778170549
families,20kb,10,L2,GO:0050911,detection of chemical stimulus involved in sensory perception of smell,gained,6.425755724753261e-41,8.648326642711582e-83
families,20kb,10,MIR,GO:0001786,phosphatidylserine binding,gained,,0.0299710289173913
families,20kb,10,MIR,GO:0003700,DNA-binding transcription factor activity,gained,0.0114494765083692,0.0095456241025388
families,20kb,10,MIR,GO:0003810,protein-glutamine gamma-glutamyltransferase activity,gained,,0.0234743988774501
families,20kb,10,MIR,GO:0004668,protein-arginine deiminase activity,lost,0.0279412123478901,
families,20kb,10,MIR,GO:0004683,calcium/calmodulin-dependent protein kinase activity,gained,,0.0479111730872401
families,20kb,10,MIR,GO:0004984,olfactory receptor activity,gained,6.425755724753261e-41,5.577324078519791e-83
families,20kb,10,MIR,GO:0005085,guanyl-nucleotide exchange factor activity,gained,,0.0086867794540956
families,20kb,10,MIR,GO:0005267,potassium channel activity,gained,,0.0007946157617994
families,20kb,10,MIR,GO:0005509,calcium ion binding,gained,0.0330885070233894,0.0181140609622738
families,20kb,10,MIR,GO:0005516,calmodulin binding,gained,,0.000533958240883
families,20kb,10,MIR,GO:0005546,"phosphatidylinositol-4,5-bisphosphate binding",gained,,0.000612505152774
families,20kb,10,MIR,GO:0005829,cytosol,lost,0.0056447500549249,0.0029181481421146
families,20kb,10,MIR,GO:0006811,monoatomic ion transport,gained,,6.36222767941975e-05
families,20kb,10,MIR,GO:0006836,neurotransmitter transport,gained,,0.0039728539189206
families,20kb,10,MIR,GO:0007268,chemical synaptic transmission,gained,,0.0086867794540956
families,20kb,10,MIR,GO:0007605,sensory perception of sound,lost,0.0413078660515016,
families,20kb,10,MIR,GO:0007608,sensory perception of smell,gained,4.4347374687503917e-38,5.537100808013846e-79
families,20kb,10,MIR,GO:0010273,detoxification of copper ion,gained,,0.0007946157617994
families,20kb,10,MIR,GO:0015459,potassium channel regulator activity,gained,,0.0455219368860053
families,20kb,10,MIR,GO:0015629,actin cytoskeleton,gained,,0.0318099192291397
families,20kb,10,MIR,GO:0016020,membrane,gained,1.5730792876273606e-06,0.0040625796557768
families,20kb,10,MIR,GO:0016323,basolateral plasma membrane,lost,0.0107203978469929,
families,20kb,10,MIR,GO:0017158,regulation of calcium ion-dependent exocytosis,gained,,0.0152303929869386
families,20kb,10,MIR,GO:0030154,cell differentiation,gained,0.0001622369987961,0.0044586989703764
families,20kb,10,MIR,GO:0030280,structural constituent of skin epidermis,gained,,0.0103824867766888
families,20kb,10,MIR,GO:0031434,mitogen-activated protein kinase kinase binding,gained,,0.0050373604782535
families,20kb,10,MIR,GO:0031932,TORC2 complex,gained,,0.0234743988774501
families,20kb,10,MIR,GO:0032279,asymmetric synapse,gained,,0.0050373604782535
families,20kb,10,MIR,GO:0032587,ruffle membrane,gained,,0.0247743512815994
families,20kb,10,MIR,GO:0032809,neuronal cell body membrane,gained,,0.0167363415341815
families,20kb,10,MIR,GO:0034220,monoatomic ion transmembrane transport,gained,,0.0081703025967938
families,20kb,10,MIR,GO:0034702,monoatomic ion channel complex,gained,,0.0002301585171476
families,20kb,10,MIR,GO:0035556,intracellular signal transduction,gained,,0.0018316877499538
families,20kb,10,MIR,GO:0035725,sodium ion transmembrane transport,gained,,0.0167363415341815
families,20kb,10,MIR,GO:0042734,presynaptic membrane,gained,,0.0050680679783872
families,20kb,10,MIR,GO:0042802,identical protein binding,gained,,0.0076933633481477
families,20kb,10,MIR,GO:0043410,positive regulation of MAPK cascade,gained,,0.0039728539189206
families,20kb,10,MIR,GO:0045211,postsynaptic membrane,gained,,0.0152106930606423
families,20kb,10,MIR,GO:0045926,negative regulation of growth,gained,,0.002594570711957
families,20kb,10,MIR,GO:0050729,positive regulation of inflammatory response,lost,0.0070524551789961,
families,20kb,10,MIR,GO:0050804,modulation of chemical synaptic transmission,gained,,0.0481345455605732
families,20kb,10,MIR,GO:0050911,detection of chemical stimulus involved in sensory perception of smell,gained,6.425755724753261e-41,8.648326642711582e-83
families,20kb,10,MIR,GO:0051301,cell division,gained,,0.0481345455605732
families,20kb,10,MIR,GO:0055085,transmembrane transport,lost,0.0328918965377333,
families,20kb,10,MIR,GO:0071276,cellular response to cadmium ion,gained,,0.0007099179110959
families,20kb,10,MIR,GO:0071280,cellular response to copper ion,gained,,0.0167363415341815
families,20kb,10,MIR,GO:0098839,postsynaptic density membrane,gained,,0.000533958240883
families,20kb,10,MIR,GO:0098978,glutamatergic synapse,gained,,0.0004619731799597
families,20kb,10,Penelope,GO:0006450,regulation of translational fidelity,gained,,0.0487404662308527
families,20kb,10,RTE-BovB,GO:0004984,olfactory receptor activity,gained,6.425755724753261e-41,5.577324078519791e-83
families,20kb,10,RTE-BovB,GO:0007608,sensory perception of smell,gained,4.4347374687503917e-38,5.537100808013846e-79
families,20kb,10,RTE-BovB,GO:0050911,detection of chemical stimulus involved in sensory perception of smell,gained,6.425755724753261e-41,8.648326642711582e-83
families,20kb,10,SVA,GO:0003676,nucleic acid binding,gained,,0.0328881099429344
families,20kb,10,SVA,GO:0003723,RNA binding,gained,5.8406139984930144e-08,0.000265339965059
families,20kb,10,SVA,GO:0005654,nucleoplasm,gained,0.0008715998805948,0.001488739626238
families,20kb,10,SVA,GO:0006369,termination of RNA polymerase II transcription,lost,0.0202647454872782,
families,20kb,10,SVA,GO:0006397,mRNA processing,lost,0.0202647454872782,1.4788813181327881e-08
families,20kb,10,SVA,GO:0008270,zinc ion binding,gained,1.0778361865447418e-13,0.0362475651117898
families,20kb,10,TcMar-Tc1,GO:0030154,cell differentiation,gained,0.0001622369987961,0.0044586989703764
families,20kb,10,TcMar-Tigger,GO:0051301,cell division,gained,,0.0481345455605732
families,20kb,10,hAT-Charlie,GO:0005515,protein binding,gained,0.0113123839874294,0.000150514805842
families,20kb,10,hAT-Charlie,GO:0005737,cytoplasm,gained,0.0138966354316271,0.0003790810411957
families,20kb,10,hAT-Charlie,GO:0005829,cytosol,gained,0.0056447500549249,0.0029181481421146
families,20kb,10,hAT-Charlie,GO:0007608,sensory perception of smell,gained,4.4347374687503917e-38,5.537100808013846e-79
families,20kb,10,hAT-Charlie,GO:0042612,MHC class I protein complex,lost,0.0254881874152267,
families,20kb,10,hAT-Charlie,GO:0050911,detection of chemical stimulus involved in sensory perception of smell,gained,6.425755724753261e-41,8.648326642711582e-83
families,20kb,10,hAT-Tip100,GO:0003677,DNA binding,gained,4.960480373644655e-05,3.170633487395411e-06
families,20kb,10,hAT-Tip100,GO:0003723,RNA binding,gained,5.8406139984930144e-08,0.000265339965059
families,20kb,10,hAT-Tip100,GO:0004869,cysteine-type endopeptidase inhibitor activity,lost,0.040144772098386,
families,20kb,10,hAT-Tip100,GO:0005576,extracellular region,gained,0.0032519267719382,0.0002140142099007
families,20kb,10,hAT-Tip100,GO:0005615,extracellular space,gained,0.0001803828168384,3.181639428834573e-05
families,20kb,10,hAT-Tip100,GO:0005634,nucleus,gained,0.0113123839874294,0.000150514805842
families,20kb,10,hAT-Tip100,GO:0005886,plasma membrane,gained,9.239667458169687e-10,0.0438276388238519
