test,null_mean_l1_divergence
T1_divergence_unmatched,209.941
T1_divergence_unmatched,171.889
T1_divergence_unmatched,202.903
T1_divergence_unmatched,193.2
T1_divergence_unmatched,194.486
T1_divergence_unmatched,219.833
T1_divergence_unmatched,213.782
T1_divergence_unmatched,176.243
T1_divergence_unmatched,210.098
T1_divergence_unmatched,196.295
T1_divergence_unmatched,169.917
T1_divergence_unmatched,190.354
T1_divergence_unmatched,186.5
T1_divergence_unmatched,200.432
T1_divergence_unmatched,225.143
T1_divergence_unmatched,193.4
T1_divergence_unmatched,184.645
T1_divergence_unmatched,146.5
T1_divergence_unmatched,197.308
T1_divergence_unmatched,200.419
T1_divergence_unmatched,217.022
T1_divergence_unmatched,245.935
T1_divergence_unmatched,207.0
T1_divergence_unmatched,200.32
T1_divergence_unmatched,169.781
T1_divergence_unmatched,211.411
T1_divergence_unmatched,191.479
T1_divergence_unmatched,203.316
T1_divergence_unmatched,200.324
T1_divergence_unmatched,187.645
T1_divergence_unmatched,206.48
T1_divergence_unmatched,197.927
T1_divergence_unmatched,229.576
T1_divergence_unmatched,193.14
T1_divergence_unmatched,166.304
T1_divergence_unmatched,195.5
T1_divergence_unmatched,189.442
T1_divergence_unmatched,197.987
T1_divergence_unmatched,219.116
T1_divergence_unmatched,201.792
T1_divergence_unmatched,174.646
T1_divergence_unmatched,213.667
T1_divergence_unmatched,170.529
T1_divergence_unmatched,205.255
T1_divergence_unmatched,221.686
T1_divergence_unmatched,203.156
T1_divergence_unmatched,192.5
T1_divergence_unmatched,158.549
T1_divergence_unmatched,181.688
T1_divergence_unmatched,192.78
T1_divergence_unmatched,170.914
T1_divergence_unmatched,191.767
T1_divergence_unmatched,173.914
T1_divergence_unmatched,191.795
T1_divergence_unmatched,189.119
T1_divergence_unmatched,179.434
T1_divergence_unmatched,171.22
T1_divergence_unmatched,156.34
T1_divergence_unmatched,147.567
T1_divergence_unmatched,170.085
T1_divergence_unmatched,218.162
T1_divergence_unmatched,206.5
T1_divergence_unmatched,187.736
T1_divergence_unmatched,195.554
T1_divergence_unmatched,175.516
T1_divergence_unmatched,197.635
T1_divergence_unmatched,188.936
T1_divergence_unmatched,231.6
T1_divergence_unmatched,197.907
T1_divergence_unmatched,203.283
T1_divergence_unmatched,206.065
T1_divergence_unmatched,193.292
T1_divergence_unmatched,225.04
T1_divergence_unmatched,174.5
T1_divergence_unmatched,194.558
T1_divergence_unmatched,178.698
T1_divergence_unmatched,196.75
T1_divergence_unmatched,167.059
T1_divergence_unmatched,199.76
T1_divergence_unmatched,170.195
T1_divergence_unmatched,180.571
T1_divergence_unmatched,194.4
T1_divergence_unmatched,213.952
T1_divergence_unmatched,192.073
T1_divergence_unmatched,188.846
T1_divergence_unmatched,198.667
T1_divergence_unmatched,179.704
T1_divergence_unmatched,183.529
T1_divergence_unmatched,155.722
T1_divergence_unmatched,213.568
T1_divergence_unmatched,174.273
T1_divergence_unmatched,181.023
T1_divergence_unmatched,204.714
T1_divergence_unmatched,199.375
T1_divergence_unmatched,174.925
T1_divergence_unmatched,228.474
T1_divergence_unmatched,195.128
T1_divergence_unmatched,209.192
T1_divergence_unmatched,177.209
T1_divergence_unmatched,188.644
T1_divergence_unmatched,196.763
T1_divergence_unmatched,183.467
T1_divergence_unmatched,168.269
T1_divergence_unmatched,198.037
T1_divergence_unmatched,181.257
T1_divergence_unmatched,192.488
T1_divergence_unmatched,201.744
T1_divergence_unmatched,176.211
T1_divergence_unmatched,200.222
T1_divergence_unmatched,191.741
T1_divergence_unmatched,221.758
T1_divergence_unmatched,211.512
T1_divergence_unmatched,203.364
T1_divergence_unmatched,177.885
T1_divergence_unmatched,198.9
T1_divergence_unmatched,204.8
T1_divergence_unmatched,191.769
T1_divergence_unmatched,192.305
T1_divergence_unmatched,204.296
T1_divergence_unmatched,149.774
T1_divergence_unmatched,185.846
T1_divergence_unmatched,185.853
T1_divergence_unmatched,153.854
T1_divergence_unmatched,186.186
T1_divergence_unmatched,185.974
T1_divergence_unmatched,198.292
T1_divergence_unmatched,213.256
T1_divergence_unmatched,193.636
T1_divergence_unmatched,178.0
T1_divergence_unmatched,224.69
T1_divergence_unmatched,176.769
T1_divergence_unmatched,206.2
T1_divergence_unmatched,178.029
T1_divergence_unmatched,162.022
T1_divergence_unmatched,199.741
T1_divergence_unmatched,202.0
T1_divergence_unmatched,234.667
T1_divergence_unmatched,218.231
T1_divergence_unmatched,175.36
T1_divergence_unmatched,176.458
T1_divergence_unmatched,191.462
T1_divergence_unmatched,196.463
T1_divergence_unmatched,56.0
T1_divergence_unmatched,179.074
T1_divergence_unmatched,159.839
T1_divergence_unmatched,176.062
T1_divergence_unmatched,195.07
T1_divergence_unmatched,207.629
T1_divergence_unmatched,163.452
T1_divergence_unmatched,206.29
T1_divergence_unmatched,150.26
T1_divergence_unmatched,213.203
T1_divergence_unmatched,176.784
T1_divergence_unmatched,197.295
T1_divergence_unmatched,175.28
T1_divergence_unmatched,213.481
T1_divergence_unmatched,173.714
T1_divergence_unmatched,182.633
T1_divergence_unmatched,168.387
T1_divergence_unmatched,180.516
T1_divergence_unmatched,197.465
T1_divergence_unmatched,199.541
T1_divergence_unmatched,204.571
T1_divergence_unmatched,174.469
T1_divergence_unmatched,187.029
T1_divergence_unmatched,163.459
T1_divergence_unmatched,185.119
T1_divergence_unmatched,203.294
T1_divergence_unmatched,220.273
T1_divergence_unmatched,180.679
T1_divergence_unmatched,118.056
T1_divergence_unmatched,205.19
T1_divergence_unmatched,214.481
T1_divergence_unmatched,187.836
T1_divergence_unmatched,191.828
T1_divergence_unmatched,174.714
T1_divergence_unmatched,170.014
T1_divergence_unmatched,200.016
T1_divergence_unmatched,197.707
T1_divergence_unmatched,211.844
T1_divergence_unmatched,206.08
T1_divergence_unmatched,190.136
T1_divergence_unmatched,190.875
T1_divergence_unmatched,192.945
T1_divergence_unmatched,185.926
T1_divergence_unmatched,162.912
T1_divergence_unmatched,203.273
T1_divergence_unmatched,214.6
T1_divergence_unmatched,226.595
T1_divergence_unmatched,173.32
T1_divergence_unmatched,193.333
T1_divergence_unmatched,195.927
T1_divergence_unmatched,177.472
T1_divergence_unmatched,202.333
T1_divergence_unmatched,212.065
T1_divergence_unmatched,185.318
T1_divergence_unmatched,220.082
T1_divergence_unmatched,224.264
T1_divergence_unmatched,199.107
T1_divergence_unmatched,187.64
T1_divergence_unmatched,174.745
T1_divergence_unmatched,175.28
T1_divergence_unmatched,209.059
T1_divergence_unmatched,155.2
T1_divergence_unmatched,183.634
T1_divergence_unmatched,154.806
T1_divergence_unmatched,146.556
T1_divergence_unmatched,216.444
T1_divergence_unmatched,153.911
T1_divergence_unmatched,187.0
T1_divergence_unmatched,292.333
T1_divergence_unmatched,185.026
T1_divergence_unmatched,192.836
T1_divergence_unmatched,189.08
T1_divergence_unmatched,211.632
T1_divergence_unmatched,200.875
T1_divergence_unmatched,148.0
T1_divergence_unmatched,248.6
T1_divergence_unmatched,162.629
T1_divergence_unmatched,183.905
T1_divergence_unmatched,209.343
T1_divergence_unmatched,200.983
T1_divergence_unmatched,172.14
T1_divergence_unmatched,14.0
T1_divergence_unmatched,195.972
T1_divergence_unmatched,210.211
T1_divergence_unmatched,200.6
T1_divergence_unmatched,159.677
T1_divergence_unmatched,143.778
T1_divergence_unmatched,175.6
T1_divergence_unmatched,162.522
T1_divergence_unmatched,178.156
T1_divergence_unmatched,183.0
T1_divergence_unmatched,191.429
T1_divergence_unmatched,178.435
T1_divergence_unmatched,176.429
T1_divergence_unmatched,196.915
T1_divergence_unmatched,162.882
T1_divergence_unmatched,195.956
T1_divergence_unmatched,195.059
T1_divergence_unmatched,176.767
T1_divergence_unmatched,169.946
T1_divergence_unmatched,193.058
T1_divergence_unmatched,194.923
T1_divergence_unmatched,176.879
T1_divergence_unmatched,218.441
T1_divergence_unmatched,243.737
T1_divergence_unmatched,200.873
T1_divergence_unmatched,179.951
T1_divergence_unmatched,208.583
T1_divergence_unmatched,194.593
T1_divergence_unmatched,169.061
T1_divergence_unmatched,196.143
T1_divergence_unmatched,183.903
T1_divergence_unmatched,167.447
T1_divergence_unmatched,187.372
T1_divergence_unmatched,203.962
T1_divergence_unmatched,154.73
T1_divergence_unmatched,140.184
T1_divergence_unmatched,204.196
T1_divergence_unmatched,198.617
T1_divergence_unmatched,198.183
T1_divergence_unmatched,210.758
T1_divergence_unmatched,177.8
T1_divergence_unmatched,216.667
T1_divergence_unmatched,187.365
T1_divergence_unmatched,203.062
T1_divergence_unmatched,182.278
T1_divergence_unmatched,206.667
T1_divergence_unmatched,174.25
T1_divergence_unmatched,172.333
T1_divergence_unmatched,207.558
T1_divergence_unmatched,207.24
T1_divergence_unmatched,211.509
T1_divergence_unmatched,184.1
T1_divergence_unmatched,203.292
T1_divergence_unmatched,199.312
T1_divergence_unmatched,187.138
T1_divergence_unmatched,217.458
T1_divergence_unmatched,171.312
T1_divergence_unmatched,208.022
T1_divergence_unmatched,180.327
T1_divergence_unmatched,231.647
T1_divergence_unmatched,212.68
T1_divergence_unmatched,169.227
T1_divergence_unmatched,193.523
T1_divergence_unmatched,212.308
T1_divergence_unmatched,214.037
T1_divergence_unmatched,180.472
T1_divergence_unmatched,194.463
T1_divergence_unmatched,203.69
T1_divergence_unmatched,202.7
T1_divergence_unmatched,182.0
T1_divergence_unmatched,207.738
T1_divergence_unmatched,177.946
T1_divergence_unmatched,190.104
T1_divergence_unmatched,236.762
T1_divergence_unmatched,193.125
T1_divergence_unmatched,187.349
T1_divergence_unmatched,211.894
T1_divergence_unmatched,187.485
T1_divergence_unmatched,151.15
T1_divergence_unmatched,183.448
T1_divergence_unmatched,198.381
T1_divergence_unmatched,177.667
T1_divergence_unmatched,185.18
T1_divergence_unmatched,195.167
T1_divergence_unmatched,203.176
T1_divergence_unmatched,183.932
T1_divergence_unmatched,197.7
T1_divergence_unmatched,188.923
T1_divergence_unmatched,175.977
T1_divergence_unmatched,188.758
T1_divergence_unmatched,218.98
T1_divergence_unmatched,178.656
T1_divergence_unmatched,162.204
T1_divergence_unmatched,228.474
T1_divergence_unmatched,187.067
T1_divergence_unmatched,159.325
T1_divergence_unmatched,202.717
T1_divergence_unmatched,175.034
T1_divergence_unmatched,193.244
T1_divergence_unmatched,197.714
T1_divergence_unmatched,143.278
T1_divergence_unmatched,221.143
T1_divergence_unmatched,204.842
T1_divergence_unmatched,172.726
T1_divergence_unmatched,195.24
T1_divergence_unmatched,187.64
T1_divergence_unmatched,201.491
T1_divergence_unmatched,196.896
T1_divergence_unmatched,178.545
T1_divergence_unmatched,223.107
T1_divergence_unmatched,204.094
T1_divergence_unmatched,204.741
T1_divergence_unmatched,182.5
T1_divergence_unmatched,12.0
T1_divergence_unmatched,173.264
T1_divergence_unmatched,181.967
T1_divergence_unmatched,173.681
T1_divergence_unmatched,198.059
T1_divergence_unmatched,204.97
T1_divergence_unmatched,192.946
T1_divergence_unmatched,200.227
T1_divergence_unmatched,147.176
T1_divergence_unmatched,209.612
T1_divergence_unmatched,196.028
T1_divergence_unmatched,195.653
T1_divergence_unmatched,176.98
T1_divergence_unmatched,195.044
T1_divergence_unmatched,170.261
T1_divergence_unmatched,227.513
T1_divergence_unmatched,170.518
T1_divergence_unmatched,187.519
T1_divergence_unmatched,164.435
T1_divergence_unmatched,192.226
T1_divergence_unmatched,149.556
T1_divergence_unmatched,182.364
T1_divergence_unmatched,202.259
T1_divergence_unmatched,199.174
T1_divergence_unmatched,156.636
T1_divergence_unmatched,165.027
T1_divergence_unmatched,181.163
T1_divergence_unmatched,191.086
T1_divergence_unmatched,207.933
T1_divergence_unmatched,179.735
T1_divergence_unmatched,137.978
T1_divergence_unmatched,175.631
T1_divergence_unmatched,191.865
T1_divergence_unmatched,206.641
T1_divergence_unmatched,197.737
T1_divergence_unmatched,188.762
T1_divergence_unmatched,197.558
T1_divergence_unmatched,180.535
T1_divergence_unmatched,176.558
T1_divergence_unmatched,200.038
T1_divergence_unmatched,188.059
T1_divergence_unmatched,180.719
T1_divergence_unmatched,187.143
T1_divergence_unmatched,184.71
T1_divergence_unmatched,201.143
T1_divergence_unmatched,227.457
T1_divergence_unmatched,176.875
T1_divergence_unmatched,176.333
T1_divergence_unmatched,231.294
T1_divergence_unmatched,197.294
T1_divergence_unmatched,121.5
T1_divergence_unmatched,156.407
T1_divergence_unmatched,199.714
T1_divergence_unmatched,140.588
T1_divergence_unmatched,186.692
T1_divergence_unmatched,185.788
T1_divergence_unmatched,219.054
T1_divergence_unmatched,192.268
T1_divergence_unmatched,188.261
T1_divergence_unmatched,192.442
T1_divergence_unmatched,173.923
T1_divergence_unmatched,235.27
T1_divergence_unmatched,180.768
T1_divergence_unmatched,170.143
T1_divergence_unmatched,173.571
T1_divergence_unmatched,202.118
T1_divergence_unmatched,161.424
T1_divergence_unmatched,183.268
T1_divergence_unmatched,187.509
T1_divergence_unmatched,204.742
T1_divergence_unmatched,196.719
T1_divergence_unmatched,166.138
T1_divergence_unmatched,197.0
T1_divergence_unmatched,196.316
T1_divergence_unmatched,183.167
T1_divergence_unmatched,176.282
T1_divergence_unmatched,162.433
T1_divergence_unmatched,201.286
T1_divergence_unmatched,196.912
T1_divergence_unmatched,206.25
T1_divergence_unmatched,213.786
T1_divergence_unmatched,206.639
T1_divergence_unmatched,203.163
T1_divergence_unmatched,140.762
T1_divergence_unmatched,178.04
T1_divergence_unmatched,187.236
T1_divergence_unmatched,190.912
T1_divergence_unmatched,222.48
T1_divergence_unmatched,190.5
T1_divergence_unmatched,240.474
T1_divergence_unmatched,197.208
T1_divergence_unmatched,186.42
T1_divergence_unmatched,172.188
T1_divergence_unmatched,192.673
T1_divergence_unmatched,197.083
T1_divergence_unmatched,198.353
T1_divergence_unmatched,204.343
T1_divergence_unmatched,180.176
T1_divergence_unmatched,186.308
T1_divergence_unmatched,169.355
T1_divergence_unmatched,179.115
T1_divergence_unmatched,187.395
T1_divergence_unmatched,201.567
T1_divergence_unmatched,172.655
T1_divergence_unmatched,200.518
T1_divergence_unmatched,209.0
T1_divergence_unmatched,155.297
T1_divergence_unmatched,193.118
T1_divergence_unmatched,192.104
T1_divergence_unmatched,184.81
T1_divergence_unmatched,187.0
T1_divergence_unmatched,186.647
T1_divergence_unmatched,178.545
T1_divergence_unmatched,164.113
T1_divergence_unmatched,169.244
T1_divergence_unmatched,161.556
T1_divergence_unmatched,217.191
T1_divergence_unmatched,215.441
T1_divergence_unmatched,198.0
T1_divergence_unmatched,162.244
T1_divergence_unmatched,190.093
T1_divergence_unmatched,226.32
T1_divergence_unmatched,213.756
T1_divergence_unmatched,198.065
T1_divergence_unmatched,193.592
T1_divergence_unmatched,166.54
T1_divergence_unmatched,208.61
T1_divergence_unmatched,186.61
T1_divergence_unmatched,205.462
T1_divergence_unmatched,188.556
T1_divergence_unmatched,189.88
T1_divergence_unmatched,210.133
T1_divergence_unmatched,217.629
T1_divergence_unmatched,176.109
T1_divergence_unmatched,199.167
T1_divergence_unmatched,189.357
T1_divergence_unmatched,175.8
T1_divergence_unmatched,179.951
T1_divergence_unmatched,186.486
T1_divergence_unmatched,187.237
T1_divergence_unmatched,187.0
T1_divergence_unmatched,185.4
T1_divergence_unmatched,228.393
T1_divergence_unmatched,202.906
T1_divergence_unmatched,208.348
T1_divergence_unmatched,157.386
T1_divergence_unmatched,206.923
T1_divergence_unmatched,179.89
T1_divergence_unmatched,172.755
T1_divergence_unmatched,188.258
T1_divergence_unmatched,248.556
T1_divergence_unmatched,168.6
T1_divergence_unmatched,166.509
T1_divergence_unmatched,205.767
T1_divergence_unmatched,178.241
T1_divergence_unmatched,204.149
T1_divergence_unmatched,212.273
T1_divergence_unmatched,206.889
T1_divergence_unmatched,192.41
T1_divergence_unmatched,179.173
T1_divergence_unmatched,165.146
T1_divergence_unmatched,184.6
T1_divergence_unmatched,171.917
T1_divergence_unmatched,180.714
T1_divergence_unmatched,215.375
T1_divergence_unmatched,197.118
T1_divergence_unmatched,196.541
T1_divergence_unmatched,12.0
T1_divergence_unmatched,220.243
T1_divergence_unmatched,181.708
T1_divergence_unmatched,200.196
T1_divergence_unmatched,204.517
T1_divergence_unmatched,178.111
T1_divergence_unmatched,177.714
T1_divergence_unmatched,214.902
T1_divergence_unmatched,187.909
T1_divergence_unmatched,219.408
T1_divergence_unmatched,198.533
T1_divergence_unmatched,190.833
T1_divergence_unmatched,160.735
T1_divergence_unmatched,186.935
T1_divergence_unmatched,194.4
T1_divergence_unmatched,135.237
T1_divergence_unmatched,220.935
T1_divergence_unmatched,199.781
T1_divergence_unmatched,211.727
T1_divergence_unmatched,197.5
T1_divergence_unmatched,182.293
T1_divergence_unmatched,202.462
T1_divergence_unmatched,200.75
T1_divergence_unmatched,179.167
T1_divergence_unmatched,143.383
T1_divergence_unmatched,203.837
T1_divergence_unmatched,180.871
T1_divergence_unmatched,217.538
T1_divergence_unmatched,20.0
T1_divergence_unmatched,188.952
T1_divergence_unmatched,182.706
T1_divergence_unmatched,172.889
T1_divergence_unmatched,215.703
T1_divergence_unmatched,187.051
T1_divergence_unmatched,163.96
T1_divergence_unmatched,163.571
T1_divergence_unmatched,202.435
T1_divergence_unmatched,177.81
T1_divergence_unmatched,213.562
T1_divergence_unmatched,214.757
T1_divergence_unmatched,291.0
T1_divergence_unmatched,181.912
T1_divergence_unmatched,187.0
T1_divergence_unmatched,218.045
T1_divergence_unmatched,173.524
T1_divergence_unmatched,197.444
T1_divergence_unmatched,213.893
T1_divergence_unmatched,194.34
T1_divergence_unmatched,186.175
T1_divergence_unmatched,209.568
T1_divergence_unmatched,197.528
T1_divergence_unmatched,163.644
T1_divergence_unmatched,51.0
T1_divergence_unmatched,175.132
T1_divergence_unmatched,192.333
T1_divergence_unmatched,183.867
T1_divergence_unmatched,208.123
T1_divergence_unmatched,174.605
T1_divergence_unmatched,243.364
T1_divergence_unmatched,170.65
T1_divergence_unmatched,193.864
T1_divergence_unmatched,200.392
T1_divergence_unmatched,192.433
T1_divergence_unmatched,192.241
T1_divergence_unmatched,179.483
T1_divergence_unmatched,190.786
T1_divergence_unmatched,199.217
T1_divergence_unmatched,187.057
T1_divergence_unmatched,168.5
T1_divergence_unmatched,182.714
T1_divergence_unmatched,150.935
T1_divergence_unmatched,192.568
T1_divergence_unmatched,207.217
T1_divergence_unmatched,186.576
T1_divergence_unmatched,188.574
T1_divergence_unmatched,203.533
T1_divergence_unmatched,212.587
T1_divergence_unmatched,223.92
T1_divergence_unmatched,164.515
T1_divergence_unmatched,208.639
T1_divergence_unmatched,189.375
T1_divergence_unmatched,197.021
T1_divergence_unmatched,182.472
T1_divergence_unmatched,198.683
T1_divergence_unmatched,199.295
T1_divergence_unmatched,174.023
T1_divergence_unmatched,180.077
T1_divergence_unmatched,232.108
T1_divergence_unmatched,178.914
T1_divergence_unmatched,217.645
T1_divergence_unmatched,247.412
T1_divergence_unmatched,195.892
T1_divergence_unmatched,215.222
T1_divergence_unmatched,193.087
T1_divergence_unmatched,215.514
T1_divergence_unmatched,214.049
T1_divergence_unmatched,179.021
T1_divergence_unmatched,193.84
T1_divergence_unmatched,182.738
T1_divergence_unmatched,189.5
T1_divergence_unmatched,142.128
T1_divergence_unmatched,184.5
T1_divergence_unmatched,191.688
T1_divergence_unmatched,187.915
T1_divergence_unmatched,203.314
T1_divergence_unmatched,183.702
T1_divergence_unmatched,165.304
T1_divergence_unmatched,221.889
T1_divergence_unmatched,225.263
T1_divergence_unmatched,205.224
T1_divergence_unmatched,163.135
T1_divergence_unmatched,219.346
T1_divergence_unmatched,186.978
T1_divergence_unmatched,156.857
T1_divergence_unmatched,192.676
T1_divergence_unmatched,198.225
T1_divergence_unmatched,179.775
T1_divergence_unmatched,205.444
T1_divergence_unmatched,223.34
T1_divergence_unmatched,177.35
T1_divergence_unmatched,164.6
T1_divergence_unmatched,215.96
T1_divergence_unmatched,210.05
T1_divergence_unmatched,190.432
T1_divergence_unmatched,178.914
T1_divergence_unmatched,173.583
T1_divergence_unmatched,225.056
T1_divergence_unmatched,25.5
T1_divergence_unmatched,201.771
T1_divergence_unmatched,166.397
T1_divergence_unmatched,191.189
T1_divergence_unmatched,201.231
T1_divergence_unmatched,167.565
T1_divergence_unmatched,167.069
T1_divergence_unmatched,165.69
T1_divergence_unmatched,211.421
T1_divergence_unmatched,195.455
T1_divergence_unmatched,203.069
T1_divergence_unmatched,174.379
T1_divergence_unmatched,232.913
T1_divergence_unmatched,165.294
T1_divergence_unmatched,199.25
T1_divergence_unmatched,171.312
T1_divergence_unmatched,185.419
T1_divergence_unmatched,212.067
T1_divergence_unmatched,181.07
T1_divergence_unmatched,162.375
T1_divergence_unmatched,204.526
T1_divergence_unmatched,200.459
T1_divergence_unmatched,188.381
T1_divergence_unmatched,183.683
T1_divergence_unmatched,209.615
T1_divergence_unmatched,179.568
T1_divergence_unmatched,164.61
T1_divergence_unmatched,215.72
T1_divergence_unmatched,187.933
T1_divergence_unmatched,193.738
T1_divergence_unmatched,186.946
T1_divergence_unmatched,188.62
T1_divergence_unmatched,175.673
T1_divergence_unmatched,211.435
T1_divergence_unmatched,150.136
T1_divergence_unmatched,200.121
T1_divergence_unmatched,164.797
T1_divergence_unmatched,199.323
T1_divergence_unmatched,164.556
T1_divergence_unmatched,186.889
T1_divergence_unmatched,191.76
T1_divergence_unmatched,177.529
T1_divergence_unmatched,149.87
T1_divergence_unmatched,205.857
T1_divergence_unmatched,210.233
T1_divergence_unmatched,168.389
T1_divergence_unmatched,186.625
T1_divergence_unmatched,30.0
T1_divergence_unmatched,182.119
T1_divergence_unmatched,186.057
T1_divergence_unmatched,174.949
T1_divergence_unmatched,198.058
T1_divergence_unmatched,185.1
T1_divergence_unmatched,170.581
T1_divergence_unmatched,212.286
T1_divergence_unmatched,169.625
T1_divergence_unmatched,222.097
T1_divergence_unmatched,180.242
T1_divergence_unmatched,174.189
T1_divergence_unmatched,189.683
T1_divergence_unmatched,209.333
T1_divergence_unmatched,180.93
T1_divergence_unmatched,191.567
T1_divergence_unmatched,179.6
T1_divergence_unmatched,170.778
T1_divergence_unmatched,193.333
T1_divergence_unmatched,172.45
T1_divergence_unmatched,205.178
T1_divergence_unmatched,162.105
T1_divergence_unmatched,165.341
T1_divergence_unmatched,191.294
T1_divergence_unmatched,186.557
T1_divergence_unmatched,232.941
T1_divergence_unmatched,190.5
T1_divergence_unmatched,181.5
T1_divergence_unmatched,203.2
T1_divergence_unmatched,200.0
T1_divergence_unmatched,102.667
T1_divergence_unmatched,197.889
T1_divergence_unmatched,236.926
T1_divergence_unmatched,186.128
T1_divergence_unmatched,199.396
T1_divergence_unmatched,183.421
T1_divergence_unmatched,179.061
T1_divergence_unmatched,172.72
T1_divergence_unmatched,36.2
T1_divergence_unmatched,215.0
T1_divergence_unmatched,216.18
T1_divergence_unmatched,165.898
T1_divergence_unmatched,169.632
T1_divergence_unmatched,196.978
T1_divergence_unmatched,183.536
T1_divergence_unmatched,188.631
T1_divergence_unmatched,217.275
T1_divergence_unmatched,49.0769
T1_divergence_unmatched,215.886
T1_divergence_unmatched,158.804
T1_divergence_unmatched,166.667
T1_divergence_unmatched,233.364
T1_divergence_unmatched,204.093
T1_divergence_unmatched,219.933
T1_divergence_unmatched,187.918
T1_divergence_unmatched,136.208
T1_divergence_unmatched,160.784
T1_divergence_unmatched,179.641
T1_divergence_unmatched,156.048
T1_divergence_unmatched,212.342
T1_divergence_unmatched,207.561
T1_divergence_unmatched,206.635
T1_divergence_unmatched,162.673
T1_divergence_unmatched,54.3333
T1_divergence_unmatched,190.982
T1_divergence_unmatched,238.383
T1_divergence_unmatched,194.755
T1_divergence_unmatched,186.901
T1_divergence_unmatched,189.304
T1_divergence_unmatched,164.0
T1_divergence_unmatched,204.622
T1_divergence_unmatched,173.091
T1_divergence_unmatched,173.708
T1_divergence_unmatched,180.317
T1_divergence_unmatched,182.268
T1_divergence_unmatched,188.981
T1_divergence_unmatched,166.789
T1_divergence_unmatched,190.453
T1_divergence_unmatched,212.167
T1_divergence_unmatched,187.515
T1_divergence_unmatched,185.475
T1_divergence_unmatched,202.533
T1_divergence_unmatched,191.257
T1_divergence_unmatched,217.104
T1_divergence_unmatched,212.068
T1_divergence_unmatched,174.579
T1_divergence_unmatched,185.31
T1_divergence_unmatched,194.102
T1_divergence_unmatched,174.681
T1_divergence_unmatched,166.769
T1_divergence_unmatched,198.143
T1_divergence_unmatched,193.927
T1_divergence_unmatched,226.367
T1_divergence_unmatched,194.704
T1_divergence_unmatched,200.0
T1_divergence_unmatched,204.306
T1_divergence_unmatched,206.229
T1_divergence_unmatched,188.839
T1_divergence_unmatched,192.55
T1_divergence_unmatched,222.531
T1_divergence_unmatched,196.885
T1_divergence_unmatched,192.604
T1_divergence_unmatched,161.024
T1_divergence_unmatched,224.907
T1_divergence_unmatched,177.273
T1_divergence_unmatched,182.018
T1_divergence_unmatched,180.932
T1_divergence_unmatched,211.9
T1_divergence_unmatched,173.373
T1_divergence_unmatched,176.125
T1_divergence_unmatched,171.178
T1_divergence_unmatched,183.586
T1_divergence_unmatched,198.485
T1_divergence_unmatched,191.615
T1_divergence_unmatched,183.154
T1_divergence_unmatched,246.886
T1_divergence_unmatched,167.911
T1_divergence_unmatched,179.857
T1_divergence_unmatched,194.433
T1_divergence_unmatched,169.375
T1_divergence_unmatched,220.692
T1_divergence_unmatched,181.854
T1_divergence_unmatched,152.781
T1_divergence_unmatched,202.738
T1_divergence_unmatched,173.263
T1_divergence_unmatched,186.45
T1_divergence_unmatched,191.298
T1_divergence_unmatched,216.625
T1_divergence_unmatched,169.61
T1_divergence_unmatched,203.051
T1_divergence_unmatched,155.442
T1_divergence_unmatched,175.978
T1_divergence_unmatched,172.784
T1_divergence_unmatched,186.462
T1_divergence_unmatched,192.657
T1_divergence_unmatched,189.6
T1_divergence_unmatched,188.636
T1_divergence_unmatched,195.014
T1_divergence_unmatched,197.919
T1_divergence_unmatched,164.5
T1_divergence_unmatched,208.0
T1_divergence_unmatched,174.24
T1_divergence_unmatched,207.419
T1_divergence_unmatched,155.625
T1_divergence_unmatched,203.0
T1_divergence_unmatched,208.25
T1_divergence_unmatched,182.184
T1_divergence_unmatched,179.489
T1_divergence_unmatched,191.725
T1_divergence_unmatched,195.5
T1_divergence_unmatched,183.977
T1_divergence_unmatched,192.14
T1_divergence_unmatched,178.61
T1_divergence_unmatched,169.605
T1_divergence_unmatched,178.122
T1_divergence_unmatched,183.295
T1_divergence_unmatched,209.417
T1_divergence_unmatched,175.932
T1_divergence_unmatched,214.148
T1_divergence_unmatched,204.719
T1_divergence_unmatched,170.756
T1_divergence_unmatched,174.571
T1_divergence_unmatched,192.571
T1_divergence_unmatched,161.709
T1_divergence_unmatched,199.893
T1_divergence_unmatched,202.868
T1_divergence_unmatched,242.118
T1_divergence_unmatched,169.81
T1_divergence_unmatched,201.778
T1_divergence_unmatched,33.75
T1_divergence_unmatched,194.289
T1_divergence_unmatched,186.778
T1_divergence_unmatched,180.333
T1_divergence_unmatched,158.655
T1_divergence_unmatched,160.205
T1_divergence_unmatched,185.371
T1_divergence_unmatched,191.235
T1_divergence_unmatched,161.464
T1_divergence_unmatched,18.0
T1_divergence_unmatched,212.733
T1_divergence_unmatched,199.588
T1_divergence_unmatched,185.367
T1_divergence_unmatched,189.317
T1_divergence_unmatched,215.75
T1_divergence_unmatched,188.194
T1_divergence_unmatched,192.229
T1_divergence_unmatched,198.754
T1_divergence_unmatched,175.737
T1_divergence_unmatched,189.051
T1_divergence_unmatched,221.702
T1_divergence_unmatched,176.04
T1_divergence_unmatched,186.964
T1_divergence_unmatched,185.237
T1_divergence_unmatched,207.895
T1_divergence_unmatched,165.734
T1_divergence_unmatched,216.125
T1_divergence_unmatched,181.333
T1_divergence_unmatched,183.25
T1_divergence_unmatched,193.265
T1_divergence_unmatched,185.911
T1_divergence_unmatched,186.905
T1_divergence_unmatched,198.5
T1_divergence_unmatched,187.947
T1_divergence_unmatched,171.944
T1_divergence_unmatched,203.513
T1_divergence_unmatched,228.448
T1_divergence_unmatched,170.684
T1_divergence_unmatched,208.568
T1_divergence_unmatched,191.36
T1_divergence_unmatched,169.415
T1_divergence_unmatched,178.704
T1_divergence_unmatched,184.768
T1_divergence_unmatched,192.241
T1_divergence_unmatched,170.688
T1_divergence_unmatched,178.452
T1_divergence_unmatched,185.789
T1_divergence_unmatched,193.54
T1_divergence_unmatched,190.353
T1_divergence_unmatched,192.661
T1_divergence_unmatched,195.333
T1_divergence_unmatched,197.127
T1_divergence_unmatched,216.556
T1_divergence_unmatched,174.667
T1_divergence_unmatched,181.229
T1_divergence_unmatched,190.85
T1_divergence_unmatched,202.136
T1_divergence_unmatched,188.241
T1_divergence_unmatched,163.075
T1_divergence_unmatched,159.026
T1_divergence_unmatched,186.269
T1_divergence_unmatched,192.265
T1_divergence_unmatched,187.0
T1_divergence_unmatched,223.511
T1_divergence_unmatched,150.971
T1_divergence_unmatched,174.479
T1_divergence_unmatched,187.13
T1_divergence_unmatched,201.289
T1_divergence_unmatched,216.179
T1_divergence_unmatched,189.083
T1_divergence_unmatched,197.613
T1_divergence_unmatched,205.362
T1_divergence_unmatched,184.222
T1_divergence_unmatched,215.143
T1_divergence_unmatched,197.225
T1_divergence_unmatched,181.096
T1_divergence_unmatched,165.571
T1_divergence_unmatched,207.173
T1_divergence_unmatched,214.276
T1_divergence_unmatched,182.688
T1_divergence_unmatched,192.61
T1_divergence_unmatched,247.125
T1_divergence_unmatched,166.842
T1_divergence_unmatched,208.059
T1_divergence_unmatched,168.345
T1_divergence_unmatched,201.795
T1_divergence_unmatched,173.032
T1_divergence_unmatched,211.706
T1_divergence_unmatched,175.102
T1_divergence_unmatched,195.538
T1_divergence_unmatched,157.419
T1_divergence_unmatched,198.093
T1_divergence_unmatched,180.766
T1_divergence_unmatched,186.14
T1_divergence_unmatched,179.582
T1_divergence_unmatched,192.379
T1_divergence_unmatched,152.633
T1_divergence_unmatched,190.448
T1_divergence_unmatched,201.045
T1_divergence_unmatched,178.75
T1_divergence_unmatched,204.61
T1_divergence_unmatched,196.78
T1_divergence_unmatched,199.742
T1_divergence_unmatched,208.821
T1_divergence_unmatched,212.947
T1_divergence_unmatched,195.462
T1_divergence_unmatched,215.13
T1_divergence_unmatched,176.333
T1_divergence_unmatched,205.625
T1_divergence_unmatched,190.353
T1_divergence_unmatched,176.7
T1_divergence_unmatched,192.878
T1_divergence_unmatched,190.442
T1_divergence_unmatched,197.893
T1_divergence_unmatched,205.1
T1_divergence_unmatched,153.5
T1_divergence_unmatched,189.812
T1_divergence_unmatched,210.426
T1_divergence_unmatched,159.72
T1_divergence_unmatched,170.692
T1_divergence_unmatched,177.114
T1_divergence_unmatched,184.771
T1_divergence_unmatched,229.174
T1_divergence_unmatched,194.771
T1_divergence_unmatched,169.375
T1_divergence_unmatched,183.419
T1_divergence_unmatched,224.222
T1_divergence_unmatched,205.661
T1_divergence_unmatched,192.37
T1_divergence_unmatched,178.071
T1_divergence_unmatched,187.425
T1_divergence_unmatched,208.41
T1_divergence_unmatched,213.259
T1_divergence_unmatched,176.903
T1_divergence_unmatched,225.628
T1_divergence_unmatched,202.729
T1_divergence_unmatched,155.395
T1_divergence_unmatched,175.035
T1_divergence_unmatched,223.0
T1_divergence_unmatched,222.125
T1_divergence_unmatched,192.163
T1_divergence_unmatched,176.818
T1_divergence_unmatched,202.744
T1_divergence_unmatched,208.4
T1_divergence_unmatched,199.933
T1_divergence_unmatched,174.542
T1_divergence_unmatched,181.594
T1_divergence_unmatched,215.741
T1_divergence_unmatched,158.208
T1_divergence_unmatched,210.509
T1_divergence_unmatched,207.121
T1_divergence_unmatched,198.102
T1_divergence_unmatched,213.37
T1_divergence_unmatched,188.687
T1_divergence_unmatched,189.942
T1_divergence_unmatched,197.544
T1_divergence_unmatched,167.878
T1_divergence_unmatched,204.303
T1_divergence_unmatched,175.684
T1_divergence_unmatched,175.212
T1_divergence_unmatched,190.717
T1_divergence_unmatched,182.929
T1_divergence_unmatched,201.036
T1_divergence_unmatched,179.55
T1_divergence_unmatched,151.911
T1_divergence_unmatched,164.676
T1_divergence_unmatched,205.902
T1_divergence_unmatched,207.75
T1_divergence_unmatched,173.271
T1_divergence_unmatched,179.958
T1_divergence_unmatched,204.81
T1_divergence_unmatched,161.222
T1_divergence_unmatched,198.0
T1_divergence_unmatched,203.137
T1_divergence_unmatched,208.775
T1_divergence_unmatched,195.02
T1_divergence_unmatched,171.216
T1_divergence_unmatched,168.273
T1_divergence_unmatched,223.36
T1_divergence_unmatched,217.462
T1_divergence_unmatched,177.02
T1_divergence_unmatched,189.317
T1_divergence_unmatched,199.303
T1_divergence_unmatched,186.36
T1_divergence_unmatched,215.024
T1_divergence_unmatched,205.081
T1_divergence_unmatched,188.875
T1_divergence_unmatched,181.418
T1_divergence_unmatched,202.765
T1_divergence_unmatched,180.071
T1_divergence_unmatched,205.055
T1_divergence_unmatched,191.77
T1_divergence_unmatched,193.2
T1_divergence_unmatched,179.906
T1_divergence_unmatched,166.515
T1_divergence_unmatched,165.65
T1_divergence_unmatched,197.778
T1_divergence_unmatched,181.277
T1_divergence_unmatched,221.138
T1_divergence_unmatched,184.78
T1_divergence_unmatched,195.667
T1_divergence_unmatched,168.071
T1_divergence_unmatched,162.0
T1_divergence_unmatched,201.659
T1_divergence_unmatched,183.846
T1_divergence_unmatched,177.787
T1_divergence_unmatched,181.833
T1_divergence_unmatched,212.407
T1_divergence_unmatched,190.345
T1_divergence_unmatched,186.605
T1_divergence_unmatched,179.083
T1_divergence_unmatched,195.228
T1_divergence_unmatched,182.179
T1_divergence_unmatched,231.615
T1_divergence_unmatched,200.627
T1_divergence_unmatched,163.079
T1_divergence_unmatched,174.66
T1_divergence_unmatched,161.343
T1_divergence_unmatched,162.86
T1_divergence_unmatched,208.731
T1_divergence_unmatched,204.381
T1_divergence_unmatched,199.455
T1_divergence_unmatched,183.325
T1_divergence_unmatched,191.75
T1_divergence_unmatched,178.149
T1_divergence_unmatched,186.373
T1_divergence_unmatched,195.718
T1_divergence_unmatched,32.3333
T1_divergence_unmatched,173.303
T1_divergence_unmatched,196.615
T1_divergence_unmatched,210.421
T1_divergence_unmatched,193.441
T1_divergence_unmatched,213.771
T1_divergence_unmatched,200.455
T1_divergence_unmatched,220.135
T1_divergence_unmatched,161.829
T1_divergence_unmatched,214.389
T1_divergence_unmatched,167.676
T1_divergence_unmatched,188.867
T1_divergence_unmatched,212.34
T1_divergence_unmatched,191.0
T1_divergence_unmatched,185.29
T1_divergence_unmatched,213.803
T1_divergence_unmatched,167.596
T1_divergence_unmatched,196.34
T1_divergence_unmatched,178.081
T1_divergence_unmatched,177.647
T1_divergence_unmatched,54.5714
T1_divergence_unmatched,190.844
T1_divergence_unmatched,183.758
T1_divergence_unmatched,206.281
T1_divergence_unmatched,181.106
T1_divergence_unmatched,189.261
T1_divergence_unmatched,201.6
T1_divergence_unmatched,161.657
T1_divergence_unmatched,205.742
T1_divergence_unmatched,191.448
T1_divergence_unmatched,197.98
T1_divergence_unmatched,211.548
T1_divergence_unmatched,210.804
T1_divergence_unmatched,178.541
T1_divergence_unmatched,174.692
T1_divergence_unmatched,176.756
T1_divergence_unmatched,173.676
T1_divergence_unmatched,185.569
T1_divergence_unmatched,206.375
T1_divergence_unmatched,183.882
T1_divergence_unmatched,184.872
T1_divergence_unmatched,216.957
T1_divergence_unmatched,202.367
T1_divergence_unmatched,184.947
T1_divergence_unmatched,208.0
T1_divergence_unmatched,213.5
T1_divergence_unmatched,184.473
T1_divergence_unmatched,180.674
T1_divergence_unmatched,233.294
T1_divergence_unmatched,150.067
T1_divergence_unmatched,217.864
T1_divergence_unmatched,199.938
T1_divergence_unmatched,200.065
T1_divergence_unmatched,180.682
T1_divergence_unmatched,179.667
T1_divergence_unmatched,195.481
T1_divergence_unmatched,204.64
T1_divergence_unmatched,176.239
T1_divergence_unmatched,181.235
T1_divergence_unmatched,167.222
T1_divergence_unmatched,208.5
T1_divergence_unmatched,205.405
T1_divergence_unmatched,139.022
T1_divergence_unmatched,197.935
T1_divergence_unmatched,196.771
T1_divergence_unmatched,191.232
T1_divergence_unmatched,197.946
T1_divergence_unmatched,179.796
T1_divergence_unmatched,201.571
T1_divergence_unmatched,184.596
T1_divergence_unmatched,227.113
T1_divergence_unmatched,209.933
T1_divergence_unmatched,194.205
T1_divergence_unmatched,187.0
T1_divergence_unmatched,224.95
T1_divergence_unmatched,178.257
T1_divergence_unmatched,162.076
T1_divergence_unmatched,220.179
T1_divergence_unmatched,166.061
T1_divergence_unmatched,166.104
T1_divergence_unmatched,197.483
T1_divergence_unmatched,174.692
T1_divergence_unmatched,203.9
T1_divergence_unmatched,180.75
T1_divergence_unmatched,186.164
T1_divergence_unmatched,165.714
T1_divergence_unmatched,179.34
T1_divergence_unmatched,189.6
T1_divergence_unmatched,223.448
T1_divergence_unmatched,190.68
T1_divergence_unmatched,204.362
T1_divergence_unmatched,177.949
T1_divergence_unmatched,226.5
T1_divergence_unmatched,159.581
T1_divergence_unmatched,179.31
T1_divergence_unmatched,191.5
T1_divergence_unmatched,179.191
T1_divergence_unmatched,211.875
T1_divergence_unmatched,185.714
T1_divergence_unmatched,192.07
T1_divergence_unmatched,205.735
T1_divergence_unmatched,184.185
T1_divergence_unmatched,219.931
T1_divergence_unmatched,200.24
T1_divergence_unmatched,201.323
T1_divergence_unmatched,186.302
T1_divergence_unmatched,218.882
T1_divergence_unmatched,220.824
T1_divergence_unmatched,208.326
T1_divergence_unmatched,202.433
T1_divergence_unmatched,210.083
T1_divergence_unmatched,209.4
T1_divergence_unmatched,233.054
T1_divergence_unmatched,193.19
T1_divergence_unmatched,35.0
T1_divergence_unmatched,18.0
T1_divergence_unmatched,241.412
T1_divergence_unmatched,173.111
T1_divergence_unmatched,199.355
T1_divergence_unmatched,196.739
T1_divergence_unmatched,172.049
T1_divergence_unmatched,187.721
T1_divergence_unmatched,169.069
T1_divergence_unmatched,198.128
T1_divergence_unmatched,169.839
T1_divergence_unmatched,214.778
T1_divergence_unmatched,211.887
T1_divergence_unmatched,194.891
T1_divergence_unmatched,168.465
T1_divergence_unmatched,229.46
T1_divergence_unmatched,174.833
T1_divergence_unmatched,207.5
T1_divergence_unmatched,100.778
T1_divergence_unmatched,189.08
T1_divergence_unmatched,177.667
T1_divergence_unmatched,199.231
T1_divergence_unmatched,170.304
T1_divergence_unmatched,204.278
T1_divergence_unmatched,189.25
T1_divergence_unmatched,209.02
T1_divergence_unmatched,179.375
T1_divergence_unmatched,195.953
T1_divergence_unmatched,179.266
T1_divergence_unmatched,202.941
T1_divergence_unmatched,188.444
T1_divergence_unmatched,211.743
T1_divergence_unmatched,191.2
T1_divergence_unmatched,211.941
T1_divergence_unmatched,201.783
T1_divergence_unmatched,199.756
T1_divergence_unmatched,184.623
T1_divergence_unmatched,201.0
T1_divergence_unmatched,218.944
T1_divergence_unmatched,160.673
T1_divergence_unmatched,217.15
T1_divergence_unmatched,190.063
T1_divergence_unmatched,212.931
T1_divergence_unmatched,214.783
T1_divergence_unmatched,198.0
T1_divergence_unmatched,185.929
T1_divergence_unmatched,191.477
T1_divergence_unmatched,188.87
T1_divergence_unmatched,194.196
T1_divergence_unmatched,184.029
T1_divergence_unmatched,191.571
T1_divergence_unmatched,170.365
T1_divergence_unmatched,199.673
T1_divergence_unmatched,179.961
T1_divergence_unmatched,199.319
T1_divergence_unmatched,193.75
T1_divergence_unmatched,191.769
T1_divergence_unmatched,187.348
T1_divergence_unmatched,251.222
T1_divergence_unmatched,172.175
T1_divergence_unmatched,196.684
T1_divergence_unmatched,160.245
T1_divergence_unmatched,210.304
T1_divergence_unmatched,198.301
T1_divergence_unmatched,199.595
T1_divergence_unmatched,160.627
T1_divergence_unmatched,196.292
T1_divergence_unmatched,201.818
T1_divergence_unmatched,202.125
T1_divergence_unmatched,188.521
T1_divergence_unmatched,177.734
T1_divergence_unmatched,206.545
T1_divergence_unmatched,194.848
T1_divergence_unmatched,186.018
T1_divergence_unmatched,190.897
T1_divergence_unmatched,205.816
T1_divergence_unmatched,292.5
T1_divergence_unmatched,183.706
T1_divergence_unmatched,180.622
T1_divergence_unmatched,205.667
T1_divergence_unmatched,169.396
T1_divergence_unmatched,182.316
T1_divergence_unmatched,168.344
T1_divergence_unmatched,206.696
T1_divergence_unmatched,207.0
T1_divergence_unmatched,203.973
T1_divergence_unmatched,195.868
T1_divergence_unmatched,211.0
T1_divergence_unmatched,182.019
T1_divergence_unmatched,216.077
T1_divergence_unmatched,164.532
T1_divergence_unmatched,172.03
T1_divergence_unmatched,198.956
T1_divergence_unmatched,198.28
T1_divergence_unmatched,161.075
T1_divergence_unmatched,188.538
T1_divergence_unmatched,166.545
T1_divergence_unmatched,205.467
T1_divergence_unmatched,194.355
T1_divergence_unmatched,178.321
T1_divergence_unmatched,200.822
T1_divergence_unmatched,160.128
T1_divergence_unmatched,162.345
T1_divergence_unmatched,194.121
T1_divergence_unmatched,200.773
T1_divergence_unmatched,199.559
T1_divergence_unmatched,181.842
T1_divergence_unmatched,238.756
T1_divergence_unmatched,207.8
T1_divergence_unmatched,182.63
T1_divergence_unmatched,178.549
T1_divergence_unmatched,175.39
T1_divergence_unmatched,204.811
T1_divergence_unmatched,193.733
T1_divergence_unmatched,192.657
T1_divergence_unmatched,192.031
T1_divergence_unmatched,167.405
T1_divergence_unmatched,194.035
T1_divergence_unmatched,186.055
T1_divergence_unmatched,190.294
T1_divergence_unmatched,202.472
T1_divergence_unmatched,195.073
T1_divergence_unmatched,197.185
T1_divergence_unmatched,184.528
T1_divergence_unmatched,178.923
T1_divergence_unmatched,167.814
T1_divergence_unmatched,198.542
T1_divergence_unmatched,166.083
T1_divergence_unmatched,201.761
T1_divergence_unmatched,201.739
T1_divergence_unmatched,182.649
T1_divergence_unmatched,176.056
T1_divergence_unmatched,205.438
T1_divergence_unmatched,206.912
T1_divergence_unmatched,229.833
T1_divergence_unmatched,198.395
T1_divergence_unmatched,188.842
T1_divergence_unmatched,189.475
T1_divergence_unmatched,175.432
T1_divergence_unmatched,183.409
T1_divergence_unmatched,219.838
T1_divergence_unmatched,196.741
T1_divergence_unmatched,173.567
T1_divergence_unmatched,179.917
T1_divergence_unmatched,188.516
T1_divergence_unmatched,196.861
T1_divergence_unmatched,202.561
T1_divergence_unmatched,207.826
T1_divergence_unmatched,159.244
T1_divergence_unmatched,210.963
T1_divergence_unmatched,183.017
T1_divergence_unmatched,189.333
T1_divergence_unmatched,209.667
T1_divergence_unmatched,160.78
T1_divergence_unmatched,185.081
T1_divergence_unmatched,184.959
T1_divergence_unmatched,193.045
T1_divergence_unmatched,185.576
T1_divergence_unmatched,162.342
T1_divergence_unmatched,192.881
T1_divergence_unmatched,176.1
T1_divergence_unmatched,166.597
T1_divergence_unmatched,211.606
T1_divergence_unmatched,208.143
T1_divergence_unmatched,192.065
T1_divergence_unmatched,218.321
T1_divergence_unmatched,178.857
T1_divergence_unmatched,172.353
T1_divergence_unmatched,147.442
T1_divergence_unmatched,190.081
T1_divergence_unmatched,174.0
T1_divergence_unmatched,183.102
T1_divergence_unmatched,199.033
T1_divergence_unmatched,215.902
T1_divergence_unmatched,159.957
T1_divergence_unmatched,201.083
T1_divergence_unmatched,181.171
T1_divergence_unmatched,164.182
T1_divergence_unmatched,207.2
T1_divergence_unmatched,194.85
T1_divergence_unmatched,32.2857
T1_divergence_unmatched,202.017
T1_divergence_unmatched,201.0
T1_divergence_unmatched,169.618
T1_divergence_unmatched,204.707
T1_divergence_unmatched,165.095
T1_divergence_unmatched,169.419
T1_divergence_unmatched,167.845
T1_divergence_unmatched,178.911
T1_divergence_unmatched,186.556
T1_divergence_unmatched,215.31
T1_divergence_unmatched,188.231
T1_divergence_unmatched,175.75
T1_divergence_unmatched,198.947
T1_divergence_unmatched,178.667
T1_divergence_unmatched,169.194
T1_divergence_unmatched,193.75
T1_divergence_unmatched,165.535
T1_divergence_unmatched,182.34
T1_divergence_unmatched,177.278
T1_divergence_unmatched,197.0
T1_divergence_unmatched,178.304
T1_divergence_unmatched,189.102
T1_divergence_unmatched,166.634
T1_divergence_unmatched,185.067
T1_divergence_unmatched,201.235
T1_divergence_unmatched,175.094
T1_divergence_unmatched,213.143
T1_divergence_unmatched,179.049
T1_divergence_unmatched,165.394
T1_divergence_unmatched,153.862
T1_divergence_unmatched,185.286
T1_divergence_unmatched,200.0
T1_divergence_unmatched,212.294
T1_divergence_unmatched,185.968
T1_divergence_unmatched,189.982
T1_divergence_unmatched,185.632
T1_divergence_unmatched,190.543
T1_divergence_unmatched,41.9286
T1_divergence_unmatched,214.209
T1_divergence_unmatched,198.118
T1_divergence_unmatched,207.576
T1_divergence_unmatched,206.922
T1_divergence_unmatched,191.51
T1_divergence_unmatched,192.462
T1_divergence_unmatched,201.796
T1_divergence_unmatched,218.114
T1_divergence_unmatched,181.694
T1_divergence_unmatched,194.055
T1_divergence_unmatched,178.089
T1_divergence_unmatched,161.608
T1_divergence_unmatched,172.949
T1_divergence_unmatched,207.408
T1_divergence_unmatched,201.957
T1_divergence_unmatched,162.102
T1_divergence_unmatched,186.211
T1_divergence_unmatched,185.595
T1_divergence_unmatched,199.472
T1_divergence_unmatched,134.649
T1_divergence_unmatched,198.0
T1_divergence_unmatched,168.133
T1_divergence_unmatched,176.816
T1_divergence_unmatched,204.222
T1_divergence_unmatched,197.92
T1_divergence_unmatched,185.023
T1_divergence_unmatched,183.17
T1_divergence_unmatched,181.803
T1_divergence_unmatched,186.475
T1_divergence_unmatched,177.167
T1_divergence_unmatched,183.765
T1_divergence_unmatched,170.561
T1_divergence_unmatched,177.277
T1_divergence_unmatched,216.641
T1_divergence_unmatched,220.833
T1_divergence_unmatched,181.373
T1_divergence_unmatched,213.511
T1_divergence_unmatched,159.36
T1_divergence_unmatched,199.245
T1_divergence_unmatched,200.128
T1_divergence_unmatched,191.0
T1_divergence_unmatched,208.911
T1_divergence_unmatched,170.95
T1_divergence_unmatched,183.469
T1_divergence_unmatched,239.083
T1_divergence_unmatched,200.388
T1_divergence_unmatched,189.743
T1_divergence_unmatched,183.675
T1_divergence_unmatched,189.5
T1_divergence_unmatched,185.979
T1_divergence_unmatched,195.0
T1_divergence_unmatched,176.173
T1_divergence_unmatched,169.75
T1_divergence_unmatched,207.328
T1_divergence_unmatched,195.059
T1_divergence_unmatched,190.615
T1_divergence_unmatched,205.867
T1_divergence_unmatched,221.312
T1_divergence_unmatched,189.689
T1_divergence_unmatched,184.712
T1_divergence_unmatched,183.463
T1_divergence_unmatched,153.84
T1_divergence_unmatched,212.312
T1_divergence_unmatched,205.968
T1_divergence_unmatched,159.175
T1_divergence_unmatched,189.836
T1_divergence_unmatched,215.531
T1_divergence_unmatched,201.417
T1_divergence_unmatched,203.958
T1_divergence_unmatched,192.477
T1_divergence_unmatched,191.171
T1_divergence_unmatched,188.415
T1_divergence_unmatched,198.886
T1_divergence_unmatched,179.07
T1_divergence_unmatched,185.057
T1_divergence_unmatched,174.064
T1_divergence_unmatched,190.136
T1_divergence_unmatched,188.724
T1_divergence_unmatched,186.145
T1_divergence_unmatched,240.808
T1_divergence_unmatched,169.271
T1_divergence_unmatched,197.661
T1_divergence_unmatched,184.556
T1_divergence_unmatched,187.646
T1_divergence_unmatched,167.482
T1_divergence_unmatched,206.444
T1_divergence_unmatched,209.049
T1_divergence_unmatched,166.226
T1_divergence_unmatched,173.795
T1_divergence_unmatched,34.0
T1_divergence_unmatched,198.258
T1_divergence_unmatched,185.333
T1_divergence_unmatched,218.784
T1_divergence_unmatched,160.528
T1_divergence_unmatched,166.667
T1_divergence_unmatched,183.1
T1_divergence_unmatched,166.81
T1_divergence_unmatched,194.35
T1_divergence_unmatched,182.103
T1_divergence_unmatched,200.049
T1_divergence_unmatched,207.243
T1_divergence_unmatched,185.581
T1_divergence_unmatched,188.688
T1_divergence_unmatched,197.2
T1_divergence_unmatched,149.857
T1_divergence_unmatched,202.263
T1_divergence_unmatched,164.789
T1_divergence_unmatched,206.091
T1_divergence_unmatched,168.397
T1_divergence_unmatched,217.75
T1_divergence_unmatched,164.5
T1_divergence_unmatched,194.533
T1_divergence_unmatched,202.448
T1_divergence_unmatched,200.021
T1_divergence_unmatched,201.6
T1_divergence_unmatched,193.15
T1_divergence_unmatched,214.955
T1_divergence_unmatched,182.217
T1_divergence_unmatched,178.761
T1_divergence_unmatched,187.486
T1_divergence_unmatched,177.091
T1_divergence_unmatched,179.985
T1_divergence_unmatched,158.186
T1_divergence_unmatched,194.135
T1_divergence_unmatched,193.708
T1_divergence_unmatched,178.744
T1_divergence_unmatched,185.548
T1_divergence_unmatched,183.786
T1_divergence_unmatched,202.111
T1_divergence_unmatched,208.854
T1_divergence_unmatched,168.143
T1_divergence_unmatched,192.575
T1_divergence_unmatched,203.323
T1_divergence_unmatched,172.045
T1_divergence_unmatched,136.0
T1_divergence_unmatched,204.238
T1_divergence_unmatched,162.07
T1_divergence_unmatched,182.028
T1_divergence_unmatched,204.692
T1_divergence_unmatched,183.234
T1_divergence_unmatched,175.325
T1_divergence_unmatched,162.455
T1_divergence_unmatched,191.652
T1_divergence_unmatched,202.844
T1_divergence_unmatched,172.583
T1_divergence_unmatched,191.667
T1_divergence_unmatched,165.514
T1_divergence_unmatched,207.756
T1_divergence_unmatched,186.889
T1_divergence_unmatched,193.465
T1_divergence_unmatched,187.132
T1_divergence_unmatched,197.638
T1_divergence_unmatched,186.012
T1_divergence_unmatched,246.879
T1_divergence_unmatched,160.375
T1_divergence_unmatched,205.125
T1_divergence_unmatched,155.509
T1_divergence_unmatched,198.167
T1_divergence_unmatched,194.108
T1_divergence_unmatched,190.113
T1_divergence_unmatched,175.758
T1_divergence_unmatched,181.349
T1_divergence_unmatched,30.5
T1_divergence_unmatched,194.614
T1_divergence_unmatched,176.034
T1_divergence_unmatched,223.333
T1_divergence_unmatched,188.0
T1_divergence_unmatched,174.587
T1_divergence_unmatched,170.106
T1_divergence_unmatched,178.919
T1_divergence_unmatched,203.686
T1_divergence_unmatched,203.138
T1_divergence_unmatched,178.197
T1_divergence_unmatched,200.846
T1_divergence_unmatched,199.714
T1_divergence_unmatched,184.0
T1_divergence_unmatched,181.783
T1_divergence_unmatched,189.5
T1_divergence_unmatched,215.87
T1_divergence_unmatched,174.838
T1_divergence_unmatched,178.231
T1_divergence_unmatched,149.692
T1_divergence_unmatched,189.667
T1_divergence_unmatched,206.729
T1_divergence_unmatched,214.12
T1_divergence_unmatched,175.452
T1_divergence_unmatched,234.366
T1_divergence_unmatched,181.525
T1_divergence_unmatched,158.536
T1_divergence_unmatched,172.967
T1_divergence_unmatched,175.887
T1_divergence_unmatched,175.829
T1_divergence_unmatched,182.235
T1_divergence_unmatched,166.643
T1_divergence_unmatched,192.839
T1_divergence_unmatched,210.913
T1_divergence_unmatched,184.985
T1_divergence_unmatched,217.405
T1_divergence_unmatched,188.235
T1_divergence_unmatched,204.111
T1_divergence_unmatched,192.548
T1_divergence_unmatched,190.952
T1_divergence_unmatched,169.978
T1_divergence_unmatched,169.421
T1_divergence_unmatched,243.471
T1_divergence_unmatched,177.114
T1_divergence_unmatched,181.78
T1_divergence_unmatched,189.86
T1_divergence_unmatched,167.062
T1_divergence_unmatched,212.46
T1_divergence_unmatched,182.627
T1_divergence_unmatched,198.543
T1_divergence_unmatched,179.5
T1_divergence_unmatched,177.14
T1_divergence_unmatched,183.481
T1_divergence_unmatched,194.325
T1_divergence_unmatched,251.897
T1_divergence_unmatched,166.571
T1_divergence_unmatched,183.767
T1_divergence_unmatched,202.052
T1_divergence_unmatched,167.114
T1_divergence_unmatched,171.855
T1_divergence_unmatched,195.603
T1_divergence_unmatched,193.772
T1_divergence_unmatched,193.088
T1_divergence_unmatched,177.05
T1_divergence_unmatched,185.795
T1_divergence_unmatched,180.538
T1_divergence_unmatched,178.742
T1_divergence_unmatched,196.96
T1_divergence_unmatched,202.085
T1_divergence_unmatched,160.167
T1_divergence_unmatched,193.59
T1_divergence_unmatched,207.184
T1_divergence_unmatched,199.19
T1_divergence_unmatched,198.94
T1_divergence_unmatched,181.591
T1_divergence_unmatched,195.951
T1_divergence_unmatched,179.556
T1_divergence_unmatched,189.682
T1_divergence_unmatched,201.256
T1_divergence_unmatched,220.255
T1_divergence_unmatched,193.294
T1_divergence_unmatched,157.927
T1_divergence_unmatched,199.75
T1_divergence_unmatched,168.538
T1_divergence_unmatched,204.319
T1_divergence_unmatched,158.692
T1_divergence_unmatched,183.564
T1_divergence_unmatched,171.886
T1_divergence_unmatched,168.517
T1_divergence_unmatched,179.756
T1_divergence_unmatched,178.194
T1_divergence_unmatched,193.418
T1_divergence_unmatched,204.471
T1_divergence_unmatched,200.059
T1_divergence_unmatched,194.487
T1_divergence_unmatched,210.721
T1_divergence_unmatched,175.711
T1_divergence_unmatched,184.944
T1_divergence_unmatched,208.475
T1_divergence_unmatched,167.271
T1_divergence_unmatched,197.286
T1_divergence_unmatched,193.714
T1_divergence_unmatched,197.484
T1_divergence_unmatched,196.105
T1_divergence_unmatched,173.205
T1_divergence_unmatched,226.78
T1_divergence_unmatched,245.026
T1_divergence_unmatched,149.0
T1_divergence_unmatched,176.593
T1_divergence_unmatched,183.774
T1_divergence_unmatched,224.152
T1_divergence_unmatched,203.6
T1_divergence_unmatched,210.0
T1_divergence_unmatched,174.0
T1_divergence_unmatched,162.581
T1_divergence_unmatched,194.893
T1_divergence_unmatched,197.283
T1_divergence_unmatched,201.447
T1_divergence_unmatched,210.861
T1_divergence_unmatched,176.219
T1_divergence_unmatched,188.127
T1_divergence_unmatched,173.042
T1_divergence_unmatched,216.364
T1_divergence_unmatched,209.459
T1_divergence_unmatched,181.216
T1_divergence_unmatched,191.212
T1_divergence_unmatched,195.098
T1_divergence_unmatched,197.216
T1_divergence_unmatched,198.0
T1_divergence_unmatched,187.473
T1_divergence_unmatched,173.629
T1_divergence_unmatched,209.917
T1_divergence_unmatched,32.2857
T1_divergence_unmatched,182.0
T1_divergence_unmatched,185.425
T1_divergence_unmatched,215.561
T1_divergence_unmatched,172.947
T1_divergence_unmatched,190.147
T1_divergence_unmatched,174.237
T1_divergence_unmatched,183.362
T1_divergence_unmatched,202.68
T1_divergence_unmatched,213.75
T1_divergence_unmatched,200.814
T1_divergence_unmatched,200.315
T1_divergence_unmatched,203.048
T1_divergence_unmatched,152.35
T1_divergence_unmatched,220.457
T1_divergence_unmatched,237.233
T1_divergence_unmatched,186.75
T1_divergence_unmatched,190.019
T1_divergence_unmatched,162.778
T1_divergence_unmatched,196.415
T1_divergence_unmatched,147.343
T1_divergence_unmatched,159.148
T1_divergence_unmatched,193.62
T1_divergence_unmatched,152.633
T1_divergence_unmatched,152.375
T1_divergence_unmatched,198.583
T1_divergence_unmatched,197.672
T1_divergence_unmatched,161.429
T1_divergence_unmatched,165.31
T1_divergence_unmatched,180.206
T1_divergence_unmatched,189.045
T1_divergence_unmatched,158.75
T1_divergence_unmatched,178.316
T1_divergence_unmatched,157.2
T1_divergence_unmatched,183.698
T1_divergence_unmatched,182.673
T1_divergence_unmatched,192.706
T1_divergence_unmatched,225.326
T1_divergence_unmatched,202.612
T1_divergence_unmatched,200.154
T1_divergence_unmatched,218.455
T1_divergence_unmatched,193.087
T1_divergence_unmatched,166.102
T1_divergence_unmatched,210.737
T1_divergence_unmatched,175.042
T1_divergence_unmatched,181.691
T1_divergence_unmatched,171.296
T1_divergence_unmatched,211.233
T1_divergence_unmatched,167.82
T1_divergence_unmatched,206.186
T1_divergence_unmatched,209.5
T1_divergence_unmatched,162.684
T1_divergence_unmatched,210.263
T1_divergence_unmatched,191.373
T1_divergence_unmatched,190.904
T1_divergence_unmatched,175.548
T1_divergence_unmatched,174.286
T1_divergence_unmatched,197.367
T1_divergence_unmatched,170.744
T1_divergence_unmatched,187.535
T1_divergence_unmatched,188.75
T1_divergence_unmatched,193.213
T1_divergence_unmatched,229.318
T1_divergence_unmatched,199.082
T1_divergence_unmatched,166.404
T1_divergence_unmatched,192.65
T1_divergence_unmatched,198.633
T1_divergence_unmatched,210.923
T1_divergence_unmatched,182.984
T1_divergence_unmatched,189.571
T1_divergence_unmatched,153.528
T1_divergence_unmatched,186.878
T1_divergence_unmatched,175.688
T1_divergence_unmatched,150.718
T1_divergence_unmatched,187.304
T1_divergence_unmatched,174.433
T1_divergence_unmatched,170.15
T1_divergence_unmatched,200.509
T1_divergence_unmatched,205.724
T1_divergence_unmatched,206.893
T1_divergence_unmatched,186.562
T1_divergence_unmatched,187.265
T1_divergence_unmatched,180.629
T1_divergence_unmatched,180.73
T1_divergence_unmatched,223.857
T1_divergence_unmatched,191.719
T1_divergence_unmatched,204.136
T1_divergence_unmatched,194.776
T1_divergence_unmatched,139.562
T1_divergence_unmatched,188.208
T1_divergence_unmatched,207.261
T1_divergence_unmatched,149.846
T1_divergence_unmatched,210.067
T1_divergence_unmatched,162.538
T1_divergence_unmatched,205.371
T1_divergence_unmatched,186.188
T1_divergence_unmatched,149.984
T1_divergence_unmatched,202.446
T1_divergence_unmatched,216.791
T1_divergence_unmatched,200.639
T1_divergence_unmatched,195.553
T1_divergence_unmatched,194.222
T1_divergence_unmatched,171.623
T1_divergence_unmatched,175.191
T1_divergence_unmatched,194.875
T1_divergence_unmatched,207.045
T1_divergence_unmatched,220.136
T1_divergence_unmatched,177.196
T1_divergence_unmatched,187.429
T1_divergence_unmatched,168.074
T1_divergence_unmatched,172.957
T1_divergence_unmatched,193.231
T1_divergence_unmatched,156.69
T1_divergence_unmatched,192.966
T1_divergence_unmatched,209.957
T1_divergence_unmatched,190.833
T1_divergence_unmatched,201.618
T1_divergence_unmatched,145.389
T1_divergence_unmatched,182.818
T1_divergence_unmatched,203.614
T1_divergence_unmatched,178.53
T1_divergence_unmatched,205.806
T1_divergence_unmatched,169.237
T1_divergence_unmatched,214.241
T1_divergence_unmatched,187.014
T1_divergence_unmatched,225.25
T1_divergence_unmatched,197.61
T1_divergence_unmatched,158.741
T1_divergence_unmatched,180.074
T1_divergence_unmatched,192.043
T1_divergence_unmatched,206.391
T1_divergence_unmatched,216.892
T1_divergence_unmatched,186.333
T1_divergence_unmatched,186.116
T1_divergence_unmatched,184.0
T1_divergence_unmatched,174.929
T1_divergence_unmatched,171.86
T1_divergence_unmatched,212.083
T1_divergence_unmatched,160.667
T1_divergence_unmatched,195.548
T1_divergence_unmatched,169.311
T1_divergence_unmatched,194.28
T1_divergence_unmatched,219.302
T1_divergence_unmatched,160.714
T1_divergence_unmatched,203.74
T1_divergence_unmatched,217.033
T1_divergence_unmatched,181.085
T1_divergence_unmatched,188.438
T1_divergence_unmatched,166.864
T1_divergence_unmatched,228.945
T1_divergence_unmatched,223.0
T1_divergence_unmatched,189.419
T1_divergence_unmatched,211.161
T1_divergence_unmatched,165.45
T1_divergence_unmatched,205.381
T1_divergence_unmatched,192.741
T1_divergence_unmatched,185.426
T1_divergence_unmatched,182.444
T1_divergence_unmatched,146.733
T1_divergence_unmatched,157.814
T1_divergence_unmatched,164.429
T1_divergence_unmatched,144.735
T1_divergence_unmatched,216.829
T1_divergence_unmatched,210.975
T1_divergence_unmatched,197.281
T1_divergence_unmatched,217.885
T1_divergence_unmatched,182.436
T1_divergence_unmatched,186.886
T1_divergence_unmatched,209.286
T1_divergence_unmatched,212.947
T1_divergence_unmatched,180.333
T1_divergence_unmatched,178.541
T1_divergence_unmatched,50.7143
T1_divergence_unmatched,205.238
T1_divergence_unmatched,182.676
T1_divergence_unmatched,209.3
T1_divergence_unmatched,187.917
T1_divergence_unmatched,178.932
T1_divergence_unmatched,184.447
T1_divergence_unmatched,173.065
T1_divergence_unmatched,190.633
T1_divergence_unmatched,186.329
T1_divergence_unmatched,193.429
T1_divergence_unmatched,202.524
T1_divergence_unmatched,146.273
T1_divergence_unmatched,201.381
T1_divergence_unmatched,172.128
T1_divergence_unmatched,200.935
T1_divergence_unmatched,152.72
T1_divergence_unmatched,94.28
T1_divergence_unmatched,222.953
T1_divergence_unmatched,160.074
T1_divergence_unmatched,179.317
T1_divergence_unmatched,165.604
T1_divergence_unmatched,183.684
T1_divergence_unmatched,207.125
T1_divergence_unmatched,149.946
T1_divergence_unmatched,173.618
T1_divergence_unmatched,175.773
T1_divergence_unmatched,223.469
T1_divergence_unmatched,222.647
T1_divergence_unmatched,209.63
T1_divergence_unmatched,172.556
T1_divergence_unmatched,220.7
T1_divergence_unmatched,204.556
T1_divergence_unmatched,184.5
T1_divergence_unmatched,183.208
T1_divergence_unmatched,153.025
T1_divergence_unmatched,169.175
T1_divergence_unmatched,223.0
T1_divergence_unmatched,204.35
T1_divergence_unmatched,199.732
T1_divergence_unmatched,181.772
T1_divergence_unmatched,218.613
T1_divergence_unmatched,169.175
T1_divergence_unmatched,205.962
T1_divergence_unmatched,196.8
T1_divergence_unmatched,184.442
T1_divergence_unmatched,197.578
T1_divergence_unmatched,178.784
T1_divergence_unmatched,168.077
T1_divergence_unmatched,201.541
T1_divergence_unmatched,143.217
T1_divergence_unmatched,207.842
T1_divergence_unmatched,209.667
T1_divergence_unmatched,150.097
T1_divergence_unmatched,179.697
T1_divergence_unmatched,205.281
T1_divergence_unmatched,192.133
T1_divergence_unmatched,169.773
T1_divergence_unmatched,200.757
T1_divergence_unmatched,174.444
T1_divergence_unmatched,214.525
T1_divergence_unmatched,162.692
T1_divergence_unmatched,204.721
T1_divergence_unmatched,185.78
T1_divergence_unmatched,162.222
T1_divergence_unmatched,190.273
T1_divergence_unmatched,185.176
T1_divergence_unmatched,218.29
T1_divergence_unmatched,159.135
T1_divergence_unmatched,193.907
T1_divergence_unmatched,179.235
T1_divergence_unmatched,182.853
T1_divergence_unmatched,169.0
T1_divergence_unmatched,193.077
T1_divergence_unmatched,194.522
T1_divergence_unmatched,158.974
T1_divergence_unmatched,181.698
T1_divergence_unmatched,192.589
T1_divergence_unmatched,180.205
T1_divergence_unmatched,207.882
T1_divergence_unmatched,189.951
T1_divergence_unmatched,208.317
T1_divergence_unmatched,173.425
T1_divergence_unmatched,178.143
T1_divergence_unmatched,179.036
T1_divergence_unmatched,175.897
T1_divergence_unmatched,180.884
T1_divergence_unmatched,192.154
T1_divergence_unmatched,188.062
T1_divergence_unmatched,205.65
T1_divergence_unmatched,179.619
T1_divergence_unmatched,187.333
T1_divergence_unmatched,215.243
T1_divergence_unmatched,126.897
T1_divergence_unmatched,171.25
T1_divergence_unmatched,140.136
T1_divergence_unmatched,12.0
T1_divergence_unmatched,187.562
T1_divergence_unmatched,200.789
T1_divergence_unmatched,180.878
T1_divergence_unmatched,197.057
T1_divergence_unmatched,207.13
T1_divergence_unmatched,165.475
T1_divergence_unmatched,198.5
T1_divergence_unmatched,216.167
T1_divergence_unmatched,201.344
T1_divergence_unmatched,175.865
T1_divergence_unmatched,200.281
T1_divergence_unmatched,196.148
T1_divergence_unmatched,171.9
T1_divergence_unmatched,189.778
T1_divergence_unmatched,195.977
T1_divergence_unmatched,184.2
T1_divergence_unmatched,175.833
T1_divergence_unmatched,180.75
T1_divergence_unmatched,174.868
T1_divergence_unmatched,195.284
T1_divergence_unmatched,231.867
T1_divergence_unmatched,183.054
T1_divergence_unmatched,185.155
T1_divergence_unmatched,180.261
T1_divergence_unmatched,190.355
T1_divergence_unmatched,180.667
T1_divergence_unmatched,206.7
T1_divergence_unmatched,200.286
T1_divergence_unmatched,206.138
T1_divergence_unmatched,186.556
T1_divergence_unmatched,201.133
T1_divergence_unmatched,212.026
T1_divergence_unmatched,187.792
T1_divergence_unmatched,198.0
T1_divergence_unmatched,204.328
T1_divergence_unmatched,224.061
T1_divergence_unmatched,181.048
T1_divergence_unmatched,225.561
T1_divergence_unmatched,196.909
T1_divergence_unmatched,212.519
T1_divergence_unmatched,175.438
T1_divergence_unmatched,187.778
T1_divergence_unmatched,202.649
T1_divergence_unmatched,196.5
T1_divergence_unmatched,199.372
T1_divergence_unmatched,212.219
T1_divergence_unmatched,214.548
T1_divergence_unmatched,190.308
T1_divergence_unmatched,178.967
T1_divergence_unmatched,179.079
T1_divergence_unmatched,54.75
T1_divergence_unmatched,193.382
T1_divergence_unmatched,178.146
T1_divergence_unmatched,185.617
T1_divergence_unmatched,163.766
T1_divergence_unmatched,236.63
T1_divergence_unmatched,183.0
T1_divergence_unmatched,208.469
T1_divergence_unmatched,195.912
T1_divergence_unmatched,147.244
T1_divergence_unmatched,168.528
T1_divergence_unmatched,189.068
T1_divergence_unmatched,178.556
T1_divergence_unmatched,182.424
T1_divergence_unmatched,225.256
T1_divergence_unmatched,179.964
T1_divergence_unmatched,179.809
T1_divergence_unmatched,132.667
T1_divergence_unmatched,214.061
T1_divergence_unmatched,195.925
T1_divergence_unmatched,211.254
T1_divergence_unmatched,170.119
T1_divergence_unmatched,201.167
T1_divergence_unmatched,193.28
T1_divergence_unmatched,165.07
T1_divergence_unmatched,187.545
T1_divergence_unmatched,209.8
T1_divergence_unmatched,172.867
T1_divergence_unmatched,198.364
T1_divergence_unmatched,184.808
T1_divergence_unmatched,189.973
T1_divergence_unmatched,213.838
T1_divergence_unmatched,173.867
T1_divergence_unmatched,221.517
T1_divergence_unmatched,179.48
T1_divergence_unmatched,216.062
T1_divergence_unmatched,192.887
T1_divergence_unmatched,132.745
T1_divergence_unmatched,166.349
T1_divergence_unmatched,205.457
T1_divergence_unmatched,196.308
T1_divergence_unmatched,182.241
T1_divergence_unmatched,201.255
T1_divergence_unmatched,204.6
T1_divergence_unmatched,191.3
T1_divergence_unmatched,172.889
T1_divergence_unmatched,177.163
T1_divergence_unmatched,185.176
T1_divergence_unmatched,189.024
T1_divergence_unmatched,173.707
T1_divergence_unmatched,171.692
T1_divergence_unmatched,226.938
T1_divergence_unmatched,157.05
T1_divergence_unmatched,193.389
T1_divergence_unmatched,196.852
T1_divergence_unmatched,195.135
T1_divergence_unmatched,183.822
T1_divergence_unmatched,210.723
T1_divergence_unmatched,184.105
T1_divergence_unmatched,193.727
T1_divergence_unmatched,182.125
T1_divergence_unmatched,161.78
T1_divergence_unmatched,208.789
T1_divergence_unmatched,151.14
T1_divergence_unmatched,181.4
T1_divergence_unmatched,170.88
T1_divergence_unmatched,194.054
T1_divergence_unmatched,202.462
T1_divergence_unmatched,181.862
T1_divergence_unmatched,186.346
T1_divergence_unmatched,199.125
T1_divergence_unmatched,192.682
T1_divergence_unmatched,181.759
T1_divergence_unmatched,234.8
T1_divergence_unmatched,183.656
T1_divergence_unmatched,180.462
T1_divergence_unmatched,172.647
T1_divergence_unmatched,171.98
T1_divergence_unmatched,162.432
T1_divergence_unmatched,183.939
T1_divergence_unmatched,195.265
T1_divergence_unmatched,178.111
T1_divergence_unmatched,182.061
T1_divergence_unmatched,157.333
T1_divergence_unmatched,171.059
T1_divergence_unmatched,144.358
T1_divergence_unmatched,219.98
T1_divergence_unmatched,217.368
T1_divergence_unmatched,152.552
T1_divergence_unmatched,203.241
T1_divergence_unmatched,160.571
T1_divergence_unmatched,221.733
T1_divergence_unmatched,176.385
T1_divergence_unmatched,190.875
T1_divergence_unmatched,189.458
T1_divergence_unmatched,190.75
T1_divergence_unmatched,210.562
T1_divergence_unmatched,227.065
T1_divergence_unmatched,197.353
T1_divergence_unmatched,184.358
T1_divergence_unmatched,165.383
T1_divergence_unmatched,170.583
T1_divergence_unmatched,178.077
T1_divergence_unmatched,122.724
T1_divergence_unmatched,206.0
T1_divergence_unmatched,193.6
T1_divergence_unmatched,236.923
T1_divergence_unmatched,182.661
T1_divergence_unmatched,202.389
T1_divergence_unmatched,177.882
T1_divergence_unmatched,195.444
T1_divergence_unmatched,171.021
T1_divergence_unmatched,176.442
T1_divergence_unmatched,172.081
T1_divergence_unmatched,209.7
T1_divergence_unmatched,189.018
T1_divergence_unmatched,186.471
T1_divergence_unmatched,187.393
T1_divergence_unmatched,232.861
T1_divergence_unmatched,190.732
T1_divergence_unmatched,232.28
T1_divergence_unmatched,151.064
T1_divergence_unmatched,238.619
T1_divergence_unmatched,174.113
T1_divergence_unmatched,188.12
T1_divergence_unmatched,184.639
T1_divergence_unmatched,147.943
T1_divergence_unmatched,162.75
T1_divergence_unmatched,191.362
T1_divergence_unmatched,194.968
T1_divergence_unmatched,195.769
T1_divergence_unmatched,190.062
T1_divergence_unmatched,188.214
T1_divergence_unmatched,180.292
T1_divergence_unmatched,181.871
T1_divergence_unmatched,213.755
T1_divergence_unmatched,190.95
T1_divergence_unmatched,204.971
T1_divergence_unmatched,193.13
T1_divergence_unmatched,162.744
T1_divergence_unmatched,174.308
T1_divergence_unmatched,179.277
T1_divergence_unmatched,184.7
T1_divergence_unmatched,172.6
T1_divergence_unmatched,195.568
T1_divergence_unmatched,215.697
T1_divergence_unmatched,164.526
T1_divergence_unmatched,164.412
T1_divergence_unmatched,172.75
T1_divergence_unmatched,176.73
T1_divergence_unmatched,202.562
T1_divergence_unmatched,187.836
T1_divergence_unmatched,207.273
T1_divergence_unmatched,218.098
T1_divergence_unmatched,214.318
T1_divergence_unmatched,186.122
T1_divergence_unmatched,206.607
T1_divergence_unmatched,182.577
T1_divergence_unmatched,167.263
T1_divergence_unmatched,182.375
T1_divergence_unmatched,174.027
T1_divergence_unmatched,181.82
T1_divergence_unmatched,199.32
T1_divergence_unmatched,223.152
T1_divergence_unmatched,193.788
T1_divergence_unmatched,191.727
T1_divergence_unmatched,196.757
T1_divergence_unmatched,207.204
T1_divergence_unmatched,193.345
T1_divergence_unmatched,188.029
T1_divergence_unmatched,197.489
T1_divergence_unmatched,185.242
T1_divergence_unmatched,184.043
T1_divergence_unmatched,179.49
T1_divergence_unmatched,170.091
T1_divergence_unmatched,292.625
T1_divergence_unmatched,203.471
T1_divergence_unmatched,187.444
T1_divergence_unmatched,205.418
T1_divergence_unmatched,181.824
T1_divergence_unmatched,161.17
T1_divergence_unmatched,188.082
T1_divergence_unmatched,199.167
T1_divergence_unmatched,186.806
T1_divergence_unmatched,170.747
T1_divergence_unmatched,204.244
T1_divergence_unmatched,183.229
T1_divergence_unmatched,176.769
T1_divergence_unmatched,175.826
T1_divergence_unmatched,202.017
T1_divergence_unmatched,213.366
T1_divergence_unmatched,188.306
T1_divergence_unmatched,191.135
T1_divergence_unmatched,54.75
T1_divergence_unmatched,215.048
T1_divergence_unmatched,214.556
T1_divergence_unmatched,172.512
T1_divergence_unmatched,187.154
T1_divergence_unmatched,191.391
T1_divergence_unmatched,195.977
T1_divergence_unmatched,156.581
T1_divergence_unmatched,203.875
T1_divergence_unmatched,215.5
T1_divergence_unmatched,192.442
T1_divergence_unmatched,218.448
T1_divergence_unmatched,230.316
T1_divergence_unmatched,199.436
T1_divergence_unmatched,187.118
T1_divergence_unmatched,192.66
T1_divergence_unmatched,180.672
T1_divergence_unmatched,183.269
T1_divergence_unmatched,185.468
T1_divergence_unmatched,205.356
T1_divergence_unmatched,175.489
T1_divergence_unmatched,198.688
T1_divergence_unmatched,211.211
T1_divergence_unmatched,215.327
T1_divergence_unmatched,191.641
T1_divergence_unmatched,189.918
T1_divergence_unmatched,147.882
T1_divergence_unmatched,165.3
T1_divergence_unmatched,170.368
T1_divergence_unmatched,228.323
T1_divergence_unmatched,159.976
T1_divergence_unmatched,189.972
T1_divergence_unmatched,243.6
T1_divergence_unmatched,198.44
T1_divergence_unmatched,198.867
T1_divergence_unmatched,119.51
T1_divergence_unmatched,244.154
T1_divergence_unmatched,181.5
T1_divergence_unmatched,179.847
T1_divergence_unmatched,169.824
T1_divergence_unmatched,213.405
T1_divergence_unmatched,169.579
T1_divergence_unmatched,193.892
T1_divergence_unmatched,152.866
T1_divergence_unmatched,175.469
T1_divergence_unmatched,209.371
T1_divergence_unmatched,212.07
T1_divergence_unmatched,198.529
T1_divergence_unmatched,183.237
T1_divergence_unmatched,193.735
T1_divergence_unmatched,190.167
T1_divergence_unmatched,178.237
T1_divergence_unmatched,240.459
T1_divergence_unmatched,184.925
T1_divergence_unmatched,190.212
T1_divergence_unmatched,192.133
T1_divergence_unmatched,194.04
T1_divergence_unmatched,172.909
T1_divergence_unmatched,195.263
T1_divergence_unmatched,196.373
T1_divergence_unmatched,179.661
T1_divergence_unmatched,162.208
T1_divergence_unmatched,202.957
T1_divergence_unmatched,169.286
T1_divergence_unmatched,192.824
T1_divergence_unmatched,218.239
T1_divergence_unmatched,200.591
T1_divergence_unmatched,196.479
T1_divergence_unmatched,193.975
T1_divergence_unmatched,192.6
T1_divergence_unmatched,170.865
T1_divergence_unmatched,178.939
T1_divergence_unmatched,188.083
T1_divergence_unmatched,208.267
T1_divergence_unmatched,139.04
T1_divergence_unmatched,181.587
T1_divergence_unmatched,217.217
T1_divergence_unmatched,168.47
T1_divergence_unmatched,193.295
T1_divergence_unmatched,190.429
T1_divergence_unmatched,166.774
T1_divergence_unmatched,174.968
T1_divergence_unmatched,241.778
T1_divergence_unmatched,190.014
T1_divergence_unmatched,176.537
T1_divergence_unmatched,191.881
T1_divergence_unmatched,178.702
T1_divergence_unmatched,172.917
T1_divergence_unmatched,192.229
T1_divergence_unmatched,202.735
T1_divergence_unmatched,178.904
T1_divergence_unmatched,183.521
T1_divergence_unmatched,200.5
T1_divergence_unmatched,193.971
T1_divergence_unmatched,193.477
T1_divergence_unmatched,214.793
T1_divergence_unmatched,172.772
T1_divergence_unmatched,181.596
T1_divergence_unmatched,175.435
T1_divergence_unmatched,185.029
T1_divergence_unmatched,215.3
T1_divergence_unmatched,193.618
T1_divergence_unmatched,168.103
T1_divergence_unmatched,220.214
T1_divergence_unmatched,167.561
T1_divergence_unmatched,186.63
T1_divergence_unmatched,193.151
T1_divergence_unmatched,97.0
T1_divergence_unmatched,196.676
T1_divergence_unmatched,205.757
T1_divergence_unmatched,181.143
T1_divergence_unmatched,188.109
T1_divergence_unmatched,212.0
T1_divergence_unmatched,206.794
T1_divergence_unmatched,173.735
T1_divergence_unmatched,12.0
T1_divergence_unmatched,204.673
T1_divergence_unmatched,202.793
T1_divergence_unmatched,164.407
T1_divergence_unmatched,182.615
T1_divergence_unmatched,196.5
T1_divergence_unmatched,175.936
T1_divergence_unmatched,166.905
T1_divergence_unmatched,207.578
T1_divergence_unmatched,154.044
T1_divergence_unmatched,187.65
T1_divergence_unmatched,174.429
T1_divergence_unmatched,172.649
T1_divergence_unmatched,205.515
T1_divergence_unmatched,190.323
T1_divergence_unmatched,191.917
T1_divergence_unmatched,213.886
T1_divergence_unmatched,205.714
T1_divergence_unmatched,211.971
T1_divergence_unmatched,183.278
T1_divergence_unmatched,189.667
T1_divergence_unmatched,153.487
T1_divergence_unmatched,201.368
T1_divergence_unmatched,149.17
T1_divergence_unmatched,210.886
T1_divergence_unmatched,175.419
T1_divergence_unmatched,213.345
T1_divergence_unmatched,163.88
T1_divergence_unmatched,167.514
T1_divergence_unmatched,158.566
T1_divergence_unmatched,193.855
T1_divergence_unmatched,184.381
T1_divergence_unmatched,179.952
T1_divergence_unmatched,198.449
T1_divergence_unmatched,212.0
T1_divergence_unmatched,208.385
T1_divergence_unmatched,210.054
T1_divergence_unmatched,194.744
T1_divergence_unmatched,205.667
T1_divergence_unmatched,195.214
T1_divergence_unmatched,191.0
T1_divergence_unmatched,206.667
T1_divergence_unmatched,210.059
T1_divergence_unmatched,192.571
T1_divergence_unmatched,221.0
T1_divergence_unmatched,235.0
T1_divergence_unmatched,207.646
T1_divergence_unmatched,228.289
T1_divergence_unmatched,190.891
T1_divergence_unmatched,185.617
T1_divergence_unmatched,212.93
T1_divergence_unmatched,202.196
T1_divergence_unmatched,217.816
T1_divergence_unmatched,198.875
T1_divergence_unmatched,200.764
T1_divergence_unmatched,197.826
T1_divergence_unmatched,198.952
T1_divergence_unmatched,219.574
T1_divergence_unmatched,222.933
T1_divergence_unmatched,153.75
T1_divergence_unmatched,144.176
T1_divergence_unmatched,203.222
T1_divergence_unmatched,203.391
T1_divergence_unmatched,185.289
T1_divergence_unmatched,180.707
T1_divergence_unmatched,188.364
T1_divergence_unmatched,163.769
T1_divergence_unmatched,177.842
T1_divergence_unmatched,190.857
T1_divergence_unmatched,188.217
T1_divergence_unmatched,208.412
T1_divergence_unmatched,166.0
T1_divergence_unmatched,176.629
T1_divergence_unmatched,218.341
T1_divergence_unmatched,143.207
T1_divergence_unmatched,218.889
T1_divergence_unmatched,178.652
T1_divergence_unmatched,177.347
T1_divergence_unmatched,160.912
T1_divergence_unmatched,148.568
T1_divergence_unmatched,190.789
T1_divergence_unmatched,181.735
T1_divergence_unmatched,210.65
T1_divergence_unmatched,169.477
T1_divergence_unmatched,207.658
T1_divergence_unmatched,180.907
T1_divergence_unmatched,233.083
T1_divergence_unmatched,179.667
T1_divergence_unmatched,172.378
T1_divergence_unmatched,183.347
T1_divergence_unmatched,189.157
T1_divergence_unmatched,178.769
T1_divergence_unmatched,171.278
T1_divergence_unmatched,193.0
T1_divergence_unmatched,174.731
T1_divergence_unmatched,163.162
T1_divergence_unmatched,191.273
T1_divergence_unmatched,197.04
T1_divergence_unmatched,181.106
T1_divergence_unmatched,206.348
T1_divergence_unmatched,204.903
T1_divergence_unmatched,166.657
T1_divergence_unmatched,183.576
T1_divergence_unmatched,180.455
T1_divergence_unmatched,226.276
T1_divergence_unmatched,199.5
T1_divergence_unmatched,178.857
T1_divergence_unmatched,208.82
T1_divergence_unmatched,202.829
T1_divergence_unmatched,175.5
T1_divergence_unmatched,183.35
T1_divergence_unmatched,189.22
T1_divergence_unmatched,180.836
T1_divergence_unmatched,210.207
T1_divergence_unmatched,205.204
T1_divergence_unmatched,181.581
T1_divergence_unmatched,193.846
T1_divergence_unmatched,177.471
T1_divergence_unmatched,200.897
T1_divergence_unmatched,191.455
T1_divergence_unmatched,189.5
T1_divergence_unmatched,200.5
T1_divergence_unmatched,157.72
T1_divergence_unmatched,191.364
T1_divergence_unmatched,171.902
T1_divergence_unmatched,184.962
T1_divergence_unmatched,188.087
T1_divergence_unmatched,211.125
T1_divergence_unmatched,177.558
T1_divergence_unmatched,201.46
T1_divergence_unmatched,209.333
T1_divergence_unmatched,191.0
T1_divergence_unmatched,207.85
T1_divergence_unmatched,163.5
T1_divergence_unmatched,202.593
T1_divergence_unmatched,203.63
T1_divergence_unmatched,163.469
T1_divergence_unmatched,176.22
T1_divergence_unmatched,178.361
T1_divergence_unmatched,178.471
T1_divergence_unmatched,186.795
T1_divergence_unmatched,205.405
T1_divergence_unmatched,188.146
T1_divergence_unmatched,200.917
T1_divergence_unmatched,207.617
T1_divergence_unmatched,165.952
T1_divergence_unmatched,200.167
T1_divergence_unmatched,220.553
T1_divergence_unmatched,180.345
T1_divergence_unmatched,174.048
T1_divergence_unmatched,148.769
T1_divergence_unmatched,180.209
T1_divergence_unmatched,188.724
T1_divergence_unmatched,167.578
T1_divergence_unmatched,204.0
T1_divergence_unmatched,217.2
T1_divergence_unmatched,184.314
T1_divergence_unmatched,186.349
T1_divergence_unmatched,217.024
T1_divergence_unmatched,202.186
T1_divergence_unmatched,187.846
T1_divergence_unmatched,182.5
T1_divergence_unmatched,232.289
T1_divergence_unmatched,180.268
T1_divergence_unmatched,171.953
T1_divergence_unmatched,185.867
T1_divergence_unmatched,206.746
T1_divergence_unmatched,186.083
T1_divergence_unmatched,183.667
T1_divergence_unmatched,200.163
T1_divergence_unmatched,214.308
T1_divergence_unmatched,177.782
T1_divergence_unmatched,167.632
T1_divergence_unmatched,167.37
T1_divergence_unmatched,201.725
T1_divergence_unmatched,161.694
T1_divergence_unmatched,200.784
T1_divergence_unmatched,220.169
T1_divergence_unmatched,134.194
T1_divergence_unmatched,164.353
T1_divergence_unmatched,186.256
T1_divergence_unmatched,168.82
T1_divergence_unmatched,210.316
T1_divergence_unmatched,185.796
T1_divergence_unmatched,181.611
T1_divergence_unmatched,167.522
T1_divergence_unmatched,187.109
T1_divergence_unmatched,141.576
T1_divergence_unmatched,205.413
T1_divergence_unmatched,224.553
T1_divergence_unmatched,195.962
T1_divergence_unmatched,176.316
T1_divergence_unmatched,148.0
T1_divergence_unmatched,176.911
T1_divergence_unmatched,178.745
T1_divergence_unmatched,179.379
T1_divergence_unmatched,162.441
T1_divergence_unmatched,165.543
T1_divergence_unmatched,190.75
T1_divergence_unmatched,193.361
T1_divergence_unmatched,189.583
T1_divergence_unmatched,176.106
T1_divergence_unmatched,207.551
T1_divergence_unmatched,173.396
T1_divergence_unmatched,189.797
T1_divergence_unmatched,180.783
T1_divergence_unmatched,173.174
T1_divergence_unmatched,203.083
T1_divergence_unmatched,152.5
T1_divergence_unmatched,188.533
T1_divergence_unmatched,210.036
T1_divergence_unmatched,198.59
T1_divergence_unmatched,192.417
T1_divergence_unmatched,207.18
T1_divergence_unmatched,190.587
T1_divergence_unmatched,204.854
T1_divergence_unmatched,191.579
T1_divergence_unmatched,166.114
T1_divergence_unmatched,203.976
T1_divergence_unmatched,206.357
T1_divergence_unmatched,203.46
T1_divergence_unmatched,185.395
T1_divergence_unmatched,199.683
T1_divergence_unmatched,191.13
T1_divergence_unmatched,191.661
T1_divergence_unmatched,198.355
T1_divergence_unmatched,209.353
T1_divergence_unmatched,197.757
T1_divergence_unmatched,162.537
T1_divergence_unmatched,194.74
T1_divergence_unmatched,207.791
T1_divergence_unmatched,227.1
T1_divergence_unmatched,144.5
T1_divergence_unmatched,191.676
T1_divergence_unmatched,209.444
T1_divergence_unmatched,168.688
T1_divergence_unmatched,168.065
T1_divergence_unmatched,190.481
T1_divergence_unmatched,193.019
T1_divergence_unmatched,175.864
T1_divergence_unmatched,192.279
T1_divergence_unmatched,203.518
T1_divergence_unmatched,157.788
T1_divergence_unmatched,201.194
T1_divergence_unmatched,252.5
T1_divergence_unmatched,186.225
T1_divergence_unmatched,146.588
T1_divergence_unmatched,209.319
T1_divergence_unmatched,166.681
T1_divergence_unmatched,191.196
T1_divergence_unmatched,182.673
T1_divergence_unmatched,239.438
T1_divergence_unmatched,220.485
T1_divergence_unmatched,179.62
T1_divergence_unmatched,172.593
T1_divergence_unmatched,208.943
T1_divergence_unmatched,190.404
T1_divergence_unmatched,190.029
T1_divergence_unmatched,201.106
T1_divergence_unmatched,190.196
T1_divergence_unmatched,198.048
T1_divergence_unmatched,202.768
T1_divergence_unmatched,180.242
T1_divergence_unmatched,189.583
T1_divergence_unmatched,190.154
T1_divergence_unmatched,170.417
T1_divergence_unmatched,209.475
T1_divergence_unmatched,180.28
T1_divergence_unmatched,217.676
T1_divergence_unmatched,194.627
T1_divergence_unmatched,178.917
T1_divergence_unmatched,178.951
T1_divergence_unmatched,189.426
T1_divergence_unmatched,172.217
T1_divergence_unmatched,209.471
T1_divergence_unmatched,173.296
T1_divergence_unmatched,176.148
T1_divergence_unmatched,177.875
T1_divergence_unmatched,195.667
T1_divergence_unmatched,197.25
T1_divergence_unmatched,162.182
T1_divergence_unmatched,185.216
T1_divergence_unmatched,228.296
T1_divergence_unmatched,175.983
T1_divergence_unmatched,221.0
T1_divergence_unmatched,160.205
T1_divergence_unmatched,196.833
T1_divergence_unmatched,156.333
T1_divergence_unmatched,227.951
T1_divergence_unmatched,197.952
T1_divergence_unmatched,237.867
T1_divergence_unmatched,176.459
T1_divergence_unmatched,197.811
T1_divergence_unmatched,187.569
T1_divergence_unmatched,215.973
T1_divergence_unmatched,223.125
T1_divergence_unmatched,195.263
T1_divergence_unmatched,164.882
T1_divergence_unmatched,205.736
T1_divergence_unmatched,226.475
T1_divergence_unmatched,168.926
T1_divergence_unmatched,211.254
T1_divergence_unmatched,200.351
T1_divergence_unmatched,224.22
T1_divergence_unmatched,210.561
T1_divergence_unmatched,224.25
T1_divergence_unmatched,155.125
T1_divergence_unmatched,158.763
T1_divergence_unmatched,211.561
T1_divergence_unmatched,190.151
T1_divergence_unmatched,201.929
T1_divergence_unmatched,207.286
T1_divergence_unmatched,232.409
T1_divergence_unmatched,170.339
T1_divergence_unmatched,165.389
T1_divergence_unmatched,188.333
T1_divergence_unmatched,207.448
T1_divergence_unmatched,191.451
T1_divergence_unmatched,208.906
T1_divergence_unmatched,215.438
T1_divergence_unmatched,198.09
T1_divergence_unmatched,167.286
T1_divergence_unmatched,293.875
T1_divergence_unmatched,189.0
T1_divergence_unmatched,173.625
T1_divergence_unmatched,180.548
T1_divergence_unmatched,177.853
T1_divergence_unmatched,178.222
T1_divergence_unmatched,179.122
T1_divergence_unmatched,175.304
T1_divergence_unmatched,180.529
T1_divergence_unmatched,225.27
T1_divergence_unmatched,211.077
T1_divergence_unmatched,194.111
T1_divergence_unmatched,202.609
T1_divergence_unmatched,190.452
T1_divergence_unmatched,191.7
T1_divergence_unmatched,173.304
T1_divergence_unmatched,209.5
T1_divergence_unmatched,208.5
T1_divergence_unmatched,191.596
T1_divergence_unmatched,210.5
T1_divergence_unmatched,197.045
T1_divergence_unmatched,201.833
T1_divergence_unmatched,187.415
T1_divergence_unmatched,194.107
T1_divergence_unmatched,207.85
T1_divergence_unmatched,170.73
T1_divergence_unmatched,170.559
T1_divergence_unmatched,172.612
T1_divergence_unmatched,187.23
T1_divergence_unmatched,196.213
T1_divergence_unmatched,191.784
T1_divergence_unmatched,176.213
T1_divergence_unmatched,163.0
T1_divergence_unmatched,213.244
T1_divergence_unmatched,193.467
T1_divergence_unmatched,216.882
T1_divergence_unmatched,210.634
T1_divergence_unmatched,199.604
T1_divergence_unmatched,203.767
T1_divergence_unmatched,238.216
T1_divergence_unmatched,212.684
T1_divergence_unmatched,178.735
T1_divergence_unmatched,216.853
T1_divergence_unmatched,177.762
T1_divergence_unmatched,186.596
T1_divergence_unmatched,184.227
T1_divergence_unmatched,177.738
T1_divergence_unmatched,191.53
T1_divergence_unmatched,187.56
T1_divergence_unmatched,164.628
T1_divergence_unmatched,181.574
T1_divergence_unmatched,155.062
T1_divergence_unmatched,182.935
T1_divergence_unmatched,228.088
T1_divergence_unmatched,167.872
T1_divergence_unmatched,199.254
T1_divergence_unmatched,181.776
T1_divergence_unmatched,186.045
T1_divergence_unmatched,166.278
T1_divergence_unmatched,212.03
T1_divergence_unmatched,150.371
T1_divergence_unmatched,189.359
T1_divergence_unmatched,231.318
T1_divergence_unmatched,215.95
T1_divergence_unmatched,162.327
T1_divergence_unmatched,124.95
T1_divergence_unmatched,220.909
T1_divergence_unmatched,188.947
T1_divergence_unmatched,222.091
T1_divergence_unmatched,196.902
T1_divergence_unmatched,203.731
T1_divergence_unmatched,202.794
T1_divergence_unmatched,198.484
T1_divergence_unmatched,181.446
T1_divergence_unmatched,199.472
T1_divergence_unmatched,184.759
T1_divergence_unmatched,183.596
T1_divergence_unmatched,244.351
T1_divergence_unmatched,214.58
T1_divergence_unmatched,187.663
T1_divergence_unmatched,198.245
T1_divergence_unmatched,201.913
T1_divergence_unmatched,155.512
T1_divergence_unmatched,201.143
T1_divergence_unmatched,197.444
T1_divergence_unmatched,192.441
T1_divergence_unmatched,193.213
T1_divergence_unmatched,217.405
T1_divergence_unmatched,166.466
T1_divergence_unmatched,186.907
T1_divergence_unmatched,234.419
T1_divergence_unmatched,203.065
T1_divergence_unmatched,147.913
T1_divergence_unmatched,204.057
T1_divergence_unmatched,192.03
T1_divergence_unmatched,173.776
T1_divergence_unmatched,205.413
T1_divergence_unmatched,210.269
T1_divergence_unmatched,205.245
T1_divergence_unmatched,144.526
T1_divergence_unmatched,184.152
T1_divergence_unmatched,200.881
T1_divergence_unmatched,168.696
T1_divergence_unmatched,208.667
T1_divergence_unmatched,204.822
T1_divergence_unmatched,189.1
T1_divergence_unmatched,291.0
T1_divergence_unmatched,194.656
T1_divergence_unmatched,171.615
T1_divergence_unmatched,166.341
T1_divergence_unmatched,217.583
T1_divergence_unmatched,197.484
T1_divergence_unmatched,161.984
T1_divergence_unmatched,210.385
T1_divergence_unmatched,255.118
T1_divergence_unmatched,207.154
T1_divergence_unmatched,179.732
T1_divergence_unmatched,187.194
T1_divergence_unmatched,201.757
T1_divergence_unmatched,160.538
T1_divergence_unmatched,194.812
T1_divergence_unmatched,195.146
T1_divergence_unmatched,220.917
T1_divergence_unmatched,199.356
T1_divergence_unmatched,211.875
T1_divergence_unmatched,177.511
T1_divergence_unmatched,162.2
T1_divergence_unmatched,194.379
T1_divergence_unmatched,176.12
T1_divergence_unmatched,185.521
T1_divergence_unmatched,197.742
T1_divergence_unmatched,222.25
T1_divergence_unmatched,191.585
T1_divergence_unmatched,151.022
T1_divergence_unmatched,189.383
T1_divergence_unmatched,200.045
T1_divergence_unmatched,193.791
T1_divergence_unmatched,181.583
T1_divergence_unmatched,159.739
T1_divergence_unmatched,212.577
T1_divergence_unmatched,178.759
T1_divergence_unmatched,182.75
T1_divergence_unmatched,200.44
T1_divergence_unmatched,186.314
T1_divergence_unmatched,174.684
T1_divergence_unmatched,212.219
T1_divergence_unmatched,201.087
T1_divergence_unmatched,175.167
T1_divergence_unmatched,195.109
T1_divergence_unmatched,240.8
T1_divergence_unmatched,194.121
T1_divergence_unmatched,168.22
T1_divergence_unmatched,195.022
T1_divergence_unmatched,221.31
T1_divergence_unmatched,192.536
T1_divergence_unmatched,188.812
T1_divergence_unmatched,186.25
T1_divergence_unmatched,170.804
T1_divergence_unmatched,174.909
T1_divergence_unmatched,172.556
T1_divergence_unmatched,149.143
T1_divergence_unmatched,198.042
T1_divergence_unmatched,205.857
T1_divergence_unmatched,163.64
T1_divergence_unmatched,199.167
T1_divergence_unmatched,199.417
T1_divergence_unmatched,191.125
T1_divergence_unmatched,209.2
T1_divergence_unmatched,193.98
T1_divergence_unmatched,204.951
T1_divergence_unmatched,214.221
T1_divergence_unmatched,186.667
T1_divergence_unmatched,186.29
T1_divergence_unmatched,190.326
T1_divergence_unmatched,191.881
T1_divergence_unmatched,217.9
T1_divergence_unmatched,175.741
T1_divergence_unmatched,190.867
T1_divergence_unmatched,184.15
T1_divergence_unmatched,208.543
T1_divergence_unmatched,226.345
T1_divergence_unmatched,174.63
T1_divergence_unmatched,188.76
T1_divergence_unmatched,203.28
T1_divergence_unmatched,185.607
T1_divergence_unmatched,172.099
T1_divergence_unmatched,199.816
T1_divergence_unmatched,200.629
T1_divergence_unmatched,200.902
T1_divergence_unmatched,181.0
T1_divergence_unmatched,206.76
T1_divergence_unmatched,232.952
T1_divergence_unmatched,167.31
T1_divergence_unmatched,150.065
T1_divergence_unmatched,204.581
T1_divergence_unmatched,198.809
T1_divergence_unmatched,176.423
T1_divergence_unmatched,171.0
T1_divergence_unmatched,163.833
T1_divergence_unmatched,195.851
T1_divergence_unmatched,198.13
T1_divergence_unmatched,177.512
T1_divergence_unmatched,160.741
T1_divergence_unmatched,152.174
T1_divergence_unmatched,203.704
T1_divergence_unmatched,189.224
T1_divergence_unmatched,233.25
T1_divergence_unmatched,213.946
T1_divergence_unmatched,187.731
T1_divergence_unmatched,180.867
T1_divergence_unmatched,210.51
T1_divergence_unmatched,212.545
T1_divergence_unmatched,215.692
T1_divergence_unmatched,220.953
T1_divergence_unmatched,196.412
T1_divergence_unmatched,215.25
T1_divergence_unmatched,193.719
T1_divergence_unmatched,168.308
T1_divergence_unmatched,193.72
T1_divergence_unmatched,191.31
T1_divergence_unmatched,233.5
T1_divergence_unmatched,182.163
T1_divergence_unmatched,179.179
T1_divergence_unmatched,186.065
T1_divergence_unmatched,188.59
T1_divergence_unmatched,202.708
T1_divergence_unmatched,204.903
T1_divergence_unmatched,177.577
T1_divergence_unmatched,186.36
T1_divergence_unmatched,179.643
T1_divergence_unmatched,163.186
T1_divergence_unmatched,201.556
T1_divergence_unmatched,200.457
T1_divergence_unmatched,191.794
T1_divergence_unmatched,183.1
T1_divergence_unmatched,176.561
T1_divergence_unmatched,229.827
T1_divergence_unmatched,239.611
T1_divergence_unmatched,175.429
T1_divergence_unmatched,177.583
T1_divergence_unmatched,161.524
T1_divergence_unmatched,187.538
T1_divergence_unmatched,202.714
T1_divergence_unmatched,234.875
T1_divergence_unmatched,186.419
T1_divergence_unmatched,221.167
T1_divergence_unmatched,189.333
T1_divergence_unmatched,182.775
T1_divergence_unmatched,194.125
T1_divergence_unmatched,197.612
T1_divergence_unmatched,189.013
T1_divergence_unmatched,186.341
T1_divergence_unmatched,144.182
T1_divergence_unmatched,198.93
T1_divergence_unmatched,168.84
T1_divergence_unmatched,186.735
T1_divergence_unmatched,164.611
T1_divergence_unmatched,207.5
T1_divergence_unmatched,185.674
T1_divergence_unmatched,206.636
T1_divergence_unmatched,188.552
T1_divergence_unmatched,198.591
T1_divergence_unmatched,170.903
T1_divergence_unmatched,187.537
T1_divergence_unmatched,209.456
T1_divergence_unmatched,216.548
T1_divergence_unmatched,179.263
T1_divergence_unmatched,201.507
T1_divergence_unmatched,217.862
T1_divergence_unmatched,163.5
T1_divergence_unmatched,177.935
T1_divergence_unmatched,184.676
T1_divergence_unmatched,204.8
T1_divergence_unmatched,189.081
T1_divergence_unmatched,177.6
T1_divergence_unmatched,211.737
T1_divergence_unmatched,192.173
T1_divergence_unmatched,182.192
T1_divergence_unmatched,190.9
T1_divergence_unmatched,190.217
T1_divergence_unmatched,181.108
T1_divergence_unmatched,192.971
T1_divergence_unmatched,150.186
T1_divergence_unmatched,198.56
T1_divergence_unmatched,190.606
T1_divergence_unmatched,182.02
T1_divergence_unmatched,233.235
T1_divergence_unmatched,203.027
T1_divergence_unmatched,192.52
T1_divergence_unmatched,179.184
T1_divergence_unmatched,159.468
T1_divergence_unmatched,203.44
T1_divergence_unmatched,216.487
T1_divergence_unmatched,219.786
T1_divergence_unmatched,156.0
T1_divergence_unmatched,184.947
T1_divergence_unmatched,135.575
T1_divergence_unmatched,205.483
T1_divergence_unmatched,197.395
T1_divergence_unmatched,189.474
T1_divergence_unmatched,202.486
T1_divergence_unmatched,213.886
T1_divergence_unmatched,210.521
T1_divergence_unmatched,171.676
T1_divergence_unmatched,188.72
T1_divergence_unmatched,161.394
T1_divergence_unmatched,236.564
T1_divergence_unmatched,186.738
T1_divergence_unmatched,186.73
T1_divergence_unmatched,147.278
T1_divergence_unmatched,229.289
T1_divergence_unmatched,206.194
T1_divergence_unmatched,206.0
T1_divergence_unmatched,211.729
T1_divergence_unmatched,185.5
T1_divergence_unmatched,195.019
T1_divergence_unmatched,231.611
T1_divergence_unmatched,237.636
T1_divergence_unmatched,168.218
T1_divergence_unmatched,181.333
T1_divergence_unmatched,183.788
T1_divergence_unmatched,192.571
T1_divergence_unmatched,193.75
T1_divergence_unmatched,207.984
T1_divergence_unmatched,192.241
T1_divergence_unmatched,204.229
T1_divergence_unmatched,232.662
T1_divergence_unmatched,223.353
T1_divergence_unmatched,215.527
T1_divergence_unmatched,214.159
T1_divergence_unmatched,187.564
T1_divergence_unmatched,179.618
T1_divergence_unmatched,187.0
T1_divergence_unmatched,192.154
T1_divergence_unmatched,190.167
T1_divergence_unmatched,209.805
T1_divergence_unmatched,189.22
T1_divergence_unmatched,209.333
T1_divergence_unmatched,193.594
T1_divergence_unmatched,178.121
T1_divergence_unmatched,194.689
T1_divergence_unmatched,192.244
T1_divergence_unmatched,208.231
T1_divergence_unmatched,141.179
T1_divergence_unmatched,209.913
T1_divergence_unmatched,199.65
T1_divergence_unmatched,186.711
T1_divergence_unmatched,193.889
T1_divergence_unmatched,175.278
T1_divergence_unmatched,192.265
T1_divergence_unmatched,134.898
T1_divergence_unmatched,208.979
T1_divergence_unmatched,183.163
T1_divergence_unmatched,164.556
T1_divergence_unmatched,163.25
T1_divergence_unmatched,201.98
T1_divergence_unmatched,198.39
T1_divergence_unmatched,181.774
T1_divergence_unmatched,238.405
T1_divergence_unmatched,210.514
T1_divergence_unmatched,217.186
T1_divergence_unmatched,218.686
T1_divergence_unmatched,159.102
T1_divergence_unmatched,187.167
T1_divergence_unmatched,187.436
T1_divergence_unmatched,190.24
T1_divergence_unmatched,193.851
T1_divergence_unmatched,188.617
T1_divergence_unmatched,225.02
T1_divergence_unmatched,192.5
T1_divergence_unmatched,203.872
T1_divergence_unmatched,225.375
T1_divergence_unmatched,185.368
T1_divergence_unmatched,211.154
T1_divergence_unmatched,150.848
T1_divergence_unmatched,189.0
T1_divergence_unmatched,182.953
T1_divergence_unmatched,193.051
T1_divergence_unmatched,164.025
T1_divergence_unmatched,166.118
T1_divergence_unmatched,192.833
T1_divergence_unmatched,231.593
T1_divergence_unmatched,201.25
T1_divergence_unmatched,193.138
T1_divergence_unmatched,191.321
T1_divergence_unmatched,149.167
T1_divergence_unmatched,182.022
T1_divergence_unmatched,166.098
T1_divergence_unmatched,183.414
T1_divergence_unmatched,184.167
T1_divergence_unmatched,205.5
T1_divergence_unmatched,206.396
T1_divergence_unmatched,201.298
T1_divergence_unmatched,226.211
T1_divergence_unmatched,193.294
T1_divergence_unmatched,206.8
T1_divergence_unmatched,182.967
T1_divergence_unmatched,194.552
T1_divergence_unmatched,187.6
T1_divergence_unmatched,172.625
T1_divergence_unmatched,201.571
T1_divergence_unmatched,166.333
T1_divergence_unmatched,207.848
T1_divergence_unmatched,197.676
T1_divergence_unmatched,197.893
T1_divergence_unmatched,212.614
T1_divergence_unmatched,179.188
T1_divergence_unmatched,174.025
T1_divergence_unmatched,164.737
T1_divergence_unmatched,155.28
T1_divergence_unmatched,260.647
T1_divergence_unmatched,190.913
T1_divergence_unmatched,162.025
T1_divergence_unmatched,179.978
T1_divergence_unmatched,54.6
T1_divergence_unmatched,203.75
T1_divergence_unmatched,188.191
T1_divergence_unmatched,204.346
T1_divergence_unmatched,187.733
T1_divergence_unmatched,170.615
T1_divergence_unmatched,199.194
T1_divergence_unmatched,189.294
T1_divergence_unmatched,217.795
T1_divergence_unmatched,207.976
T1_divergence_unmatched,159.955
T1_divergence_unmatched,206.977
T1_divergence_unmatched,201.167
T1_divergence_unmatched,198.828
T1_divergence_unmatched,208.333
T1_divergence_unmatched,169.7
T1_divergence_unmatched,182.474
T1_divergence_unmatched,190.554
T1_divergence_unmatched,185.64
T1_divergence_unmatched,177.695
T1_divergence_unmatched,177.0
T1_divergence_unmatched,179.2
T1_divergence_unmatched,186.175
T1_divergence_unmatched,170.757
T1_divergence_unmatched,178.977
T1_divergence_unmatched,204.468
T1_divergence_unmatched,219.821
T1_divergence_unmatched,236.375
T1_divergence_unmatched,192.119
T1_divergence_unmatched,149.441
T1_divergence_unmatched,208.783
T1_divergence_unmatched,159.179
T1_divergence_unmatched,198.75
T1_divergence_unmatched,186.324
T1_divergence_unmatched,194.121
T1_divergence_unmatched,186.07
T1_divergence_unmatched,202.333
T1_divergence_unmatched,206.5
T1_divergence_unmatched,198.368
T1_divergence_unmatched,191.737
T1_divergence_unmatched,194.552
T1_divergence_unmatched,196.545
T1_divergence_unmatched,186.419
T1_divergence_unmatched,189.447
T1_divergence_unmatched,200.977
T1_divergence_unmatched,199.357
T1_divergence_unmatched,211.256
T1_divergence_unmatched,292.625
T1_divergence_unmatched,167.907
T1_divergence_unmatched,171.49
T1_divergence_unmatched,186.86
T1_divergence_unmatched,157.778
T1_divergence_unmatched,174.873
T1_divergence_unmatched,195.321
T1_divergence_unmatched,194.418
T1_divergence_unmatched,217.615
T1_divergence_unmatched,192.631
T1_divergence_unmatched,201.212
T1_divergence_unmatched,158.98
T1_divergence_unmatched,195.526
T1_divergence_unmatched,202.167
T1_divergence_unmatched,198.872
T1_divergence_unmatched,176.821
T1_divergence_unmatched,172.159
T1_divergence_unmatched,190.018
T1_divergence_unmatched,172.586
T1_divergence_unmatched,195.081
T1_divergence_unmatched,177.576
T1_divergence_unmatched,207.34
T1_divergence_unmatched,213.556
T1_divergence_unmatched,194.894
T1_divergence_unmatched,195.031
T1_divergence_unmatched,184.6
T1_divergence_unmatched,176.434
T1_divergence_unmatched,221.327
T1_divergence_unmatched,180.617
T1_divergence_unmatched,207.692
T1_divergence_unmatched,182.822
T1_divergence_unmatched,181.175
T1_divergence_unmatched,170.757
T1_divergence_unmatched,187.423
T1_divergence_unmatched,216.404
T1_divergence_unmatched,174.556
T1_divergence_unmatched,177.805
T1_divergence_unmatched,210.417
T1_divergence_unmatched,199.235
T1_divergence_unmatched,169.947
T1_divergence_unmatched,246.25
T1_divergence_unmatched,208.026
T1_divergence_unmatched,200.321
T1_divergence_unmatched,194.516
T1_divergence_unmatched,189.565
T1_divergence_unmatched,194.62
T1_divergence_unmatched,221.979
T1_divergence_unmatched,193.884
T1_divergence_unmatched,196.353
T1_divergence_unmatched,205.297
T1_divergence_unmatched,168.886
T1_divergence_unmatched,179.383
T1_divergence_unmatched,213.952
T1_divergence_unmatched,239.692
T1_divergence_unmatched,187.935
T1_divergence_unmatched,169.0
T1_divergence_unmatched,182.859
T1_divergence_unmatched,181.258
T1_divergence_unmatched,211.73
T1_divergence_unmatched,171.289
T1_divergence_unmatched,194.814
T1_divergence_unmatched,133.185
T1_divergence_unmatched,205.426
T1_divergence_unmatched,195.838
T1_divergence_unmatched,189.431
T1_divergence_unmatched,190.644
T1_divergence_unmatched,191.927
T1_divergence_unmatched,189.689
T1_divergence_unmatched,186.087
T1_divergence_unmatched,206.984
T1_divergence_unmatched,197.444
T1_divergence_unmatched,216.364
T1_divergence_unmatched,140.796
T1_divergence_unmatched,220.231
T1_divergence_unmatched,147.841
T1_divergence_unmatched,189.846
T1_divergence_unmatched,195.565
T1_divergence_unmatched,217.0
T1_divergence_unmatched,178.417
T1_divergence_unmatched,194.915
T1_divergence_unmatched,197.784
T1_divergence_unmatched,181.576
T1_divergence_unmatched,194.4
T1_divergence_unmatched,214.208
T1_divergence_unmatched,180.66
T1_divergence_unmatched,183.969
T1_divergence_unmatched,199.468
T1_divergence_unmatched,210.385
T1_divergence_unmatched,203.104
T1_divergence_unmatched,184.643
T1_divergence_unmatched,209.296
T1_divergence_unmatched,190.967
T1_divergence_unmatched,180.274
T1_divergence_unmatched,184.5
T1_divergence_unmatched,210.141
T1_divergence_unmatched,212.524
T1_divergence_unmatched,191.268
T1_divergence_unmatched,205.957
T1_divergence_unmatched,205.31
T1_divergence_unmatched,200.109
T1_divergence_unmatched,171.541
T1_divergence_unmatched,219.667
T1_divergence_unmatched,178.824
T1_divergence_unmatched,291.0
T1_divergence_unmatched,195.5
T1_divergence_unmatched,224.0
T1_divergence_unmatched,207.108
T1_divergence_unmatched,205.815
T1_divergence_unmatched,188.262
T1_divergence_unmatched,223.641
T1_divergence_unmatched,177.103
T1_divergence_unmatched,186.068
T1_divergence_unmatched,202.4
T1_divergence_unmatched,193.694
T1_divergence_unmatched,162.14
T1_divergence_unmatched,198.795
T1_divergence_unmatched,154.853
T1_divergence_unmatched,157.29
T1_divergence_unmatched,209.536
T1_divergence_unmatched,188.88
T1_divergence_unmatched,185.103
T1_divergence_unmatched,184.447
T1_divergence_unmatched,186.632
T1_divergence_unmatched,205.434
T1_divergence_unmatched,186.658
T1_divergence_unmatched,181.196
T1_divergence_unmatched,194.933
T1_divergence_unmatched,209.457
T1_divergence_unmatched,203.426
T1_divergence_unmatched,185.38
T1_divergence_unmatched,187.434
T1_divergence_unmatched,191.868
T1_divergence_unmatched,203.518
T1_divergence_unmatched,195.087
T1_divergence_unmatched,169.796
T1_divergence_unmatched,233.364
T1_divergence_unmatched,167.778
T1_divergence_unmatched,203.12
T1_divergence_unmatched,189.619
T1_divergence_unmatched,167.565
T1_divergence_unmatched,162.225
T1_divergence_unmatched,204.688
T1_divergence_unmatched,195.607
T1_divergence_unmatched,177.273
T1_divergence_unmatched,240.439
T1_divergence_unmatched,186.98
T1_divergence_unmatched,181.96
T1_divergence_unmatched,219.387
T1_divergence_unmatched,171.39
T1_divergence_unmatched,210.366
T1_divergence_unmatched,194.75
T1_divergence_unmatched,200.0
T1_divergence_unmatched,183.394
T1_divergence_unmatched,207.629
T1_divergence_unmatched,241.444
T1_divergence_unmatched,188.81
T1_divergence_unmatched,191.56
T1_divergence_unmatched,180.968
T1_divergence_unmatched,172.654
T1_divergence_unmatched,207.962
T1_divergence_unmatched,204.106
T1_divergence_unmatched,192.091
T1_divergence_unmatched,172.544
T1_divergence_unmatched,192.371
T1_divergence_unmatched,184.191
T1_divergence_unmatched,164.935
T1_divergence_unmatched,163.225
T1_divergence_unmatched,180.846
T1_divergence_unmatched,180.085
T1_divergence_unmatched,165.578
T1_divergence_unmatched,194.931
T1_divergence_unmatched,187.714
T1_divergence_unmatched,179.51
T1_divergence_unmatched,216.087
T1_divergence_unmatched,164.684
T1_divergence_unmatched,190.293
T1_divergence_unmatched,150.25
T1_divergence_unmatched,191.422
T1_divergence_unmatched,199.386
T1_divergence_unmatched,173.596
T1_divergence_unmatched,159.581
T1_divergence_unmatched,183.545
T1_divergence_unmatched,178.521
T1_divergence_unmatched,171.875
T1_divergence_unmatched,168.405
T1_divergence_unmatched,171.457
T1_divergence_unmatched,194.765
T1_divergence_unmatched,203.256
T1_divergence_unmatched,234.737
T1_divergence_unmatched,167.935
T1_divergence_unmatched,166.464
T1_divergence_unmatched,168.333
T1_divergence_unmatched,222.241
T1_divergence_unmatched,206.972
T1_divergence_unmatched,191.152
T1_divergence_unmatched,196.341
T1_divergence_unmatched,256.115
T1_divergence_unmatched,210.407
T1_divergence_unmatched,161.153
T1_divergence_unmatched,194.773
T1_divergence_unmatched,188.234
T1_divergence_unmatched,154.75
T1_divergence_unmatched,168.346
T1_divergence_unmatched,217.923
T1_divergence_unmatched,184.571
T1_divergence_unmatched,197.408
T1_divergence_unmatched,156.239
T1_divergence_unmatched,165.902
T1_divergence_unmatched,215.065
T1_divergence_unmatched,208.676
T1_divergence_unmatched,196.027
T1_divergence_unmatched,174.552
T1_divergence_unmatched,183.333
T1_divergence_unmatched,189.308
T1_divergence_unmatched,165.178
T1_divergence_unmatched,170.319
T1_divergence_unmatched,217.824
T1_divergence_unmatched,171.933
T1_divergence_unmatched,170.889
T1_divergence_unmatched,195.103
T1_divergence_unmatched,192.205
T1_divergence_unmatched,188.154
T1_divergence_unmatched,210.537
T1_divergence_unmatched,225.8
T1_divergence_unmatched,249.48
T1_divergence_unmatched,215.325
T1_divergence_unmatched,207.17
T1_divergence_unmatched,181.162
T1_divergence_unmatched,212.312
T1_divergence_unmatched,190.441
T1_divergence_unmatched,183.968
T1_divergence_unmatched,208.302
T1_divergence_unmatched,204.6
T1_divergence_unmatched,177.487
T1_divergence_unmatched,171.359
T1_divergence_unmatched,179.186
T1_divergence_unmatched,176.5
T1_divergence_unmatched,179.193
T1_divergence_unmatched,200.093
T1_divergence_unmatched,177.366
T1_divergence_unmatched,189.651
T1_divergence_unmatched,238.241
T1_divergence_unmatched,197.344
T1_divergence_unmatched,205.778
T1_divergence_unmatched,171.093
T1_divergence_unmatched,199.417
T1_divergence_unmatched,180.857
T1_divergence_unmatched,194.222
T1_divergence_unmatched,201.421
T1_divergence_unmatched,191.781
T1_divergence_unmatched,171.5
T1_divergence_unmatched,192.873
T1_divergence_unmatched,193.237
T1_divergence_unmatched,192.889
T1_divergence_unmatched,210.818
T1_divergence_unmatched,247.778
T1_divergence_unmatched,197.6
T1_divergence_unmatched,205.0
T1_divergence_unmatched,214.367
T1_divergence_unmatched,229.214
T1_divergence_unmatched,200.823
T1_divergence_unmatched,133.491
T1_divergence_unmatched,191.109
T1_divergence_unmatched,238.4
T1_divergence_unmatched,179.377
T1_divergence_unmatched,193.941
T1_divergence_unmatched,191.091
T1_divergence_unmatched,154.677
T1_divergence_unmatched,178.771
T1_divergence_unmatched,185.911
T1_divergence_unmatched,197.193
T1_divergence_unmatched,202.814
T1_divergence_unmatched,162.469
T1_divergence_unmatched,191.771
T1_divergence_unmatched,162.696
T1_divergence_unmatched,196.55
T1_divergence_unmatched,191.0
T1_divergence_unmatched,200.029
T1_divergence_unmatched,170.444
T1_divergence_unmatched,173.052
T1_divergence_unmatched,227.185
T1_divergence_unmatched,207.0
T1_divergence_unmatched,183.385
T1_divergence_unmatched,204.692
T1_divergence_unmatched,201.524
T1_divergence_unmatched,207.742
T1_divergence_unmatched,198.224
T1_divergence_unmatched,202.842
T1_divergence_unmatched,200.395
T1_divergence_unmatched,188.349
T1_divergence_unmatched,174.231
T1_divergence_unmatched,55.8333
T1_divergence_unmatched,173.143
T1_divergence_unmatched,186.585
T1_divergence_unmatched,204.714
T1_divergence_unmatched,185.708
T1_divergence_unmatched,175.435
T1_divergence_unmatched,190.822
T1_divergence_unmatched,174.02
T1_divergence_unmatched,186.35
T1_divergence_unmatched,193.657
T1_divergence_unmatched,181.645
T1_divergence_unmatched,167.704
T1_divergence_unmatched,229.375
T1_divergence_unmatched,195.583
T1_divergence_unmatched,181.378
T1_divergence_unmatched,169.371
T1_divergence_unmatched,190.8
T1_divergence_unmatched,162.435
T1_divergence_unmatched,195.84
T1_divergence_unmatched,197.312
T1_divergence_unmatched,164.615
T1_divergence_unmatched,195.094
T1_divergence_unmatched,226.1
T1_divergence_unmatched,232.471
T1_divergence_unmatched,196.377
T1_divergence_unmatched,167.407
T1_divergence_unmatched,194.865
T1_divergence_unmatched,167.645
T1_divergence_unmatched,193.857
T1_divergence_unmatched,190.439
T1_divergence_unmatched,222.872
T1_divergence_unmatched,168.06
T1_divergence_unmatched,192.755
T1_divergence_unmatched,194.523
T1_divergence_unmatched,171.519
T1_divergence_unmatched,195.775
T1_divergence_unmatched,196.217
T1_divergence_unmatched,205.116
T1_divergence_unmatched,190.02
T1_divergence_unmatched,198.917
T1_divergence_unmatched,215.732
T1_divergence_unmatched,195.68
T1_divergence_unmatched,182.081
T1_divergence_unmatched,170.038
T1_divergence_unmatched,197.714
T1_divergence_unmatched,199.08
T1_divergence_unmatched,173.897
T1_divergence_unmatched,225.712
T1_divergence_unmatched,181.824
T1_divergence_unmatched,201.054
T1_divergence_unmatched,211.394
T1_divergence_unmatched,185.889
T1_divergence_unmatched,171.818
T1_divergence_unmatched,172.176
T1_divergence_unmatched,191.875
T1_divergence_unmatched,190.135
T1_divergence_unmatched,182.667
T1_divergence_unmatched,197.432
T1_divergence_unmatched,201.667
T1_divergence_unmatched,200.365
T1_divergence_unmatched,184.222
T1_divergence_unmatched,224.455
T1_divergence_unmatched,193.889
T1_divergence_unmatched,194.711
T1_divergence_unmatched,184.128
T1_divergence_unmatched,202.972
T1_divergence_unmatched,187.649
T1_divergence_unmatched,206.315
T1_divergence_unmatched,170.641
T1_divergence_unmatched,219.145
T1_divergence_unmatched,171.941
T1_divergence_unmatched,168.731
T1_divergence_unmatched,155.727
T1_divergence_unmatched,208.333
T1_divergence_unmatched,198.091
T1_divergence_unmatched,176.152
T1_divergence_unmatched,189.026
T1_divergence_unmatched,196.861
T1_divergence_unmatched,206.312
T1_divergence_unmatched,165.558
T1_divergence_unmatched,162.163
T1_divergence_unmatched,173.024
T1_divergence_unmatched,188.267
T1_divergence_unmatched,184.0
T1_divergence_unmatched,179.444
T1_divergence_unmatched,166.789
T1_divergence_unmatched,186.217
T1_divergence_unmatched,180.13
T1_divergence_unmatched,169.627
T1_divergence_unmatched,197.614
T1_divergence_unmatched,184.241
T1_divergence_unmatched,205.92
T1_divergence_unmatched,184.69
T1_divergence_unmatched,202.135
T1_divergence_unmatched,193.295
T1_divergence_unmatched,181.512
T1_divergence_unmatched,177.767
T1_divergence_unmatched,174.529
T1_divergence_unmatched,198.355
T1_divergence_unmatched,172.618
T1_divergence_unmatched,245.0
T1_divergence_unmatched,185.818
T1_divergence_unmatched,184.15
T1_divergence_unmatched,190.442
T1_divergence_unmatched,172.333
T1_divergence_unmatched,251.48
T1_divergence_unmatched,205.696
T1_divergence_unmatched,197.486
T1_divergence_unmatched,186.064
T1_divergence_unmatched,216.464
T1_divergence_unmatched,181.16
T1_divergence_unmatched,183.17
T1_divergence_unmatched,200.429
T1_divergence_unmatched,197.6
T1_divergence_unmatched,186.8
T1_divergence_unmatched,165.571
T1_divergence_unmatched,208.255
T1_divergence_unmatched,198.289
T1_divergence_unmatched,208.724
T1_divergence_unmatched,210.568
T1_divergence_unmatched,198.932
T1_divergence_unmatched,246.308
T1_divergence_unmatched,214.19
T1_divergence_unmatched,208.74
T1_divergence_unmatched,194.933
T1_divergence_unmatched,177.031
T1_divergence_unmatched,180.769
T1_divergence_unmatched,219.571
T1_divergence_unmatched,195.094
T1_divergence_unmatched,152.8
T1_divergence_unmatched,207.027
T1_divergence_unmatched,123.111
T1_divergence_unmatched,221.22
T1_divergence_unmatched,153.595
T1_divergence_unmatched,173.917
T1_divergence_unmatched,232.161
T1_divergence_unmatched,178.667
T1_divergence_unmatched,208.613
T1_divergence_unmatched,193.868
T1_divergence_unmatched,177.073
T1_divergence_unmatched,174.744
T1_divergence_unmatched,204.029
T1_divergence_unmatched,158.963
T1_divergence_unmatched,205.879
T1_divergence_unmatched,171.943
T1_divergence_unmatched,185.059
T1_divergence_unmatched,197.16
T1_divergence_unmatched,192.306
T1_divergence_unmatched,225.553
T1_divergence_unmatched,213.065
T1_divergence_unmatched,165.065
T1_divergence_unmatched,177.34
T1_divergence_unmatched,165.658
T1_divergence_unmatched,191.925
T1_divergence_unmatched,146.377
T1_divergence_unmatched,191.955
T1_divergence_unmatched,183.184
T1_divergence_unmatched,205.229
T1_divergence_unmatched,158.414
T1_divergence_unmatched,152.526
T1_divergence_unmatched,181.265
T1_divergence_unmatched,191.0
T1_divergence_unmatched,146.273
T1_divergence_unmatched,183.805
T1_divergence_unmatched,221.788
T1_divergence_unmatched,166.449
T1_divergence_unmatched,138.484
T1_divergence_unmatched,195.255
T1_divergence_unmatched,161.611
T1_divergence_unmatched,203.532
T1_divergence_unmatched,201.75
T1_divergence_unmatched,210.762
T1_divergence_unmatched,202.468
T1_divergence_unmatched,195.743
T1_divergence_unmatched,184.609
T1_divergence_unmatched,150.286
T1_divergence_unmatched,198.333
T1_divergence_unmatched,232.361
T1_divergence_unmatched,168.649
T1_divergence_unmatched,202.02
T1_divergence_unmatched,218.647
T1_divergence_unmatched,167.025
T1_divergence_unmatched,159.953
T1_divergence_unmatched,226.769
T1_divergence_unmatched,192.073
T1_divergence_unmatched,191.547
T1_divergence_unmatched,198.114
T1_divergence_unmatched,201.824
T1_divergence_unmatched,192.156
T1_divergence_unmatched,163.404
T1_divergence_unmatched,182.111
T1_divergence_unmatched,171.5
T1_divergence_unmatched,159.625
T1_divergence_unmatched,183.65
T1_divergence_unmatched,174.951
T1_divergence_unmatched,212.412
T1_divergence_unmatched,210.0
T1_divergence_unmatched,210.412
T1_divergence_unmatched,186.7
T1_divergence_unmatched,220.048
T1_divergence_unmatched,172.971
T1_divergence_unmatched,202.979
T1_divergence_unmatched,239.5
T1_divergence_unmatched,175.947
T1_divergence_unmatched,189.857
T1_divergence_unmatched,157.361
T1_divergence_unmatched,202.034
T1_divergence_unmatched,206.925
T1_divergence_unmatched,174.25
T1_divergence_unmatched,200.161
T1_divergence_unmatched,169.579
T1_divergence_unmatched,184.667
T1_divergence_unmatched,200.61
T1_divergence_unmatched,199.09
T1_divergence_unmatched,196.236
T1_divergence_unmatched,181.164
T1_divergence_unmatched,197.371
T1_divergence_unmatched,197.208
T1_divergence_unmatched,197.836
T1_divergence_unmatched,197.878
T1_divergence_unmatched,201.392
T1_divergence_unmatched,188.043
T1_divergence_unmatched,175.444
T1_divergence_unmatched,178.5
T1_divergence_unmatched,223.123
T1_divergence_unmatched,186.492
T1_divergence_unmatched,201.857
T1_divergence_unmatched,219.48
T1_divergence_unmatched,206.652
T1_divergence_unmatched,210.447
T1_divergence_unmatched,218.535
T1_divergence_unmatched,193.324
T1_divergence_unmatched,188.25
T1_divergence_unmatched,211.622
T1_divergence_unmatched,160.283
T1_divergence_unmatched,169.439
T1_divergence_unmatched,203.536
T1_divergence_unmatched,187.423
T1_divergence_unmatched,182.971
T1_divergence_unmatched,176.806
T1_divergence_unmatched,208.649
T1_divergence_unmatched,159.533
T1_divergence_unmatched,144.344
T1_divergence_unmatched,168.674
T1_divergence_unmatched,194.103
T1_divergence_unmatched,188.397
T1_divergence_unmatched,173.476
T1_divergence_unmatched,215.926
T1_divergence_unmatched,193.93
T1_divergence_unmatched,242.973
T1_divergence_unmatched,190.366
T1_divergence_unmatched,235.6
T1_divergence_unmatched,195.444
T1_divergence_unmatched,193.796
T1_divergence_unmatched,185.114
T1_divergence_unmatched,200.577
T1_divergence_unmatched,186.482
T1_divergence_unmatched,184.657
T1_divergence_unmatched,189.233
T1_divergence_unmatched,293.875
T1_divergence_unmatched,205.898
T1_divergence_unmatched,211.73
T1_divergence_unmatched,150.349
T1_divergence_unmatched,230.233
T1_divergence_unmatched,187.54
T1_divergence_unmatched,219.794
T1_divergence_unmatched,216.026
T1_divergence_unmatched,180.047
T1_divergence_unmatched,181.863
T1_divergence_unmatched,210.185
T1_divergence_unmatched,194.27
T1_divergence_unmatched,190.514
T1_divergence_unmatched,207.375
T1_divergence_unmatched,169.31
T1_divergence_unmatched,172.867
T1_divergence_unmatched,191.103
T1_divergence_unmatched,195.837
T1_divergence_unmatched,170.467
T1_divergence_unmatched,177.797
T1_divergence_unmatched,192.146
T1_divergence_unmatched,189.912
T1_divergence_unmatched,198.143
T1_divergence_unmatched,215.222
T1_divergence_unmatched,168.319
T1_divergence_unmatched,193.342
T1_divergence_unmatched,172.167
T1_divergence_unmatched,214.407
T1_divergence_unmatched,207.409
T1_divergence_unmatched,188.348
T1_divergence_unmatched,177.163
T1_divergence_unmatched,207.55
T1_divergence_unmatched,206.133
T1_divergence_unmatched,153.512
T1_divergence_unmatched,193.02
T1_divergence_unmatched,166.97
T1_divergence_unmatched,184.088
T1_divergence_unmatched,175.114
T1_divergence_unmatched,166.732
T1_divergence_unmatched,177.968
T1_divergence_unmatched,188.469
T1_divergence_unmatched,157.22
T1_divergence_unmatched,187.2
T1_divergence_unmatched,176.286
T1_divergence_unmatched,166.296
T1_divergence_unmatched,210.0
T1_divergence_unmatched,219.923
T1_divergence_unmatched,213.878
T1_divergence_unmatched,186.735
T1_divergence_unmatched,174.586
T1_divergence_unmatched,178.429
T1_divergence_unmatched,207.457
T1_divergence_unmatched,184.048
T1_divergence_unmatched,182.556
T1_divergence_unmatched,202.357
T1_divergence_unmatched,184.725
T1_divergence_unmatched,176.208
T1_divergence_unmatched,223.312
T1_divergence_unmatched,200.229
T1_divergence_unmatched,186.829
T1_divergence_unmatched,196.84
T1_divergence_unmatched,165.677
T1_divergence_unmatched,196.5
T1_divergence_unmatched,198.321
T1_divergence_unmatched,188.444
T1_divergence_unmatched,291.267
T1_divergence_unmatched,168.303
T1_divergence_unmatched,211.375
T1_divergence_unmatched,185.98
T1_divergence_unmatched,205.226
T1_divergence_unmatched,164.295
T1_divergence_unmatched,175.345
T1_divergence_unmatched,189.029
T1_divergence_unmatched,164.018
T1_divergence_unmatched,189.133
T1_divergence_unmatched,215.403
T1_divergence_unmatched,182.095
T1_divergence_unmatched,177.412
T1_divergence_unmatched,193.9
T1_divergence_unmatched,211.789
T1_divergence_unmatched,191.56
T1_divergence_unmatched,154.743
T1_divergence_unmatched,189.938
T1_divergence_unmatched,204.854
T1_divergence_unmatched,162.889
T1_divergence_unmatched,181.844
T1_divergence_unmatched,178.098
T1_divergence_unmatched,196.542
T1_divergence_unmatched,157.594
T1_divergence_unmatched,185.44
T1_divergence_unmatched,176.537
T1_divergence_unmatched,160.705
T1_divergence_unmatched,171.846
T1_divergence_unmatched,197.789
T1_divergence_unmatched,189.578
T1_divergence_unmatched,143.582
T1_divergence_unmatched,179.159
T1_divergence_unmatched,204.4
T1_divergence_unmatched,188.929
T1_divergence_unmatched,184.246
T1_divergence_unmatched,188.227
T1_divergence_unmatched,179.184
T1_divergence_unmatched,198.714
T1_divergence_unmatched,231.294
T1_divergence_unmatched,173.25
T1_divergence_unmatched,194.256
T1_divergence_unmatched,181.929
T1_divergence_unmatched,208.384
T1_divergence_unmatched,174.521
T1_divergence_unmatched,29.2222
T1_divergence_unmatched,197.583
T1_divergence_unmatched,191.37
T1_divergence_unmatched,174.765
T1_divergence_unmatched,201.797
T1_divergence_unmatched,226.105
T1_divergence_unmatched,211.188
T1_divergence_unmatched,183.077
T1_divergence_unmatched,176.912
T1_divergence_unmatched,192.948
T1_divergence_unmatched,185.479
T1_divergence_unmatched,165.512
T1_divergence_unmatched,186.12
T1_divergence_unmatched,207.433
T1_divergence_unmatched,203.441
T1_divergence_unmatched,216.911
T1_divergence_unmatched,188.217
T1_divergence_unmatched,222.525
T1_divergence_unmatched,171.088
T1_divergence_unmatched,226.773
T1_divergence_unmatched,221.915
T1_divergence_unmatched,176.935
T1_divergence_unmatched,175.775
T1_divergence_unmatched,180.182
T1_divergence_unmatched,191.255
T1_divergence_unmatched,188.435
T1_divergence_unmatched,163.897
T1_divergence_unmatched,184.312
T1_divergence_unmatched,200.638
T1_divergence_unmatched,163.58
T1_divergence_unmatched,197.854
T1_divergence_unmatched,222.824
T1_divergence_unmatched,184.286
T1_divergence_unmatched,163.772
T1_divergence_unmatched,199.329
T1_divergence_unmatched,221.087
T1_divergence_unmatched,234.952
T1_divergence_unmatched,208.536
T1_divergence_unmatched,191.061
T1_divergence_unmatched,192.1
T1_divergence_unmatched,176.92
T1_divergence_unmatched,182.846
T1_divergence_unmatched,36.25
T1_divergence_unmatched,168.095
T1_divergence_unmatched,211.55
T1_divergence_unmatched,199.632
T1_divergence_unmatched,195.242
T1_divergence_unmatched,220.179
T1_divergence_unmatched,153.1
T1_divergence_unmatched,190.722
T1_divergence_unmatched,211.824
T1_divergence_unmatched,194.208
T1_divergence_unmatched,176.339
T1_divergence_unmatched,155.618
T1_divergence_unmatched,182.259
T1_divergence_unmatched,219.29
T1_divergence_unmatched,201.5
T1_divergence_unmatched,171.343
T1_divergence_unmatched,183.809
T1_divergence_unmatched,202.114
T1_divergence_unmatched,186.739
T1_divergence_unmatched,229.828
T1_divergence_unmatched,210.576
T1_divergence_unmatched,187.738
T1_divergence_unmatched,194.029
T1_divergence_unmatched,226.333
T1_divergence_unmatched,171.1
T1_divergence_unmatched,188.837
T1_divergence_unmatched,162.091
T1_divergence_unmatched,157.537
T1_divergence_unmatched,165.792
T1_divergence_unmatched,183.175
T1_divergence_unmatched,178.804
T1_divergence_unmatched,176.018
T1_divergence_unmatched,208.702
T1_divergence_unmatched,233.79
T1_divergence_unmatched,183.756
T1_divergence_unmatched,169.955
T1_divergence_unmatched,179.98
T1_divergence_unmatched,183.023
T1_divergence_unmatched,219.2
T1_divergence_unmatched,161.179
T1_divergence_unmatched,187.303
T1_divergence_unmatched,187.339
T1_divergence_unmatched,167.579
T1_divergence_unmatched,211.978
T1_divergence_unmatched,182.778
T1_divergence_unmatched,221.45
T1_divergence_unmatched,182.778
T1_divergence_unmatched,167.259
T1_divergence_unmatched,172.906
T1_divergence_unmatched,145.135
T1_divergence_unmatched,199.25
T1_divergence_unmatched,196.979
T1_divergence_unmatched,173.341
T1_divergence_unmatched,189.967
T1_divergence_unmatched,175.327
T1_divergence_unmatched,190.677
T1_divergence_unmatched,187.256
T1_divergence_unmatched,212.355
T1_divergence_unmatched,222.939
T1_divergence_unmatched,177.415
T1_divergence_unmatched,191.9
T1_divergence_unmatched,200.559
T1_divergence_unmatched,184.524
T1_divergence_unmatched,203.689
T1_divergence_unmatched,188.122
T1_divergence_unmatched,182.531
T1_divergence_unmatched,203.132
T1_divergence_unmatched,179.911
T1_divergence_unmatched,151.912
T1_divergence_unmatched,206.333
T1_divergence_unmatched,221.697
T1_divergence_unmatched,159.917
T1_divergence_unmatched,203.047
T1_divergence_unmatched,183.231
T1_divergence_unmatched,191.571
T1_divergence_unmatched,215.6
T1_divergence_unmatched,194.538
T1_divergence_unmatched,179.316
T1_divergence_unmatched,199.644
T1_divergence_unmatched,218.108
T1_divergence_unmatched,184.767
T1_divergence_unmatched,188.362
T1_divergence_unmatched,186.8
T1_divergence_unmatched,180.837
T1_divergence_unmatched,199.177
T1_divergence_unmatched,244.632
T1_divergence_unmatched,214.0
T1_divergence_unmatched,207.217
T1_divergence_unmatched,187.119
T1_divergence_unmatched,195.0
T1_divergence_unmatched,222.462
T1_divergence_unmatched,177.385
T1_divergence_unmatched,214.314
T1_divergence_unmatched,220.036
T1_divergence_unmatched,200.26
T1_divergence_unmatched,203.378
T1_divergence_unmatched,169.256
T1_divergence_unmatched,182.83
T1_divergence_unmatched,199.45
T1_divergence_unmatched,185.452
T1_divergence_unmatched,209.796
T1_divergence_unmatched,201.544
T1_divergence_unmatched,194.452
T1_divergence_unmatched,185.405
T1_divergence_unmatched,215.659
T1_divergence_unmatched,208.815
T1_divergence_unmatched,193.51
T1_divergence_unmatched,214.182
T1_divergence_unmatched,186.5
T1_divergence_unmatched,164.406
T1_divergence_unmatched,177.828
T1_divergence_unmatched,164.278
T1_divergence_unmatched,176.197
T1_divergence_unmatched,186.264
T1_divergence_unmatched,209.282
T1_divergence_unmatched,201.603
T1_divergence_unmatched,175.762
T1_divergence_unmatched,195.857
T1_divergence_unmatched,201.825
T1_divergence_unmatched,204.737
T1_divergence_unmatched,176.683
T1_divergence_unmatched,165.71
T1_divergence_unmatched,175.857
T1_divergence_unmatched,179.974
T1_divergence_unmatched,201.868
T1_divergence_unmatched,202.953
T1_divergence_unmatched,212.827
T1_divergence_unmatched,248.932
T1_divergence_unmatched,190.109
T1_divergence_unmatched,180.971
T1_divergence_unmatched,188.0
T1_divergence_unmatched,195.083
T1_divergence_unmatched,186.211
T1_divergence_unmatched,185.129
T1_divergence_unmatched,185.261
T1_divergence_unmatched,190.036
T1_divergence_unmatched,191.705
T1_divergence_unmatched,145.604
T1_divergence_unmatched,158.257
T1_divergence_unmatched,202.607
T1_divergence_unmatched,208.674
T1_divergence_unmatched,191.935
T1_divergence_unmatched,179.294
T1_divergence_unmatched,200.045
T1_divergence_unmatched,174.14
T1_divergence_unmatched,179.778
T1_divergence_unmatched,210.704
T1_divergence_unmatched,188.435
T1_divergence_unmatched,191.769
T1_divergence_unmatched,223.844
T1_divergence_unmatched,204.075
T1_divergence_unmatched,213.033
T1_divergence_unmatched,205.075
T1_divergence_unmatched,194.269
T1_divergence_unmatched,210.097
T1_divergence_unmatched,156.613
T1_divergence_unmatched,221.75
T1_divergence_unmatched,199.327
T1_divergence_unmatched,214.926
T1_divergence_unmatched,178.604
T1_divergence_unmatched,182.413
T1_divergence_unmatched,201.714
T1_divergence_unmatched,184.167
T1_divergence_unmatched,183.811
T1_divergence_unmatched,183.511
T1_divergence_unmatched,197.692
T1_divergence_unmatched,174.625
T1_divergence_unmatched,205.442
T1_divergence_unmatched,176.104
T1_divergence_unmatched,198.881
T1_divergence_unmatched,195.048
T1_divergence_unmatched,201.76
T1_divergence_unmatched,189.103
T1_divergence_unmatched,219.476
T1_divergence_unmatched,154.269
T1_divergence_unmatched,177.395
T1_divergence_unmatched,184.973
T1_divergence_unmatched,206.471
T1_divergence_unmatched,175.583
T1_divergence_unmatched,190.667
T1_divergence_unmatched,182.407
T1_divergence_unmatched,223.128
T1_divergence_unmatched,214.735
T1_divergence_unmatched,158.03
T1_divergence_unmatched,186.0
T1_divergence_unmatched,182.278
T1_divergence_unmatched,195.591
T1_divergence_unmatched,184.78
T1_divergence_unmatched,175.586
T1_divergence_unmatched,181.341
T1_divergence_unmatched,175.851
T1_divergence_unmatched,200.53
T1_divergence_unmatched,192.861
T1_divergence_unmatched,185.6
T1_divergence_unmatched,210.667
T1_divergence_unmatched,207.515
T1_divergence_unmatched,191.263
T1_divergence_unmatched,175.489
T1_divergence_unmatched,171.15
T1_divergence_unmatched,170.465
T1_divergence_unmatched,204.933
T1_divergence_unmatched,196.369
T1_divergence_unmatched,206.35
T1_divergence_unmatched,186.145
T1_divergence_unmatched,234.379
T1_divergence_unmatched,207.629
T1_divergence_unmatched,182.0
T1_divergence_unmatched,184.6
T1_divergence_unmatched,195.526
T1_divergence_unmatched,185.859
T1_divergence_unmatched,175.195
T1_divergence_unmatched,243.257
T1_divergence_unmatched,179.812
T1_divergence_unmatched,169.019
T1_divergence_unmatched,174.431
T1_divergence_unmatched,179.963
T1_divergence_unmatched,198.029
T1_divergence_unmatched,181.179
T1_divergence_unmatched,182.587
T1_divergence_unmatched,217.594
T1_divergence_unmatched,197.056
T1_divergence_unmatched,181.27
T1_divergence_unmatched,216.148
T1_divergence_unmatched,175.661
T1_divergence_unmatched,167.231
T1_divergence_unmatched,211.724
T1_divergence_unmatched,207.114
T1_divergence_unmatched,181.364
T1_divergence_unmatched,215.196
T1_divergence_unmatched,180.0
T1_divergence_unmatched,173.45
T1_divergence_unmatched,182.093
T1_divergence_unmatched,202.769
T1_divergence_unmatched,165.068
T1_divergence_unmatched,182.911
T1_divergence_unmatched,185.562
T1_divergence_unmatched,166.956
T1_divergence_unmatched,158.587
T1_divergence_unmatched,203.509
T1_divergence_unmatched,188.435
T1_divergence_unmatched,218.558
T1_divergence_unmatched,170.904
T1_divergence_unmatched,245.341
T1_divergence_unmatched,168.718
T1_divergence_unmatched,174.182
T1_divergence_unmatched,167.649
T1_divergence_unmatched,222.235
T1_divergence_unmatched,212.982
T1_divergence_unmatched,228.85
T1_divergence_unmatched,173.492
T1_divergence_unmatched,181.167
T1_divergence_unmatched,189.0
T1_divergence_unmatched,202.385
T1_divergence_unmatched,196.48
T1_divergence_unmatched,174.737
T1_divergence_unmatched,184.386
T1_divergence_unmatched,152.146
T1_divergence_unmatched,163.757
T1_divergence_unmatched,197.143
T1_divergence_unmatched,187.895
T1_divergence_unmatched,169.339
T1_divergence_unmatched,195.587
T1_divergence_unmatched,186.189
T1_divergence_unmatched,206.457
T1_divergence_unmatched,207.605
T1_divergence_unmatched,206.606
T1_divergence_unmatched,187.795
T1_divergence_unmatched,203.227
T1_divergence_unmatched,176.439
T1_divergence_unmatched,156.649
T1_divergence_unmatched,212.448
T1_divergence_unmatched,179.162
T1_divergence_unmatched,185.814
T1_divergence_unmatched,176.871
T1_divergence_unmatched,197.636
T1_divergence_unmatched,239.368
T1_divergence_unmatched,219.6
T1_divergence_unmatched,193.13
T1_divergence_unmatched,167.22
T1_divergence_unmatched,203.143
T1_divergence_unmatched,186.737
T1_divergence_unmatched,178.304
T1_divergence_unmatched,199.75
T1_divergence_unmatched,176.604
T1_divergence_unmatched,211.162
T1_divergence_unmatched,150.781
T1_divergence_unmatched,177.526
T1_divergence_unmatched,269.667
T1_divergence_unmatched,227.0
T1_divergence_unmatched,199.486
T1_divergence_unmatched,197.222
T1_divergence_unmatched,195.105
T1_divergence_unmatched,201.233
T1_divergence_unmatched,187.218
T1_divergence_unmatched,169.6
T1_divergence_unmatched,186.348
T1_divergence_unmatched,180.523
T1_divergence_unmatched,184.711
T1_divergence_unmatched,227.436
T1_divergence_unmatched,184.098
T1_divergence_unmatched,211.085
T1_divergence_unmatched,169.486
T1_divergence_unmatched,173.029
T1_divergence_unmatched,206.815
T1_divergence_unmatched,206.651
T1_divergence_unmatched,201.694
T1_divergence_unmatched,186.5
T1_divergence_unmatched,195.286
T1_divergence_unmatched,174.281
T1_divergence_unmatched,202.844
T1_divergence_unmatched,233.585
T1_divergence_unmatched,193.365
T1_divergence_unmatched,224.75
T1_divergence_unmatched,148.264
T1_divergence_unmatched,181.923
T1_divergence_unmatched,199.83
T1_divergence_unmatched,188.87
T1_divergence_unmatched,172.833
T1_divergence_unmatched,188.391
T1_divergence_unmatched,197.514
T1_divergence_unmatched,187.757
T1_divergence_unmatched,197.273
T1_divergence_unmatched,172.732
T1_divergence_unmatched,191.578
T1_divergence_unmatched,193.857
T1_divergence_unmatched,195.042
T1_divergence_unmatched,191.943
T1_divergence_unmatched,203.642
T1_divergence_unmatched,209.177
T1_divergence_unmatched,204.604
T1_divergence_unmatched,164.604
T1_divergence_unmatched,217.349
T1_divergence_unmatched,182.098
T1_divergence_unmatched,185.2
T1_divergence_unmatched,180.158
T1_divergence_unmatched,173.842
T1_divergence_unmatched,170.125
T1_divergence_unmatched,169.688
T1_divergence_unmatched,185.842
T1_divergence_unmatched,185.731
T1_divergence_unmatched,185.4
T1_divergence_unmatched,193.982
T1_divergence_unmatched,164.78
T1_divergence_unmatched,221.633
T1_divergence_unmatched,167.861
T1_divergence_unmatched,193.862
T1_divergence_unmatched,174.955
T1_divergence_unmatched,177.772
T1_divergence_unmatched,174.094
T1_divergence_unmatched,152.263
T1_divergence_unmatched,193.031
T1_divergence_unmatched,174.108
T1_divergence_unmatched,187.872
T1_divergence_unmatched,187.967
T1_divergence_unmatched,192.148
T1_divergence_unmatched,182.629
T1_divergence_unmatched,203.733
T1_divergence_unmatched,170.119
T1_divergence_unmatched,179.712
T1_divergence_unmatched,189.933
T1_divergence_unmatched,225.848
T1_divergence_unmatched,200.583
T1_divergence_unmatched,179.837
T1_divergence_unmatched,168.486
T1_divergence_unmatched,228.488
T1_divergence_unmatched,173.109
T1_divergence_unmatched,191.25
T1_divergence_unmatched,194.111
T1_divergence_unmatched,180.028
T1_divergence_unmatched,165.714
T1_divergence_unmatched,147.391
T1_divergence_unmatched,198.348
T1_divergence_unmatched,184.371
T1_divergence_unmatched,182.232
T1_divergence_unmatched,184.217
T1_divergence_unmatched,180.935
T1_divergence_unmatched,198.026
T1_divergence_unmatched,176.629
T1_divergence_unmatched,200.0
T1_divergence_unmatched,233.591
T1_divergence_unmatched,207.098
T1_divergence_unmatched,199.333
T1_divergence_unmatched,180.015
T1_divergence_unmatched,202.214
T1_divergence_unmatched,208.348
T1_divergence_unmatched,211.643
T1_divergence_unmatched,198.552
T1_divergence_unmatched,195.116
T1_divergence_unmatched,192.686
T1_divergence_unmatched,201.897
T1_divergence_unmatched,172.319
T1_divergence_unmatched,187.781
T1_divergence_unmatched,211.145
T1_divergence_unmatched,168.34
T1_divergence_unmatched,169.484
T1_divergence_unmatched,212.371
T1_divergence_unmatched,227.078
T1_divergence_unmatched,191.714
T1_divergence_unmatched,181.275
T1_divergence_unmatched,172.288
T1_divergence_unmatched,195.55
T1_divergence_unmatched,211.0
T1_divergence_unmatched,221.92
T1_divergence_unmatched,180.538
T1_divergence_unmatched,196.714
T1_divergence_unmatched,188.685
T1_divergence_unmatched,210.594
T1_divergence_unmatched,182.878
T1_divergence_unmatched,237.167
T1_divergence_unmatched,218.556
T1_divergence_unmatched,155.4
T1_divergence_unmatched,198.508
T1_divergence_unmatched,189.645
T1_divergence_unmatched,182.049
T1_divergence_unmatched,194.636
T1_divergence_unmatched,177.744
T1_divergence_unmatched,192.0
T1_divergence_unmatched,186.0
T1_divergence_unmatched,180.685
T1_divergence_unmatched,214.714
T1_divergence_unmatched,177.869
T1_divergence_unmatched,188.133
T1_divergence_unmatched,202.87
T1_divergence_unmatched,198.065
T1_divergence_unmatched,202.476
T1_divergence_unmatched,185.844
T1_divergence_unmatched,199.1
T1_divergence_unmatched,177.49
T1_divergence_unmatched,199.5
T1_divergence_unmatched,192.803
T1_divergence_unmatched,185.0
T1_divergence_unmatched,191.0
T1_divergence_unmatched,202.959
T1_divergence_unmatched,192.096
T1_divergence_unmatched,153.085
T1_divergence_unmatched,183.796
T1_divergence_unmatched,189.0
T1_divergence_unmatched,225.333
T1_divergence_unmatched,151.909
T1_divergence_unmatched,174.25
T1_divergence_unmatched,200.409
T1_divergence_unmatched,216.0
T1_divergence_unmatched,187.256
T1_divergence_unmatched,176.5
T1_divergence_unmatched,158.392
T1_divergence_unmatched,176.167
T1_divergence_unmatched,174.744
T1_divergence_unmatched,193.293
T1_divergence_unmatched,182.522
T1_divergence_unmatched,147.033
T1_divergence_unmatched,192.022
T1_divergence_unmatched,205.848
T1_divergence_unmatched,186.03
T1_divergence_unmatched,239.763
T1_divergence_unmatched,197.723
T1_divergence_unmatched,170.537
T1_divergence_unmatched,186.31
T1_divergence_unmatched,190.725
T1_divergence_unmatched,188.528
T1_divergence_unmatched,169.449
T1_divergence_unmatched,191.422
T1_divergence_unmatched,190.714
T1_divergence_unmatched,180.407
T1_divergence_unmatched,148.128
T1_divergence_unmatched,154.841
T1_divergence_unmatched,191.31
T1_divergence_unmatched,188.467
T1_divergence_unmatched,178.651
T1_divergence_unmatched,236.321
T1_divergence_unmatched,176.516
T1_divergence_unmatched,202.206
T1_divergence_unmatched,153.94
T1_divergence_unmatched,181.721
T1_divergence_unmatched,195.129
T1_divergence_unmatched,209.868
T1_divergence_unmatched,189.149
T1_divergence_unmatched,202.333
T1_divergence_unmatched,178.607
T1_divergence_unmatched,198.391
T1_divergence_unmatched,176.053
T1_divergence_unmatched,180.914
T1_divergence_unmatched,229.0
T1_divergence_unmatched,183.721
T1_divergence_unmatched,145.638
T1_divergence_unmatched,196.718
T1_divergence_unmatched,188.7
T1_divergence_unmatched,217.759
T1_divergence_unmatched,191.667
T1_divergence_unmatched,173.345
T1_divergence_unmatched,196.574
T1_divergence_unmatched,190.156
T1_divergence_unmatched,202.35
T1_divergence_unmatched,188.717
T1_divergence_unmatched,167.647
T1_divergence_unmatched,210.275
T1_divergence_unmatched,203.405
T1_divergence_unmatched,198.164
T1_divergence_unmatched,181.945
T1_divergence_unmatched,156.35
T1_divergence_unmatched,184.268
T1_divergence_unmatched,194.639
T1_divergence_unmatched,182.857
T1_divergence_unmatched,198.94
T1_divergence_unmatched,201.688
T1_divergence_unmatched,177.6
T1_divergence_unmatched,191.92
T1_divergence_unmatched,178.122
T1_divergence_unmatched,221.429
T1_divergence_unmatched,173.965
T1_divergence_unmatched,170.04
T1_divergence_unmatched,193.606
T1_divergence_unmatched,186.26
T1_divergence_unmatched,196.139
T1_divergence_unmatched,204.465
T1_divergence_unmatched,195.962
T1_divergence_unmatched,178.103
T1_divergence_unmatched,180.48
T1_divergence_unmatched,182.571
T1_divergence_unmatched,177.391
T1_divergence_unmatched,183.238
T1_divergence_unmatched,206.091
T1_divergence_unmatched,187.95
T1_divergence_unmatched,188.547
T1_divergence_unmatched,194.529
T1_divergence_unmatched,190.824
T1_divergence_unmatched,195.368
T1_divergence_unmatched,176.621
T1_divergence_unmatched,130.895
T1_divergence_unmatched,218.918
T1_divergence_unmatched,191.667
T1_divergence_unmatched,176.513
T1_divergence_unmatched,207.765
T1_divergence_unmatched,187.135
T1_divergence_unmatched,173.887
T1_divergence_unmatched,209.361
T1_divergence_unmatched,193.62
T1_divergence_unmatched,223.556
T1_divergence_unmatched,202.189
T1_divergence_unmatched,184.658
T1_divergence_unmatched,154.923
T1_divergence_unmatched,179.286
T1_divergence_unmatched,246.844
T1_divergence_unmatched,179.634
T1_divergence_unmatched,198.619
T1_divergence_unmatched,227.981
T1_divergence_unmatched,169.947
T1_divergence_unmatched,176.333
T1_divergence_unmatched,168.611
T1_divergence_unmatched,187.594
T1_divergence_unmatched,168.744
T1_divergence_unmatched,214.038
T1_divergence_unmatched,197.842
T1_divergence_unmatched,198.62
T1_divergence_unmatched,145.339
T1_divergence_unmatched,194.429
T1_divergence_unmatched,196.622
T1_divergence_unmatched,196.882
T1_divergence_unmatched,147.739
T1_divergence_unmatched,187.817
T1_divergence_unmatched,209.797
T1_divergence_unmatched,218.047
T1_divergence_unmatched,195.073
T1_divergence_unmatched,195.658
T1_divergence_unmatched,173.732
T1_divergence_unmatched,216.119
T1_divergence_unmatched,231.0
T1_divergence_unmatched,208.435
T1_divergence_unmatched,170.949
T1_divergence_unmatched,171.0
T1_divergence_unmatched,171.568
T1_divergence_unmatched,174.745
T1_divergence_unmatched,167.579
T1_divergence_unmatched,206.889
T1_divergence_unmatched,189.486
T1_divergence_unmatched,189.433
T1_divergence_unmatched,209.09
T1_divergence_unmatched,179.387
T1_divergence_unmatched,201.814
T1_divergence_unmatched,228.6
T1_divergence_unmatched,189.636
T1_divergence_unmatched,196.25
T1_divergence_unmatched,194.98
T1_divergence_unmatched,160.476
T1_divergence_unmatched,183.692
T1_divergence_unmatched,185.25
T1_divergence_unmatched,182.556
T1_divergence_unmatched,185.854
T1_divergence_unmatched,187.535
T1_divergence_unmatched,179.087
T1_divergence_unmatched,233.368
T1_divergence_unmatched,213.959
T1_divergence_unmatched,216.974
T1_divergence_unmatched,194.071
T1_divergence_unmatched,191.182
T1_divergence_unmatched,198.5
T1_divergence_unmatched,219.541
T1_divergence_unmatched,211.528
T1_divergence_unmatched,178.732
T1_divergence_unmatched,199.125
T1_divergence_unmatched,178.61
T1_divergence_unmatched,178.909
T1_divergence_unmatched,177.327
T1_divergence_unmatched,161.877
T1_divergence_unmatched,184.475
T1_divergence_unmatched,191.767
T1_divergence_unmatched,217.27
T1_divergence_unmatched,186.565
T1_divergence_unmatched,167.37
T1_divergence_unmatched,187.444
T1_divergence_unmatched,198.605
T1_divergence_unmatched,194.017
T1_divergence_unmatched,218.024
T1_divergence_unmatched,185.255
T1_divergence_unmatched,214.724
T1_divergence_unmatched,190.0
T1_divergence_unmatched,210.093
T1_divergence_unmatched,183.07
T1_divergence_unmatched,156.4
T1_divergence_unmatched,205.846
T1_divergence_unmatched,198.0
T1_divergence_unmatched,152.5
T1_divergence_unmatched,183.905
T1_divergence_unmatched,195.107
T1_divergence_unmatched,200.659
T1_divergence_unmatched,184.64
T1_divergence_unmatched,177.233
T1_divergence_unmatched,203.667
T1_divergence_unmatched,189.659
T1_divergence_unmatched,220.536
T1_divergence_unmatched,197.156
T1_divergence_unmatched,182.618
T1_divergence_unmatched,179.6
T1_divergence_unmatched,199.152
T1_divergence_unmatched,208.943
T1_divergence_unmatched,175.333
T1_divergence_unmatched,198.773
T1_divergence_unmatched,202.382
T1_divergence_unmatched,185.436
T1_divergence_unmatched,157.303
T1_divergence_unmatched,205.577
T1_divergence_unmatched,192.765
T1_divergence_unmatched,188.0
T1_divergence_unmatched,189.03
T1_divergence_unmatched,169.329
T1_divergence_unmatched,180.389
T1_divergence_unmatched,191.236
T1_divergence_unmatched,170.818
T1_divergence_unmatched,177.759
T1_divergence_unmatched,209.778
T1_divergence_unmatched,233.536
T1_divergence_unmatched,183.951
T1_divergence_unmatched,195.544
T1_divergence_unmatched,178.188
T1_divergence_unmatched,190.182
T1_divergence_unmatched,178.234
T1_divergence_unmatched,187.927
T1_divergence_unmatched,287.714
T1_divergence_unmatched,198.894
T1_divergence_unmatched,184.403
T1_divergence_unmatched,193.143
T1_divergence_unmatched,190.686
T1_divergence_unmatched,193.971
T1_divergence_unmatched,180.614
T1_divergence_unmatched,177.364
T1_divergence_unmatched,203.034
T1_divergence_unmatched,202.1
T1_divergence_unmatched,172.75
T1_divergence_unmatched,175.697
T1_divergence_unmatched,223.812
T1_divergence_unmatched,182.485
T1_divergence_unmatched,215.698
T1_divergence_unmatched,192.533
T1_divergence_unmatched,174.073
T1_divergence_unmatched,211.895
T1_divergence_unmatched,189.103
T1_divergence_unmatched,179.789
T1_divergence_unmatched,217.786
T1_divergence_unmatched,186.891
T1_divergence_unmatched,171.034
T1_divergence_unmatched,206.7
T1_divergence_unmatched,189.32
T1_divergence_unmatched,161.426
T1_divergence_unmatched,217.768
T1_divergence_unmatched,216.237
T1_divergence_unmatched,215.757
T1_divergence_unmatched,172.809
T1_divergence_unmatched,166.121
T1_divergence_unmatched,214.508
T1_divergence_unmatched,211.523
T1_divergence_unmatched,168.618
T1_divergence_unmatched,156.214
T1_divergence_unmatched,116.545
T1_divergence_unmatched,189.743
T1_divergence_unmatched,212.109
T1_divergence_unmatched,236.353
T1_divergence_unmatched,200.542
T1_divergence_unmatched,219.368
T1_divergence_unmatched,210.844
T1_divergence_unmatched,162.088
T1_divergence_unmatched,195.636
T1_divergence_unmatched,195.029
T1_divergence_unmatched,179.727
T1_divergence_unmatched,199.633
T1_divergence_unmatched,180.196
T1_divergence_unmatched,167.4
T1_divergence_unmatched,245.315
T1_divergence_unmatched,165.413
T1_divergence_unmatched,193.364
T1_divergence_unmatched,177.6
T1_divergence_unmatched,191.667
T1_divergence_unmatched,214.389
T1_divergence_unmatched,241.7
T1_divergence_unmatched,179.676
T1_divergence_unmatched,180.294
T1_divergence_unmatched,166.625
T1_divergence_unmatched,172.711
T1_divergence_unmatched,195.089
T1_divergence_unmatched,228.667
T1_divergence_unmatched,159.754
T1_divergence_unmatched,212.182
T1_divergence_unmatched,195.03
T1_divergence_unmatched,235.828
T1_divergence_unmatched,182.538
T1_divergence_unmatched,169.444
T1_divergence_unmatched,191.912
T1_divergence_unmatched,166.897
T1_divergence_unmatched,190.132
T1_divergence_unmatched,193.3
T1_divergence_unmatched,176.559
T1_divergence_unmatched,172.195
T1_divergence_unmatched,195.125
T1_divergence_unmatched,189.294
T1_divergence_unmatched,171.057
T1_divergence_unmatched,184.212
T1_divergence_unmatched,141.632
T1_divergence_unmatched,162.83
T1_divergence_unmatched,187.634
T1_divergence_unmatched,172.256
T1_divergence_unmatched,187.148
T1_divergence_unmatched,153.879
T1_divergence_unmatched,180.929
T1_divergence_unmatched,188.24
T1_divergence_unmatched,194.509
T1_divergence_unmatched,188.311
T1_divergence_unmatched,196.614
T1_divergence_unmatched,184.447
T1_divergence_unmatched,175.5
T1_divergence_unmatched,177.575
T1_divergence_unmatched,191.927
T1_divergence_unmatched,171.333
T1_divergence_unmatched,182.879
T1_divergence_unmatched,169.412
T1_divergence_unmatched,184.714
T1_divergence_unmatched,187.273
T1_divergence_unmatched,180.0
T1_divergence_unmatched,215.457
T1_divergence_unmatched,168.059
T1_divergence_unmatched,203.985
T1_divergence_unmatched,225.414
T1_divergence_unmatched,190.5
T1_divergence_unmatched,183.614
T1_divergence_unmatched,199.948
T1_divergence_unmatched,203.19
T1_divergence_unmatched,198.962
T1_divergence_unmatched,181.038
T1_divergence_unmatched,187.264
T1_divergence_unmatched,212.0
T1_divergence_unmatched,210.956
T1_divergence_unmatched,175.3
T1_divergence_unmatched,203.625
T1_divergence_unmatched,162.048
T1_divergence_unmatched,209.914
T1_divergence_unmatched,181.875
T1_divergence_unmatched,170.232
T1_divergence_unmatched,185.833
T1_divergence_unmatched,188.656
T1_divergence_unmatched,173.105
T1_divergence_unmatched,166.484
T1_divergence_unmatched,165.809
T1_divergence_unmatched,172.492
T1_divergence_unmatched,179.5
T1_divergence_unmatched,207.125
T1_divergence_unmatched,171.548
T1_divergence_unmatched,193.222
T1_divergence_unmatched,57.5
T1_divergence_unmatched,186.667
T1_divergence_unmatched,190.375
T1_divergence_unmatched,201.333
T1_divergence_unmatched,215.921
T1_divergence_unmatched,161.0
T1_divergence_unmatched,204.865
T1_divergence_unmatched,204.632
T1_divergence_unmatched,181.405
T1_divergence_unmatched,172.238
T1_divergence_unmatched,211.476
T1_divergence_unmatched,163.375
T1_divergence_unmatched,165.392
T1_divergence_unmatched,174.174
T1_divergence_unmatched,174.136
T1_divergence_unmatched,192.019
T1_divergence_unmatched,181.436
T1_divergence_unmatched,219.784
T1_divergence_unmatched,172.938
T1_divergence_unmatched,173.611
T1_divergence_unmatched,199.175
T1_divergence_unmatched,147.897
T1_divergence_unmatched,195.082
T1_divergence_unmatched,222.345
T1_divergence_unmatched,234.812
T1_divergence_unmatched,179.341
T1_divergence_unmatched,172.972
T1_divergence_unmatched,185.091
T1_divergence_unmatched,175.71
T1_divergence_unmatched,196.319
T1_divergence_unmatched,176.034
T1_divergence_unmatched,183.367
T1_divergence_unmatched,186.596
T1_divergence_unmatched,202.98
T1_divergence_unmatched,198.778
T1_divergence_unmatched,253.167
T1_divergence_unmatched,177.025
T1_divergence_unmatched,153.615
T1_divergence_unmatched,215.083
T1_divergence_unmatched,172.571
T1_divergence_unmatched,144.4
T1_divergence_unmatched,201.9
T1_divergence_unmatched,169.0
T1_divergence_unmatched,222.542
T1_divergence_unmatched,195.605
T1_divergence_unmatched,183.703
T1_divergence_unmatched,183.0
T1_divergence_unmatched,213.632
T1_divergence_unmatched,191.704
T1_divergence_unmatched,174.821
T1_divergence_unmatched,194.324
T1_divergence_unmatched,220.0
T1_divergence_unmatched,201.189
T1_divergence_unmatched,176.786
T1_divergence_unmatched,206.357
T1_divergence_unmatched,214.652
T1_divergence_unmatched,200.788
T1_divergence_unmatched,187.397
T1_divergence_unmatched,174.84
T1_divergence_unmatched,190.524
T1_divergence_unmatched,166.029
T1_divergence_unmatched,187.74
T1_divergence_unmatched,197.78
T1_divergence_unmatched,119.417
T1_divergence_unmatched,200.733
T1_divergence_unmatched,204.725
T1_divergence_unmatched,188.058
T1_divergence_unmatched,184.694
T1_divergence_unmatched,171.694
T1_divergence_unmatched,203.16
T1_divergence_unmatched,181.871
T1_divergence_unmatched,210.235
T1_divergence_unmatched,209.852
T1_divergence_unmatched,190.583
T1_divergence_unmatched,222.932
T1_divergence_unmatched,190.583
T1_divergence_unmatched,225.778
T1_divergence_unmatched,157.68
T1_divergence_unmatched,174.439
T1_divergence_unmatched,173.592
T1_divergence_unmatched,185.49
T1_divergence_unmatched,184.754
T1_divergence_unmatched,206.929
T1_divergence_unmatched,169.696
T1_divergence_unmatched,186.667
T1_divergence_unmatched,202.901
T1_divergence_unmatched,174.621
T1_divergence_unmatched,185.175
T1_divergence_unmatched,206.051
T1_divergence_unmatched,237.8
T1_divergence_unmatched,201.432
T1_divergence_unmatched,129.185
T1_divergence_unmatched,170.727
T1_divergence_unmatched,184.617
T1_divergence_unmatched,186.262
T1_divergence_unmatched,220.553
T1_divergence_unmatched,214.065
T1_divergence_unmatched,196.207
T1_divergence_unmatched,195.455
T1_divergence_unmatched,193.931
T1_divergence_unmatched,176.0
T1_divergence_unmatched,165.714
T1_divergence_unmatched,177.5
T1_divergence_unmatched,191.114
T1_divergence_unmatched,187.64
T1_divergence_unmatched,195.412
T1_divergence_unmatched,209.789
T1_divergence_unmatched,201.522
T1_divergence_unmatched,188.032
T1_divergence_unmatched,173.426
T1_divergence_unmatched,201.277
T1_divergence_unmatched,193.492
T1_divergence_unmatched,188.245
T1_divergence_unmatched,175.151
T1_divergence_unmatched,217.057
T1_divergence_unmatched,218.944
T1_divergence_unmatched,205.226
T1_divergence_unmatched,192.66
T1_divergence_unmatched,173.613
T1_divergence_unmatched,170.649
T1_divergence_unmatched,175.233
T1_divergence_unmatched,194.735
T1_divergence_unmatched,191.709
T1_divergence_unmatched,195.95
T1_divergence_unmatched,194.931
T1_divergence_unmatched,160.25
T1_divergence_unmatched,206.196
T1_divergence_unmatched,173.07
T1_divergence_unmatched,166.961
T1_divergence_unmatched,181.472
T1_divergence_unmatched,186.889
T1_divergence_unmatched,175.0
T1_divergence_unmatched,197.131
T1_divergence_unmatched,156.528
T1_divergence_unmatched,197.451
T1_divergence_unmatched,176.094
T1_divergence_unmatched,177.574
T1_divergence_unmatched,178.143
T1_divergence_unmatched,212.333
T1_divergence_unmatched,175.737
T1_divergence_unmatched,164.407
T1_divergence_unmatched,211.522
T1_divergence_unmatched,180.231
T1_divergence_unmatched,200.864
T1_divergence_unmatched,172.271
T1_divergence_unmatched,195.264
T1_divergence_unmatched,246.08
T1_divergence_unmatched,159.267
T1_divergence_unmatched,180.78
T1_divergence_unmatched,197.466
T1_divergence_unmatched,188.064
T1_divergence_unmatched,201.431
T1_divergence_unmatched,164.514
T1_divergence_unmatched,201.786
T1_divergence_unmatched,175.938
T1_divergence_unmatched,230.156
T1_divergence_unmatched,173.067
T1_divergence_unmatched,209.273
T1_divergence_unmatched,184.256
T1_divergence_unmatched,157.953
T1_divergence_unmatched,216.467
T1_divergence_unmatched,192.333
T1_divergence_unmatched,193.056
T1_divergence_unmatched,216.744
T1_divergence_unmatched,184.277
T1_divergence_unmatched,185.929
T1_divergence_unmatched,196.509
T1_divergence_unmatched,177.444
T1_divergence_unmatched,210.234
T1_divergence_unmatched,170.458
T1_divergence_unmatched,165.0
T1_divergence_unmatched,204.81
T1_divergence_unmatched,175.66
T1_divergence_unmatched,218.679
T1_divergence_unmatched,184.375
T1_divergence_unmatched,180.059
T1_divergence_unmatched,181.2
T1_divergence_unmatched,220.143
T1_divergence_unmatched,175.213
T1_divergence_unmatched,192.921
T1_divergence_unmatched,233.342
T1_divergence_unmatched,170.024
T1_divergence_unmatched,218.429
T1_divergence_unmatched,213.037
T1_divergence_unmatched,227.379
T1_divergence_unmatched,185.458
T1_divergence_unmatched,168.941
T1_divergence_unmatched,183.926
T1_divergence_unmatched,202.649
T1_divergence_unmatched,206.161
T1_divergence_unmatched,181.412
T1_divergence_unmatched,199.571
T1_divergence_unmatched,236.25
T1_divergence_unmatched,232.977
T1_divergence_unmatched,199.093
T1_divergence_unmatched,168.143
T1_divergence_unmatched,197.317
T1_divergence_unmatched,192.0
T1_divergence_unmatched,262.176
T1_divergence_unmatched,186.73
T1_divergence_unmatched,182.683
T1_divergence_unmatched,166.591
T1_divergence_unmatched,182.632
T1_divergence_unmatched,200.8
T1_divergence_unmatched,190.655
T1_divergence_unmatched,171.486
T1_divergence_unmatched,210.881
T1_divergence_unmatched,186.0
T1_divergence_unmatched,295.125
T1_divergence_unmatched,216.308
T1_divergence_unmatched,169.261
T1_divergence_unmatched,213.896
T1_divergence_unmatched,201.857
T1_divergence_unmatched,195.431
T1_divergence_unmatched,180.797
T1_divergence_unmatched,183.559
T1_divergence_unmatched,175.964
T1_divergence_unmatched,195.739
T1_divergence_unmatched,181.227
T1_divergence_unmatched,189.395
T1_divergence_unmatched,202.6
T1_divergence_unmatched,180.921
T1_divergence_unmatched,197.439
T1_divergence_unmatched,192.393
T1_divergence_unmatched,189.784
T1_divergence_unmatched,196.528
T1_divergence_unmatched,173.6
T1_divergence_unmatched,182.767
T1_divergence_unmatched,157.872
T1_divergence_unmatched,188.979
T1_divergence_unmatched,201.371
T1_divergence_unmatched,182.22
T1_divergence_unmatched,143.608
T1_divergence_unmatched,190.217
T1_divergence_unmatched,192.404
T1_divergence_unmatched,206.891
T1_divergence_unmatched,190.98
T1_divergence_unmatched,195.692
T1_divergence_unmatched,187.61
T1_divergence_unmatched,162.2
T1_divergence_unmatched,200.695
T1_divergence_unmatched,186.0
T1_divergence_unmatched,191.17
T1_divergence_unmatched,189.825
T1_divergence_unmatched,208.0
T1_divergence_unmatched,182.074
T1_divergence_unmatched,198.417
T1_divergence_unmatched,192.309
T1_divergence_unmatched,176.854
T1_divergence_unmatched,196.071
T1_divergence_unmatched,188.186
T1_divergence_unmatched,181.815
T1_divergence_unmatched,165.891
T1_divergence_unmatched,190.358
T1_divergence_unmatched,209.727
T1_divergence_unmatched,154.771
T1_divergence_unmatched,201.053
T1_divergence_unmatched,177.315
T1_divergence_unmatched,185.14
T1_divergence_unmatched,215.889
T1_divergence_unmatched,166.058
T1_divergence_unmatched,199.109
T1_divergence_unmatched,218.5
T1_divergence_unmatched,226.731
T1_divergence_unmatched,152.111
T1_divergence_unmatched,196.34
T1_divergence_unmatched,184.763
T1_divergence_unmatched,208.625
T1_divergence_unmatched,175.719
T1_divergence_unmatched,182.146
T1_divergence_unmatched,289.667
T1_divergence_unmatched,179.357
T1_divergence_unmatched,175.246
T1_divergence_unmatched,185.462
T1_divergence_unmatched,204.714
T1_divergence_unmatched,156.619
T1_divergence_unmatched,218.581
T1_divergence_unmatched,179.129
T1_divergence_unmatched,173.15
T1_divergence_unmatched,186.479
T1_divergence_unmatched,167.596
T1_divergence_unmatched,166.182
T1_divergence_unmatched,160.452
T1_divergence_unmatched,197.071
T1_divergence_unmatched,136.2
T1_divergence_unmatched,224.152
T1_divergence_unmatched,218.7
T1_divergence_unmatched,169.542
T1_divergence_unmatched,201.418
T1_divergence_unmatched,164.851
T1_divergence_unmatched,188.111
T1_divergence_unmatched,196.697
T1_divergence_unmatched,159.88
T1_divergence_unmatched,191.712
T1_divergence_unmatched,216.07
T1_divergence_unmatched,190.341
T1_divergence_unmatched,258.9
T1_divergence_unmatched,143.766
T1_divergence_unmatched,186.719
T1_divergence_unmatched,207.6
T1_divergence_unmatched,186.29
T1_divergence_unmatched,156.091
T1_divergence_unmatched,174.467
T1_divergence_unmatched,224.133
T1_divergence_unmatched,188.362
T1_divergence_unmatched,174.024
T1_divergence_unmatched,150.065
T1_divergence_unmatched,208.905
T1_divergence_unmatched,184.625
T1_divergence_unmatched,171.514
T1_divergence_unmatched,150.348
T1_divergence_unmatched,165.844
T1_divergence_unmatched,197.509
T1_divergence_unmatched,192.149
T1_divergence_unmatched,205.396
T1_divergence_unmatched,166.45
T1_divergence_unmatched,193.824
T1_divergence_unmatched,209.714
T1_divergence_unmatched,206.553
T1_divergence_unmatched,166.902
T1_divergence_unmatched,157.919
T1_divergence_unmatched,182.984
T1_divergence_unmatched,176.732
T1_divergence_unmatched,192.721
T1_divergence_unmatched,164.955
T1_divergence_unmatched,197.909
T1_divergence_unmatched,195.233
T1_divergence_unmatched,189.116
T1_divergence_unmatched,129.469
T1_divergence_unmatched,187.927
T1_divergence_unmatched,203.875
T1_divergence_unmatched,239.235
T1_divergence_unmatched,182.718
T1_divergence_unmatched,221.361
T1_divergence_unmatched,188.605
T1_divergence_unmatched,229.259
T1_divergence_unmatched,209.48
T1_divergence_unmatched,205.684
T1_divergence_unmatched,235.095
T1_divergence_unmatched,171.316
T1_divergence_unmatched,165.5
T1_divergence_unmatched,203.26
T1_divergence_unmatched,205.587
T1_divergence_unmatched,198.889
T1_divergence_unmatched,191.259
T1_divergence_unmatched,159.962
T1_divergence_unmatched,198.642
T1_divergence_unmatched,187.25
T1_divergence_unmatched,209.368
T1_divergence_unmatched,169.353
T1_divergence_unmatched,206.5
T1_divergence_unmatched,198.649
T1_divergence_unmatched,209.222
T1_divergence_unmatched,184.45
T1_divergence_unmatched,205.545
T1_divergence_unmatched,174.0
T1_divergence_unmatched,201.279
T1_divergence_unmatched,199.681
T1_divergence_unmatched,187.692
T1_divergence_unmatched,194.125
T1_divergence_unmatched,172.648
T1_divergence_unmatched,197.018
T1_divergence_unmatched,213.575
T1_divergence_unmatched,179.378
T1_divergence_unmatched,210.583
T1_divergence_unmatched,196.192
T1_divergence_unmatched,166.154
T1_divergence_unmatched,203.919
T1_divergence_unmatched,183.16
T1_divergence_unmatched,190.537
T1_divergence_unmatched,208.982
T1_divergence_unmatched,200.512
T1_divergence_unmatched,206.712
T1_divergence_unmatched,165.607
T1_divergence_unmatched,332.37
T1_divergence_unmatched,153.6
T1_divergence_unmatched,195.692
T1_divergence_unmatched,143.68
T1_divergence_unmatched,219.242
T1_divergence_unmatched,218.119
T1_divergence_unmatched,189.884
T1_divergence_unmatched,209.628
T1_divergence_unmatched,196.982
T1_divergence_unmatched,181.355
T1_divergence_unmatched,196.091
T1_divergence_unmatched,175.907
T1_divergence_unmatched,222.8
T1_divergence_unmatched,188.879
T1_divergence_unmatched,172.486
T1_divergence_unmatched,193.806
T1_divergence_unmatched,202.455
T1_divergence_unmatched,209.472
T1_divergence_unmatched,174.595
T1_divergence_unmatched,171.729
T1_divergence_unmatched,219.0
T1_divergence_unmatched,176.98
T1_divergence_unmatched,199.163
T1_divergence_unmatched,214.267
T1_divergence_unmatched,173.744
T1_divergence_unmatched,145.176
T1_divergence_unmatched,194.447
T1_divergence_unmatched,188.609
T1_divergence_unmatched,188.943
T1_divergence_unmatched,209.977
T1_divergence_unmatched,198.5
T1_divergence_unmatched,186.688
T1_divergence_unmatched,220.63
T1_divergence_unmatched,200.371
T1_divergence_unmatched,188.25
T1_divergence_unmatched,253.364
T1_divergence_unmatched,201.829
T1_divergence_unmatched,200.466
T1_divergence_unmatched,208.042
T1_divergence_unmatched,179.449
T1_divergence_unmatched,180.021
T1_divergence_unmatched,160.548
T1_divergence_unmatched,206.628
T1_divergence_unmatched,221.667
T1_divergence_unmatched,177.184
T1_divergence_unmatched,177.484
T1_divergence_unmatched,201.75
T1_divergence_unmatched,168.625
T1_divergence_unmatched,180.548
T1_divergence_unmatched,222.885
T1_divergence_unmatched,196.173
T1_divergence_unmatched,185.378
T1_divergence_unmatched,160.594
T1_divergence_unmatched,184.811
T1_divergence_unmatched,198.625
T1_divergence_unmatched,208.111
T1_divergence_unmatched,186.896
T1_divergence_unmatched,155.511
T1_divergence_unmatched,185.585
T1_divergence_unmatched,208.464
T1_divergence_unmatched,209.326
T1_divergence_unmatched,172.718
T1_divergence_unmatched,60.25
T1_divergence_unmatched,171.667
T1_divergence_unmatched,170.333
T1_divergence_unmatched,218.073
T1_divergence_unmatched,197.964
T1_divergence_unmatched,201.8
T1_divergence_unmatched,153.196
T1_divergence_unmatched,182.456
T1_divergence_unmatched,230.609
T1_divergence_unmatched,200.161
T1_divergence_unmatched,154.147
T1_divergence_unmatched,192.915
T1_divergence_unmatched,204.51
T1_divergence_unmatched,183.026
T1_divergence_unmatched,196.574
T1_divergence_unmatched,199.796
T1_divergence_unmatched,197.639
T1_divergence_unmatched,187.852
T1_divergence_unmatched,180.912
T1_divergence_unmatched,149.222
T1_divergence_unmatched,181.941
T1_divergence_unmatched,195.436
T1_divergence_unmatched,179.667
T1_divergence_unmatched,182.0
T1_divergence_unmatched,192.333
T1_divergence_unmatched,170.429
T1_divergence_unmatched,150.029
T1_divergence_unmatched,212.492
T1_divergence_unmatched,207.896
T1_divergence_unmatched,177.246
T1_divergence_unmatched,190.279
T1_divergence_unmatched,199.222
T1_divergence_unmatched,159.94
T1_divergence_unmatched,196.0
T1_divergence_unmatched,234.06
T1_divergence_unmatched,182.75
T1_divergence_unmatched,185.478
T1_divergence_unmatched,196.974
T1_divergence_unmatched,165.25
T1_divergence_unmatched,198.12
T1_divergence_unmatched,185.824
T1_divergence_unmatched,189.355
T1_divergence_unmatched,191.039
T1_divergence_unmatched,203.397
T1_divergence_unmatched,197.922
T1_divergence_unmatched,172.118
T1_divergence_unmatched,48.1111
T1_divergence_unmatched,224.188
T1_divergence_unmatched,224.296
T1_divergence_unmatched,217.2
T1_divergence_unmatched,162.36
T1_divergence_unmatched,159.537
T1_divergence_unmatched,186.613
T1_divergence_unmatched,176.385
T1_divergence_unmatched,208.27
T1_divergence_unmatched,196.667
T1_divergence_unmatched,192.75
T1_divergence_unmatched,196.641
T1_divergence_unmatched,193.884
T1_divergence_unmatched,160.774
T1_divergence_unmatched,179.48
T1_divergence_unmatched,191.467
T1_divergence_unmatched,169.703
T1_divergence_unmatched,155.03
T1_divergence_unmatched,173.484
T1_divergence_unmatched,230.828
T1_divergence_unmatched,197.17
T1_divergence_unmatched,187.625
T1_divergence_unmatched,193.06
T1_divergence_unmatched,215.125
T1_divergence_unmatched,190.529
T1_divergence_unmatched,178.962
T1_divergence_unmatched,163.091
T1_divergence_unmatched,58.0
T1_divergence_unmatched,189.08
T1_divergence_unmatched,187.347
T1_divergence_unmatched,181.111
T1_divergence_unmatched,196.776
T1_divergence_unmatched,195.119
T1_divergence_unmatched,200.0
T1_divergence_unmatched,177.571
T1_divergence_unmatched,192.188
T1_divergence_unmatched,189.812
T1_divergence_unmatched,215.794
T1_divergence_unmatched,215.162
T1_divergence_unmatched,194.109
T1_divergence_unmatched,161.5
T1_divergence_unmatched,193.211
T1_divergence_unmatched,194.357
T1_divergence_unmatched,200.239
T1_divergence_unmatched,195.5
T1_divergence_unmatched,199.905
T1_divergence_unmatched,214.795
T1_divergence_unmatched,191.524
T1_divergence_unmatched,207.719
T1_divergence_unmatched,200.0
T1_divergence_unmatched,157.576
T1_divergence_unmatched,194.442
T1_divergence_unmatched,212.891
T1_divergence_unmatched,186.846
T1_divergence_unmatched,162.286
T1_divergence_unmatched,203.529
T1_divergence_unmatched,197.259
T1_divergence_unmatched,185.448
T1_divergence_unmatched,188.477
T1_divergence_unmatched,194.857
T1_divergence_unmatched,212.42
T1_divergence_unmatched,201.556
T1_divergence_unmatched,198.469
T1_divergence_unmatched,192.717
T1_divergence_unmatched,204.805
T1_divergence_unmatched,205.125
T1_divergence_unmatched,184.422
T1_divergence_unmatched,183.644
T1_divergence_unmatched,178.481
T1_divergence_unmatched,199.378
T1_divergence_unmatched,181.766
T1_divergence_unmatched,166.66
T1_divergence_unmatched,195.6
T1_divergence_unmatched,176.321
T1_divergence_unmatched,193.419
T1_divergence_unmatched,179.775
T1_divergence_unmatched,190.885
T1_divergence_unmatched,218.146
T1_divergence_unmatched,195.63
T1_divergence_unmatched,194.938
T1_divergence_unmatched,169.081
T1_divergence_unmatched,222.864
T1_divergence_unmatched,204.164
T1_divergence_unmatched,184.344
T1_divergence_unmatched,197.032
T1_divergence_unmatched,206.2
T1_divergence_unmatched,176.775
T1_divergence_unmatched,185.736
T1_divergence_unmatched,194.17
T1_divergence_unmatched,171.291
T1_divergence_unmatched,191.725
T1_divergence_unmatched,192.108
T1_divergence_unmatched,208.452
T1_divergence_unmatched,173.231
T1_divergence_unmatched,196.83
T1_divergence_unmatched,183.3
T1_divergence_unmatched,193.256
T1_divergence_unmatched,175.639
T1_divergence_unmatched,177.408
T1_divergence_unmatched,202.939
T1_divergence_unmatched,200.809
T1_divergence_unmatched,191.633
T1_divergence_unmatched,192.0
T1_divergence_unmatched,179.0
T1_divergence_unmatched,199.074
T1_divergence_unmatched,196.672
T1_divergence_unmatched,188.761
T1_divergence_unmatched,170.963
T1_divergence_unmatched,169.717
T1_divergence_unmatched,209.014
T1_divergence_unmatched,201.757
T1_divergence_unmatched,192.744
T1_divergence_unmatched,213.14
T1_divergence_unmatched,188.212
T1_divergence_unmatched,149.281
T1_divergence_unmatched,183.868
T1_divergence_unmatched,196.367
T1_divergence_unmatched,291.0
T1_divergence_unmatched,186.441
T1_divergence_unmatched,175.357
T1_divergence_unmatched,177.783
T1_divergence_unmatched,180.895
T1_divergence_unmatched,202.295
T1_divergence_unmatched,179.333
T1_divergence_unmatched,95.381
T1_divergence_unmatched,214.104
T1_divergence_unmatched,230.444
T1_divergence_unmatched,193.039
T1_divergence_unmatched,183.091
T1_divergence_unmatched,198.5
T1_divergence_unmatched,203.688
T1_divergence_unmatched,171.963
T1_divergence_unmatched,192.385
T1_divergence_unmatched,163.02
T1_divergence_unmatched,24.5
T1_divergence_unmatched,184.972
T1_divergence_unmatched,181.818
T1_divergence_unmatched,181.872
T1_divergence_unmatched,185.723
T1_divergence_unmatched,197.612
T1_divergence_unmatched,168.235
T1_divergence_unmatched,211.4
T1_divergence_unmatched,149.571
T1_divergence_unmatched,187.679
T1_divergence_unmatched,166.298
T1_divergence_unmatched,190.302
T1_divergence_unmatched,213.053
T1_divergence_unmatched,157.353
T1_divergence_unmatched,194.538
T1_divergence_unmatched,223.103
T1_divergence_unmatched,160.375
T1_divergence_unmatched,182.578
T1_divergence_unmatched,210.25
T1_divergence_unmatched,194.725
T1_divergence_unmatched,163.625
T1_divergence_unmatched,195.654
T1_divergence_unmatched,198.918
T1_divergence_unmatched,201.353
T1_divergence_unmatched,178.339
T1_divergence_unmatched,208.382
T1_divergence_unmatched,193.357
T1_divergence_unmatched,170.963
T1_divergence_unmatched,183.145
T1_divergence_unmatched,191.394
T1_divergence_unmatched,176.395
T1_divergence_unmatched,174.02
T1_divergence_unmatched,217.571
T1_divergence_unmatched,172.647
T1_divergence_unmatched,183.386
T1_divergence_unmatched,209.111
T1_divergence_unmatched,217.929
T1_divergence_unmatched,30.3333
T1_divergence_unmatched,191.75
T1_divergence_unmatched,210.5
T1_divergence_unmatched,184.71
T1_divergence_unmatched,193.979
T1_divergence_unmatched,182.962
T1_divergence_unmatched,192.0
T1_divergence_unmatched,172.311
T1_divergence_unmatched,195.833
T1_divergence_unmatched,170.897
T1_divergence_unmatched,213.886
T1_divergence_unmatched,189.024
T1_divergence_unmatched,174.219
T1_divergence_unmatched,228.414
T1_divergence_unmatched,238.93
T1_divergence_unmatched,186.842
T1_divergence_unmatched,206.585
T1_divergence_unmatched,175.256
T1_divergence_unmatched,198.065
T1_divergence_unmatched,210.565
T1_divergence_unmatched,187.571
T1_divergence_unmatched,211.222
T1_divergence_unmatched,203.853
T1_divergence_unmatched,164.552
T1_divergence_unmatched,212.109
T1_divergence_unmatched,207.594
T1_divergence_unmatched,200.9
T1_divergence_unmatched,202.16
T1_divergence_unmatched,180.469
T1_divergence_unmatched,204.391
T1_divergence_unmatched,187.216
T1_divergence_unmatched,190.274
T1_divergence_unmatched,172.325
T1_divergence_unmatched,168.333
T1_divergence_unmatched,211.258
T1_divergence_unmatched,185.721
T1_divergence_unmatched,186.211
T1_divergence_unmatched,202.8
T1_divergence_unmatched,165.255
T1_divergence_unmatched,213.906
T1_divergence_unmatched,177.167
T1_divergence_unmatched,271.136
T1_divergence_unmatched,180.235
T1_divergence_unmatched,210.538
T1_divergence_unmatched,227.788
T1_divergence_unmatched,203.265
T1_divergence_unmatched,201.952
T1_divergence_unmatched,162.127
T1_divergence_unmatched,209.92
T1_divergence_unmatched,248.875
T1_divergence_unmatched,201.784
T1_divergence_unmatched,211.1
T1_divergence_unmatched,194.478
T1_divergence_unmatched,169.018
T1_divergence_unmatched,183.239
T1_divergence_unmatched,196.439
T1_divergence_unmatched,158.85
T1_divergence_unmatched,146.094
T1_divergence_unmatched,50.5
T1_divergence_unmatched,188.857
T1_divergence_unmatched,200.629
T1_divergence_unmatched,198.722
T1_divergence_unmatched,229.559
T1_divergence_unmatched,215.389
T1_divergence_unmatched,161.578
T1_divergence_unmatched,185.023
T1_divergence_unmatched,152.0
T1_divergence_unmatched,182.719
T1_divergence_unmatched,213.6
T1_divergence_unmatched,180.75
T1_divergence_unmatched,222.681
T1_divergence_unmatched,180.679
T1_divergence_unmatched,192.86
T1_divergence_unmatched,182.571
T1_divergence_unmatched,175.758
T1_divergence_unmatched,182.625
T1_divergence_unmatched,198.182
T1_divergence_unmatched,194.741
T1_divergence_unmatched,187.818
T1_divergence_unmatched,192.19
T1_divergence_unmatched,162.871
T1_divergence_unmatched,207.426
T1_divergence_unmatched,184.182
T1_divergence_unmatched,189.95
T1_divergence_unmatched,215.417
T1_divergence_unmatched,184.0
T1_divergence_unmatched,200.972
T1_divergence_unmatched,179.31
T1_divergence_unmatched,205.154
T1_divergence_unmatched,192.395
T1_divergence_unmatched,209.25
T1_divergence_unmatched,167.265
T1_divergence_unmatched,191.0
T1_divergence_unmatched,190.964
T1_divergence_unmatched,178.161
T1_divergence_unmatched,174.035
T1_divergence_unmatched,171.844
T1_divergence_unmatched,182.357
T1_divergence_unmatched,194.636
T1_divergence_unmatched,185.523
T1_divergence_unmatched,137.133
T1_divergence_unmatched,195.777
T1_divergence_unmatched,171.179
T1_divergence_unmatched,196.409
T1_divergence_unmatched,179.267
T1_divergence_unmatched,229.95
T1_divergence_unmatched,158.205
T1_divergence_unmatched,194.656
T1_divergence_unmatched,179.24
T1_divergence_unmatched,182.143
T1_divergence_unmatched,190.886
T1_divergence_unmatched,195.236
T1_divergence_unmatched,207.019
T1_divergence_unmatched,183.818
T1_divergence_unmatched,216.163
T1_divergence_unmatched,205.696
T1_divergence_unmatched,175.109
T1_divergence_unmatched,173.844
T1_divergence_unmatched,185.846
T1_divergence_unmatched,173.818
T1_divergence_unmatched,200.365
T1_divergence_unmatched,212.571
T1_divergence_unmatched,203.02
T1_divergence_unmatched,172.803
T1_divergence_unmatched,194.673
T1_divergence_unmatched,253.688
T1_divergence_unmatched,181.34
T1_divergence_unmatched,203.552
T1_divergence_unmatched,165.59
T1_divergence_unmatched,173.554
T1_divergence_unmatched,163.164
T1_divergence_unmatched,162.361
T1_divergence_unmatched,212.72
T1_divergence_unmatched,210.857
T1_divergence_unmatched,217.6
T1_divergence_unmatched,189.058
T1_divergence_unmatched,163.906
T1_divergence_unmatched,162.469
T1_divergence_unmatched,194.817
T1_divergence_unmatched,211.933
T1_divergence_unmatched,190.696
T1_divergence_unmatched,185.5
T1_divergence_unmatched,169.917
T1_divergence_unmatched,191.8
T1_divergence_unmatched,193.968
T1_divergence_unmatched,201.5
T1_divergence_unmatched,173.576
T1_divergence_unmatched,159.833
T1_divergence_unmatched,168.297
T1_divergence_unmatched,182.233
T1_divergence_unmatched,148.676
T1_divergence_unmatched,197.878
T1_divergence_unmatched,183.205
T1_divergence_unmatched,216.833
T1_divergence_unmatched,152.483
T1_divergence_unmatched,209.238
T1_divergence_unmatched,205.894
T1_divergence_unmatched,186.925
T1_divergence_unmatched,227.0
T1_divergence_unmatched,173.676
T1_divergence_unmatched,190.688
T1_divergence_unmatched,195.636
T1_divergence_unmatched,183.073
T1_divergence_unmatched,185.778
T1_divergence_unmatched,184.511
T1_divergence_unmatched,188.02
T1_divergence_unmatched,170.581
T1_divergence_unmatched,199.796
T1_divergence_unmatched,209.604
T1_divergence_unmatched,222.364
T1_divergence_unmatched,190.636
T1_divergence_unmatched,182.894
T1_divergence_unmatched,190.815
T1_divergence_unmatched,181.694
T1_divergence_unmatched,184.56
T1_divergence_unmatched,215.966
T1_divergence_unmatched,165.292
T1_divergence_unmatched,186.431
T1_divergence_unmatched,155.962
T1_divergence_unmatched,200.721
T1_divergence_unmatched,193.442
T1_divergence_unmatched,214.359
T1_divergence_unmatched,180.115
T1_divergence_unmatched,177.349
T1_divergence_unmatched,184.927
T1_divergence_unmatched,186.492
T1_divergence_unmatched,228.404
T1_divergence_unmatched,190.83
T1_divergence_unmatched,216.739
T1_divergence_unmatched,197.98
T1_divergence_unmatched,201.447
T1_divergence_unmatched,156.93
T1_divergence_unmatched,193.274
T1_divergence_unmatched,184.458
T1_divergence_unmatched,232.867
T1_divergence_unmatched,180.135
T1_divergence_unmatched,176.486
T1_divergence_unmatched,182.522
T1_divergence_unmatched,184.14
T1_divergence_unmatched,223.339
T1_divergence_unmatched,213.333
T1_divergence_unmatched,185.381
T1_divergence_unmatched,183.778
T1_divergence_unmatched,191.652
T1_divergence_unmatched,179.211
T1_divergence_unmatched,199.906
T1_divergence_unmatched,198.611
T1_divergence_unmatched,181.6
T1_divergence_unmatched,151.419
T1_divergence_unmatched,182.333
T1_divergence_unmatched,192.125
T1_divergence_unmatched,189.155
T1_divergence_unmatched,191.714
T1_divergence_unmatched,191.162
T1_divergence_unmatched,204.936
T1_divergence_unmatched,185.579
T1_divergence_unmatched,157.564
T1_divergence_unmatched,152.0
T1_divergence_unmatched,197.581
T1_divergence_unmatched,177.31
T1_divergence_unmatched,198.276
T1_divergence_unmatched,231.263
T1_divergence_unmatched,190.731
T1_divergence_unmatched,200.921
T1_divergence_unmatched,186.517
T1_divergence_unmatched,168.952
T1_divergence_unmatched,172.324
T1_divergence_unmatched,212.714
T1_divergence_unmatched,208.655
T1_divergence_unmatched,159.293
T1_divergence_unmatched,185.512
T1_divergence_unmatched,199.8
T1_divergence_unmatched,181.34
T1_divergence_unmatched,171.585
T1_divergence_unmatched,201.085
T1_divergence_unmatched,211.915
T1_divergence_unmatched,208.63
T1_divergence_unmatched,184.114
T1_divergence_unmatched,200.0
T1_divergence_unmatched,203.385
T1_divergence_unmatched,162.594
T1_divergence_unmatched,203.118
T1_divergence_unmatched,175.818
T1_divergence_unmatched,171.056
T1_divergence_unmatched,190.412
T1_divergence_unmatched,201.085
T1_divergence_unmatched,135.656
T1_divergence_unmatched,183.542
T1_divergence_unmatched,194.579
T1_divergence_unmatched,151.655
T1_divergence_unmatched,232.179
T1_divergence_unmatched,183.108
T1_divergence_unmatched,188.972
T1_divergence_unmatched,181.765
T1_divergence_unmatched,160.605
T1_divergence_unmatched,171.553
T1_divergence_unmatched,199.077
T1_divergence_unmatched,177.432
T1_divergence_unmatched,178.83
T1_divergence_unmatched,215.179
T1_divergence_unmatched,200.679
T1_divergence_unmatched,189.795
T1_divergence_unmatched,192.226
T1_divergence_unmatched,182.403
T1_divergence_unmatched,157.545
T1_divergence_unmatched,235.1
T1_divergence_unmatched,183.705
T1_divergence_unmatched,161.646
T1_divergence_unmatched,176.467
T1_divergence_unmatched,178.583
T1_divergence_unmatched,242.889
T1_divergence_unmatched,194.0
T1_divergence_unmatched,212.146
T1_divergence_unmatched,179.412
T1_divergence_unmatched,178.574
T1_divergence_unmatched,207.14
T1_divergence_unmatched,180.69
T1_divergence_unmatched,194.375
T1_divergence_unmatched,222.793
T1_divergence_unmatched,139.523
T1_divergence_unmatched,205.615
T1_divergence_unmatched,183.133
T1_divergence_unmatched,203.76
T1_divergence_unmatched,176.963
T1_divergence_unmatched,177.821
T1_divergence_unmatched,194.41
T1_divergence_unmatched,192.625
T1_divergence_unmatched,181.036
T1_divergence_unmatched,187.703
T1_divergence_unmatched,188.111
T1_divergence_unmatched,207.889
T1_divergence_unmatched,214.209
T1_divergence_unmatched,192.26
T1_divergence_unmatched,173.964
T1_divergence_unmatched,215.292
T1_divergence_unmatched,201.94
T1_divergence_unmatched,140.115
T1_divergence_unmatched,188.032
T1_divergence_unmatched,179.208
T1_divergence_unmatched,174.549
T1_divergence_unmatched,183.837
T1_divergence_unmatched,198.474
T1_divergence_unmatched,183.242
T1_divergence_unmatched,191.079
T1_divergence_unmatched,166.742
T1_divergence_unmatched,139.1
T1_divergence_unmatched,161.76
T1_divergence_unmatched,166.5
T1_divergence_unmatched,195.919
T1_divergence_unmatched,215.438
T1_divergence_unmatched,205.281
T1_divergence_unmatched,184.591
T1_divergence_unmatched,211.758
T1_divergence_unmatched,196.482
T1_divergence_unmatched,192.196
T1_divergence_unmatched,159.0
T1_divergence_unmatched,187.947
T1_divergence_unmatched,170.655
T1_divergence_unmatched,172.154
T1_divergence_unmatched,205.0
T1_divergence_unmatched,186.469
T1_divergence_unmatched,179.95
T1_divergence_unmatched,178.444
T1_divergence_unmatched,176.684
T1_divergence_unmatched,181.943
T1_divergence_unmatched,171.94
T1_divergence_unmatched,177.86
T1_divergence_unmatched,226.409
T1_divergence_unmatched,196.652
T1_divergence_unmatched,196.957
T1_divergence_unmatched,193.362
T1_divergence_unmatched,177.865
T1_divergence_unmatched,93.8824
T1_divergence_unmatched,207.474
T1_divergence_unmatched,190.113
T1_divergence_unmatched,182.719
T1_divergence_unmatched,196.737
T1_divergence_unmatched,181.182
T1_divergence_unmatched,194.256
T1_divergence_unmatched,186.485
T1_divergence_unmatched,181.133
T1_divergence_unmatched,221.115
T1_divergence_unmatched,207.167
T1_divergence_unmatched,196.791
T1_divergence_unmatched,183.243
T1_divergence_unmatched,202.486
T1_divergence_unmatched,202.132
T1_divergence_unmatched,199.37
T1_divergence_unmatched,244.526
T1_divergence_unmatched,201.137
T1_divergence_unmatched,167.145
T1_divergence_unmatched,222.152
T1_divergence_unmatched,197.111
T1_divergence_unmatched,199.824
T1_divergence_unmatched,198.02
T1_divergence_unmatched,131.85
T1_divergence_unmatched,198.196
T1_divergence_unmatched,192.111
T1_divergence_unmatched,164.059
T1_divergence_unmatched,219.25
T1_divergence_unmatched,199.714
T1_divergence_unmatched,178.92
T1_divergence_unmatched,188.684
T1_divergence_unmatched,194.367
T1_divergence_unmatched,163.0
T1_divergence_unmatched,195.119
T1_divergence_unmatched,209.429
T1_divergence_unmatched,199.525
T1_divergence_unmatched,204.354
T1_divergence_unmatched,235.806
T1_divergence_unmatched,202.325
T1_divergence_unmatched,203.794
T1_divergence_unmatched,167.125
T1_divergence_unmatched,162.603
T1_divergence_unmatched,186.5
T1_divergence_unmatched,165.464
T1_divergence_unmatched,175.676
T1_divergence_unmatched,185.038
T1_divergence_unmatched,195.372
T1_divergence_unmatched,206.394
T1_divergence_unmatched,216.567
T1_divergence_unmatched,216.812
T1_divergence_unmatched,158.278
T1_divergence_unmatched,173.714
T1_divergence_unmatched,188.477
T1_divergence_unmatched,190.4
T1_divergence_unmatched,194.224
T1_divergence_unmatched,210.162
T1_divergence_unmatched,212.204
T1_divergence_unmatched,198.712
T1_divergence_unmatched,200.217
T1_divergence_unmatched,203.174
T1_divergence_unmatched,186.22
T1_divergence_unmatched,194.208
T1_divergence_unmatched,181.375
T1_divergence_unmatched,186.727
T1_divergence_unmatched,202.109
T1_divergence_unmatched,200.05
T1_divergence_unmatched,189.053
T1_divergence_unmatched,217.143
T1_divergence_unmatched,184.173
T1_divergence_unmatched,190.958
T1_divergence_unmatched,186.462
T1_divergence_unmatched,196.14
T1_divergence_unmatched,173.068
T1_divergence_unmatched,227.292
T1_divergence_unmatched,215.612
T1_divergence_unmatched,198.976
T1_divergence_unmatched,221.375
T1_divergence_unmatched,193.094
T1_divergence_unmatched,179.136
T1_divergence_unmatched,174.945
T1_divergence_unmatched,166.781
T1_divergence_unmatched,211.935
T1_divergence_unmatched,193.293
T1_divergence_unmatched,208.222
T1_divergence_unmatched,187.08
T1_divergence_unmatched,199.788
T1_divergence_unmatched,191.32
T1_divergence_unmatched,177.662
T1_divergence_unmatched,187.837
T1_divergence_unmatched,190.889
T1_divergence_unmatched,234.149
T1_divergence_unmatched,219.079
T1_divergence_unmatched,198.962
T1_divergence_unmatched,163.489
T1_divergence_unmatched,202.718
T1_divergence_unmatched,200.851
T1_divergence_unmatched,190.489
T1_divergence_unmatched,192.955
T1_divergence_unmatched,178.183
T1_divergence_unmatched,192.5
T1_divergence_unmatched,180.0
T1_divergence_unmatched,212.808
T1_divergence_unmatched,191.0
T1_divergence_unmatched,194.838
T1_divergence_unmatched,178.836
T1_divergence_unmatched,201.827
T1_divergence_unmatched,210.5
T1_divergence_unmatched,191.085
T1_divergence_unmatched,189.257
T1_divergence_unmatched,231.774
T1_divergence_unmatched,226.121
T1_divergence_unmatched,181.067
T1_divergence_unmatched,167.579
T1_divergence_unmatched,170.4
T1_divergence_unmatched,162.118
T1_divergence_unmatched,217.387
T1_divergence_unmatched,207.075
T1_divergence_unmatched,188.333
T1_divergence_unmatched,204.425
T1_divergence_unmatched,183.46
T1_divergence_unmatched,197.14
T1_divergence_unmatched,212.271
T1_divergence_unmatched,192.857
T1_divergence_unmatched,175.816
T1_divergence_unmatched,204.306
T1_divergence_unmatched,170.583
T1_divergence_unmatched,160.767
T1_divergence_unmatched,185.122
T1_divergence_unmatched,165.762
T1_divergence_unmatched,210.353
T1_divergence_unmatched,197.233
T1_divergence_unmatched,231.5
T1_divergence_unmatched,174.897
T1_divergence_unmatched,225.556
T1_divergence_unmatched,156.964
T1_divergence_unmatched,199.465
T1_divergence_unmatched,215.385
T1_divergence_unmatched,200.818
T1_divergence_unmatched,183.404
T1_divergence_unmatched,192.407
T1_divergence_unmatched,194.045
T1_divergence_unmatched,211.63
T1_divergence_unmatched,201.143
T1_divergence_unmatched,161.571
T1_divergence_unmatched,186.787
T1_divergence_unmatched,171.846
T1_divergence_unmatched,266.407
T1_divergence_unmatched,157.2
T1_divergence_unmatched,222.972
T1_divergence_unmatched,174.143
T1_divergence_unmatched,160.286
T1_divergence_unmatched,155.759
T1_divergence_unmatched,186.407
T1_divergence_unmatched,195.314
T1_divergence_unmatched,202.862
T1_divergence_unmatched,192.492
T1_divergence_unmatched,158.578
T1_divergence_unmatched,123.103
T1_divergence_unmatched,172.075
T1_divergence_unmatched,194.476
T1_divergence_unmatched,198.286
T1_divergence_unmatched,192.148
T1_divergence_unmatched,185.775
T1_divergence_unmatched,187.174
T1_divergence_unmatched,184.61
T1_divergence_unmatched,193.683
T1_divergence_unmatched,178.575
T1_divergence_unmatched,185.727
T1_divergence_unmatched,192.947
T1_divergence_unmatched,193.833
T1_divergence_unmatched,180.214
T1_divergence_unmatched,214.333
T1_divergence_unmatched,179.308
T1_divergence_unmatched,194.941
T1_divergence_unmatched,180.542
T1_divergence_unmatched,191.025
T1_divergence_unmatched,187.302
T1_divergence_unmatched,203.821
T1_divergence_unmatched,174.085
T1_divergence_unmatched,191.818
T1_divergence_unmatched,168.434
T1_divergence_unmatched,180.93
T1_divergence_unmatched,161.323
T1_divergence_unmatched,197.962
T1_divergence_unmatched,159.225
T1_divergence_unmatched,190.831
T1_divergence_unmatched,177.562
T1_divergence_unmatched,186.405
T1_divergence_unmatched,191.696
T1_divergence_unmatched,193.379
T1_divergence_unmatched,228.583
T1_divergence_unmatched,175.185
T1_divergence_unmatched,199.818
T1_divergence_unmatched,187.958
T1_divergence_unmatched,187.087
T1_divergence_unmatched,211.767
T1_divergence_unmatched,187.794
T1_divergence_unmatched,202.184
T1_divergence_unmatched,164.241
T1_divergence_unmatched,186.409
T1_divergence_unmatched,232.571
T1_divergence_unmatched,196.948
T1_divergence_unmatched,183.577
T1_divergence_unmatched,166.381
T1_divergence_unmatched,215.85
T1_divergence_unmatched,190.058
T1_divergence_unmatched,171.015
T1_divergence_unmatched,131.791
T1_divergence_unmatched,182.13
T1_divergence_unmatched,213.093
T1_divergence_unmatched,190.786
T1_divergence_unmatched,181.759
T1_divergence_unmatched,203.731
T1_divergence_unmatched,189.39
T1_divergence_unmatched,176.87
T1_divergence_unmatched,200.306
T1_divergence_unmatched,230.643
T1_divergence_unmatched,174.568
T1_divergence_unmatched,197.057
T1_divergence_unmatched,178.525
T1_divergence_unmatched,212.941
T1_divergence_unmatched,195.268
T1_divergence_unmatched,222.742
T1_divergence_unmatched,165.96
T1_divergence_unmatched,185.146
T1_divergence_unmatched,201.9
T1_divergence_unmatched,195.125
T1_divergence_unmatched,206.0
T1_divergence_unmatched,223.075
T1_divergence_unmatched,187.667
T1_divergence_unmatched,181.483
T1_divergence_unmatched,196.085
T1_divergence_unmatched,194.24
T1_divergence_unmatched,178.279
T1_divergence_unmatched,160.833
T1_divergence_unmatched,191.696
T1_divergence_unmatched,162.413
T1_divergence_unmatched,216.458
T1_divergence_unmatched,179.235
T1_divergence_unmatched,197.968
T1_divergence_unmatched,185.333
T1_divergence_unmatched,174.581
T1_divergence_unmatched,191.069
T1_divergence_unmatched,186.65
T1_divergence_unmatched,216.2
T1_divergence_unmatched,188.723
T1_divergence_unmatched,175.611
T1_divergence_unmatched,185.0
T1_divergence_unmatched,144.683
T1_divergence_unmatched,219.855
T1_divergence_unmatched,179.862
T1_divergence_unmatched,244.154
T1_divergence_unmatched,228.933
T1_divergence_unmatched,184.8
T1_divergence_unmatched,212.571
T1_divergence_unmatched,180.969
T1_divergence_unmatched,195.2
T1_divergence_unmatched,206.941
T1_divergence_unmatched,184.25
T1_divergence_unmatched,203.64
T1_divergence_unmatched,187.564
T1_divergence_unmatched,181.214
T1_divergence_unmatched,191.227
T1_divergence_unmatched,195.581
T1_divergence_unmatched,188.094
T1_divergence_unmatched,205.487
T1_divergence_unmatched,192.867
T1_divergence_unmatched,169.152
T1_divergence_unmatched,179.4
T1_divergence_unmatched,215.455
T1_divergence_unmatched,169.946
T1_divergence_unmatched,205.702
T1_divergence_unmatched,179.913
T1_divergence_unmatched,181.236
T1_divergence_unmatched,214.851
T1_divergence_unmatched,194.4
T1_divergence_unmatched,197.0
T1_divergence_unmatched,204.096
T1_divergence_unmatched,164.0
T1_divergence_unmatched,217.82
T1_divergence_unmatched,217.492
T1_divergence_unmatched,187.28
T1_divergence_unmatched,195.939
T1_divergence_unmatched,166.351
T1_divergence_unmatched,185.368
T1_divergence_unmatched,190.022
T1_divergence_unmatched,182.021
T1_divergence_unmatched,194.308
T1_divergence_unmatched,215.731
T1_divergence_unmatched,191.469
T1_divergence_unmatched,184.216
T1_divergence_unmatched,157.842
T1_divergence_unmatched,182.462
T1_divergence_unmatched,205.455
T1_divergence_unmatched,186.6
T1_divergence_unmatched,195.805
T1_divergence_unmatched,177.484
T1_divergence_unmatched,180.704
T1_divergence_unmatched,190.5
T1_divergence_unmatched,198.434
T1_divergence_unmatched,211.34
T1_divergence_unmatched,182.119
T1_divergence_unmatched,211.159
T1_divergence_unmatched,195.071
T1_divergence_unmatched,196.381
T1_divergence_unmatched,196.871
T1_divergence_unmatched,151.286
T1_divergence_unmatched,180.101
T1_divergence_unmatched,213.571
T1_divergence_unmatched,180.972
T1_divergence_unmatched,202.426
T1_divergence_unmatched,271.136
T1_divergence_unmatched,241.647
T1_divergence_unmatched,164.136
T1_divergence_unmatched,194.378
T1_divergence_unmatched,227.875
T1_divergence_unmatched,174.596
T1_divergence_unmatched,214.042
T1_divergence_unmatched,191.544
T1_divergence_unmatched,199.864
T1_divergence_unmatched,209.306
T1_divergence_unmatched,197.812
T1_divergence_unmatched,235.683
T1_divergence_unmatched,181.529
T1_divergence_unmatched,204.3
T1_divergence_unmatched,218.377
T1_divergence_unmatched,208.816
T1_divergence_unmatched,186.545
T1_divergence_unmatched,211.565
T1_divergence_unmatched,174.093
T1_divergence_unmatched,187.655
T1_divergence_unmatched,198.64
T1_divergence_unmatched,200.023
T1_divergence_unmatched,224.576
T1_divergence_unmatched,208.98
T1_divergence_unmatched,176.162
T1_divergence_unmatched,212.619
T1_divergence_unmatched,175.273
T1_divergence_unmatched,186.513
T1_divergence_unmatched,193.348
T1_divergence_unmatched,307.0
T1_divergence_unmatched,210.812
T1_divergence_unmatched,189.606
T1_divergence_unmatched,148.667
T1_divergence_unmatched,204.25
T1_divergence_unmatched,178.488
T1_divergence_unmatched,202.588
T1_divergence_unmatched,179.5
T1_divergence_unmatched,186.28
T1_divergence_unmatched,196.087
T1_divergence_unmatched,163.917
T1_divergence_unmatched,175.051
T1_divergence_unmatched,211.967
T1_divergence_unmatched,194.143
T1_divergence_unmatched,168.357
T1_divergence_unmatched,187.654
T1_divergence_unmatched,213.067
T1_divergence_unmatched,195.038
T1_divergence_unmatched,195.558
T1_divergence_unmatched,207.431
T1_divergence_unmatched,188.054
T1_divergence_unmatched,200.064
T1_divergence_unmatched,227.742
T1_divergence_unmatched,214.269
T1_divergence_unmatched,208.619
T1_divergence_unmatched,175.722
T1_divergence_unmatched,193.474
T1_divergence_unmatched,188.977
T1_divergence_unmatched,195.865
T1_divergence_unmatched,155.939
T1_divergence_unmatched,158.4
T1_divergence_unmatched,204.424
T1_divergence_unmatched,198.326
T1_divergence_unmatched,206.963
T1_divergence_unmatched,204.046
T1_divergence_unmatched,213.569
T1_divergence_unmatched,190.172
T1_divergence_unmatched,223.4
T1_divergence_unmatched,196.125
T1_divergence_unmatched,181.931
T1_divergence_unmatched,185.105
T1_divergence_unmatched,150.714
T1_divergence_unmatched,194.191
T1_divergence_unmatched,214.97
T1_divergence_unmatched,166.258
T1_divergence_unmatched,184.513
T1_divergence_unmatched,194.88
T1_divergence_unmatched,189.361
T1_divergence_unmatched,205.265
T1_divergence_unmatched,214.944
T1_divergence_unmatched,49.125
T1_divergence_unmatched,196.84
T1_divergence_unmatched,183.948
T1_divergence_unmatched,172.276
T1_divergence_unmatched,204.364
T1_divergence_unmatched,202.25
T1_divergence_unmatched,215.3
T1_divergence_unmatched,195.0
T1_divergence_unmatched,220.0
T1_divergence_unmatched,194.62
T1_divergence_unmatched,116.562
T1_divergence_unmatched,204.447
T1_divergence_unmatched,147.154
T1_divergence_unmatched,185.24
T1_divergence_unmatched,207.061
T1_divergence_unmatched,180.833
T1_divergence_unmatched,209.047
T1_divergence_unmatched,191.28
T1_divergence_unmatched,207.353
T1_divergence_unmatched,193.735
T1_divergence_unmatched,210.617
T1_divergence_unmatched,191.955
T1_divergence_unmatched,122.286
T1_divergence_unmatched,196.795
T1_divergence_unmatched,199.021
T1_divergence_unmatched,175.881
T1_divergence_unmatched,179.065
T1_divergence_unmatched,200.073
T1_divergence_unmatched,173.278
T1_divergence_unmatched,177.436
T1_divergence_unmatched,156.958
T1_divergence_unmatched,189.692
T1_divergence_unmatched,206.179
T1_divergence_unmatched,180.708
T1_divergence_unmatched,200.984
T1_divergence_unmatched,243.471
T1_divergence_unmatched,174.979
T1_divergence_unmatched,187.157
T1_divergence_unmatched,184.122
T1_divergence_unmatched,225.431
T1_divergence_unmatched,204.558
T1_divergence_unmatched,190.115
T1_divergence_unmatched,203.548
T1_divergence_unmatched,183.0
T1_divergence_unmatched,166.784
T1_divergence_unmatched,181.568
T1_divergence_unmatched,194.815
T1_divergence_unmatched,212.75
T1_divergence_unmatched,183.606
T1_divergence_unmatched,178.333
T1_divergence_unmatched,190.538
T1_divergence_unmatched,182.736
T1_divergence_unmatched,172.111
T1_divergence_unmatched,191.543
T1_divergence_unmatched,186.122
T1_divergence_unmatched,205.614
T1_divergence_unmatched,174.476
T1_divergence_unmatched,210.933
T1_divergence_unmatched,200.667
T1_divergence_unmatched,222.667
T1_divergence_unmatched,183.741
T1_divergence_unmatched,169.128
T1_divergence_unmatched,215.056
T1_divergence_unmatched,178.186
T1_divergence_unmatched,175.926
T1_divergence_unmatched,187.818
T1_divergence_unmatched,211.593
T1_divergence_unmatched,206.727
T1_divergence_unmatched,183.933
T1_divergence_unmatched,163.151
T1_divergence_unmatched,187.273
T1_divergence_unmatched,160.618
T1_divergence_unmatched,169.75
T1_divergence_unmatched,195.128
T1_divergence_unmatched,195.459
T1_divergence_unmatched,155.3
T1_divergence_unmatched,176.781
T1_divergence_unmatched,151.042
T1_divergence_unmatched,175.34
T1_divergence_unmatched,173.27
T1_divergence_unmatched,198.075
T1_divergence_unmatched,199.15
T1_divergence_unmatched,207.04
T1_divergence_unmatched,189.389
T1_divergence_unmatched,212.727
T1_divergence_unmatched,158.21
T1_divergence_unmatched,188.438
T1_divergence_unmatched,181.122
T1_divergence_unmatched,191.073
T1_divergence_unmatched,159.0
T1_divergence_unmatched,163.059
T1_divergence_unmatched,172.528
T1_divergence_unmatched,177.25
T1_divergence_unmatched,184.508
T1_divergence_unmatched,209.477
T1_divergence_unmatched,145.396
T1_divergence_unmatched,172.378
T1_divergence_unmatched,198.429
T1_divergence_unmatched,192.714
T1_divergence_unmatched,186.625
T1_divergence_unmatched,182.594
T1_divergence_unmatched,196.484
T1_divergence_unmatched,212.02
T1_divergence_unmatched,221.0
T1_divergence_unmatched,186.467
T1_divergence_unmatched,215.558
T1_divergence_unmatched,208.947
T1_divergence_unmatched,187.543
T1_divergence_unmatched,169.682
T1_divergence_unmatched,201.27
T1_divergence_unmatched,194.12
T1_divergence_unmatched,182.945
T1_divergence_unmatched,178.0
T1_divergence_unmatched,180.65
T1_divergence_unmatched,185.925
T1_divergence_unmatched,193.59
T1_divergence_unmatched,183.769
T1_divergence_unmatched,186.122
T1_divergence_unmatched,167.133
T1_divergence_unmatched,183.545
T1_divergence_unmatched,196.964
T1_divergence_unmatched,200.067
T1_divergence_unmatched,222.164
T1_divergence_unmatched,198.486
T1_divergence_unmatched,169.797
T1_divergence_unmatched,182.233
T1_divergence_unmatched,191.743
T1_divergence_unmatched,191.452
T1_divergence_unmatched,199.304
T1_divergence_unmatched,172.543
T1_divergence_unmatched,210.0
T1_divergence_unmatched,175.933
T1_divergence_unmatched,201.538
T1_divergence_unmatched,176.905
T1_divergence_unmatched,189.589
T1_divergence_unmatched,205.808
T1_divergence_unmatched,221.533
T1_divergence_unmatched,188.12
T1_divergence_unmatched,195.958
T1_divergence_unmatched,177.772
T1_divergence_unmatched,202.082
T1_divergence_unmatched,179.022
T1_divergence_unmatched,186.71
T1_divergence_unmatched,197.612
T1_divergence_unmatched,199.654
T1_divergence_unmatched,214.87
T1_divergence_unmatched,260.333
T1_divergence_unmatched,200.864
T1_divergence_unmatched,206.328
T1_divergence_unmatched,198.864
T1_divergence_unmatched,205.324
T1_divergence_unmatched,166.935
T1_divergence_unmatched,217.857
T1_divergence_unmatched,185.769
T1_divergence_unmatched,224.976
T1_divergence_unmatched,210.772
T1_divergence_unmatched,178.945
T1_divergence_unmatched,196.185
T1_divergence_unmatched,199.73
T1_divergence_unmatched,196.141
T1_divergence_unmatched,176.95
T1_divergence_unmatched,231.8
T1_divergence_unmatched,158.708
T1_divergence_unmatched,215.48
T1_divergence_unmatched,209.133
T1_divergence_unmatched,179.242
T1_divergence_unmatched,207.436
T1_divergence_unmatched,191.0
T1_divergence_unmatched,172.158
T1_divergence_unmatched,170.2
T1_divergence_unmatched,173.63
T1_divergence_unmatched,184.385
T1_divergence_unmatched,182.244
T1_divergence_unmatched,189.512
T1_divergence_unmatched,212.72
T1_divergence_unmatched,209.415
T1_divergence_unmatched,186.889
T1_divergence_unmatched,139.727
T1_divergence_unmatched,207.571
T1_divergence_unmatched,190.617
T1_divergence_unmatched,212.803
T1_divergence_unmatched,183.462
T1_divergence_unmatched,154.765
T1_divergence_unmatched,180.219
T1_divergence_unmatched,195.577
T1_divergence_unmatched,170.531
T1_divergence_unmatched,181.278
T1_divergence_unmatched,166.286
T1_divergence_unmatched,202.588
T1_divergence_unmatched,179.841
T1_divergence_unmatched,179.667
T1_divergence_unmatched,170.767
T1_divergence_unmatched,225.5
T1_divergence_unmatched,191.74
T1_divergence_unmatched,184.0
T1_divergence_unmatched,211.607
T1_divergence_unmatched,193.585
T1_divergence_unmatched,215.8
T1_divergence_unmatched,195.795
T1_divergence_unmatched,171.2
T1_divergence_unmatched,144.583
T1_divergence_unmatched,211.375
T1_divergence_unmatched,172.673
T1_divergence_unmatched,170.558
T1_divergence_unmatched,197.239
T1_divergence_unmatched,191.375
T1_divergence_unmatched,186.029
T1_divergence_unmatched,173.923
T1_divergence_unmatched,167.263
T1_divergence_unmatched,174.595
T1_divergence_unmatched,192.125
T1_divergence_unmatched,197.0
T1_divergence_unmatched,202.0
T1_divergence_unmatched,197.653
T1_divergence_unmatched,161.394
T1_divergence_unmatched,200.162
T1_divergence_unmatched,180.29
T1_divergence_unmatched,205.456
T1_divergence_unmatched,181.212
T1_divergence_unmatched,160.4
T1_divergence_unmatched,228.36
T1_divergence_unmatched,172.318
T1_divergence_unmatched,154.163
T1_divergence_unmatched,170.294
T1_divergence_unmatched,188.585
T1_divergence_unmatched,180.143
T1_divergence_unmatched,174.444
T1_divergence_unmatched,190.667
T1_divergence_unmatched,180.067
T1_divergence_unmatched,201.833
T1_divergence_unmatched,180.208
T1_divergence_unmatched,193.073
T1_divergence_unmatched,203.594
T1_divergence_unmatched,180.078
T1_divergence_unmatched,174.268
T1_divergence_unmatched,205.438
T1_divergence_unmatched,162.721
T1_divergence_unmatched,197.455
T1_divergence_unmatched,198.262
T1_divergence_unmatched,206.2
T1_divergence_unmatched,164.184
T1_divergence_unmatched,217.625
T1_divergence_unmatched,185.273
T1_divergence_unmatched,186.822
T1_divergence_unmatched,184.292
T1_divergence_unmatched,183.576
T1_divergence_unmatched,145.444
T1_divergence_unmatched,207.675
T1_divergence_unmatched,190.683
T1_divergence_unmatched,167.333
T1_divergence_unmatched,209.241
T1_divergence_unmatched,201.059
T1_divergence_unmatched,181.45
T1_divergence_unmatched,183.958
T1_divergence_unmatched,173.375
T1_divergence_unmatched,185.514
T1_divergence_unmatched,193.396
T1_divergence_unmatched,189.766
T1_divergence_unmatched,174.634
T1_divergence_unmatched,174.727
T1_divergence_unmatched,218.129
T1_divergence_unmatched,199.059
T1_divergence_unmatched,145.302
T1_divergence_unmatched,56.7692
T1_divergence_unmatched,191.648
T1_divergence_unmatched,243.556
T1_divergence_unmatched,205.975
T1_divergence_unmatched,192.231
T1_divergence_unmatched,175.0
T1_divergence_unmatched,151.564
T1_divergence_unmatched,197.54
T1_divergence_unmatched,158.149
T1_divergence_unmatched,213.441
T1_divergence_unmatched,160.565
T1_divergence_unmatched,180.784
T1_divergence_unmatched,164.536
T1_divergence_unmatched,219.865
T1_divergence_unmatched,162.896
T1_divergence_unmatched,190.098
T1_divergence_unmatched,212.833
T1_divergence_unmatched,144.71
T1_divergence_unmatched,186.395
T1_divergence_unmatched,201.143
T1_divergence_unmatched,150.405
T1_divergence_unmatched,190.923
T1_divergence_unmatched,201.016
T1_divergence_unmatched,180.76
T1_divergence_unmatched,204.681
T1_divergence_unmatched,196.243
T1_divergence_unmatched,221.735
T1_divergence_unmatched,210.905
T1_divergence_unmatched,178.286
T1_divergence_unmatched,190.325
T1_divergence_unmatched,179.628
T1_divergence_unmatched,185.282
T1_divergence_unmatched,189.683
T1_divergence_unmatched,238.667
T1_divergence_unmatched,208.9
T1_divergence_unmatched,187.976
T1_divergence_unmatched,166.731
T1_divergence_unmatched,200.833
T1_divergence_unmatched,186.588
T1_divergence_unmatched,220.936
T1_divergence_unmatched,203.075
T1_divergence_unmatched,208.472
T1_divergence_unmatched,163.364
T1_divergence_unmatched,174.81
T1_divergence_unmatched,174.429
T1_divergence_unmatched,93.6364
T1_divergence_unmatched,191.441
T1_divergence_unmatched,177.462
T1_divergence_unmatched,167.932
T1_divergence_unmatched,175.027
T1_divergence_unmatched,170.684
T1_divergence_unmatched,221.816
T1_divergence_unmatched,207.314
T1_divergence_unmatched,187.225
T1_divergence_unmatched,173.712
T1_divergence_unmatched,160.833
T1_divergence_unmatched,187.45
T1_divergence_unmatched,209.245
T1_divergence_unmatched,184.787
T1_divergence_unmatched,194.532
T1_divergence_unmatched,191.5
T1_divergence_unmatched,196.824
T1_divergence_unmatched,209.957
T1_divergence_unmatched,182.447
T1_divergence_unmatched,184.191
T1_divergence_unmatched,210.167
T1_divergence_unmatched,156.472
T1_divergence_unmatched,188.375
T1_divergence_unmatched,163.528
T1_divergence_unmatched,212.633
T1_divergence_unmatched,189.419
T1_divergence_unmatched,184.703
T1_divergence_unmatched,176.721
T1_divergence_unmatched,172.917
T1_divergence_unmatched,193.654
T1_divergence_unmatched,187.171
T1_divergence_unmatched,182.853
T1_divergence_unmatched,205.618
T1_divergence_unmatched,201.184
T1_divergence_unmatched,193.383
T1_divergence_unmatched,204.333
T1_divergence_unmatched,191.345
T1_divergence_unmatched,186.848
T1_divergence_unmatched,182.05
T1_divergence_unmatched,195.613
T1_divergence_unmatched,193.963
T1_divergence_unmatched,169.091
T1_divergence_unmatched,187.606
T1_divergence_unmatched,181.933
T1_divergence_unmatched,209.15
T1_divergence_unmatched,189.093
T1_divergence_unmatched,192.86
T1_divergence_unmatched,80.75
T1_divergence_unmatched,191.073
T1_divergence_unmatched,177.256
T1_divergence_unmatched,173.938
T1_divergence_unmatched,50.8571
T1_divergence_unmatched,179.333
T1_divergence_unmatched,213.639
T1_divergence_unmatched,176.841
T1_divergence_unmatched,156.745
T1_divergence_unmatched,170.754
T1_divergence_unmatched,237.952
T1_divergence_unmatched,171.971
T1_divergence_unmatched,219.095
T1_divergence_unmatched,193.806
T1_divergence_unmatched,183.575
T1_divergence_unmatched,190.061
T1_divergence_unmatched,182.491
T1_divergence_unmatched,192.553
T1_divergence_unmatched,163.059
T1_divergence_unmatched,176.582
T1_divergence_unmatched,204.0
T1_divergence_unmatched,199.29
T1_divergence_unmatched,191.063
T1_divergence_unmatched,194.487
T1_divergence_unmatched,222.725
T1_divergence_unmatched,208.625
T1_divergence_unmatched,216.705
T1_divergence_unmatched,161.042
T1_divergence_unmatched,203.533
T1_divergence_unmatched,167.361
T1_divergence_unmatched,199.136
T1_divergence_unmatched,199.233
T1_divergence_unmatched,192.021
T1_divergence_unmatched,180.714
T1_divergence_unmatched,202.075
T1_divergence_unmatched,188.585
T1_divergence_unmatched,210.106
T1_divergence_unmatched,182.0
T1_divergence_unmatched,179.487
T1_divergence_unmatched,180.806
T1_divergence_unmatched,183.0
T1_divergence_unmatched,191.857
T1_divergence_unmatched,184.456
T1_divergence_unmatched,196.204
T1_divergence_unmatched,220.429
T1_divergence_unmatched,198.627
T1_divergence_unmatched,197.842
T1_divergence_unmatched,155.929
T1_divergence_unmatched,172.179
T1_divergence_unmatched,202.852
T1_divergence_unmatched,183.7
T1_divergence_unmatched,173.225
T1_divergence_unmatched,181.854
T1_divergence_unmatched,187.897
T1_divergence_unmatched,172.565
T1_divergence_unmatched,181.0
T1_divergence_unmatched,183.261
T1_divergence_unmatched,189.684
T1_divergence_unmatched,187.633
T1_divergence_unmatched,185.36
T1_divergence_unmatched,188.953
T1_divergence_unmatched,238.444
T1_divergence_unmatched,177.19
T1_divergence_unmatched,216.342
T1_divergence_unmatched,180.568
T1_divergence_unmatched,178.292
T1_divergence_unmatched,196.4
T1_divergence_unmatched,208.808
T1_divergence_unmatched,173.216
T1_divergence_unmatched,145.705
T1_divergence_unmatched,174.667
T1_divergence_unmatched,199.022
T1_divergence_unmatched,232.889
T1_divergence_unmatched,168.17
T1_divergence_unmatched,291.0
T1_divergence_unmatched,214.444
T1_divergence_unmatched,142.75
T1_divergence_unmatched,204.816
T1_divergence_unmatched,185.222
T1_divergence_unmatched,226.75
T1_divergence_unmatched,194.929
T1_divergence_unmatched,176.0
T1_divergence_unmatched,158.919
T1_divergence_unmatched,190.646
T1_divergence_unmatched,179.068
T1_divergence_unmatched,169.424
T1_divergence_unmatched,203.818
T1_divergence_unmatched,186.915
T1_divergence_unmatched,184.837
T1_divergence_unmatched,175.828
T1_divergence_unmatched,192.013
T1_divergence_unmatched,164.682
T1_divergence_unmatched,182.146
T1_divergence_unmatched,203.071
T1_divergence_unmatched,167.809
T1_divergence_unmatched,193.787
T1_divergence_unmatched,185.219
T1_divergence_unmatched,193.68
T1_divergence_unmatched,178.256
T1_divergence_unmatched,161.812
T1_divergence_unmatched,218.4
T1_divergence_unmatched,183.038
T1_divergence_unmatched,207.139
T1_divergence_unmatched,183.791
T1_divergence_unmatched,180.696
T1_divergence_unmatched,157.5
T1_divergence_unmatched,223.053
T1_divergence_unmatched,224.071
T1_divergence_unmatched,181.686
T1_divergence_unmatched,180.86
T1_divergence_unmatched,178.738
T1_divergence_unmatched,169.179
T1_divergence_unmatched,140.682
T1_divergence_unmatched,160.019
T1_divergence_unmatched,156.758
T1_divergence_unmatched,191.978
T1_divergence_unmatched,219.149
T1_divergence_unmatched,175.059
T1_divergence_unmatched,184.154
T1_divergence_unmatched,195.951
T1_divergence_unmatched,169.75
T1_divergence_unmatched,181.638
T1_divergence_unmatched,267.333
T1_divergence_unmatched,204.435
T1_divergence_unmatched,208.542
T1_divergence_unmatched,166.0
T1_divergence_unmatched,207.143
T1_divergence_unmatched,180.28
T1_divergence_unmatched,197.789
T1_divergence_unmatched,180.349
T1_divergence_unmatched,173.222
T1_divergence_unmatched,236.096
T1_divergence_unmatched,218.919
T1_divergence_unmatched,177.19
T1_divergence_unmatched,179.333
T1_divergence_unmatched,204.214
T1_divergence_unmatched,200.5
T1_divergence_unmatched,151.476
T1_divergence_unmatched,199.731
T1_divergence_unmatched,172.328
T1_divergence_unmatched,182.472
T1_divergence_unmatched,184.136
T1_divergence_unmatched,161.37
T1_divergence_unmatched,188.69
T1_divergence_unmatched,207.6
T1_divergence_unmatched,222.881
T1_divergence_unmatched,168.217
T1_divergence_unmatched,194.632
T1_divergence_unmatched,190.05
T1_divergence_unmatched,177.567
T1_divergence_unmatched,207.814
T1_divergence_unmatched,168.649
T1_divergence_unmatched,161.525
T1_divergence_unmatched,187.34
T1_divergence_unmatched,213.667
T1_divergence_unmatched,162.786
T1_divergence_unmatched,190.39
T1_divergence_unmatched,174.042
T1_divergence_unmatched,185.911
T1_divergence_unmatched,207.769
T1_divergence_unmatched,180.083
T1_divergence_unmatched,196.887
T1_divergence_unmatched,172.386
T1_divergence_unmatched,218.242
T1_divergence_unmatched,201.707
T1_divergence_unmatched,186.025
T1_divergence_unmatched,176.654
T1_divergence_unmatched,181.804
T1_divergence_unmatched,175.383
T1_divergence_unmatched,239.375
T1_divergence_unmatched,200.082
T1_divergence_unmatched,187.083
T1_divergence_unmatched,194.509
T1_divergence_unmatched,191.159
T1_divergence_unmatched,208.913
T1_divergence_unmatched,172.095
T1_divergence_unmatched,198.393
T1_divergence_unmatched,182.581
T1_divergence_unmatched,221.051
T1_divergence_unmatched,207.0
T1_divergence_unmatched,215.22
T1_divergence_unmatched,198.731
T1_divergence_unmatched,199.962
T1_divergence_unmatched,190.968
T1_divergence_unmatched,171.367
T1_divergence_unmatched,212.829
T1_divergence_unmatched,196.393
T1_divergence_unmatched,168.762
T1_divergence_unmatched,153.273
T1_divergence_unmatched,162.205
T1_divergence_unmatched,181.325
T1_divergence_unmatched,228.444
T1_divergence_unmatched,169.069
T1_divergence_unmatched,218.186
T1_divergence_unmatched,153.408
T1_divergence_unmatched,160.158
T1_divergence_unmatched,180.783
T1_divergence_unmatched,197.143
T1_divergence_unmatched,199.977
T1_divergence_unmatched,183.377
T1_divergence_unmatched,186.778
T1_divergence_unmatched,188.905
T1_divergence_unmatched,211.613
T1_divergence_unmatched,204.411
T1_divergence_unmatched,197.257
T1_divergence_unmatched,197.583
T1_divergence_unmatched,191.047
T1_divergence_unmatched,205.936
T1_divergence_unmatched,218.143
T1_divergence_unmatched,177.0
T1_divergence_unmatched,170.521
T1_divergence_unmatched,215.417
T1_divergence_unmatched,220.091
T1_divergence_unmatched,184.139
T1_divergence_unmatched,145.098
T1_divergence_unmatched,161.102
T1_divergence_unmatched,185.69
T1_divergence_unmatched,216.13
T1_divergence_unmatched,209.281
T1_divergence_unmatched,188.44
T1_divergence_unmatched,171.222
T1_divergence_unmatched,181.78
T1_divergence_unmatched,207.439
T1_divergence_unmatched,228.207
T1_divergence_unmatched,211.95
T1_divergence_unmatched,187.333
T1_divergence_unmatched,209.432
T1_divergence_unmatched,178.282
T1_divergence_unmatched,192.545
T1_divergence_unmatched,177.869
T1_divergence_unmatched,203.564
T1_divergence_unmatched,201.321
T1_divergence_unmatched,175.533
T1_divergence_unmatched,189.475
T1_divergence_unmatched,209.621
T1_divergence_unmatched,158.778
T1_divergence_unmatched,174.833
T1_divergence_unmatched,163.962
T1_divergence_unmatched,155.387
T1_divergence_unmatched,190.9
T1_divergence_unmatched,183.161
T1_divergence_unmatched,210.739
T1_divergence_unmatched,196.8
T1_divergence_unmatched,233.056
T1_divergence_unmatched,223.243
T1_divergence_unmatched,172.214
T1_divergence_unmatched,45.9333
T1_divergence_unmatched,181.88
T1_divergence_unmatched,201.189
T1_divergence_unmatched,198.595
T1_divergence_unmatched,182.327
T1_divergence_unmatched,173.943
T1_divergence_unmatched,204.429
T1_divergence_unmatched,198.674
T1_divergence_unmatched,156.6
T1_divergence_unmatched,185.059
T1_divergence_unmatched,181.864
T1_divergence_unmatched,188.412
T1_divergence_unmatched,216.14
T1_divergence_unmatched,214.959
T1_divergence_unmatched,210.969
T1_divergence_unmatched,188.628
T1_divergence_unmatched,166.682
T1_divergence_unmatched,199.095
T1_divergence_unmatched,148.773
T1_divergence_unmatched,209.278
T1_divergence_unmatched,190.641
T1_divergence_unmatched,225.588
T1_divergence_unmatched,165.35
T1_divergence_unmatched,207.921
T1_divergence_unmatched,177.645
T1_divergence_unmatched,201.296
T1_divergence_unmatched,177.489
T1_divergence_unmatched,246.41
T1_divergence_unmatched,193.939
T1_divergence_unmatched,180.939
T1_divergence_unmatched,205.353
T1_divergence_unmatched,166.643
T1_divergence_unmatched,168.517
T1_divergence_unmatched,190.951
T1_divergence_unmatched,181.718
T1_divergence_unmatched,178.259
T1_divergence_unmatched,172.338
T1_divergence_unmatched,215.789
T1_divergence_unmatched,188.354
T1_divergence_unmatched,219.038
T1_divergence_unmatched,202.939
T1_divergence_unmatched,199.538
T1_divergence_unmatched,202.87
T1_divergence_unmatched,197.475
T1_divergence_unmatched,176.171
T1_divergence_unmatched,213.794
T1_divergence_unmatched,201.958
T1_divergence_unmatched,174.879
T1_divergence_unmatched,177.839
T1_divergence_unmatched,134.355
T1_divergence_unmatched,175.705
T1_divergence_unmatched,162.289
T1_divergence_unmatched,178.308
T1_divergence_unmatched,217.656
T1_divergence_unmatched,189.062
T1_divergence_unmatched,193.952
T1_divergence_unmatched,222.6
T1_divergence_unmatched,189.022
T1_divergence_unmatched,196.5
T1_divergence_unmatched,188.792
T1_divergence_unmatched,177.889
T1_divergence_unmatched,180.211
T1_divergence_unmatched,191.156
T1_divergence_unmatched,143.55
T1_divergence_unmatched,178.026
T1_divergence_unmatched,179.536
T1_divergence_unmatched,156.354
T1_divergence_unmatched,188.918
T1_divergence_unmatched,184.169
T1_divergence_unmatched,26.0
T1_divergence_unmatched,212.667
T1_divergence_unmatched,209.194
T1_divergence_unmatched,209.974
T1_divergence_unmatched,206.636
T1_divergence_unmatched,212.289
T1_divergence_unmatched,206.341
T1_divergence_unmatched,214.794
T1_divergence_unmatched,184.755
T1_divergence_unmatched,200.727
T1_divergence_unmatched,194.523
T1_divergence_unmatched,210.462
T1_divergence_unmatched,173.571
T1_divergence_unmatched,181.743
T1_divergence_unmatched,178.234
T1_divergence_unmatched,187.342
T1_divergence_unmatched,211.325
T1_divergence_unmatched,190.45
T1_divergence_unmatched,291.0
T1_divergence_unmatched,174.607
T1_divergence_unmatched,195.926
T1_divergence_unmatched,169.031
T1_divergence_unmatched,192.958
T1_divergence_unmatched,209.769
T1_divergence_unmatched,181.778
T1_divergence_unmatched,195.711
T1_divergence_unmatched,176.216
T1_divergence_unmatched,179.939
T1_divergence_unmatched,211.872
T1_divergence_unmatched,211.135
T1_divergence_unmatched,174.816
T1_divergence_unmatched,191.518
T1_divergence_unmatched,203.464
T1_divergence_unmatched,176.805
T1_divergence_unmatched,191.574
T1_divergence_unmatched,203.912
T1_divergence_unmatched,165.347
T1_divergence_unmatched,151.057
T1_divergence_unmatched,180.255
T1_divergence_unmatched,163.893
T1_divergence_unmatched,192.524
T1_divergence_unmatched,190.867
T1_divergence_unmatched,196.517
T1_divergence_unmatched,183.964
T1_divergence_unmatched,195.909
T1_divergence_unmatched,232.963
T1_divergence_unmatched,206.547
T1_divergence_unmatched,202.4
T1_divergence_unmatched,185.974
T1_divergence_unmatched,227.611
T1_divergence_unmatched,159.0
T1_divergence_unmatched,154.939
T1_divergence_unmatched,155.545
T1_divergence_unmatched,181.686
T1_divergence_unmatched,212.414
T1_divergence_unmatched,175.096
T1_divergence_unmatched,192.828
T1_divergence_unmatched,205.842
T1_divergence_unmatched,192.216
T1_divergence_unmatched,224.513
T1_divergence_unmatched,153.491
T1_divergence_unmatched,208.667
T1_divergence_unmatched,210.286
T1_divergence_unmatched,165.553
T1_divergence_unmatched,208.121
T1_divergence_unmatched,188.042
T1_divergence_unmatched,175.237
T1_divergence_unmatched,185.519
T1_divergence_unmatched,210.1
T1_divergence_unmatched,224.529
T1_divergence_unmatched,185.983
T1_divergence_unmatched,206.367
T1_divergence_unmatched,175.352
T1_divergence_unmatched,171.7
T1_divergence_unmatched,201.414
T1_divergence_unmatched,204.608
T1_divergence_unmatched,195.549
T1_divergence_unmatched,232.571
T1_divergence_unmatched,173.81
T1_divergence_unmatched,174.065
T1_divergence_unmatched,171.544
T1_divergence_unmatched,197.844
T1_divergence_unmatched,181.0
T1_divergence_unmatched,182.929
T1_divergence_unmatched,138.556
T1_divergence_unmatched,206.053
T1_divergence_unmatched,181.923
T1_divergence_unmatched,193.385
T1_divergence_unmatched,189.589
T1_divergence_unmatched,197.591
T1_divergence_unmatched,171.414
T1_divergence_unmatched,189.524
T1_divergence_unmatched,179.317
T1_divergence_unmatched,208.621
T1_divergence_unmatched,211.607
T1_divergence_unmatched,180.486
T1_divergence_unmatched,185.161
T1_divergence_unmatched,188.911
T1_divergence_unmatched,182.714
T1_divergence_unmatched,171.643
T1_divergence_unmatched,176.655
T1_divergence_unmatched,196.138
T1_divergence_unmatched,200.478
T1_divergence_unmatched,198.512
T1_divergence_unmatched,175.591
T1_divergence_unmatched,180.5
T1_divergence_unmatched,185.898
T1_divergence_unmatched,225.296
T1_divergence_unmatched,181.278
T1_divergence_unmatched,193.19
T1_divergence_unmatched,233.548
T1_divergence_unmatched,210.0
T1_divergence_unmatched,178.393
T1_divergence_unmatched,213.388
T1_divergence_unmatched,194.279
T1_divergence_unmatched,188.093
T1_divergence_unmatched,190.455
T1_divergence_unmatched,195.658
T1_divergence_unmatched,207.029
T1_divergence_unmatched,196.0
T1_divergence_unmatched,189.189
T1_divergence_unmatched,209.421
T1_divergence_unmatched,193.351
T1_divergence_unmatched,198.553
T1_divergence_unmatched,176.231
T1_divergence_unmatched,193.82
T1_divergence_unmatched,182.107
T1_divergence_unmatched,184.938
T1_divergence_unmatched,174.796
T1_divergence_unmatched,178.167
T1_divergence_unmatched,199.071
T1_divergence_unmatched,182.066
T1_divergence_unmatched,207.0
T1_divergence_unmatched,178.118
T1_divergence_unmatched,183.348
T1_divergence_unmatched,176.569
T1_divergence_unmatched,230.0
T1_divergence_unmatched,198.382
T1_divergence_unmatched,192.29
T1_divergence_unmatched,205.795
T1_divergence_unmatched,169.351
T1_divergence_unmatched,192.943
T1_divergence_unmatched,182.811
T1_divergence_unmatched,200.458
T1_divergence_unmatched,175.208
T1_divergence_unmatched,202.917
T1_divergence_unmatched,203.895
T1_divergence_unmatched,197.964
T1_divergence_unmatched,213.229
T1_divergence_unmatched,197.468
T1_divergence_unmatched,201.877
T1_divergence_unmatched,176.962
T1_divergence_unmatched,198.24
T1_divergence_unmatched,199.667
T1_divergence_unmatched,178.017
T1_divergence_unmatched,150.255
T1_divergence_unmatched,201.673
T1_divergence_unmatched,198.031
T1_divergence_unmatched,216.548
T1_divergence_unmatched,186.4
T1_divergence_unmatched,194.468
T1_divergence_unmatched,166.405
T1_divergence_unmatched,199.317
T1_divergence_unmatched,183.836
T1_divergence_unmatched,165.256
T1_divergence_unmatched,164.944
T1_divergence_unmatched,207.27
T1_divergence_unmatched,186.958
T1_divergence_unmatched,193.8
T1_divergence_unmatched,217.174
T1_divergence_unmatched,168.694
T1_divergence_unmatched,183.136
T1_divergence_unmatched,192.069
T1_divergence_unmatched,197.35
T1_divergence_unmatched,196.857
T1_divergence_unmatched,166.466
T1_divergence_unmatched,188.975
T1_divergence_unmatched,173.06
T1_divergence_unmatched,247.409
T1_divergence_unmatched,173.156
T1_divergence_unmatched,183.647
T1_divergence_unmatched,167.07
T1_divergence_unmatched,170.27
T1_divergence_unmatched,172.709
T1_divergence_unmatched,210.971
T1_divergence_unmatched,148.036
T1_divergence_unmatched,194.797
T1_divergence_unmatched,175.855
T1_divergence_unmatched,193.043
T1_divergence_unmatched,167.574
T1_divergence_unmatched,189.756
T1_divergence_unmatched,213.0
T1_divergence_unmatched,221.143
T1_divergence_unmatched,186.569
T1_divergence_unmatched,200.078
T1_divergence_unmatched,190.708
T1_divergence_unmatched,173.923
T1_divergence_unmatched,170.281
T1_divergence_unmatched,192.073
T1_divergence_unmatched,201.842
T1_divergence_unmatched,181.964
T1_divergence_unmatched,158.625
T1_divergence_unmatched,261.6
T1_divergence_unmatched,186.679
T1_divergence_unmatched,179.615
T1_divergence_unmatched,208.468
T1_divergence_unmatched,194.4
T1_divergence_unmatched,172.342
T1_divergence_unmatched,178.0
T1_divergence_unmatched,191.128
T1_divergence_unmatched,210.1
T1_divergence_unmatched,232.324
T1_divergence_unmatched,170.7
T1_divergence_unmatched,202.769
T1_divergence_unmatched,184.054
T1_divergence_unmatched,179.698
T1_divergence_unmatched,176.297
T1_divergence_unmatched,209.511
T1_divergence_unmatched,223.651
T1_divergence_unmatched,185.173
T1_divergence_unmatched,181.672
T1_divergence_unmatched,34.0
T1_divergence_unmatched,147.59
T1_divergence_unmatched,165.103
T1_divergence_unmatched,181.667
T1_divergence_unmatched,211.309
T1_divergence_unmatched,196.5
T1_divergence_unmatched,200.744
T1_divergence_unmatched,183.0
T1_divergence_unmatched,192.5
T1_divergence_unmatched,173.341
T1_divergence_unmatched,205.333
T1_divergence_unmatched,201.86
T1_divergence_unmatched,208.385
T1_divergence_unmatched,182.077
T1_divergence_unmatched,177.738
T1_divergence_unmatched,218.711
T1_divergence_unmatched,205.853
T1_divergence_unmatched,206.5
T1_divergence_unmatched,212.564
T1_divergence_unmatched,219.955
T1_divergence_unmatched,201.189
T1_divergence_unmatched,199.362
T1_divergence_unmatched,204.212
T1_divergence_unmatched,186.7
T1_divergence_unmatched,197.37
T1_divergence_unmatched,170.963
T1_divergence_unmatched,183.554
T1_divergence_unmatched,226.483
T1_divergence_unmatched,184.854
T1_divergence_unmatched,235.162
T1_divergence_unmatched,204.812
T1_divergence_unmatched,201.333
T1_divergence_unmatched,205.61
T1_divergence_unmatched,221.953
T1_divergence_unmatched,189.348
T1_divergence_unmatched,210.333
T1_divergence_unmatched,204.321
T1_divergence_unmatched,203.118
T1_divergence_unmatched,219.0
T1_divergence_unmatched,160.553
T1_divergence_unmatched,183.0
T1_divergence_unmatched,215.568
T1_divergence_unmatched,160.893
T1_divergence_unmatched,199.371
T1_divergence_unmatched,200.625
T1_divergence_unmatched,161.404
T1_divergence_unmatched,185.9
T1_divergence_unmatched,224.263
T1_divergence_unmatched,182.426
T1_divergence_unmatched,124.333
T1_divergence_unmatched,174.317
T1_divergence_unmatched,188.892
T1_divergence_unmatched,206.806
T1_divergence_unmatched,186.389
T1_divergence_unmatched,235.909
T1_divergence_unmatched,164.647
T1_divergence_unmatched,200.567
T1_divergence_unmatched,176.625
T1_divergence_unmatched,195.163
T1_divergence_unmatched,181.117
T1_divergence_unmatched,168.723
T1_divergence_unmatched,171.0
T1_divergence_unmatched,208.727
T1_divergence_unmatched,207.938
T1_divergence_unmatched,208.878
T1_divergence_unmatched,184.556
T1_divergence_unmatched,185.125
T1_divergence_unmatched,176.289
T1_divergence_unmatched,183.694
T1_divergence_unmatched,176.981
T1_divergence_unmatched,201.797
T1_divergence_unmatched,165.607
T1_divergence_unmatched,192.962
T1_divergence_unmatched,186.714
T1_divergence_unmatched,227.263
T1_divergence_unmatched,170.087
T1_divergence_unmatched,182.959
T1_divergence_unmatched,188.314
T1_divergence_unmatched,189.531
T1_divergence_unmatched,198.486
T1_divergence_unmatched,192.568
T1_divergence_unmatched,152.595
T1_divergence_unmatched,209.797
T1_divergence_unmatched,202.842
T1_divergence_unmatched,219.882
T1_divergence_unmatched,169.786
T1_divergence_unmatched,229.708
T1_divergence_unmatched,164.026
T1_divergence_unmatched,201.633
T1_divergence_unmatched,223.833
T1_divergence_unmatched,195.7
T1_divergence_unmatched,181.667
T1_divergence_unmatched,211.614
T1_divergence_unmatched,183.4
T1_divergence_unmatched,201.961
T1_divergence_unmatched,172.523
T1_divergence_unmatched,191.19
T1_divergence_unmatched,197.615
T1_divergence_unmatched,165.059
T1_divergence_unmatched,203.053
T1_divergence_unmatched,172.919
T1_divergence_unmatched,191.182
T1_divergence_unmatched,127.39
T1_divergence_unmatched,211.378
T1_divergence_unmatched,182.306
T1_divergence_unmatched,156.787
T1_divergence_unmatched,175.356
T1_divergence_unmatched,211.688
T1_divergence_unmatched,184.413
T1_divergence_unmatched,205.143
T1_divergence_unmatched,175.465
T1_divergence_unmatched,237.389
T1_divergence_unmatched,180.171
T1_divergence_unmatched,177.84
T1_divergence_unmatched,163.05
T1_divergence_unmatched,177.059
T1_divergence_unmatched,185.857
T1_divergence_unmatched,191.041
T1_divergence_unmatched,204.25
T1_divergence_unmatched,237.5
T1_divergence_unmatched,139.306
T1_divergence_unmatched,138.493
T1_divergence_unmatched,185.5
T1_divergence_unmatched,203.032
T1_divergence_unmatched,195.938
T1_divergence_unmatched,208.358
T1_divergence_unmatched,191.426
T1_divergence_unmatched,183.068
T1_divergence_unmatched,213.842
T1_divergence_unmatched,159.805
T1_divergence_unmatched,187.028
T1_divergence_unmatched,200.486
T1_divergence_unmatched,209.429
T1_divergence_unmatched,169.127
T1_divergence_unmatched,181.648
T1_divergence_unmatched,171.432
T1_divergence_unmatched,203.458
T1_divergence_unmatched,162.982
T1_divergence_unmatched,195.925
T1_divergence_unmatched,200.231
T1_divergence_unmatched,168.394
T1_divergence_unmatched,177.147
T1_divergence_unmatched,216.757
T1_divergence_unmatched,193.455
T1_divergence_unmatched,196.043
T1_divergence_unmatched,219.456
T1_divergence_unmatched,167.118
T1_divergence_unmatched,205.167
T1_divergence_unmatched,194.143
T1_divergence_unmatched,207.87
T1_divergence_unmatched,211.642
T1_divergence_unmatched,179.727
T1_divergence_unmatched,196.32
T1_divergence_unmatched,203.5
T1_divergence_unmatched,203.31
T1_divergence_unmatched,171.472
T1_divergence_unmatched,210.083
T1_divergence_unmatched,152.214
T1_divergence_unmatched,204.471
T1_divergence_unmatched,147.0
T1_divergence_unmatched,161.2
T1_divergence_unmatched,205.556
T1_divergence_unmatched,207.622
T1_divergence_unmatched,181.328
T1_divergence_unmatched,175.661
T1_divergence_unmatched,151.261
T1_divergence_unmatched,207.682
T1_divergence_unmatched,206.818
T1_divergence_unmatched,195.091
T1_divergence_unmatched,209.662
T1_divergence_unmatched,176.782
T1_divergence_unmatched,205.045
T1_divergence_unmatched,167.276
T1_divergence_unmatched,197.649
T1_divergence_unmatched,205.022
T1_divergence_unmatched,167.815
T1_divergence_unmatched,203.676
T1_divergence_unmatched,178.667
T1_divergence_unmatched,194.159
T1_divergence_unmatched,205.941
T1_divergence_unmatched,178.722
T1_divergence_unmatched,170.111
T1_divergence_unmatched,236.926
T1_divergence_unmatched,183.259
T1_divergence_unmatched,167.737
T1_divergence_unmatched,205.475
T1_divergence_unmatched,197.536
T1_divergence_unmatched,210.146
T1_divergence_unmatched,219.857
T1_divergence_unmatched,165.783
T1_divergence_unmatched,180.93
T1_divergence_unmatched,192.812
T1_divergence_unmatched,153.279
T1_divergence_unmatched,190.87
T1_divergence_unmatched,191.731
T1_divergence_unmatched,165.654
T1_divergence_unmatched,191.167
T1_divergence_unmatched,204.625
T1_divergence_unmatched,199.872
T1_divergence_unmatched,204.979
T1_divergence_unmatched,207.5
T1_divergence_unmatched,177.078
T1_divergence_unmatched,168.567
T1_divergence_unmatched,170.095
T1_divergence_unmatched,174.82
T1_divergence_unmatched,206.959
T1_divergence_unmatched,200.732
T1_divergence_unmatched,202.172
T1_divergence_unmatched,164.333
T1_divergence_unmatched,181.162
T1_divergence_unmatched,189.542
T1_divergence_unmatched,204.0
T1_divergence_unmatched,168.282
T1_divergence_unmatched,214.308
T1_divergence_unmatched,194.488
T1_divergence_unmatched,204.2
T1_divergence_unmatched,135.014
T1_divergence_unmatched,209.282
T1_divergence_unmatched,210.774
T1_divergence_unmatched,179.378
T1_divergence_unmatched,201.0
T1_divergence_unmatched,200.75
T1_divergence_unmatched,220.082
T1_divergence_unmatched,205.897
T1_divergence_unmatched,190.333
T1_divergence_unmatched,221.62
T1_divergence_unmatched,166.059
T1_divergence_unmatched,197.909
T1_divergence_unmatched,195.65
T1_divergence_unmatched,191.574
T1_divergence_unmatched,181.295
T1_divergence_unmatched,186.143
T1_divergence_unmatched,188.362
T1_divergence_unmatched,185.489
T1_divergence_unmatched,186.312
T1_divergence_unmatched,185.222
T1_divergence_unmatched,184.041
T1_divergence_unmatched,198.381
T1_divergence_unmatched,178.538
T1_divergence_unmatched,221.258
T1_divergence_unmatched,211.6
T1_divergence_unmatched,195.558
T1_divergence_unmatched,190.64
T1_divergence_unmatched,188.902
T1_divergence_unmatched,206.709
T1_divergence_unmatched,188.364
T1_divergence_unmatched,211.326
T1_divergence_unmatched,211.13
T1_divergence_unmatched,197.515
T1_divergence_unmatched,194.562
T1_divergence_unmatched,180.443
T1_divergence_unmatched,205.52
T1_divergence_unmatched,194.094
T1_divergence_unmatched,181.75
T1_divergence_unmatched,194.419
T1_divergence_unmatched,179.66
T1_divergence_unmatched,190.425
T1_divergence_unmatched,222.26
T1_divergence_unmatched,191.439
T1_divergence_unmatched,164.222
T1_divergence_unmatched,177.8
T1_divergence_unmatched,183.685
T1_divergence_unmatched,173.614
T1_divergence_unmatched,206.172
T1_divergence_unmatched,192.75
T1_divergence_unmatched,212.289
T1_divergence_unmatched,177.633
T1_divergence_unmatched,178.865
T1_divergence_unmatched,172.778
T1_divergence_unmatched,204.151
T1_divergence_unmatched,176.488
T1_divergence_unmatched,190.516
T1_divergence_unmatched,157.053
T1_divergence_unmatched,188.846
T1_divergence_unmatched,169.135
T1_divergence_unmatched,198.021
T1_divergence_unmatched,256.212
T1_divergence_unmatched,174.267
T1_divergence_unmatched,205.5
T1_divergence_unmatched,211.87
T1_divergence_unmatched,174.545
T1_divergence_unmatched,174.194
T1_divergence_unmatched,189.524
T1_divergence_unmatched,243.143
T1_divergence_unmatched,198.31
T1_divergence_unmatched,190.413
T1_divergence_unmatched,157.581
T1_divergence_unmatched,220.379
T1_divergence_unmatched,178.589
T1_divergence_unmatched,209.604
T1_divergence_unmatched,172.174
T1_divergence_unmatched,195.042
T1_divergence_unmatched,195.229
T1_divergence_unmatched,201.51
T1_divergence_unmatched,205.815
T1_divergence_unmatched,193.303
T1_divergence_unmatched,206.431
T1_divergence_unmatched,209.316
T1_divergence_unmatched,206.286
T1_divergence_unmatched,207.246
T1_divergence_unmatched,154.906
T1_divergence_unmatched,188.886
T1_divergence_unmatched,182.283
T1_divergence_unmatched,203.053
T1_divergence_unmatched,221.073
T1_divergence_unmatched,208.195
T1_divergence_unmatched,181.575
T1_divergence_unmatched,174.872
T1_divergence_unmatched,202.0
T1_divergence_unmatched,177.2
T1_divergence_unmatched,163.333
T1_divergence_unmatched,204.323
T1_divergence_unmatched,192.719
T1_divergence_unmatched,224.194
T1_divergence_unmatched,192.536
T1_divergence_unmatched,198.866
T1_divergence_unmatched,178.541
T1_divergence_unmatched,172.957
T1_divergence_unmatched,195.595
T1_divergence_unmatched,187.349
T1_divergence_unmatched,208.717
T1_divergence_unmatched,174.371
T1_divergence_unmatched,190.778
T1_divergence_unmatched,187.045
T1_divergence_unmatched,203.179
T1_divergence_unmatched,190.204
T1_divergence_unmatched,191.763
T1_divergence_unmatched,212.55
T1_divergence_unmatched,211.472
T1_divergence_unmatched,194.462
T1_divergence_unmatched,167.133
T1_divergence_unmatched,196.705
T1_divergence_unmatched,174.6
T1_divergence_unmatched,235.167
T1_divergence_unmatched,173.972
T1_divergence_unmatched,221.045
T1_divergence_unmatched,160.786
T1_divergence_unmatched,171.978
T1_divergence_unmatched,189.538
T1_divergence_unmatched,196.469
T1_divergence_unmatched,194.037
T1_divergence_unmatched,224.776
T1_divergence_unmatched,134.054
T1_divergence_unmatched,179.127
T1_divergence_unmatched,184.7
T1_divergence_unmatched,209.451
T1_divergence_unmatched,186.208
T1_divergence_unmatched,185.339
T1_divergence_unmatched,200.243
T1_divergence_unmatched,154.217
T1_divergence_unmatched,207.333
T1_divergence_unmatched,155.524
T1_divergence_unmatched,179.673
T1_divergence_unmatched,151.286
T1_divergence_unmatched,226.158
T1_divergence_unmatched,203.36
T1_divergence_unmatched,226.9
T1_divergence_unmatched,168.0
T1_divergence_unmatched,207.439
T1_divergence_unmatched,196.737
T1_divergence_unmatched,176.646
T1_divergence_unmatched,207.56
T1_divergence_unmatched,221.62
T1_divergence_unmatched,189.714
T1_divergence_unmatched,191.429
T1_divergence_unmatched,180.929
T1_divergence_unmatched,202.851
T1_divergence_unmatched,192.5
T1_divergence_unmatched,189.047
T1_divergence_unmatched,175.0
T1_divergence_unmatched,169.118
T1_divergence_unmatched,173.295
T1_divergence_unmatched,213.178
T1_divergence_unmatched,197.067
T1_divergence_unmatched,139.406
T1_divergence_unmatched,205.262
T1_divergence_unmatched,189.6
T1_divergence_unmatched,195.873
T1_divergence_unmatched,183.484
T1_divergence_unmatched,201.019
T1_divergence_unmatched,217.364
T1_divergence_unmatched,202.238
T1_divergence_unmatched,164.949
T1_divergence_unmatched,189.571
T1_divergence_unmatched,177.703
T1_divergence_unmatched,192.781
T1_divergence_unmatched,182.348
T1_divergence_unmatched,188.059
T1_divergence_unmatched,184.765
T1_divergence_unmatched,215.362
T1_divergence_unmatched,163.853
T1_divergence_unmatched,182.228
T1_divergence_unmatched,176.361
T1_divergence_unmatched,201.711
T1_divergence_unmatched,230.828
T1_divergence_unmatched,171.562
T1_divergence_unmatched,191.043
T1_divergence_unmatched,210.778
T1_divergence_unmatched,180.059
T1_divergence_unmatched,177.0
T1_divergence_unmatched,221.882
T1_divergence_unmatched,165.5
T1_divergence_unmatched,184.714
T1_divergence_unmatched,187.797
T1_divergence_unmatched,224.028
T1_divergence_unmatched,148.5
T1_divergence_unmatched,216.213
T1_divergence_unmatched,223.158
T1_divergence_unmatched,199.611
T1_divergence_unmatched,181.341
T1_divergence_unmatched,171.854
T1_divergence_unmatched,201.109
T1_divergence_unmatched,190.743
T1_divergence_unmatched,214.455
T1_divergence_unmatched,189.209
T1_divergence_unmatched,210.793
T1_divergence_unmatched,172.05
T1_divergence_unmatched,213.8
T1_divergence_unmatched,199.635
T1_divergence_unmatched,232.657
T1_divergence_unmatched,180.036
T1_divergence_unmatched,220.314
T1_divergence_unmatched,177.5
T1_divergence_unmatched,185.839
T1_divergence_unmatched,174.736
T1_divergence_unmatched,204.411
T1_divergence_unmatched,160.385
T1_divergence_unmatched,202.879
T1_divergence_unmatched,154.162
T1_divergence_unmatched,209.677
T1_divergence_unmatched,199.843
T1_divergence_unmatched,202.491
T1_divergence_unmatched,187.619
T1_divergence_unmatched,187.9
T1_divergence_unmatched,220.4
T1_divergence_unmatched,178.848
T1_divergence_unmatched,189.171
T1_divergence_unmatched,183.059
T1_divergence_unmatched,204.718
T1_divergence_unmatched,263.579
T1_divergence_unmatched,162.324
T1_divergence_unmatched,157.8
T1_divergence_unmatched,162.25
T1_divergence_unmatched,178.407
T1_divergence_unmatched,172.928
T1_divergence_unmatched,171.351
T1_divergence_unmatched,221.173
T1_divergence_unmatched,203.553
T1_divergence_unmatched,233.509
T1_divergence_unmatched,197.571
T1_divergence_unmatched,210.609
T1_divergence_unmatched,171.897
T1_divergence_unmatched,209.462
T1_divergence_unmatched,185.788
T1_divergence_unmatched,185.525
T1_divergence_unmatched,191.796
T1_divergence_unmatched,206.41
T1_divergence_unmatched,173.321
T1_divergence_unmatched,186.2
T1_divergence_unmatched,158.968
T1_divergence_unmatched,178.038
T1_divergence_unmatched,201.233
T1_divergence_unmatched,204.389
T1_divergence_unmatched,197.419
T1_divergence_unmatched,188.294
T1_divergence_unmatched,194.935
T1_divergence_unmatched,191.635
T1_divergence_unmatched,200.31
T1_divergence_unmatched,175.929
T1_divergence_unmatched,144.8
T1_divergence_unmatched,187.405
T1_divergence_unmatched,188.087
T1_divergence_unmatched,176.571
T1_divergence_unmatched,203.911
T1_divergence_unmatched,185.386
T1_divergence_unmatched,161.2
T1_divergence_unmatched,164.681
T1_divergence_unmatched,150.31
T1_divergence_unmatched,190.056
T1_divergence_unmatched,206.116
T1_divergence_unmatched,215.88
T1_divergence_unmatched,216.308
T1_divergence_unmatched,184.429
T1_divergence_unmatched,183.323
T1_divergence_unmatched,193.113
T1_divergence_unmatched,191.4
T1_divergence_unmatched,175.538
T1_divergence_unmatched,198.561
T1_divergence_unmatched,291.0
T1_divergence_unmatched,176.351
T1_divergence_unmatched,166.438
T1_divergence_unmatched,180.818
T1_divergence_unmatched,204.5
T1_divergence_unmatched,185.929
T1_divergence_unmatched,165.362
T1_divergence_unmatched,172.578
T1_divergence_unmatched,159.163
T1_divergence_unmatched,161.229
T1_divergence_unmatched,229.75
T1_divergence_unmatched,218.643
T1_divergence_unmatched,168.289
T1_divergence_unmatched,204.618
T1_divergence_unmatched,207.103
T1_divergence_unmatched,171.659
T1_divergence_unmatched,190.86
T1_divergence_unmatched,201.073
T1_divergence_unmatched,175.732
T1_divergence_unmatched,172.922
T1_divergence_unmatched,194.367
T1_divergence_unmatched,215.148
T1_divergence_unmatched,181.378
T1_divergence_unmatched,181.913
T1_divergence_unmatched,177.273
T1_divergence_unmatched,171.207
T1_divergence_unmatched,201.611
T1_divergence_unmatched,200.719
T1_divergence_unmatched,201.352
T1_divergence_unmatched,182.328
T1_divergence_unmatched,182.24
T1_divergence_unmatched,23.0
T1_divergence_unmatched,192.286
T1_divergence_unmatched,224.976
T1_divergence_unmatched,192.512
T1_divergence_unmatched,209.692
T1_divergence_unmatched,194.475
T1_divergence_unmatched,168.789
T1_divergence_unmatched,153.421
T1_divergence_unmatched,190.07
T1_divergence_unmatched,178.133
T1_divergence_unmatched,169.156
T1_divergence_unmatched,195.417
T1_divergence_unmatched,194.943
T1_divergence_unmatched,83.2
T1_divergence_unmatched,184.281
T1_divergence_unmatched,172.455
T1_divergence_unmatched,170.087
T1_divergence_unmatched,168.182
T1_divergence_unmatched,195.683
T1_divergence_unmatched,209.623
T1_divergence_unmatched,197.0
T1_divergence_unmatched,212.459
T1_divergence_unmatched,184.8
T1_divergence_unmatched,194.739
T1_divergence_unmatched,212.48
T1_divergence_unmatched,178.518
T1_divergence_unmatched,166.463
T1_divergence_unmatched,178.597
T1_divergence_unmatched,212.556
T1_divergence_unmatched,186.533
T1_divergence_unmatched,189.353
T1_divergence_unmatched,167.412
T1_divergence_unmatched,185.817
T1_divergence_unmatched,160.34
T1_divergence_unmatched,189.676
T1_divergence_unmatched,171.314
T1_divergence_unmatched,188.833
T1_divergence_unmatched,197.339
T1_divergence_unmatched,207.618
T1_divergence_unmatched,190.364
T1_divergence_unmatched,190.37
T1_divergence_unmatched,202.286
T1_divergence_unmatched,180.455
T1_divergence_unmatched,159.6
T1_divergence_unmatched,207.722
T1_divergence_unmatched,208.857
T1_divergence_unmatched,215.0
T1_divergence_unmatched,189.148
T1_divergence_unmatched,178.786
T1_divergence_unmatched,162.059
T1_divergence_unmatched,203.623
T1_divergence_unmatched,198.943
T1_divergence_unmatched,145.264
T1_divergence_unmatched,183.106
T1_divergence_unmatched,214.0
T1_divergence_unmatched,195.283
T1_divergence_unmatched,172.696
T1_divergence_unmatched,184.188
T1_divergence_unmatched,204.158
T1_divergence_unmatched,174.562
T1_divergence_unmatched,168.538
T1_divergence_unmatched,183.375
T1_divergence_unmatched,171.312
T1_divergence_unmatched,233.946
T1_divergence_unmatched,189.564
T1_divergence_unmatched,177.985
T1_divergence_unmatched,185.032
T1_divergence_unmatched,199.667
T1_divergence_unmatched,184.022
T1_divergence_unmatched,134.324
T1_divergence_unmatched,212.741
T1_divergence_unmatched,193.754
T1_divergence_unmatched,178.089
T1_divergence_unmatched,184.104
T1_divergence_unmatched,174.577
T1_divergence_unmatched,212.673
T1_divergence_unmatched,221.887
T1_divergence_unmatched,184.795
T1_divergence_unmatched,242.094
T1_divergence_unmatched,162.85
T1_divergence_unmatched,194.422
T1_divergence_unmatched,181.131
T1_divergence_unmatched,159.0
T1_divergence_unmatched,167.738
T1_divergence_unmatched,188.333
T1_divergence_unmatched,202.469
T1_divergence_unmatched,175.259
T1_divergence_unmatched,202.37
T1_divergence_unmatched,44.0
T1_divergence_unmatched,204.708
T1_divergence_unmatched,234.125
T1_divergence_unmatched,202.31
T1_divergence_unmatched,194.718
T1_divergence_unmatched,196.25
T1_divergence_unmatched,196.091
T1_divergence_unmatched,207.787
T1_divergence_unmatched,208.711
T1_divergence_unmatched,149.167
T1_divergence_unmatched,160.974
T1_divergence_unmatched,190.45
T1_divergence_unmatched,197.465
T1_divergence_unmatched,197.655
T1_divergence_unmatched,212.14
T1_divergence_unmatched,200.385
T1_divergence_unmatched,202.111
T1_divergence_unmatched,174.2
T1_divergence_unmatched,226.944
T1_divergence_unmatched,192.894
T1_divergence_unmatched,179.7
T1_divergence_unmatched,201.377
T1_divergence_unmatched,196.462
T1_divergence_unmatched,170.6
T1_divergence_unmatched,168.545
T1_divergence_unmatched,194.851
T1_divergence_unmatched,183.542
T1_divergence_unmatched,214.851
T1_divergence_unmatched,173.833
T1_divergence_unmatched,191.157
T1_divergence_unmatched,178.833
T1_divergence_unmatched,189.055
T1_divergence_unmatched,205.911
T1_divergence_unmatched,177.786
T1_divergence_unmatched,164.744
T1_divergence_unmatched,182.655
T1_divergence_unmatched,198.273
T1_divergence_unmatched,219.0
T1_divergence_unmatched,210.333
T1_divergence_unmatched,214.174
T1_divergence_unmatched,191.273
T1_divergence_unmatched,159.714
T1_divergence_unmatched,153.0
T1_divergence_unmatched,194.618
T1_divergence_unmatched,182.931
T1_divergence_unmatched,227.679
T1_divergence_unmatched,197.733
T1_divergence_unmatched,172.184
T1_divergence_unmatched,209.647
T1_divergence_unmatched,195.696
T1_divergence_unmatched,202.861
T1_divergence_unmatched,177.357
T1_divergence_unmatched,209.667
T1_divergence_unmatched,189.731
T1_divergence_unmatched,227.75
T1_divergence_unmatched,235.914
T1_divergence_unmatched,201.62
T1_divergence_unmatched,155.571
T1_divergence_unmatched,161.662
T1_divergence_unmatched,185.725
T1_divergence_unmatched,173.345
T1_divergence_unmatched,188.49
T1_divergence_unmatched,215.308
T1_divergence_unmatched,219.667
T1_divergence_unmatched,207.778
T1_divergence_unmatched,185.545
T1_divergence_unmatched,203.766
T1_divergence_unmatched,200.892
T1_divergence_unmatched,219.677
T1_divergence_unmatched,192.18
T1_divergence_unmatched,187.464
T1_divergence_unmatched,197.455
T1_divergence_unmatched,195.826
T1_divergence_unmatched,224.923
T1_divergence_unmatched,182.391
T1_divergence_unmatched,206.96
T1_divergence_unmatched,226.143
T1_divergence_unmatched,199.683
T1_divergence_unmatched,186.031
T1_divergence_unmatched,188.0
T1_divergence_unmatched,191.72
T1_divergence_unmatched,183.222
T1_divergence_unmatched,193.062
T1_divergence_unmatched,191.667
T1_divergence_unmatched,169.973
T1_divergence_unmatched,188.244
T1_divergence_unmatched,240.957
T1_divergence_unmatched,213.4
T1_divergence_unmatched,170.855
T1_divergence_unmatched,151.091
T1_divergence_unmatched,188.816
T1_divergence_unmatched,194.419
T1_divergence_unmatched,172.157
T1_divergence_unmatched,166.341
T1_divergence_unmatched,174.882
T1_divergence_unmatched,174.25
T1_divergence_unmatched,196.136
T1_divergence_unmatched,222.84
T1_divergence_unmatched,173.167
T1_divergence_unmatched,198.688
T1_divergence_unmatched,183.032
T1_divergence_unmatched,172.118
T1_divergence_unmatched,197.677
T1_divergence_unmatched,176.972
T1_divergence_unmatched,190.348
T1_divergence_unmatched,187.098
T1_divergence_unmatched,181.968
T1_divergence_unmatched,192.211
T1_divergence_unmatched,182.0
T1_divergence_unmatched,171.472
T1_divergence_unmatched,162.281
T1_divergence_unmatched,162.476
T1_divergence_unmatched,196.043
T1_divergence_unmatched,204.451
T1_divergence_unmatched,200.132
T1_divergence_unmatched,212.355
T1_divergence_unmatched,182.411
T1_divergence_unmatched,183.625
T1_divergence_unmatched,191.889
T1_divergence_unmatched,186.211
T1_divergence_unmatched,200.551
T1_divergence_unmatched,178.714
T1_divergence_unmatched,192.95
T1_divergence_unmatched,209.865
T1_divergence_unmatched,190.14
T1_divergence_unmatched,208.875
T1_divergence_unmatched,237.318
T1_divergence_unmatched,213.486
T1_divergence_unmatched,217.065
T1_divergence_unmatched,176.257
T1_divergence_unmatched,203.967
T1_divergence_unmatched,188.979
T1_divergence_unmatched,189.604
T1_divergence_unmatched,228.5
T1_divergence_unmatched,157.826
T1_divergence_unmatched,198.519
T1_divergence_unmatched,169.171
T1_divergence_unmatched,173.426
T1_divergence_unmatched,167.875
T1_divergence_unmatched,197.839
T1_divergence_unmatched,216.559
T1_divergence_unmatched,199.552
T1_divergence_unmatched,181.958
T1_divergence_unmatched,217.904
T1_divergence_unmatched,205.171
T1_divergence_unmatched,191.214
T1_divergence_unmatched,183.407
T1_divergence_unmatched,235.963
T1_divergence_unmatched,157.905
T1_divergence_unmatched,198.667
T1_divergence_unmatched,166.938
T1_divergence_unmatched,186.216
T1_divergence_unmatched,155.196
T1_divergence_unmatched,207.531
T1_divergence_unmatched,205.922
T1_divergence_unmatched,150.5
T1_divergence_unmatched,154.29
T1_divergence_unmatched,200.9
T1_divergence_unmatched,193.5
T1_divergence_unmatched,35.2857
T1_divergence_unmatched,219.111
T1_divergence_unmatched,178.4
T1_divergence_unmatched,168.93
T1_divergence_unmatched,149.125
T1_divergence_unmatched,183.875
T1_divergence_unmatched,194.217
T1_divergence_unmatched,163.72
T1_divergence_unmatched,189.8
T1_divergence_unmatched,206.455
T1_divergence_unmatched,199.224
T1_divergence_unmatched,216.148
T1_divergence_unmatched,198.033
T1_divergence_unmatched,163.8
T1_divergence_unmatched,205.106
T1_divergence_unmatched,172.607
T1_divergence_unmatched,206.656
T1_divergence_unmatched,194.955
T1_divergence_unmatched,182.091
T1_divergence_unmatched,224.471
T1_divergence_unmatched,185.985
T1_divergence_unmatched,217.423
T1_divergence_unmatched,190.732
T1_divergence_unmatched,194.14
T1_divergence_unmatched,199.083
T1_divergence_unmatched,163.377
T1_divergence_unmatched,138.84
T1_divergence_unmatched,179.045
T1_divergence_unmatched,230.621
T1_divergence_unmatched,167.933
T1_divergence_unmatched,163.359
T1_divergence_unmatched,183.904
T1_divergence_unmatched,188.983
T1_divergence_unmatched,189.574
T1_divergence_unmatched,170.0
T1_divergence_unmatched,183.792
T1_divergence_unmatched,178.645
T1_divergence_unmatched,55.5556
T1_divergence_unmatched,240.765
T1_divergence_unmatched,229.316
T1_divergence_unmatched,175.683
T1_divergence_unmatched,180.18
T1_divergence_unmatched,191.607
T1_divergence_unmatched,204.056
T1_divergence_unmatched,196.143
T1_divergence_unmatched,218.257
T1_divergence_unmatched,203.0
T1_divergence_unmatched,185.787
T1_divergence_unmatched,179.905
T1_divergence_unmatched,191.211
T1_divergence_unmatched,200.365
T1_divergence_unmatched,206.59
T1_divergence_unmatched,203.292
T1_divergence_unmatched,204.898
T1_divergence_unmatched,201.0
T1_divergence_unmatched,212.154
T1_divergence_unmatched,172.536
T1_divergence_unmatched,181.544
T1_divergence_unmatched,202.368
T1_divergence_unmatched,184.275
T1_divergence_unmatched,185.92
T1_divergence_unmatched,195.529
T1_divergence_unmatched,214.024
T1_divergence_unmatched,177.811
T1_divergence_unmatched,202.826
T1_divergence_unmatched,199.525
T1_divergence_unmatched,167.692
T1_divergence_unmatched,207.52
T1_divergence_unmatched,159.548
T1_divergence_unmatched,188.732
T1_divergence_unmatched,169.231
T1_divergence_unmatched,188.688
T1_divergence_unmatched,209.122
T1_divergence_unmatched,179.957
T1_divergence_unmatched,164.955
T1_divergence_unmatched,185.0
T1_divergence_unmatched,188.326
T1_divergence_unmatched,184.373
T1_divergence_unmatched,183.618
T1_divergence_unmatched,191.259
T1_divergence_unmatched,167.059
T1_divergence_unmatched,184.095
T1_divergence_unmatched,181.926
T1_divergence_unmatched,173.675
T1_divergence_unmatched,192.889
T1_divergence_unmatched,161.929
T1_divergence_unmatched,155.667
T1_divergence_unmatched,200.774
T1_divergence_unmatched,171.0
T1_divergence_unmatched,203.0
T1_divergence_unmatched,186.433
T1_divergence_unmatched,176.25
T1_divergence_unmatched,210.412
T1_divergence_unmatched,200.75
T1_divergence_unmatched,180.25
T1_divergence_unmatched,198.139
T1_divergence_unmatched,167.517
T1_divergence_unmatched,162.737
T1_divergence_unmatched,228.24
T1_divergence_unmatched,194.941
T1_divergence_unmatched,168.643
T1_divergence_unmatched,215.167
T1_divergence_unmatched,183.457
T1_divergence_unmatched,176.417
T1_divergence_unmatched,158.512
T1_divergence_unmatched,181.927
T1_divergence_unmatched,165.604
T1_divergence_unmatched,191.102
T1_divergence_unmatched,185.278
T1_divergence_unmatched,223.708
T1_divergence_unmatched,224.333
T1_divergence_unmatched,208.911
T1_divergence_unmatched,200.176
T1_divergence_unmatched,149.417
T1_divergence_unmatched,190.0
T1_divergence_unmatched,170.216
T1_divergence_unmatched,173.242
T1_divergence_unmatched,182.87
T1_divergence_unmatched,189.028
T1_divergence_unmatched,176.456
T1_divergence_unmatched,225.227
T1_divergence_unmatched,168.478
T1_divergence_unmatched,176.261
T1_divergence_unmatched,188.586
T1_divergence_unmatched,196.576
T1_divergence_unmatched,200.526
T1_divergence_unmatched,179.76
T1_divergence_unmatched,172.906
T1_divergence_unmatched,199.404
T1_divergence_unmatched,206.833
T1_divergence_unmatched,163.684
T1_divergence_unmatched,181.643
T1_divergence_unmatched,198.733
T1_divergence_unmatched,188.85
T1_divergence_unmatched,208.554
T1_divergence_unmatched,196.911
T1_divergence_unmatched,229.9
T1_divergence_unmatched,177.113
T1_divergence_unmatched,187.941
T1_divergence_unmatched,216.0
T1_divergence_unmatched,177.241
T1_divergence_unmatched,207.389
T1_divergence_unmatched,194.026
T1_divergence_unmatched,168.455
T1_divergence_unmatched,176.308
T1_divergence_unmatched,187.455
T1_divergence_unmatched,179.132
T1_divergence_unmatched,188.357
T1_divergence_unmatched,203.63
T1_divergence_unmatched,204.185
T1_divergence_unmatched,177.097
T1_divergence_unmatched,200.365
T1_divergence_unmatched,203.443
T1_divergence_unmatched,176.968
T1_divergence_unmatched,212.467
T1_divergence_unmatched,184.766
T1_divergence_unmatched,201.647
T1_divergence_unmatched,159.105
T1_divergence_unmatched,216.429
T1_divergence_unmatched,172.692
T1_divergence_unmatched,194.316
T1_divergence_unmatched,215.245
T1_divergence_unmatched,170.133
T1_divergence_unmatched,200.188
T1_divergence_unmatched,187.705
T1_divergence_unmatched,170.847
T1_divergence_unmatched,179.163
T1_divergence_unmatched,31.0
T1_divergence_unmatched,242.281
T1_divergence_unmatched,168.788
T1_divergence_unmatched,169.355
T1_divergence_unmatched,209.273
T1_divergence_unmatched,232.846
T1_divergence_unmatched,184.4
T1_divergence_unmatched,207.672
T1_divergence_unmatched,264.0
T1_divergence_unmatched,214.481
T1_divergence_unmatched,194.182
T1_divergence_unmatched,179.316
T1_divergence_unmatched,168.94
T1_divergence_unmatched,194.938
T1_divergence_unmatched,200.491
T1_divergence_unmatched,175.02
T1_divergence_unmatched,185.857
T1_divergence_unmatched,190.833
T1_divergence_unmatched,217.386
T1_divergence_unmatched,166.257
T1_divergence_unmatched,197.465
T1_divergence_unmatched,174.0
T1_divergence_unmatched,171.474
T1_divergence_unmatched,197.265
T1_divergence_unmatched,194.264
T1_divergence_unmatched,211.491
T1_divergence_unmatched,170.373
T1_divergence_unmatched,206.364
T1_divergence_unmatched,167.939
T1_divergence_unmatched,219.533
T1_divergence_unmatched,164.204
T1_divergence_unmatched,172.558
T1_divergence_unmatched,165.491
T1_divergence_unmatched,210.522
T1_divergence_unmatched,191.289
T1_divergence_unmatched,225.929
T1_divergence_unmatched,162.348
T1_divergence_unmatched,179.61
T1_divergence_unmatched,201.105
T1_divergence_unmatched,165.725
T1_divergence_unmatched,168.023
T1_divergence_unmatched,196.359
T1_divergence_unmatched,168.077
T1_divergence_unmatched,190.879
T1_divergence_unmatched,192.55
T1_divergence_unmatched,212.985
T1_divergence_unmatched,205.442
T1_divergence_unmatched,190.429
T1_divergence_unmatched,174.806
T1_divergence_unmatched,179.966
T1_divergence_unmatched,181.605
T1_divergence_unmatched,187.619
T1_divergence_unmatched,214.189
T1_divergence_unmatched,193.39
T1_divergence_unmatched,163.73
T1_divergence_unmatched,200.224
T1_divergence_unmatched,183.188
T1_divergence_unmatched,226.273
T1_divergence_unmatched,195.537
T1_divergence_unmatched,188.857
T1_divergence_unmatched,182.804
T1_divergence_unmatched,181.769
T1_divergence_unmatched,178.872
T1_divergence_unmatched,199.75
T1_divergence_unmatched,192.355
T1_divergence_unmatched,203.167
T1_divergence_unmatched,195.792
T1_divergence_unmatched,165.839
T1_divergence_unmatched,200.586
T1_divergence_unmatched,169.365
T1_divergence_unmatched,225.581
T1_divergence_unmatched,237.75
T1_divergence_unmatched,156.911
T1_divergence_unmatched,206.133
T1_divergence_unmatched,205.519
T1_divergence_unmatched,220.941
T1_divergence_unmatched,182.078
T1_divergence_unmatched,188.048
T1_divergence_unmatched,214.947
T1_divergence_unmatched,205.758
T1_divergence_unmatched,191.587
T1_divergence_unmatched,235.842
T1_divergence_unmatched,178.148
T1_divergence_unmatched,56.1667
T1_divergence_unmatched,188.512
T1_divergence_unmatched,163.515
T1_divergence_unmatched,170.171
T1_divergence_unmatched,197.079
T1_divergence_unmatched,147.59
T1_divergence_unmatched,211.523
T1_divergence_unmatched,204.862
T1_divergence_unmatched,147.724
T1_divergence_unmatched,180.745
T1_divergence_unmatched,197.462
T1_divergence_unmatched,220.633
T1_divergence_unmatched,175.588
T1_divergence_unmatched,197.405
T1_divergence_unmatched,170.565
T1_divergence_unmatched,115.049
T1_divergence_unmatched,197.39
T1_divergence_unmatched,190.861
T1_divergence_unmatched,191.021
T1_divergence_unmatched,188.156
T1_divergence_unmatched,199.125
T1_divergence_unmatched,207.933
T1_divergence_unmatched,155.552
T1_divergence_unmatched,202.033
T1_divergence_unmatched,175.217
T1_divergence_unmatched,291.0
T1_divergence_unmatched,93.6154
T1_divergence_unmatched,266.409
T1_divergence_unmatched,108.333
T1_divergence_unmatched,193.975
T1_divergence_unmatched,177.625
T1_divergence_unmatched,196.059
T1_divergence_unmatched,202.333
T1_divergence_unmatched,207.386
T1_divergence_unmatched,237.0
T1_divergence_unmatched,196.703
T1_divergence_unmatched,262.455
T1_divergence_unmatched,260.735
T1_divergence_unmatched,180.588
T1_divergence_unmatched,196.524
T1_divergence_unmatched,184.243
T1_divergence_unmatched,205.361
T1_divergence_unmatched,202.0
T1_divergence_unmatched,146.095
T1_divergence_unmatched,170.939
T1_divergence_unmatched,177.444
T1_divergence_unmatched,208.268
T1_divergence_unmatched,175.455
T1_divergence_unmatched,186.844
T1_divergence_unmatched,234.34
T1_divergence_unmatched,191.4
T1_divergence_unmatched,188.2
T1_divergence_unmatched,231.452
T1_divergence_unmatched,195.467
T1_divergence_unmatched,213.476
T1_divergence_unmatched,213.812
T1_divergence_unmatched,173.889
T1_divergence_unmatched,173.957
T1_divergence_unmatched,151.444
T1_divergence_unmatched,209.78
T1_divergence_unmatched,195.436
T1_divergence_unmatched,183.692
T1_divergence_unmatched,184.902
T1_divergence_unmatched,173.825
T1_divergence_unmatched,212.875
T1_divergence_unmatched,196.94
T1_divergence_unmatched,192.863
T1_divergence_unmatched,167.762
T1_divergence_unmatched,198.528
T1_divergence_unmatched,192.396
T1_divergence_unmatched,158.379
T1_divergence_unmatched,199.333
T1_divergence_unmatched,224.652
T1_divergence_unmatched,163.838
T1_divergence_unmatched,188.638
T1_divergence_unmatched,179.257
T1_divergence_unmatched,208.458
T1_divergence_unmatched,186.791
T1_divergence_unmatched,197.389
T1_divergence_unmatched,169.348
T1_divergence_unmatched,197.714
T1_divergence_unmatched,167.51
T1_divergence_unmatched,187.286
T1_divergence_unmatched,185.98
T1_divergence_unmatched,190.386
T1_divergence_unmatched,229.0
T1_divergence_unmatched,186.593
T1_divergence_unmatched,152.457
T1_divergence_unmatched,161.064
T1_divergence_unmatched,184.763
T1_divergence_unmatched,217.87
T1_divergence_unmatched,199.533
T1_divergence_unmatched,207.235
T1_divergence_unmatched,169.98
T1_divergence_unmatched,202.816
T1_divergence_unmatched,248.188
T1_divergence_unmatched,185.312
T1_divergence_unmatched,164.396
T1_divergence_unmatched,182.449
T1_divergence_unmatched,202.333
T1_divergence_unmatched,178.881
T1_divergence_unmatched,160.175
T1_divergence_unmatched,181.054
T1_divergence_unmatched,193.936
T1_divergence_unmatched,177.869
T1_divergence_unmatched,166.083
T1_divergence_unmatched,181.517
T1_divergence_unmatched,200.882
T1_divergence_unmatched,169.763
T1_divergence_unmatched,190.432
T1_divergence_unmatched,186.62
T1_divergence_unmatched,207.407
T1_divergence_unmatched,174.341
T1_divergence_unmatched,168.788
T1_divergence_unmatched,222.42
T1_divergence_unmatched,166.742
T1_divergence_unmatched,204.28
T1_divergence_unmatched,181.486
T1_divergence_unmatched,186.829
T1_divergence_unmatched,205.725
T1_divergence_unmatched,294.538
T1_divergence_unmatched,204.071
T1_divergence_unmatched,199.474
T1_divergence_unmatched,200.605
T1_divergence_unmatched,165.793
T1_divergence_unmatched,184.062
T1_divergence_unmatched,182.364
T1_divergence_unmatched,176.425
T1_divergence_unmatched,213.176
T1_divergence_unmatched,197.825
T1_divergence_unmatched,201.0
T1_divergence_unmatched,202.871
T1_divergence_unmatched,180.885
T1_divergence_unmatched,185.373
T1_divergence_unmatched,221.485
T1_divergence_unmatched,200.0
T1_divergence_unmatched,217.605
T1_divergence_unmatched,169.138
T1_divergence_unmatched,164.88
T1_divergence_unmatched,214.583
T1_divergence_unmatched,173.553
T1_divergence_unmatched,192.031
T1_divergence_unmatched,201.979
T1_divergence_unmatched,191.49
T1_divergence_unmatched,158.079
T1_divergence_unmatched,174.883
T1_divergence_unmatched,193.268
T1_divergence_unmatched,158.787
T1_divergence_unmatched,196.138
T1_divergence_unmatched,194.049
T1_divergence_unmatched,176.4
T1_divergence_unmatched,180.4
T1_divergence_unmatched,225.125
T1_divergence_unmatched,172.022
T1_divergence_unmatched,182.714
T1_divergence_unmatched,202.413
T1_divergence_unmatched,198.446
T1_divergence_unmatched,180.191
T1_divergence_unmatched,146.762
T1_divergence_unmatched,184.163
T1_divergence_unmatched,174.476
T1_divergence_unmatched,179.487
T1_divergence_unmatched,176.756
T1_divergence_unmatched,193.208
T1_divergence_unmatched,197.644
T1_divergence_unmatched,200.541
T1_divergence_unmatched,176.712
T1_divergence_unmatched,193.458
T1_divergence_unmatched,176.429
T1_divergence_unmatched,198.422
T1_divergence_unmatched,186.78
T1_divergence_unmatched,207.231
T1_divergence_unmatched,199.7
T1_divergence_unmatched,214.0
T1_divergence_unmatched,181.293
T1_divergence_unmatched,202.421
T1_divergence_unmatched,185.63
T1_divergence_unmatched,233.6
T1_divergence_unmatched,185.348
T1_divergence_unmatched,177.455
T1_divergence_unmatched,191.091
T1_divergence_unmatched,201.133
T1_divergence_unmatched,198.03
T1_divergence_unmatched,175.711
T1_divergence_unmatched,189.791
T1_divergence_unmatched,222.981
T1_divergence_unmatched,202.84
T1_divergence_unmatched,171.037
T1_divergence_unmatched,190.14
T1_divergence_unmatched,184.067
T1_divergence_unmatched,184.933
T1_divergence_unmatched,172.808
T1_divergence_unmatched,190.389
T1_divergence_unmatched,209.207
T1_divergence_unmatched,181.949
T1_divergence_unmatched,174.56
T1_divergence_unmatched,201.618
T1_divergence_unmatched,173.233
T1_divergence_unmatched,201.877
T1_divergence_unmatched,166.577
T1_divergence_unmatched,185.462
T1_divergence_unmatched,196.83
T1_divergence_unmatched,189.56
T1_divergence_unmatched,178.795
T1_divergence_unmatched,173.053
T1_divergence_unmatched,179.189
T1_divergence_unmatched,205.778
T1_divergence_unmatched,196.5
T1_divergence_unmatched,178.976
T1_divergence_unmatched,187.661
T1_divergence_unmatched,223.239
T1_divergence_unmatched,207.529
T1_divergence_unmatched,224.538
T1_divergence_unmatched,202.579
T1_divergence_unmatched,169.911
T1_divergence_unmatched,201.964
T1_divergence_unmatched,210.258
T1_divergence_unmatched,209.723
T1_divergence_unmatched,180.131
T1_divergence_unmatched,197.341
T1_divergence_unmatched,214.421
T1_divergence_unmatched,166.182
T1_divergence_unmatched,192.387
T1_divergence_unmatched,129.414
T1_divergence_unmatched,201.0
T1_divergence_unmatched,198.194
T1_divergence_unmatched,191.371
T1_divergence_unmatched,245.371
T1_divergence_unmatched,186.526
T1_divergence_unmatched,197.115
T1_divergence_unmatched,211.833
T1_divergence_unmatched,177.225
T1_divergence_unmatched,183.095
T1_divergence_unmatched,151.833
T1_divergence_unmatched,183.8
T1_divergence_unmatched,179.435
T1_divergence_unmatched,168.171
T1_divergence_unmatched,194.611
T1_divergence_unmatched,179.333
T1_divergence_unmatched,241.404
T1_divergence_unmatched,173.952
T1_divergence_unmatched,230.967
T1_divergence_unmatched,182.172
T1_divergence_unmatched,200.318
T1_divergence_unmatched,160.438
T1_divergence_unmatched,180.579
T1_divergence_unmatched,161.414
T1_divergence_unmatched,194.022
T1_divergence_unmatched,199.5
T1_divergence_unmatched,205.538
T1_divergence_unmatched,203.944
T1_divergence_unmatched,178.052
T1_divergence_unmatched,203.077
T1_divergence_unmatched,170.094
T1_divergence_unmatched,185.659
T1_divergence_unmatched,211.423
T1_divergence_unmatched,205.667
T1_divergence_unmatched,202.982
T1_divergence_unmatched,209.326
T1_divergence_unmatched,204.727
T1_divergence_unmatched,200.619
T1_divergence_unmatched,190.054
T1_divergence_unmatched,196.56
T1_divergence_unmatched,191.653
T1_divergence_unmatched,146.96
T1_divergence_unmatched,191.155
T1_divergence_unmatched,168.983
T1_divergence_unmatched,235.919
T1_divergence_unmatched,183.652
T1_divergence_unmatched,174.74
T1_divergence_unmatched,194.256
T1_divergence_unmatched,178.081
T1_divergence_unmatched,210.711
T1_divergence_unmatched,171.0
T1_divergence_unmatched,184.111
T1_divergence_unmatched,145.0
T1_divergence_unmatched,195.96
T1_divergence_unmatched,211.283
T1_divergence_unmatched,202.095
T1_divergence_unmatched,197.24
T1_divergence_unmatched,187.727
T1_divergence_unmatched,172.5
T1_divergence_unmatched,193.175
T1_divergence_unmatched,231.19
T1_divergence_unmatched,192.636
T1_divergence_unmatched,187.929
T1_divergence_unmatched,190.04
T1_divergence_unmatched,174.707
T1_divergence_unmatched,197.292
T1_divergence_unmatched,200.458
T1_divergence_unmatched,196.676
T1_divergence_unmatched,191.7
T1_divergence_unmatched,199.953
T1_divergence_unmatched,184.818
T1_divergence_unmatched,184.021
T1_divergence_unmatched,194.143
T1_divergence_unmatched,198.816
T1_divergence_unmatched,195.231
T1_divergence_unmatched,211.34
T1_divergence_unmatched,191.689
T1_divergence_unmatched,205.024
T1_divergence_unmatched,159.085
T1_divergence_unmatched,162.225
T1_divergence_unmatched,175.213
T1_divergence_unmatched,141.933
T1_divergence_unmatched,191.945
T1_divergence_unmatched,233.32
T1_divergence_unmatched,209.547
T1_divergence_unmatched,212.319
T1_divergence_unmatched,194.408
T1_divergence_unmatched,205.848
T1_divergence_unmatched,166.51
T1_divergence_unmatched,224.164
T1_divergence_unmatched,154.423
T1_divergence_unmatched,150.276
T1_divergence_unmatched,171.04
T1_divergence_unmatched,223.028
T1_divergence_unmatched,163.882
T1_divergence_unmatched,178.121
T1_divergence_unmatched,161.468
T1_divergence_unmatched,195.346
T1_divergence_unmatched,160.8
T1_divergence_unmatched,209.368
T1_divergence_unmatched,177.49
T1_divergence_unmatched,205.945
T1_divergence_unmatched,184.638
T1_divergence_unmatched,259.485
T1_divergence_unmatched,198.887
T1_divergence_unmatched,162.113
T1_divergence_unmatched,240.583
T1_divergence_unmatched,168.257
T1_divergence_unmatched,214.5
T1_divergence_unmatched,149.625
T1_divergence_unmatched,172.468
T1_divergence_unmatched,172.542
T1_divergence_unmatched,210.133
T1_divergence_unmatched,174.633
T1_divergence_unmatched,185.677
T1_divergence_unmatched,210.526
T1_divergence_unmatched,185.385
T1_divergence_unmatched,157.455
T1_divergence_unmatched,205.882
T1_divergence_unmatched,171.909
T1_divergence_unmatched,182.867
T1_divergence_unmatched,160.053
T1_divergence_unmatched,187.043
T1_divergence_unmatched,184.362
T1_divergence_unmatched,170.7
T1_divergence_unmatched,197.6
T1_divergence_unmatched,184.207
T1_divergence_unmatched,187.0
T1_divergence_unmatched,184.5
T1_divergence_unmatched,155.8
T1_divergence_unmatched,186.359
T1_divergence_unmatched,192.127
T1_divergence_unmatched,32.0
T1_divergence_unmatched,192.966
T1_divergence_unmatched,194.167
T1_divergence_unmatched,158.1
T1_divergence_unmatched,216.429
T1_divergence_unmatched,188.868
T1_divergence_unmatched,195.842
T1_divergence_unmatched,198.25
T1_divergence_unmatched,214.475
T1_divergence_unmatched,212.863
T1_divergence_unmatched,183.022
T1_divergence_unmatched,201.24
T1_divergence_unmatched,189.273
T1_divergence_unmatched,197.424
T1_divergence_unmatched,196.605
T1_divergence_unmatched,201.164
T1_divergence_unmatched,175.238
T1_divergence_unmatched,229.32
T1_divergence_unmatched,178.72
T1_divergence_unmatched,182.056
T1_divergence_unmatched,178.471
T1_divergence_unmatched,165.833
T1_divergence_unmatched,194.017
T1_divergence_unmatched,220.042
T1_divergence_unmatched,188.262
T1_divergence_unmatched,167.312
T1_divergence_unmatched,203.476
T1_divergence_unmatched,207.667
T1_divergence_unmatched,192.683
T1_divergence_unmatched,179.068
T1_divergence_unmatched,191.744
T1_divergence_unmatched,195.812
T1_divergence_unmatched,171.611
T1_divergence_unmatched,201.52
T1_divergence_unmatched,223.667
T1_divergence_unmatched,178.042
T1_divergence_unmatched,204.746
T1_divergence_unmatched,202.49
T1_divergence_unmatched,174.867
T1_divergence_unmatched,177.893
T1_divergence_unmatched,203.115
T1_divergence_unmatched,200.414
T1_divergence_unmatched,181.294
T1_divergence_unmatched,178.385
T1_divergence_unmatched,145.531
T1_divergence_unmatched,185.806
T1_divergence_unmatched,151.414
T1_divergence_unmatched,197.686
T1_divergence_unmatched,219.684
T1_divergence_unmatched,191.862
T1_divergence_unmatched,181.411
T1_divergence_unmatched,195.745
T1_divergence_unmatched,155.424
T1_divergence_unmatched,149.188
T1_divergence_unmatched,199.781
T1_divergence_unmatched,169.659
T1_divergence_unmatched,195.22
T1_divergence_unmatched,174.02
T1_divergence_unmatched,212.0
T1_divergence_unmatched,187.704
T1_divergence_unmatched,197.929
T1_divergence_unmatched,199.556
T1_divergence_unmatched,182.235
T1_divergence_unmatched,199.481
T1_divergence_unmatched,169.667
T1_divergence_unmatched,182.151
T1_divergence_unmatched,194.383
T1_divergence_unmatched,195.778
T1_divergence_unmatched,210.562
T1_divergence_unmatched,167.833
T1_divergence_unmatched,218.68
T1_divergence_unmatched,204.135
T1_divergence_unmatched,174.981
T1_divergence_unmatched,164.312
T1_divergence_unmatched,158.29
T1_divergence_unmatched,206.366
T1_divergence_unmatched,142.364
T1_divergence_unmatched,197.583
T1_divergence_unmatched,171.508
T1_divergence_unmatched,173.159
T1_divergence_unmatched,152.036
T1_divergence_unmatched,195.097
T1_divergence_unmatched,175.46
T1_divergence_unmatched,204.844
T1_divergence_unmatched,179.682
T1_divergence_unmatched,206.983
T1_divergence_unmatched,183.78
T1_divergence_unmatched,191.043
T1_divergence_unmatched,195.143
T1_divergence_unmatched,176.756
T1_divergence_unmatched,177.06
T1_divergence_unmatched,147.017
T1_divergence_unmatched,193.104
T1_divergence_unmatched,193.576
T1_divergence_unmatched,186.72
T1_divergence_unmatched,179.583
T1_divergence_unmatched,216.422
T1_divergence_unmatched,178.275
T1_divergence_unmatched,172.975
T1_divergence_unmatched,175.683
T1_divergence_unmatched,184.629
T1_divergence_unmatched,159.825
T1_divergence_unmatched,223.73
T1_divergence_unmatched,177.926
T1_divergence_unmatched,210.3
T1_divergence_unmatched,191.34
T1_divergence_unmatched,176.125
T1_divergence_unmatched,177.333
T1_divergence_unmatched,162.804
T1_divergence_unmatched,200.1
T1_divergence_unmatched,161.538
T1_divergence_unmatched,206.7
T1_divergence_unmatched,176.871
T1_divergence_unmatched,166.704
T1_divergence_unmatched,155.771
T1_divergence_unmatched,190.286
T1_divergence_unmatched,187.63
T1_divergence_unmatched,160.118
T1_divergence_unmatched,214.289
T1_divergence_unmatched,184.111
T1_divergence_unmatched,173.784
T1_divergence_unmatched,159.515
T1_divergence_unmatched,201.029
T1_divergence_unmatched,161.0
T1_divergence_unmatched,173.87
T1_divergence_unmatched,183.476
T1_divergence_unmatched,196.788
T1_divergence_unmatched,179.095
T1_divergence_unmatched,186.458
T1_divergence_unmatched,190.9
T1_divergence_unmatched,185.481
T1_divergence_unmatched,157.881
T1_divergence_unmatched,212.412
T1_divergence_unmatched,206.036
T1_divergence_unmatched,195.689
T1_divergence_unmatched,217.353
T1_divergence_unmatched,198.36
T1_divergence_unmatched,166.531
T1_divergence_unmatched,170.554
T1_divergence_unmatched,189.4
T1_divergence_unmatched,189.433
T1_divergence_unmatched,191.892
T1_divergence_unmatched,186.825
T1_divergence_unmatched,158.039
T1_divergence_unmatched,155.821
T1_divergence_unmatched,243.511
T1_divergence_unmatched,130.0
T1_divergence_unmatched,170.324
T1_divergence_unmatched,180.545
T1_divergence_unmatched,229.824
T1_divergence_unmatched,216.387
T1_divergence_unmatched,180.25
T1_divergence_unmatched,201.394
T1_divergence_unmatched,185.886
T1_divergence_unmatched,43.1667
T1_divergence_unmatched,211.0
T1_divergence_unmatched,169.592
T1_divergence_unmatched,210.745
T1_divergence_unmatched,188.275
T1_divergence_unmatched,209.946
T1_divergence_unmatched,210.69
T1_divergence_unmatched,169.989
T1_divergence_unmatched,196.386
T1_divergence_unmatched,156.138
T1_divergence_unmatched,177.796
T1_divergence_unmatched,198.442
T1_divergence_unmatched,152.14
T1_divergence_unmatched,172.917
T1_divergence_unmatched,203.094
T1_divergence_unmatched,229.347
T1_divergence_unmatched,183.603
T1_divergence_unmatched,189.889
T1_divergence_unmatched,185.244
T1_divergence_unmatched,152.213
T1_divergence_unmatched,148.414
T1_divergence_unmatched,200.364
T1_divergence_unmatched,206.25
T1_divergence_unmatched,162.145
T1_divergence_unmatched,187.159
T1_divergence_unmatched,179.5
T1_divergence_unmatched,172.02
T1_divergence_unmatched,226.333
T1_divergence_unmatched,195.512
T1_divergence_unmatched,181.022
T1_divergence_unmatched,190.138
T1_divergence_unmatched,190.737
T1_divergence_unmatched,174.727
T1_divergence_unmatched,189.151
T1_divergence_unmatched,215.267
T1_divergence_unmatched,200.511
T1_divergence_unmatched,211.214
T1_divergence_unmatched,211.821
T1_divergence_unmatched,187.024
T1_divergence_unmatched,214.0
T1_divergence_unmatched,208.803
T1_divergence_unmatched,211.966
T1_divergence_unmatched,189.977
T1_divergence_unmatched,184.735
T1_divergence_unmatched,189.737
T1_divergence_unmatched,164.483
T1_divergence_unmatched,201.213
T1_divergence_unmatched,209.155
T1_divergence_unmatched,184.5
T1_divergence_unmatched,146.722
T1_divergence_unmatched,182.522
T1_divergence_unmatched,183.958
T1_divergence_unmatched,185.804
T1_divergence_unmatched,194.827
T1_divergence_unmatched,178.061
T1_divergence_unmatched,169.674
T1_divergence_unmatched,177.017
T1_divergence_unmatched,191.594
T1_divergence_unmatched,160.983
T1_divergence_unmatched,206.431
T1_divergence_unmatched,172.778
T1_divergence_unmatched,210.806
T1_divergence_unmatched,178.412
T1_divergence_unmatched,194.838
T1_divergence_unmatched,184.686
T1_divergence_unmatched,185.837
T1_divergence_unmatched,170.07
T1_divergence_unmatched,147.722
T1_divergence_unmatched,180.8
T1_divergence_unmatched,196.839
T1_divergence_unmatched,230.353
T1_divergence_unmatched,171.548
T1_divergence_unmatched,188.452
T1_divergence_unmatched,202.175
T1_divergence_unmatched,199.222
T1_divergence_unmatched,186.588
T1_divergence_unmatched,170.532
T1_divergence_unmatched,184.267
T1_divergence_unmatched,294.538
T1_divergence_unmatched,171.829
T1_divergence_unmatched,190.357
T1_divergence_unmatched,165.857
T1_divergence_unmatched,195.087
T1_divergence_unmatched,168.762
T1_divergence_unmatched,167.149
T1_divergence_unmatched,127.095
T1_divergence_unmatched,184.492
T1_divergence_unmatched,177.743
T1_divergence_unmatched,196.052
T1_divergence_unmatched,195.571
T1_divergence_unmatched,173.242
T1_divergence_unmatched,184.143
T1_divergence_unmatched,206.853
T1_divergence_unmatched,211.857
T1_divergence_unmatched,151.7
T1_divergence_unmatched,146.703
T1_divergence_unmatched,181.192
T1_divergence_unmatched,187.317
T1_divergence_unmatched,185.833
T1_divergence_unmatched,179.548
T1_divergence_unmatched,144.235
T1_divergence_unmatched,186.0
T1_divergence_unmatched,253.111
T1_divergence_unmatched,193.658
T1_divergence_unmatched,191.364
T1_divergence_unmatched,195.314
T1_divergence_unmatched,225.267
T1_divergence_unmatched,213.915
T1_divergence_unmatched,186.241
T1_divergence_unmatched,218.698
T1_divergence_unmatched,177.865
T1_divergence_unmatched,201.961
T1_divergence_unmatched,203.769
T1_divergence_unmatched,186.596
T1_divergence_unmatched,181.846
T1_divergence_unmatched,187.744
T1_divergence_unmatched,180.455
T1_divergence_unmatched,217.091
T1_divergence_unmatched,196.905
T1_divergence_unmatched,182.351
T1_divergence_unmatched,191.167
T1_divergence_unmatched,174.641
T1_divergence_unmatched,211.013
T1_divergence_unmatched,191.571
T1_divergence_unmatched,172.423
T1_divergence_unmatched,176.729
T1_divergence_unmatched,195.348
T1_divergence_unmatched,147.825
T1_divergence_unmatched,197.167
T1_divergence_unmatched,180.113
T1_divergence_unmatched,200.404
T1_divergence_unmatched,171.941
T1_divergence_unmatched,193.107
T1_divergence_unmatched,196.773
T1_divergence_unmatched,204.075
T1_divergence_unmatched,198.0
T1_divergence_unmatched,193.207
T1_divergence_unmatched,210.364
T1_divergence_unmatched,234.333
T1_divergence_unmatched,154.235
T1_divergence_unmatched,200.471
T1_divergence_unmatched,197.75
T1_divergence_unmatched,178.071
T1_divergence_unmatched,191.878
T1_divergence_unmatched,177.778
T1_divergence_unmatched,204.529
T1_divergence_unmatched,197.603
T1_divergence_unmatched,217.917
T1_divergence_unmatched,182.479
T1_divergence_unmatched,201.977
T1_divergence_unmatched,175.877
T1_divergence_unmatched,191.796
T1_divergence_unmatched,154.478
T1_divergence_unmatched,202.5
T1_divergence_unmatched,186.156
T1_divergence_unmatched,199.636
T1_divergence_unmatched,199.179
T1_divergence_unmatched,179.729
T1_divergence_unmatched,205.967
T1_divergence_unmatched,195.855
T1_divergence_unmatched,207.636
T1_divergence_unmatched,175.353
T1_divergence_unmatched,165.2
T1_divergence_unmatched,184.368
T1_divergence_unmatched,164.0
T1_divergence_unmatched,161.447
T1_divergence_unmatched,190.592
T1_divergence_unmatched,169.48
T1_divergence_unmatched,194.917
T1_divergence_unmatched,191.191
T1_divergence_unmatched,200.3
T1_divergence_unmatched,155.667
T1_divergence_unmatched,148.612
T1_divergence_unmatched,198.86
T1_divergence_unmatched,228.974
T1_divergence_unmatched,152.128
T1_divergence_unmatched,174.706
T1_divergence_unmatched,192.409
T1_divergence_unmatched,177.742
T1_divergence_unmatched,215.971
T1_divergence_unmatched,156.55
T1_divergence_unmatched,149.227
T1_divergence_unmatched,178.176
T1_divergence_unmatched,188.175
T1_divergence_unmatched,190.682
T1_divergence_unmatched,160.271
T1_divergence_unmatched,196.553
T1_divergence_unmatched,202.4
T1_divergence_unmatched,179.093
T1_divergence_unmatched,186.855
T1_divergence_unmatched,190.593
T1_divergence_unmatched,196.949
T1_divergence_unmatched,183.523
T1_divergence_unmatched,167.652
T1_divergence_unmatched,177.418
T1_divergence_unmatched,202.839
T1_divergence_unmatched,211.929
T1_divergence_unmatched,189.743
T1_divergence_unmatched,175.0
T1_divergence_unmatched,192.241
T1_divergence_unmatched,196.75
T1_divergence_unmatched,201.913
T1_divergence_unmatched,213.0
T1_divergence_unmatched,208.638
T1_divergence_unmatched,220.473
T1_divergence_unmatched,199.324
T1_divergence_unmatched,188.231
T1_divergence_unmatched,183.629
T1_divergence_unmatched,215.456
T1_divergence_unmatched,217.222
T1_divergence_unmatched,174.025
T1_divergence_unmatched,177.714
T1_divergence_unmatched,160.633
T1_divergence_unmatched,161.804
T1_divergence_unmatched,198.58
T1_divergence_unmatched,208.694
T1_divergence_unmatched,185.246
T1_divergence_unmatched,195.469
T1_divergence_unmatched,170.714
T1_divergence_unmatched,205.364
T1_divergence_unmatched,195.0
T1_divergence_unmatched,166.686
T1_divergence_unmatched,181.579
T1_divergence_unmatched,162.311
T1_divergence_unmatched,166.981
T1_divergence_unmatched,188.214
T1_divergence_unmatched,54.0
T1_divergence_unmatched,143.912
T1_divergence_unmatched,194.773
T1_divergence_unmatched,182.262
T1_divergence_unmatched,167.636
T1_divergence_unmatched,166.619
T1_divergence_unmatched,204.526
T1_divergence_unmatched,193.429
T1_divergence_unmatched,212.4
T1_divergence_unmatched,199.476
T1_divergence_unmatched,176.634
T1_divergence_unmatched,221.915
T1_divergence_unmatched,205.395
T1_divergence_unmatched,164.727
T1_divergence_unmatched,207.34
T1_divergence_unmatched,199.327
T1_divergence_unmatched,185.673
T1_divergence_unmatched,214.179
T1_divergence_unmatched,215.5
T1_divergence_unmatched,190.939
T1_divergence_unmatched,198.211
T1_divergence_unmatched,207.054
T1_divergence_unmatched,182.946
T1_divergence_unmatched,197.971
T1_divergence_unmatched,192.906
T1_divergence_unmatched,183.0
T1_divergence_unmatched,195.326
T1_divergence_unmatched,219.0
T1_divergence_unmatched,170.396
T1_divergence_unmatched,189.974
T1_divergence_unmatched,168.492
T1_divergence_unmatched,156.568
T1_divergence_unmatched,188.6
T1_divergence_unmatched,191.74
T1_divergence_unmatched,198.818
T1_divergence_unmatched,172.486
T1_divergence_unmatched,183.064
T1_divergence_unmatched,212.0
T1_divergence_unmatched,169.775
T1_divergence_unmatched,194.311
T1_divergence_unmatched,202.116
T1_divergence_unmatched,189.941
T1_divergence_unmatched,204.4
T1_divergence_unmatched,189.821
T1_divergence_unmatched,170.349
T1_divergence_unmatched,182.257
T1_divergence_unmatched,129.609
T1_divergence_unmatched,182.837
T1_divergence_unmatched,172.467
T1_divergence_unmatched,149.395
T1_divergence_unmatched,177.697
T1_divergence_unmatched,292.5
T1_divergence_unmatched,211.414
T1_divergence_unmatched,180.0
T1_divergence_unmatched,212.802
T1_divergence_unmatched,189.596
T1_divergence_unmatched,188.021
T1_divergence_unmatched,200.382
T1_divergence_unmatched,187.763
T1_divergence_unmatched,192.37
T1_divergence_unmatched,213.926
T1_divergence_unmatched,181.517
T1_divergence_unmatched,174.233
T1_divergence_unmatched,188.551
T1_divergence_unmatched,223.698
T1_divergence_unmatched,195.458
T1_divergence_unmatched,179.102
T1_divergence_unmatched,161.481
T1_divergence_unmatched,193.526
T1_divergence_unmatched,187.63
T1_divergence_unmatched,176.404
T1_divergence_unmatched,187.723
T1_divergence_unmatched,196.729
T1_divergence_unmatched,234.106
T1_divergence_unmatched,160.354
T1_divergence_unmatched,194.405
T1_divergence_unmatched,188.776
T1_divergence_unmatched,222.118
T1_divergence_unmatched,218.655
T1_divergence_unmatched,186.911
T1_divergence_unmatched,199.72
T1_divergence_unmatched,194.621
T1_divergence_unmatched,117.947
T1_divergence_unmatched,172.321
T1_divergence_unmatched,175.469
T1_divergence_unmatched,210.25
T1_divergence_unmatched,206.431
T1_divergence_unmatched,204.816
T1_divergence_unmatched,184.085
T1_divergence_unmatched,176.302
T1_divergence_unmatched,184.9
T1_divergence_unmatched,210.6
T1_divergence_unmatched,179.922
T1_divergence_unmatched,217.059
T1_divergence_unmatched,186.8
T1_divergence_unmatched,169.093
T1_divergence_unmatched,206.3
T1_divergence_unmatched,191.87
T1_divergence_unmatched,156.861
T1_divergence_unmatched,193.519
T1_divergence_unmatched,199.423
T1_divergence_unmatched,190.147
T1_divergence_unmatched,179.867
T1_divergence_unmatched,182.61
T1_divergence_unmatched,191.091
T1_divergence_unmatched,156.5
T1_divergence_unmatched,174.8
T1_divergence_unmatched,196.481
T1_divergence_unmatched,230.977
T1_divergence_unmatched,166.457
T1_divergence_unmatched,169.339
T1_divergence_unmatched,184.415
T1_divergence_unmatched,189.688
T1_divergence_unmatched,199.895
T1_divergence_unmatched,164.133
T1_divergence_unmatched,165.233
T1_divergence_unmatched,191.581
T1_divergence_unmatched,205.0
T1_divergence_unmatched,198.043
T1_divergence_unmatched,173.612
T1_divergence_unmatched,209.115
T1_divergence_unmatched,195.5
T1_divergence_unmatched,192.947
T1_divergence_unmatched,224.522
T1_divergence_unmatched,177.964
T1_divergence_unmatched,186.926
T1_divergence_unmatched,206.068
T1_divergence_unmatched,195.88
T1_divergence_unmatched,188.667
T1_divergence_unmatched,255.118
T1_divergence_unmatched,162.64
T1_divergence_unmatched,192.689
T1_divergence_unmatched,192.46
T1_divergence_unmatched,290.733
T1_divergence_unmatched,169.587
T1_divergence_unmatched,183.391
T1_divergence_unmatched,185.359
T1_divergence_unmatched,174.043
T1_divergence_unmatched,182.34
T1_divergence_unmatched,176.062
T1_divergence_unmatched,196.64
T1_divergence_unmatched,205.436
T1_divergence_unmatched,217.086
T1_divergence_unmatched,207.457
T1_divergence_unmatched,209.971
T1_divergence_unmatched,198.696
T1_divergence_unmatched,151.745
T1_divergence_unmatched,154.086
T1_divergence_unmatched,204.019
T1_divergence_unmatched,174.0
T1_divergence_unmatched,195.479
T1_divergence_unmatched,191.733
T1_divergence_unmatched,128.925
T1_divergence_unmatched,164.262
T1_divergence_unmatched,174.08
T1_divergence_unmatched,199.0
T1_divergence_unmatched,232.1
T1_divergence_unmatched,200.476
T1_divergence_unmatched,197.62
T1_divergence_unmatched,211.031
T1_divergence_unmatched,171.652
T1_divergence_unmatched,196.647
T1_divergence_unmatched,185.123
T1_divergence_unmatched,62.6923
T1_divergence_unmatched,169.25
T1_divergence_unmatched,182.946
T1_divergence_unmatched,173.418
T1_divergence_unmatched,162.32
T1_divergence_unmatched,196.54
T1_divergence_unmatched,176.792
T1_divergence_unmatched,195.84
T1_divergence_unmatched,225.571
T1_divergence_unmatched,223.378
T1_divergence_unmatched,212.021
T1_divergence_unmatched,180.182
T1_divergence_unmatched,187.848
T1_divergence_unmatched,160.413
T1_divergence_unmatched,197.562
T1_divergence_unmatched,219.429
T1_divergence_unmatched,181.294
T1_divergence_unmatched,177.091
T1_divergence_unmatched,170.783
T1_divergence_unmatched,186.914
T1_divergence_unmatched,164.14
T1_divergence_unmatched,188.765
T1_divergence_unmatched,193.78
T1_divergence_unmatched,179.775
T1_divergence_unmatched,184.667
T1_divergence_unmatched,189.161
T1_divergence_unmatched,201.533
T1_divergence_unmatched,211.478
T1_divergence_unmatched,170.065
T1_divergence_unmatched,209.684
T1_divergence_unmatched,202.881
T1_divergence_unmatched,189.25
T1_divergence_unmatched,203.865
T1_divergence_unmatched,186.043
T1_divergence_unmatched,202.86
T1_divergence_unmatched,179.219
T1_divergence_unmatched,190.479
T1_divergence_unmatched,149.22
T1_divergence_unmatched,176.717
T1_divergence_unmatched,181.76
T1_divergence_unmatched,174.851
T1_divergence_unmatched,180.25
T1_divergence_unmatched,219.435
T1_divergence_unmatched,175.414
T1_divergence_unmatched,185.714
T1_divergence_unmatched,192.892
T1_divergence_unmatched,193.257
T1_divergence_unmatched,171.718
T1_divergence_unmatched,180.167
T1_divergence_unmatched,173.722
T1_divergence_unmatched,195.438
T1_divergence_unmatched,194.651
T1_divergence_unmatched,192.357
T1_divergence_unmatched,174.897
T1_divergence_unmatched,191.349
T1_divergence_unmatched,192.622
T1_divergence_unmatched,180.64
T1_divergence_unmatched,174.981
T1_divergence_unmatched,163.714
T1_divergence_unmatched,54.3333
T1_divergence_unmatched,179.189
T1_divergence_unmatched,188.659
T1_divergence_unmatched,186.548
T1_divergence_unmatched,224.952
T1_divergence_unmatched,213.583
T1_divergence_unmatched,171.933
T1_divergence_unmatched,188.07
T1_divergence_unmatched,186.512
T1_divergence_unmatched,221.102
T1_divergence_unmatched,199.136
T1_divergence_unmatched,182.923
T1_divergence_unmatched,180.347
T1_divergence_unmatched,184.055
T1_divergence_unmatched,199.023
T1_divergence_unmatched,183.404
T1_divergence_unmatched,206.559
T1_divergence_unmatched,193.46
T1_divergence_unmatched,169.465
T1_divergence_unmatched,185.406
T1_divergence_unmatched,174.086
T1_divergence_unmatched,208.792
T1_divergence_unmatched,193.947
T1_divergence_unmatched,189.471
T1_divergence_unmatched,160.958
T1_divergence_unmatched,215.394
T1_divergence_unmatched,185.24
T1_divergence_unmatched,201.98
T1_divergence_unmatched,192.28
T1_divergence_unmatched,188.045
T1_divergence_unmatched,162.452
T1_divergence_unmatched,176.029
T1_divergence_unmatched,175.36
T1_divergence_unmatched,189.929
T1_divergence_unmatched,172.327
T1_divergence_unmatched,184.613
T1_divergence_unmatched,207.283
T1_divergence_unmatched,171.906
T1_divergence_unmatched,145.587
T1_divergence_unmatched,179.407
T1_divergence_unmatched,173.152
T1_divergence_unmatched,185.324
T1_divergence_unmatched,191.404
T1_divergence_unmatched,208.467
T1_divergence_unmatched,192.571
T1_divergence_unmatched,195.214
T1_divergence_unmatched,165.375
T1_divergence_unmatched,184.718
T1_divergence_unmatched,185.654
T1_divergence_unmatched,174.761
T1_divergence_unmatched,185.447
T1_divergence_unmatched,177.545
T1_divergence_unmatched,163.804
T1_divergence_unmatched,172.393
T1_divergence_unmatched,174.727
T1_divergence_unmatched,165.459
T1_divergence_unmatched,202.55
T1_divergence_unmatched,199.452
T1_divergence_unmatched,204.114
T1_divergence_unmatched,198.846
T1_divergence_unmatched,178.107
T1_divergence_unmatched,118.467
T1_divergence_unmatched,204.917
T1_divergence_unmatched,196.68
T1_divergence_unmatched,179.5
T1_divergence_unmatched,192.469
T1_divergence_unmatched,154.862
T1_divergence_unmatched,202.062
T1_divergence_unmatched,215.688
T1_divergence_unmatched,189.628
T1_divergence_unmatched,174.429
T1_divergence_unmatched,174.196
T1_divergence_unmatched,205.448
T1_divergence_unmatched,151.125
T1_divergence_unmatched,191.267
T1_divergence_unmatched,193.579
T1_divergence_unmatched,201.276
T1_divergence_unmatched,154.5
T1_divergence_unmatched,177.548
T1_divergence_unmatched,193.273
T1_divergence_unmatched,213.206
T1_divergence_unmatched,161.907
T1_divergence_unmatched,201.194
T1_divergence_unmatched,175.763
T1_divergence_unmatched,164.629
T1_divergence_unmatched,212.607
T1_divergence_unmatched,100.0
T1_divergence_unmatched,187.364
T1_divergence_unmatched,191.132
T1_divergence_unmatched,227.984
T1_divergence_unmatched,200.045
T1_divergence_unmatched,217.811
T1_divergence_unmatched,176.98
T1_divergence_unmatched,183.889
T1_divergence_unmatched,179.97
T1_divergence_unmatched,158.676
T1_divergence_unmatched,184.758
T1_divergence_unmatched,206.053
T1_divergence_unmatched,199.935
T1_divergence_unmatched,148.903
T1_divergence_unmatched,166.649
T1_divergence_unmatched,199.054
T1_divergence_unmatched,177.245
T1_divergence_unmatched,184.188
T1_divergence_unmatched,189.978
T1_divergence_unmatched,183.404
T1_divergence_unmatched,174.192
T1_divergence_unmatched,191.96
T1_divergence_unmatched,135.421
T1_divergence_unmatched,139.903
T1_divergence_unmatched,206.345
T1_divergence_unmatched,194.843
T1_divergence_unmatched,174.915
T1_divergence_unmatched,173.259
T1_divergence_unmatched,199.683
T1_divergence_unmatched,169.294
T1_divergence_unmatched,219.946
T1_divergence_unmatched,187.0
T1_divergence_unmatched,188.17
T1_divergence_unmatched,221.577
T1_divergence_unmatched,178.213
T1_divergence_unmatched,163.379
T1_divergence_unmatched,173.59
T1_divergence_unmatched,195.5
T1_divergence_unmatched,186.565
T1_divergence_unmatched,207.182
T1_divergence_unmatched,219.653
T1_divergence_unmatched,179.842
T1_divergence_unmatched,202.775
T1_divergence_unmatched,207.136
T1_divergence_unmatched,189.477
T1_divergence_unmatched,174.425
T1_divergence_unmatched,187.5
T1_divergence_unmatched,207.1
T1_divergence_unmatched,219.19
T1_divergence_unmatched,159.286
T1_divergence_unmatched,191.217
T1_divergence_unmatched,288.688
T1_divergence_unmatched,160.767
T1_divergence_unmatched,203.821
T1_divergence_unmatched,158.533
T1_divergence_unmatched,223.08
T1_divergence_unmatched,197.889
T1_divergence_unmatched,174.0
T1_divergence_unmatched,200.75
T1_divergence_unmatched,189.771
T1_divergence_unmatched,198.87
T1_divergence_unmatched,210.463
T1_divergence_unmatched,177.625
T1_divergence_unmatched,186.198
T1_divergence_unmatched,197.333
T1_divergence_unmatched,200.69
T1_divergence_unmatched,178.903
T1_divergence_unmatched,195.343
T1_divergence_unmatched,194.725
T1_divergence_unmatched,185.875
T1_divergence_unmatched,183.905
T1_divergence_unmatched,219.333
T1_divergence_unmatched,185.411
T1_divergence_unmatched,200.116
T1_divergence_unmatched,230.176
T1_divergence_unmatched,205.062
T1_divergence_unmatched,187.0
T1_divergence_unmatched,201.588
T1_divergence_unmatched,211.254
T1_divergence_unmatched,192.571
T1_divergence_unmatched,198.143
T1_divergence_unmatched,178.8
T1_divergence_unmatched,185.31
T1_divergence_unmatched,189.089
T1_divergence_unmatched,226.333
T1_divergence_unmatched,152.585
T1_divergence_unmatched,159.222
T1_divergence_unmatched,214.578
T1_divergence_unmatched,188.017
T1_divergence_unmatched,192.351
T1_divergence_unmatched,195.469
T1_divergence_unmatched,169.48
T1_divergence_unmatched,185.812
T1_divergence_unmatched,184.667
T1_divergence_unmatched,161.56
T1_divergence_unmatched,172.75
T1_divergence_unmatched,198.023
T1_divergence_unmatched,193.014
T1_divergence_unmatched,218.579
T1_divergence_unmatched,213.061
T1_divergence_unmatched,188.776
T1_divergence_unmatched,187.17
T1_divergence_unmatched,168.135
T1_divergence_unmatched,194.667
T1_divergence_unmatched,163.792
T1_divergence_unmatched,209.846
T1_divergence_unmatched,201.265
T1_divergence_unmatched,169.238
T1_divergence_unmatched,189.457
T1_divergence_unmatched,194.861
T1_divergence_unmatched,174.0
T1_divergence_unmatched,176.103
T1_divergence_unmatched,153.324
T1_divergence_unmatched,161.061
T1_divergence_unmatched,199.472
T1_divergence_unmatched,178.209
T1_divergence_unmatched,204.4
T1_divergence_unmatched,190.25
T1_divergence_unmatched,165.429
T1_divergence_unmatched,247.048
T1_divergence_unmatched,173.649
T1_divergence_unmatched,186.233
T1_divergence_unmatched,200.303
T1_divergence_unmatched,167.216
T1_divergence_unmatched,199.619
T1_divergence_unmatched,188.3
T1_divergence_unmatched,195.135
T1_divergence_unmatched,209.528
T1_divergence_unmatched,189.922
T1_divergence_unmatched,187.5
T1_divergence_unmatched,212.545
T1_divergence_unmatched,179.213
T1_divergence_unmatched,214.118
T1_divergence_unmatched,153.0
T1_divergence_unmatched,160.651
T1_divergence_unmatched,216.233
T1_divergence_unmatched,229.514
T1_divergence_unmatched,207.957
T1_divergence_unmatched,156.083
T1_divergence_unmatched,197.8
T1_divergence_unmatched,187.674
T1_divergence_unmatched,197.594
T1_divergence_unmatched,176.222
T1_divergence_unmatched,194.062
T1_divergence_unmatched,184.214
T1_divergence_unmatched,176.154
T1_divergence_unmatched,185.047
T1_divergence_unmatched,179.735
T1_divergence_unmatched,189.333
T1_divergence_unmatched,185.062
T1_divergence_unmatched,192.818
T1_divergence_unmatched,210.312
T1_divergence_unmatched,193.955
T1_divergence_unmatched,175.729
T1_divergence_unmatched,149.0
T1_divergence_unmatched,208.605
T1_divergence_unmatched,229.95
T1_divergence_unmatched,190.143
T1_divergence_unmatched,199.5
T1_divergence_unmatched,185.818
T1_divergence_unmatched,177.923
T1_divergence_unmatched,212.758
T1_divergence_unmatched,193.295
T1_divergence_unmatched,192.724
T1_divergence_unmatched,197.625
T1_divergence_unmatched,176.217
T1_divergence_unmatched,89.2941
T1_divergence_unmatched,164.966
T1_divergence_unmatched,206.613
T1_divergence_unmatched,189.289
T1_divergence_unmatched,172.3
T1_divergence_unmatched,194.574
T1_divergence_unmatched,189.0
T1_divergence_unmatched,176.333
T1_divergence_unmatched,197.582
T1_divergence_unmatched,202.281
T1_divergence_unmatched,210.745
T1_divergence_unmatched,202.806
T1_divergence_unmatched,179.704
T1_divergence_unmatched,175.581
T1_divergence_unmatched,215.308
T1_divergence_unmatched,198.59
T1_divergence_unmatched,191.618
T1_divergence_unmatched,225.281
T1_divergence_unmatched,179.855
T1_divergence_unmatched,162.209
T1_divergence_unmatched,189.939
T1_divergence_unmatched,219.854
T1_divergence_unmatched,162.93
T1_divergence_unmatched,212.5
T1_divergence_unmatched,187.875
T1_divergence_unmatched,203.447
T1_divergence_unmatched,193.796
T1_divergence_unmatched,215.742
T1_divergence_unmatched,193.6
T1_divergence_unmatched,180.8
T1_divergence_unmatched,183.324
T1_divergence_unmatched,181.76
T1_divergence_unmatched,198.909
T1_divergence_unmatched,194.4
T1_divergence_unmatched,173.818
T1_divergence_unmatched,182.0
T1_divergence_unmatched,181.612
T1_divergence_unmatched,181.486
T1_divergence_unmatched,203.156
T1_divergence_unmatched,154.9
T1_divergence_unmatched,203.9
T1_divergence_unmatched,132.417
T1_divergence_unmatched,180.5
T1_divergence_unmatched,175.905
T1_divergence_unmatched,185.958
T1_divergence_unmatched,291.0
T1_divergence_unmatched,171.788
T1_divergence_unmatched,199.35
T1_divergence_unmatched,189.844
T1_divergence_unmatched,173.439
T1_divergence_unmatched,159.158
T1_divergence_unmatched,189.87
T1_divergence_unmatched,191.615
T1_divergence_unmatched,179.884
T1_divergence_unmatched,201.796
T1_divergence_unmatched,161.667
T1_divergence_unmatched,212.359
T1_divergence_unmatched,189.812
T1_divergence_unmatched,198.974
T1_divergence_unmatched,175.292
T1_divergence_unmatched,185.105
T1_divergence_unmatched,175.286
T1_divergence_unmatched,192.195
T1_divergence_unmatched,181.167
T1_divergence_unmatched,185.897
T1_divergence_unmatched,207.209
T1_divergence_unmatched,177.875
T1_divergence_unmatched,166.952
T1_divergence_unmatched,201.86
T1_divergence_unmatched,202.444
T1_divergence_unmatched,185.667
T1_divergence_unmatched,198.103
T1_divergence_unmatched,168.981
T1_divergence_unmatched,201.756
T1_divergence_unmatched,198.3
T1_divergence_unmatched,163.513
T1_divergence_unmatched,189.0
T1_divergence_unmatched,128.021
T1_divergence_unmatched,169.826
T1_divergence_unmatched,173.0
T1_divergence_unmatched,173.53
T1_divergence_unmatched,176.442
T1_divergence_unmatched,189.4
T1_divergence_unmatched,177.574
T1_divergence_unmatched,179.396
T1_divergence_unmatched,212.364
T1_divergence_unmatched,38.5
T1_divergence_unmatched,201.982
T1_divergence_unmatched,171.408
T1_divergence_unmatched,174.015
T1_divergence_unmatched,192.964
T1_divergence_unmatched,198.538
T1_divergence_unmatched,171.431
T1_divergence_unmatched,183.586
T1_divergence_unmatched,144.8
T1_divergence_unmatched,215.107
T1_divergence_unmatched,190.179
T1_divergence_unmatched,195.906
T1_divergence_unmatched,173.7
T1_divergence_unmatched,155.231
T1_divergence_unmatched,189.623
T1_divergence_unmatched,173.6
T1_divergence_unmatched,166.0
T1_divergence_unmatched,207.875
T1_divergence_unmatched,198.073
T1_divergence_unmatched,168.796
T1_divergence_unmatched,175.087
T1_divergence_unmatched,148.034
T1_divergence_unmatched,189.961
T1_divergence_unmatched,43.0
T1_divergence_unmatched,162.105
T1_divergence_unmatched,202.032
T1_divergence_unmatched,180.608
T1_divergence_unmatched,192.046
T1_divergence_unmatched,183.647
T1_divergence_unmatched,199.959
T1_divergence_unmatched,192.439
T1_divergence_unmatched,205.1
T1_divergence_unmatched,172.146
T1_divergence_unmatched,168.045
T1_divergence_unmatched,196.2
T1_divergence_unmatched,179.765
T1_divergence_unmatched,172.658
T1_divergence_unmatched,183.95
T1_divergence_unmatched,161.625
T1_divergence_unmatched,214.684
T1_divergence_unmatched,198.067
T1_divergence_unmatched,188.586
T1_divergence_unmatched,220.208
T1_divergence_unmatched,176.817
T1_divergence_unmatched,210.312
T1_divergence_unmatched,160.145
T1_divergence_unmatched,234.812
T1_divergence_unmatched,169.697
T1_divergence_unmatched,186.586
T1_divergence_unmatched,186.952
T1_divergence_unmatched,194.581
T1_divergence_unmatched,182.452
T1_divergence_unmatched,192.843
T1_divergence_unmatched,162.325
T1_divergence_unmatched,203.125
T1_divergence_unmatched,189.742
T1_divergence_unmatched,188.974
T1_divergence_unmatched,155.634
T1_divergence_unmatched,182.732
T1_divergence_unmatched,176.708
T1_divergence_unmatched,219.395
T1_divergence_unmatched,194.827
T1_divergence_unmatched,191.514
T1_divergence_unmatched,170.189
T1_divergence_unmatched,209.769
T1_divergence_unmatched,244.667
T1_divergence_unmatched,192.333
T1_divergence_unmatched,184.02
T1_divergence_unmatched,172.118
T1_divergence_unmatched,164.391
T1_divergence_unmatched,193.0
T1_divergence_unmatched,178.167
T1_divergence_unmatched,206.508
T1_divergence_unmatched,194.893
T1_divergence_unmatched,199.851
T1_divergence_unmatched,190.61
T1_divergence_unmatched,174.159
T1_divergence_unmatched,190.661
T1_divergence_unmatched,179.414
T1_divergence_unmatched,189.786
T1_divergence_unmatched,176.353
T1_divergence_unmatched,200.971
T1_divergence_unmatched,192.903
T1_divergence_unmatched,156.895
T1_divergence_unmatched,184.362
T1_divergence_unmatched,164.604
T1_divergence_unmatched,204.545
T1_divergence_unmatched,191.87
T1_divergence_unmatched,208.095
T1_divergence_unmatched,191.792
T1_divergence_unmatched,179.333
T1_divergence_unmatched,184.844
T1_divergence_unmatched,191.794
T1_divergence_unmatched,154.789
T1_divergence_unmatched,227.366
T1_divergence_unmatched,197.364
T1_divergence_unmatched,210.296
T1_divergence_unmatched,175.059
T1_divergence_unmatched,168.533
T1_divergence_unmatched,196.022
T1_divergence_unmatched,228.821
T1_divergence_unmatched,199.672
T1_divergence_unmatched,191.788
T1_divergence_unmatched,180.295
T1_divergence_unmatched,173.792
T1_divergence_unmatched,186.061
T1_divergence_unmatched,176.232
T1_divergence_unmatched,174.694
T1_divergence_unmatched,176.15
T1_divergence_unmatched,171.949
T1_divergence_unmatched,191.262
T1_divergence_unmatched,194.208
T1_divergence_unmatched,170.61
T1_divergence_unmatched,186.246
T1_divergence_unmatched,175.175
T1_divergence_unmatched,214.02
T1_divergence_unmatched,230.318
T1_divergence_unmatched,239.84
T1_divergence_unmatched,180.737
T1_divergence_unmatched,180.931
T1_divergence_unmatched,192.213
T1_divergence_unmatched,166.846
T1_divergence_unmatched,194.135
T1_divergence_unmatched,218.69
T1_divergence_unmatched,148.28
T1_divergence_unmatched,193.706
T1_divergence_unmatched,228.762
T1_divergence_unmatched,185.967
T1_divergence_unmatched,220.481
T1_divergence_unmatched,162.938
T1_divergence_unmatched,140.048
T1_divergence_unmatched,193.481
T1_divergence_unmatched,202.289
T1_divergence_unmatched,191.5
T1_divergence_unmatched,188.5
T1_divergence_unmatched,152.182
T1_divergence_unmatched,187.6
T1_divergence_unmatched,198.308
T1_divergence_unmatched,182.475
T1_divergence_unmatched,199.878
T1_divergence_unmatched,243.556
T1_divergence_unmatched,169.652
T1_divergence_unmatched,168.5
T1_divergence_unmatched,188.093
T1_divergence_unmatched,186.479
T1_divergence_unmatched,185.837
T1_divergence_unmatched,174.655
T1_divergence_unmatched,250.571
T1_divergence_unmatched,212.028
T1_divergence_unmatched,191.424
T1_divergence_unmatched,144.231
T1_divergence_unmatched,185.15
T1_divergence_unmatched,222.885
T1_divergence_unmatched,173.491
T1_divergence_unmatched,223.837
T1_divergence_unmatched,193.491
T1_divergence_unmatched,224.25
T1_divergence_unmatched,174.095
T1_divergence_unmatched,221.714
T1_divergence_unmatched,200.075
T1_divergence_unmatched,204.219
T1_divergence_unmatched,209.773
T1_divergence_unmatched,201.741
T1_divergence_unmatched,203.288
T1_divergence_unmatched,179.804
T1_divergence_unmatched,186.944
T1_divergence_unmatched,190.474
T1_divergence_unmatched,220.603
T1_divergence_unmatched,199.733
T1_divergence_unmatched,177.695
T1_divergence_unmatched,224.29
T1_divergence_unmatched,206.489
T1_divergence_unmatched,206.382
T1_divergence_unmatched,155.571
T1_divergence_unmatched,222.8
T1_divergence_unmatched,220.059
T1_divergence_unmatched,188.811
T1_divergence_unmatched,213.514
T1_divergence_unmatched,215.639
T1_divergence_unmatched,197.98
T1_divergence_unmatched,200.242
T1_divergence_unmatched,201.263
T1_divergence_unmatched,152.5
T1_divergence_unmatched,197.036
T1_divergence_unmatched,182.548
T1_divergence_unmatched,184.741
T1_divergence_unmatched,159.979
T1_divergence_unmatched,164.738
T1_divergence_unmatched,192.795
T1_divergence_unmatched,162.778
T1_divergence_unmatched,189.171
T1_divergence_unmatched,196.113
T1_divergence_unmatched,210.448
T1_divergence_unmatched,192.074
T1_divergence_unmatched,180.312
T1_divergence_unmatched,143.263
T1_divergence_unmatched,173.019
T1_divergence_unmatched,182.935
T1_divergence_unmatched,235.143
T1_divergence_unmatched,211.053
T1_divergence_unmatched,211.204
T1_divergence_unmatched,181.103
T1_divergence_unmatched,197.224
T1_divergence_unmatched,198.676
T1_divergence_unmatched,150.125
T1_divergence_unmatched,181.131
T1_divergence_unmatched,207.667
T1_divergence_unmatched,221.786
T1_divergence_unmatched,156.333
T1_divergence_unmatched,186.163
T1_divergence_unmatched,206.392
T1_divergence_unmatched,181.744
T1_divergence_unmatched,196.079
T1_divergence_unmatched,132.6
T1_divergence_unmatched,196.529
T1_divergence_unmatched,214.457
T1_divergence_unmatched,160.4
T1_divergence_unmatched,205.819
T1_divergence_unmatched,210.113
T1_divergence_unmatched,205.541
T1_divergence_unmatched,201.471
T1_divergence_unmatched,173.319
T1_divergence_unmatched,212.186
T1_divergence_unmatched,211.885
T1_divergence_unmatched,181.698
T1_divergence_unmatched,183.556
T1_divergence_unmatched,153.114
T1_divergence_unmatched,212.645
T1_divergence_unmatched,177.6
T1_divergence_unmatched,197.944
T1_divergence_unmatched,182.873
T1_divergence_unmatched,174.571
T1_divergence_unmatched,201.2
T1_divergence_unmatched,202.639
T1_divergence_unmatched,196.155
T1_divergence_unmatched,181.098
T1_divergence_unmatched,160.411
T1_divergence_unmatched,149.238
T1_divergence_unmatched,208.038
T1_divergence_unmatched,212.047
T1_divergence_unmatched,188.105
T1_divergence_unmatched,200.658
T1_divergence_unmatched,171.143
T1_divergence_unmatched,175.348
T1_divergence_unmatched,170.321
T1_divergence_unmatched,192.906
T1_divergence_unmatched,195.116
T1_divergence_unmatched,202.727
T1_divergence_unmatched,195.35
T1_divergence_unmatched,193.582
T1_divergence_unmatched,170.039
T1_divergence_unmatched,153.128
T1_divergence_unmatched,183.326
T1_divergence_unmatched,170.286
T1_divergence_unmatched,187.796
T1_divergence_unmatched,187.397
T1_divergence_unmatched,178.435
T1_divergence_unmatched,189.432
T1_divergence_unmatched,197.488
T1_divergence_unmatched,201.792
T1_divergence_unmatched,204.371
T1_divergence_unmatched,199.17
T1_divergence_unmatched,191.068
T1_divergence_unmatched,169.5
T1_divergence_unmatched,197.475
T1_divergence_unmatched,289.667
T1_divergence_unmatched,216.659
T1_divergence_unmatched,174.473
T1_divergence_unmatched,128.958
T1_divergence_unmatched,137.489
T1_divergence_unmatched,205.667
T1_divergence_unmatched,184.96
T1_divergence_unmatched,209.17
T1_divergence_unmatched,208.895
T1_divergence_unmatched,180.5
T1_divergence_unmatched,184.714
T1_divergence_unmatched,187.865
T1_divergence_unmatched,189.571
T1_divergence_unmatched,188.96
T1_divergence_unmatched,180.623
T1_divergence_unmatched,187.756
T1_divergence_unmatched,177.359
T1_divergence_unmatched,203.527
T1_divergence_unmatched,181.5
T1_divergence_unmatched,200.667
T1_divergence_unmatched,159.542
T1_divergence_unmatched,197.549
T1_divergence_unmatched,192.784
T1_divergence_unmatched,182.231
T1_divergence_unmatched,241.241
T1_divergence_unmatched,174.175
T1_divergence_unmatched,161.212
T1_divergence_unmatched,163.654
T1_divergence_unmatched,137.609
T1_divergence_unmatched,220.095
T1_divergence_unmatched,185.841
T1_divergence_unmatched,236.0
T1_divergence_unmatched,163.913
T1_divergence_unmatched,208.612
T1_divergence_unmatched,196.071
T1_divergence_unmatched,184.642
T1_divergence_unmatched,193.0
T1_divergence_unmatched,173.31
T1_divergence_unmatched,184.714
T1_divergence_unmatched,195.903
T1_divergence_unmatched,214.254
T1_divergence_unmatched,186.089
T1_divergence_unmatched,190.5
T1_divergence_unmatched,244.897
T1_divergence_unmatched,189.614
T1_divergence_unmatched,172.754
T1_divergence_unmatched,199.091
T1_divergence_unmatched,168.161
T1_divergence_unmatched,158.379
T1_divergence_unmatched,197.389
T1_divergence_unmatched,182.63
T1_divergence_unmatched,200.625
T1_divergence_unmatched,174.213
T1_divergence_unmatched,225.038
T1_divergence_unmatched,202.171
T1_divergence_unmatched,167.923
T1_divergence_unmatched,172.231
T1_divergence_unmatched,153.545
T1_divergence_unmatched,196.923
T1_divergence_unmatched,183.635
T1_divergence_unmatched,175.426
T1_divergence_unmatched,132.94
T1_divergence_unmatched,198.34
T1_divergence_unmatched,165.797
T1_divergence_unmatched,192.029
T1_divergence_unmatched,193.079
T1_divergence_unmatched,217.529
T1_divergence_unmatched,181.862
T1_divergence_unmatched,184.098
T1_divergence_unmatched,206.262
T1_divergence_unmatched,200.818
T1_divergence_unmatched,189.467
T1_divergence_unmatched,221.75
T1_divergence_unmatched,178.65
T1_divergence_unmatched,199.361
T1_divergence_unmatched,151.957
T1_divergence_unmatched,191.543
T1_divergence_unmatched,188.576
T1_divergence_unmatched,210.833
T1_divergence_unmatched,204.324
T1_divergence_unmatched,154.071
T1_divergence_unmatched,198.275
T1_divergence_unmatched,184.0
T1_divergence_unmatched,198.059
T1_divergence_unmatched,190.164
T1_divergence_unmatched,192.768
T1_divergence_unmatched,178.125
T1_divergence_unmatched,206.885
T1_divergence_unmatched,202.723
T1_divergence_unmatched,185.646
T1_divergence_unmatched,198.339
T1_divergence_unmatched,170.578
T1_divergence_unmatched,200.833
T1_divergence_unmatched,174.424
T1_divergence_unmatched,182.957
T1_divergence_unmatched,183.5
T1_divergence_unmatched,160.811
T1_divergence_unmatched,225.741
T1_divergence_unmatched,191.286
T1_divergence_unmatched,183.038
T1_divergence_unmatched,177.774
T1_divergence_unmatched,170.105
T1_divergence_unmatched,174.441
T1_divergence_unmatched,159.188
T1_divergence_unmatched,191.065
T1_divergence_unmatched,145.656
T1_divergence_unmatched,181.872
T1_divergence_unmatched,194.526
T1_divergence_unmatched,173.341
T1_divergence_unmatched,192.733
T1_divergence_unmatched,168.14
T1_divergence_unmatched,172.125
T1_divergence_unmatched,192.75
T1_divergence_unmatched,207.526
T1_divergence_unmatched,200.037
T1_divergence_unmatched,207.7
T1_divergence_unmatched,177.393
T1_divergence_unmatched,163.042
T1_divergence_unmatched,224.188
T1_divergence_unmatched,200.913
T1_divergence_unmatched,199.391
T1_divergence_unmatched,193.733
T1_divergence_unmatched,173.242
T1_divergence_unmatched,167.848
T1_divergence_unmatched,181.941
T1_divergence_unmatched,184.0
T1_divergence_unmatched,169.66
T1_divergence_unmatched,206.757
T1_divergence_unmatched,201.872
T1_divergence_unmatched,225.918
T1_divergence_unmatched,199.909
T1_divergence_unmatched,156.5
T1_divergence_unmatched,186.571
T1_divergence_unmatched,176.038
T1_divergence_unmatched,185.0
T1_divergence_unmatched,200.893
T1_divergence_unmatched,250.635
T1_divergence_unmatched,188.083
T1_divergence_unmatched,193.765
T1_divergence_unmatched,193.816
T1_divergence_unmatched,173.029
T1_divergence_unmatched,184.02
T1_divergence_unmatched,206.367
T1_divergence_unmatched,42.0909
T1_divergence_unmatched,202.926
T1_divergence_unmatched,197.756
T1_divergence_unmatched,170.0
T1_divergence_unmatched,196.3
T1_divergence_unmatched,200.837
T1_divergence_unmatched,161.55
T1_divergence_unmatched,191.047
T1_divergence_unmatched,169.0
T1_divergence_unmatched,192.711
T1_divergence_unmatched,171.68
T1_divergence_unmatched,210.507
T1_divergence_unmatched,169.774
T1_divergence_unmatched,220.688
T1_divergence_unmatched,198.737
T1_divergence_unmatched,183.619
T1_divergence_unmatched,191.5
T1_divergence_unmatched,201.484
T1_divergence_unmatched,151.319
T1_divergence_unmatched,187.562
T1_divergence_unmatched,236.881
T1_divergence_unmatched,157.697
T1_divergence_unmatched,188.294
T1_divergence_unmatched,177.341
T1_divergence_unmatched,218.511
T1_divergence_unmatched,207.783
T1_divergence_unmatched,156.05
T1_divergence_unmatched,161.66
T1_divergence_unmatched,199.889
T1_divergence_unmatched,185.273
T1_divergence_unmatched,191.216
T1_divergence_unmatched,186.206
T1_divergence_unmatched,194.854
T1_divergence_unmatched,214.622
T1_divergence_unmatched,193.898
T1_divergence_unmatched,212.038
T1_divergence_unmatched,185.966
T1_divergence_unmatched,212.885
T1_divergence_unmatched,177.05
T1_divergence_unmatched,209.595
T1_divergence_unmatched,149.634
T1_divergence_unmatched,160.75
T1_divergence_unmatched,200.5
T1_divergence_unmatched,187.391
T1_divergence_unmatched,219.83
T1_divergence_unmatched,188.364
T1_divergence_unmatched,182.034
T1_divergence_unmatched,184.676
T1_divergence_unmatched,197.136
T1_divergence_unmatched,185.875
T1_divergence_unmatched,243.6
T1_divergence_unmatched,191.25
T1_divergence_unmatched,196.323
T1_divergence_unmatched,180.5
T1_divergence_unmatched,184.925
T1_divergence_unmatched,168.444
T1_divergence_unmatched,188.236
T1_divergence_unmatched,185.686
T1_divergence_unmatched,161.0
T1_divergence_unmatched,187.588
T1_divergence_unmatched,200.435
T1_divergence_unmatched,207.526
T1_divergence_unmatched,187.036
T1_divergence_unmatched,193.617
T1_divergence_unmatched,182.512
T1_divergence_unmatched,170.25
T1_divergence_unmatched,183.026
T1_divergence_unmatched,193.104
T1_divergence_unmatched,165.24
T1_divergence_unmatched,174.667
T1_divergence_unmatched,167.457
T1_divergence_unmatched,208.405
T1_divergence_unmatched,210.133
T1_divergence_unmatched,182.96
T1_divergence_unmatched,184.281
T1_divergence_unmatched,175.859
T1_divergence_unmatched,170.875
T1_divergence_unmatched,172.759
T1_divergence_unmatched,199.205
T1_divergence_unmatched,172.35
T1_divergence_unmatched,177.658
T1_divergence_unmatched,190.558
T1_divergence_unmatched,214.163
T1_divergence_unmatched,147.771
T1_divergence_unmatched,205.49
T1_divergence_unmatched,174.979
T1_divergence_unmatched,175.829
T1_divergence_unmatched,172.021
T1_divergence_unmatched,202.038
T1_divergence_unmatched,216.205
T1_divergence_unmatched,229.625
T1_divergence_unmatched,238.844
T1_divergence_unmatched,200.357
T1_divergence_unmatched,181.0
T1_divergence_unmatched,196.458
T1_divergence_unmatched,266.375
T1_divergence_unmatched,185.849
T1_divergence_unmatched,196.689
T1_divergence_unmatched,199.84
T1_divergence_unmatched,156.354
T1_divergence_unmatched,190.535
T1_divergence_unmatched,165.194
T1_divergence_unmatched,172.935
T1_divergence_unmatched,201.707
T1_divergence_unmatched,205.444
T1_divergence_unmatched,194.0
T1_divergence_unmatched,211.491
T1_divergence_unmatched,201.262
T1_divergence_unmatched,187.074
T1_divergence_unmatched,224.795
T1_divergence_unmatched,191.467
T1_divergence_unmatched,178.324
T1_divergence_unmatched,171.948
T1_divergence_unmatched,214.641
T1_divergence_unmatched,190.222
T1_divergence_unmatched,196.732
T1_divergence_unmatched,167.308
T1_divergence_unmatched,195.419
T1_divergence_unmatched,171.73
T1_divergence_unmatched,219.018
T1_divergence_unmatched,145.745
T1_divergence_unmatched,183.525
T1_divergence_unmatched,182.457
T1_divergence_unmatched,164.693
T1_divergence_unmatched,191.803
T1_divergence_unmatched,194.851
T1_divergence_unmatched,215.207
T1_divergence_unmatched,195.75
T1_divergence_unmatched,187.688
T1_divergence_unmatched,200.149
T1_divergence_unmatched,181.268
T1_divergence_unmatched,211.472
T1_divergence_unmatched,199.19
T1_divergence_unmatched,205.762
T1_divergence_unmatched,175.865
T1_divergence_unmatched,210.667
T1_divergence_unmatched,179.522
T1_divergence_unmatched,153.205
T1_divergence_unmatched,158.185
T1_divergence_unmatched,149.148
T1_divergence_unmatched,156.69
T1_divergence_unmatched,208.206
T1_divergence_unmatched,208.711
T1_divergence_unmatched,179.5
T1_divergence_unmatched,187.485
T1_divergence_unmatched,216.042
T1_divergence_unmatched,222.229
T1_divergence_unmatched,199.9
T1_divergence_unmatched,59.0
T1_divergence_unmatched,182.073
T1_divergence_unmatched,178.149
T1_divergence_unmatched,197.655
T1_divergence_unmatched,220.071
T1_divergence_unmatched,173.405
T1_divergence_unmatched,208.229
T1_divergence_unmatched,241.696
T1_divergence_unmatched,176.031
T1_divergence_unmatched,202.179
T1_divergence_unmatched,223.2
T1_divergence_unmatched,178.152
T1_divergence_unmatched,178.096
T1_divergence_unmatched,179.517
T1_divergence_unmatched,193.097
T1_divergence_unmatched,212.412
T1_divergence_unmatched,207.629
T1_divergence_unmatched,202.366
T1_divergence_unmatched,170.594
T1_divergence_unmatched,192.632
T1_divergence_unmatched,170.023
T1_divergence_unmatched,177.538
T1_divergence_unmatched,151.906
T1_divergence_unmatched,234.952
T1_divergence_unmatched,168.152
T1_divergence_unmatched,206.174
T1_divergence_unmatched,177.295
T1_divergence_unmatched,174.451
T1_divergence_unmatched,183.106
T1_divergence_unmatched,196.974
T1_divergence_unmatched,195.321
T1_divergence_unmatched,83.1765
T1_divergence_unmatched,176.644
T1_divergence_unmatched,225.786
T1_divergence_unmatched,195.932
T1_divergence_unmatched,194.476
T1_divergence_unmatched,176.5
T1_divergence_unmatched,175.878
T1_divergence_unmatched,176.633
T1_divergence_unmatched,198.586
T1_divergence_unmatched,182.415
T1_divergence_unmatched,223.604
T1_divergence_unmatched,206.385
T1_divergence_unmatched,186.955
T1_divergence_unmatched,178.729
T1_divergence_unmatched,172.491
T1_divergence_unmatched,166.553
T1_divergence_unmatched,248.29
T1_divergence_unmatched,179.143
T1_divergence_unmatched,193.195
T1_divergence_unmatched,201.308
T1_divergence_unmatched,195.729
T1_divergence_unmatched,178.333
T1_divergence_unmatched,215.771
T1_divergence_unmatched,179.628
T1_divergence_unmatched,185.346
T1_divergence_unmatched,205.597
T1_divergence_unmatched,212.903
T1_divergence_unmatched,188.414
T1_divergence_unmatched,164.431
T1_divergence_unmatched,199.912
T1_divergence_unmatched,184.214
T1_divergence_unmatched,169.207
T1_divergence_unmatched,194.5
T1_divergence_unmatched,214.207
T1_divergence_unmatched,207.82
T1_divergence_unmatched,154.932
T1_divergence_unmatched,207.118
T1_divergence_unmatched,179.733
T1_divergence_unmatched,174.847
T1_divergence_unmatched,172.773
T1_divergence_unmatched,179.957
T1_divergence_unmatched,196.639
T1_divergence_unmatched,179.75
T1_divergence_unmatched,151.533
T1_divergence_unmatched,168.205
T1_divergence_unmatched,184.083
T1_divergence_unmatched,188.59
T1_divergence_unmatched,210.705
T1_divergence_unmatched,192.86
T1_divergence_unmatched,194.268
T1_divergence_unmatched,196.647
T1_divergence_unmatched,145.107
T1_divergence_unmatched,181.267
T1_divergence_unmatched,171.194
T1_divergence_unmatched,184.219
T1_divergence_unmatched,193.906
T1_divergence_unmatched,171.487
T1_divergence_unmatched,158.653
T1_divergence_unmatched,182.073
T1_divergence_unmatched,195.103
T1_divergence_unmatched,153.649
T1_divergence_unmatched,168.511
T1_divergence_unmatched,188.735
T1_divergence_unmatched,175.257
T1_divergence_unmatched,165.442
T1_divergence_unmatched,179.07
T1_divergence_unmatched,147.344
T1_divergence_unmatched,192.244
T1_divergence_unmatched,186.828
T1_divergence_unmatched,174.353
T1_divergence_unmatched,198.821
T1_divergence_unmatched,221.161
T1_divergence_unmatched,163.333
T1_divergence_unmatched,189.877
T1_divergence_unmatched,166.436
T1_divergence_unmatched,201.462
T1_divergence_unmatched,240.424
T1_divergence_unmatched,212.613
T1_divergence_unmatched,197.333
T1_divergence_unmatched,188.125
T1_divergence_unmatched,179.904
T1_divergence_unmatched,204.156
T1_divergence_unmatched,157.367
T1_divergence_unmatched,175.682
T1_divergence_unmatched,197.471
T1_divergence_unmatched,176.783
T1_divergence_unmatched,199.848
T1_divergence_unmatched,185.472
T1_divergence_unmatched,163.929
T1_divergence_unmatched,183.911
T1_divergence_unmatched,180.439
T1_divergence_unmatched,165.5
T1_divergence_unmatched,196.061
T1_divergence_unmatched,218.087
T1_divergence_unmatched,138.5
T1_divergence_unmatched,189.353
T1_divergence_unmatched,172.737
T1_divergence_unmatched,183.106
T1_divergence_unmatched,184.184
T1_divergence_unmatched,179.194
T1_divergence_unmatched,167.464
T1_divergence_unmatched,205.235
T1_divergence_unmatched,189.2
T1_divergence_unmatched,223.452
T1_divergence_unmatched,134.982
T1_divergence_unmatched,182.312
T1_divergence_unmatched,173.433
T1_divergence_unmatched,186.057
T1_divergence_unmatched,182.811
T1_divergence_unmatched,202.941
T1_divergence_unmatched,221.556
T1_divergence_unmatched,178.536
T1_divergence_unmatched,177.482
T1_divergence_unmatched,198.862
T1_divergence_unmatched,228.559
T1_divergence_unmatched,189.091
T1_divergence_unmatched,184.596
T1_divergence_unmatched,231.486
T1_divergence_unmatched,230.345
T1_divergence_unmatched,187.963
T1_divergence_unmatched,192.161
T1_divergence_unmatched,184.116
T1_divergence_unmatched,197.892
T1_divergence_unmatched,178.077
T1_divergence_unmatched,213.333
T1_divergence_unmatched,196.938
T1_divergence_unmatched,199.368
T1_divergence_unmatched,149.214
T1_divergence_unmatched,182.179
T1_divergence_unmatched,194.214
T1_divergence_unmatched,228.727
T1_divergence_unmatched,194.775
T1_divergence_unmatched,212.397
T1_divergence_unmatched,182.5
T1_divergence_unmatched,181.106
T1_divergence_unmatched,197.293
T1_divergence_unmatched,189.042
T1_divergence_unmatched,215.484
T1_divergence_unmatched,201.163
T1_divergence_unmatched,178.732
T1_divergence_unmatched,191.214
T1_divergence_unmatched,221.429
T1_divergence_unmatched,180.053
T1_divergence_unmatched,173.239
T1_divergence_unmatched,204.857
T1_divergence_unmatched,164.429
T1_divergence_unmatched,170.478
T1_divergence_unmatched,186.829
T1_divergence_unmatched,208.579
T1_divergence_unmatched,203.919
T1_divergence_unmatched,187.308
T1_divergence_unmatched,205.075
T1_divergence_unmatched,186.455
T1_divergence_unmatched,194.529
T1_divergence_unmatched,177.4
T1_divergence_unmatched,179.45
T1_divergence_unmatched,206.537
T1_divergence_unmatched,190.25
T1_divergence_unmatched,187.147
T1_divergence_unmatched,190.957
T1_divergence_unmatched,176.191
T1_divergence_unmatched,204.469
T1_divergence_unmatched,171.848
T1_divergence_unmatched,199.412
T1_divergence_unmatched,209.947
T1_divergence_unmatched,196.426
T1_divergence_unmatched,175.6
T1_divergence_unmatched,209.8
T1_divergence_unmatched,171.519
T1_divergence_unmatched,198.93
T1_divergence_unmatched,162.692
T1_divergence_unmatched,162.982
T1_divergence_unmatched,181.979
T1_divergence_unmatched,231.556
T1_divergence_unmatched,181.431
T1_divergence_unmatched,196.763
T1_divergence_unmatched,180.105
T1_divergence_unmatched,143.5
T1_divergence_unmatched,196.039
T1_divergence_unmatched,167.491
T1_divergence_unmatched,201.844
T1_divergence_unmatched,188.837
T1_divergence_unmatched,171.328
T1_divergence_unmatched,198.703
T1_divergence_unmatched,148.143
T1_divergence_unmatched,172.75
T1_divergence_unmatched,170.321
T1_divergence_unmatched,198.119
T1_divergence_unmatched,195.386
T1_divergence_unmatched,168.174
T1_divergence_unmatched,185.241
T1_divergence_unmatched,185.958
T1_divergence_unmatched,207.784
T1_divergence_unmatched,167.1
T1_divergence_unmatched,198.767
T1_divergence_unmatched,177.197
T1_divergence_unmatched,190.886
T1_divergence_unmatched,197.27
T1_divergence_unmatched,198.289
T1_divergence_unmatched,192.842
T1_divergence_unmatched,185.915
T1_divergence_unmatched,179.222
T1_divergence_unmatched,219.667
T1_divergence_unmatched,222.581
T1_divergence_unmatched,204.5
T1_divergence_unmatched,184.914
T1_divergence_unmatched,119.905
T1_divergence_unmatched,196.238
T1_divergence_unmatched,217.25
T1_divergence_unmatched,164.342
T1_divergence_unmatched,160.024
T1_divergence_unmatched,193.864
T1_divergence_unmatched,167.698
T1_divergence_unmatched,176.571
T1_divergence_unmatched,188.684
T1_divergence_unmatched,207.304
T1_divergence_unmatched,199.451
T1_divergence_unmatched,199.92
T1_divergence_unmatched,166.214
T1_divergence_unmatched,181.755
T1_divergence_unmatched,190.621
T1_divergence_unmatched,209.926
T1_divergence_unmatched,181.719
T1_divergence_unmatched,181.421
T1_divergence_unmatched,185.531
T1_divergence_unmatched,197.132
T1_divergence_unmatched,174.226
T1_divergence_unmatched,167.466
T1_divergence_unmatched,163.474
T1_divergence_unmatched,202.887
T1_divergence_unmatched,187.652
T1_divergence_unmatched,171.182
T1_divergence_unmatched,167.136
T1_divergence_unmatched,206.875
T1_divergence_unmatched,195.016
T1_divergence_unmatched,206.016
T1_divergence_unmatched,169.2
T1_divergence_unmatched,212.1
T1_divergence_unmatched,192.618
T1_divergence_unmatched,161.64
T1_divergence_unmatched,224.6
T2_divergence_L1_count_matched,168.938
T2_divergence_L1_count_matched,140.239
T2_divergence_L1_count_matched,187.451
T2_divergence_L1_count_matched,198.065
T2_divergence_L1_count_matched,191.955
T2_divergence_L1_count_matched,194.0
T2_divergence_L1_count_matched,204.364
T2_divergence_L1_count_matched,200.695
T2_divergence_L1_count_matched,195.767
T2_divergence_L1_count_matched,156.4
T2_divergence_L1_count_matched,176.707
T2_divergence_L1_count_matched,189.087
T2_divergence_L1_count_matched,148.0
T2_divergence_L1_count_matched,171.933
T2_divergence_L1_count_matched,163.553
T2_divergence_L1_count_matched,166.61
T2_divergence_L1_count_matched,161.323
T2_divergence_L1_count_matched,180.152
T2_divergence_L1_count_matched,172.696
T2_divergence_L1_count_matched,177.185
T2_divergence_L1_count_matched,184.943
T2_divergence_L1_count_matched,232.455
T2_divergence_L1_count_matched,196.468
T2_divergence_L1_count_matched,184.0
T2_divergence_L1_count_matched,180.673
T2_divergence_L1_count_matched,175.378
T2_divergence_L1_count_matched,186.593
T2_divergence_L1_count_matched,204.175
T2_divergence_L1_count_matched,221.022
T2_divergence_L1_count_matched,194.75
T2_divergence_L1_count_matched,197.418
T2_divergence_L1_count_matched,204.5
T2_divergence_L1_count_matched,201.52
T2_divergence_L1_count_matched,179.698
T2_divergence_L1_count_matched,188.234
T2_divergence_L1_count_matched,226.864
T2_divergence_L1_count_matched,206.915
T2_divergence_L1_count_matched,200.3
T2_divergence_L1_count_matched,177.927
T2_divergence_L1_count_matched,187.309
T2_divergence_L1_count_matched,197.294
T2_divergence_L1_count_matched,163.95
T2_divergence_L1_count_matched,156.431
T2_divergence_L1_count_matched,182.902
T2_divergence_L1_count_matched,188.891
T2_divergence_L1_count_matched,198.364
T2_divergence_L1_count_matched,173.889
T2_divergence_L1_count_matched,187.898
T2_divergence_L1_count_matched,149.625
T2_divergence_L1_count_matched,240.31
T2_divergence_L1_count_matched,173.492
T2_divergence_L1_count_matched,202.714
T2_divergence_L1_count_matched,181.022
T2_divergence_L1_count_matched,238.833
T2_divergence_L1_count_matched,171.146
T2_divergence_L1_count_matched,177.589
T2_divergence_L1_count_matched,168.782
T2_divergence_L1_count_matched,178.85
T2_divergence_L1_count_matched,198.385
T2_divergence_L1_count_matched,214.353
T2_divergence_L1_count_matched,209.843
T2_divergence_L1_count_matched,199.977
T2_divergence_L1_count_matched,174.684
T2_divergence_L1_count_matched,222.706
T2_divergence_L1_count_matched,158.689
T2_divergence_L1_count_matched,175.175
T2_divergence_L1_count_matched,192.833
T2_divergence_L1_count_matched,172.415
T2_divergence_L1_count_matched,171.727
T2_divergence_L1_count_matched,151.319
T2_divergence_L1_count_matched,187.788
T2_divergence_L1_count_matched,197.672
T2_divergence_L1_count_matched,186.286
T2_divergence_L1_count_matched,147.037
T2_divergence_L1_count_matched,231.635
T2_divergence_L1_count_matched,154.571
T2_divergence_L1_count_matched,198.651
T2_divergence_L1_count_matched,195.771
T2_divergence_L1_count_matched,189.553
T2_divergence_L1_count_matched,190.569
T2_divergence_L1_count_matched,177.397
T2_divergence_L1_count_matched,223.511
T2_divergence_L1_count_matched,165.543
T2_divergence_L1_count_matched,183.929
T2_divergence_L1_count_matched,182.789
T2_divergence_L1_count_matched,170.695
T2_divergence_L1_count_matched,203.212
T2_divergence_L1_count_matched,205.317
T2_divergence_L1_count_matched,189.111
T2_divergence_L1_count_matched,181.61
T2_divergence_L1_count_matched,152.111
T2_divergence_L1_count_matched,207.538
T2_divergence_L1_count_matched,178.488
T2_divergence_L1_count_matched,177.63
T2_divergence_L1_count_matched,210.571
T2_divergence_L1_count_matched,184.14
T2_divergence_L1_count_matched,228.463
T2_divergence_L1_count_matched,179.948
T2_divergence_L1_count_matched,206.654
T2_divergence_L1_count_matched,190.366
T2_divergence_L1_count_matched,179.288
T2_divergence_L1_count_matched,212.825
T2_divergence_L1_count_matched,170.814
T2_divergence_L1_count_matched,197.848
T2_divergence_L1_count_matched,235.057
T2_divergence_L1_count_matched,189.75
T2_divergence_L1_count_matched,191.394
T2_divergence_L1_count_matched,171.849
T2_divergence_L1_count_matched,151.14
T2_divergence_L1_count_matched,186.561
T2_divergence_L1_count_matched,206.868
T2_divergence_L1_count_matched,192.698
T2_divergence_L1_count_matched,196.957
T2_divergence_L1_count_matched,175.6
T2_divergence_L1_count_matched,203.849
T2_divergence_L1_count_matched,189.188
T2_divergence_L1_count_matched,187.2
T2_divergence_L1_count_matched,187.34
T2_divergence_L1_count_matched,220.727
T2_divergence_L1_count_matched,195.167
T2_divergence_L1_count_matched,188.655
T2_divergence_L1_count_matched,210.208
T2_divergence_L1_count_matched,180.724
T2_divergence_L1_count_matched,189.444
T2_divergence_L1_count_matched,185.73
T2_divergence_L1_count_matched,271.136
T2_divergence_L1_count_matched,188.475
T2_divergence_L1_count_matched,198.24
T2_divergence_L1_count_matched,193.023
T2_divergence_L1_count_matched,188.286
T2_divergence_L1_count_matched,211.846
T2_divergence_L1_count_matched,209.393
T2_divergence_L1_count_matched,221.222
T2_divergence_L1_count_matched,215.0
T2_divergence_L1_count_matched,187.047
T2_divergence_L1_count_matched,183.163
T2_divergence_L1_count_matched,196.911
T2_divergence_L1_count_matched,184.308
T2_divergence_L1_count_matched,187.8
T2_divergence_L1_count_matched,209.188
T2_divergence_L1_count_matched,193.0
T2_divergence_L1_count_matched,167.333
T2_divergence_L1_count_matched,184.35
T2_divergence_L1_count_matched,221.62
T2_divergence_L1_count_matched,193.054
T2_divergence_L1_count_matched,147.683
T2_divergence_L1_count_matched,193.865
T2_divergence_L1_count_matched,164.682
T2_divergence_L1_count_matched,194.409
T2_divergence_L1_count_matched,181.463
T2_divergence_L1_count_matched,191.604
T2_divergence_L1_count_matched,192.622
T2_divergence_L1_count_matched,151.803
T2_divergence_L1_count_matched,188.0
T2_divergence_L1_count_matched,219.78
T2_divergence_L1_count_matched,182.729
T2_divergence_L1_count_matched,205.13
T2_divergence_L1_count_matched,203.847
T2_divergence_L1_count_matched,213.907
T2_divergence_L1_count_matched,189.311
T2_divergence_L1_count_matched,181.734
T2_divergence_L1_count_matched,212.18
T2_divergence_L1_count_matched,144.109
T2_divergence_L1_count_matched,154.366
T2_divergence_L1_count_matched,163.612
T2_divergence_L1_count_matched,187.632
T2_divergence_L1_count_matched,191.928
T2_divergence_L1_count_matched,159.727
T2_divergence_L1_count_matched,189.604
T2_divergence_L1_count_matched,184.927
T2_divergence_L1_count_matched,190.283
T2_divergence_L1_count_matched,211.732
T2_divergence_L1_count_matched,183.914
T2_divergence_L1_count_matched,201.788
T2_divergence_L1_count_matched,184.788
T2_divergence_L1_count_matched,188.568
T2_divergence_L1_count_matched,196.526
T2_divergence_L1_count_matched,172.983
T2_divergence_L1_count_matched,177.038
T2_divergence_L1_count_matched,210.654
T2_divergence_L1_count_matched,200.625
T2_divergence_L1_count_matched,193.6
T2_divergence_L1_count_matched,206.375
T2_divergence_L1_count_matched,198.037
T2_divergence_L1_count_matched,180.93
T2_divergence_L1_count_matched,192.075
T2_divergence_L1_count_matched,173.822
T2_divergence_L1_count_matched,203.935
T2_divergence_L1_count_matched,194.484
T2_divergence_L1_count_matched,196.304
T2_divergence_L1_count_matched,206.277
T2_divergence_L1_count_matched,213.458
T2_divergence_L1_count_matched,192.364
T2_divergence_L1_count_matched,178.146
T2_divergence_L1_count_matched,165.244
T2_divergence_L1_count_matched,171.805
T2_divergence_L1_count_matched,166.17
T2_divergence_L1_count_matched,205.409
T2_divergence_L1_count_matched,177.553
T2_divergence_L1_count_matched,176.311
T2_divergence_L1_count_matched,214.023
T2_divergence_L1_count_matched,186.466
T2_divergence_L1_count_matched,206.327
T2_divergence_L1_count_matched,196.655
T2_divergence_L1_count_matched,210.881
T2_divergence_L1_count_matched,197.014
T2_divergence_L1_count_matched,170.675
T2_divergence_L1_count_matched,180.109
T2_divergence_L1_count_matched,225.137
T2_divergence_L1_count_matched,216.395
T2_divergence_L1_count_matched,193.07
T2_divergence_L1_count_matched,157.762
T2_divergence_L1_count_matched,178.07
T2_divergence_L1_count_matched,174.472
T2_divergence_L1_count_matched,185.492
T2_divergence_L1_count_matched,173.618
T2_divergence_L1_count_matched,194.409
T2_divergence_L1_count_matched,211.719
T2_divergence_L1_count_matched,184.128
T2_divergence_L1_count_matched,176.667
T2_divergence_L1_count_matched,161.98
T2_divergence_L1_count_matched,149.22
T2_divergence_L1_count_matched,185.23
T2_divergence_L1_count_matched,182.0
T2_divergence_L1_count_matched,158.444
T2_divergence_L1_count_matched,185.458
T2_divergence_L1_count_matched,189.511
T2_divergence_L1_count_matched,186.29
T2_divergence_L1_count_matched,188.26
T2_divergence_L1_count_matched,179.628
T2_divergence_L1_count_matched,189.065
T2_divergence_L1_count_matched,174.116
T2_divergence_L1_count_matched,167.07
T2_divergence_L1_count_matched,171.783
T2_divergence_L1_count_matched,187.415
T2_divergence_L1_count_matched,186.457
T2_divergence_L1_count_matched,185.783
T2_divergence_L1_count_matched,185.885
T2_divergence_L1_count_matched,193.317
T2_divergence_L1_count_matched,190.64
T2_divergence_L1_count_matched,222.558
T2_divergence_L1_count_matched,172.75
T2_divergence_L1_count_matched,148.9
T2_divergence_L1_count_matched,205.204
T2_divergence_L1_count_matched,205.442
T2_divergence_L1_count_matched,201.232
T2_divergence_L1_count_matched,180.681
T2_divergence_L1_count_matched,166.8
T2_divergence_L1_count_matched,199.531
T2_divergence_L1_count_matched,186.689
T2_divergence_L1_count_matched,199.174
T2_divergence_L1_count_matched,174.615
T2_divergence_L1_count_matched,184.644
T2_divergence_L1_count_matched,153.864
T2_divergence_L1_count_matched,187.393
T2_divergence_L1_count_matched,183.125
T2_divergence_L1_count_matched,193.823
T2_divergence_L1_count_matched,176.25
T2_divergence_L1_count_matched,190.305
T2_divergence_L1_count_matched,192.286
T2_divergence_L1_count_matched,190.19
T2_divergence_L1_count_matched,172.273
T2_divergence_L1_count_matched,220.95
T2_divergence_L1_count_matched,152.744
T2_divergence_L1_count_matched,169.431
T2_divergence_L1_count_matched,189.286
T2_divergence_L1_count_matched,219.119
T2_divergence_L1_count_matched,193.69
T2_divergence_L1_count_matched,176.5
T2_divergence_L1_count_matched,190.896
T2_divergence_L1_count_matched,185.019
T2_divergence_L1_count_matched,209.075
T2_divergence_L1_count_matched,193.759
T2_divergence_L1_count_matched,166.273
T2_divergence_L1_count_matched,207.56
T2_divergence_L1_count_matched,202.132
T2_divergence_L1_count_matched,180.688
T2_divergence_L1_count_matched,176.5
T2_divergence_L1_count_matched,194.815
T2_divergence_L1_count_matched,182.745
T2_divergence_L1_count_matched,204.22
T2_divergence_L1_count_matched,164.643
T2_divergence_L1_count_matched,194.212
T2_divergence_L1_count_matched,166.479
T2_divergence_L1_count_matched,180.838
T2_divergence_L1_count_matched,190.104
T2_divergence_L1_count_matched,184.054
T2_divergence_L1_count_matched,181.85
T2_divergence_L1_count_matched,207.062
T2_divergence_L1_count_matched,196.958
T2_divergence_L1_count_matched,197.346
T2_divergence_L1_count_matched,191.98
T2_divergence_L1_count_matched,192.672
T2_divergence_L1_count_matched,171.679
T2_divergence_L1_count_matched,188.8
T2_divergence_L1_count_matched,177.561
T2_divergence_L1_count_matched,201.154
T2_divergence_L1_count_matched,210.83
T2_divergence_L1_count_matched,201.14
T2_divergence_L1_count_matched,193.392
T2_divergence_L1_count_matched,179.561
T2_divergence_L1_count_matched,176.17
T2_divergence_L1_count_matched,191.796
T2_divergence_L1_count_matched,160.341
T2_divergence_L1_count_matched,192.064
T2_divergence_L1_count_matched,208.5
T2_divergence_L1_count_matched,183.439
T2_divergence_L1_count_matched,193.021
T2_divergence_L1_count_matched,186.395
T2_divergence_L1_count_matched,199.812
T2_divergence_L1_count_matched,184.465
T2_divergence_L1_count_matched,176.844
T2_divergence_L1_count_matched,188.0
T2_divergence_L1_count_matched,200.175
T2_divergence_L1_count_matched,197.19
T2_divergence_L1_count_matched,188.093
T2_divergence_L1_count_matched,165.745
T2_divergence_L1_count_matched,208.82
T2_divergence_L1_count_matched,179.612
T2_divergence_L1_count_matched,191.326
T2_divergence_L1_count_matched,159.5
T2_divergence_L1_count_matched,206.276
T2_divergence_L1_count_matched,146.096
T2_divergence_L1_count_matched,190.571
T2_divergence_L1_count_matched,216.411
T2_divergence_L1_count_matched,184.909
T2_divergence_L1_count_matched,192.667
T2_divergence_L1_count_matched,179.155
T2_divergence_L1_count_matched,180.208
T2_divergence_L1_count_matched,182.128
T2_divergence_L1_count_matched,187.891
T2_divergence_L1_count_matched,196.955
T2_divergence_L1_count_matched,165.178
T2_divergence_L1_count_matched,215.333
T2_divergence_L1_count_matched,181.064
T2_divergence_L1_count_matched,215.902
T2_divergence_L1_count_matched,188.5
T2_divergence_L1_count_matched,201.059
T2_divergence_L1_count_matched,178.795
T2_divergence_L1_count_matched,180.634
T2_divergence_L1_count_matched,179.413
T2_divergence_L1_count_matched,197.127
T2_divergence_L1_count_matched,180.119
T2_divergence_L1_count_matched,194.74
T2_divergence_L1_count_matched,189.688
T2_divergence_L1_count_matched,196.667
T2_divergence_L1_count_matched,144.575
T2_divergence_L1_count_matched,221.667
T2_divergence_L1_count_matched,182.083
T2_divergence_L1_count_matched,198.122
T2_divergence_L1_count_matched,187.7
T2_divergence_L1_count_matched,195.927
T2_divergence_L1_count_matched,181.772
T2_divergence_L1_count_matched,180.903
T2_divergence_L1_count_matched,164.08
T2_divergence_L1_count_matched,220.577
T2_divergence_L1_count_matched,190.714
T2_divergence_L1_count_matched,177.289
T2_divergence_L1_count_matched,169.939
T2_divergence_L1_count_matched,191.653
T2_divergence_L1_count_matched,178.705
T2_divergence_L1_count_matched,221.386
T2_divergence_L1_count_matched,171.068
T2_divergence_L1_count_matched,171.863
T2_divergence_L1_count_matched,167.649
T2_divergence_L1_count_matched,172.375
T2_divergence_L1_count_matched,192.773
T2_divergence_L1_count_matched,204.468
T2_divergence_L1_count_matched,185.744
T2_divergence_L1_count_matched,188.234
T2_divergence_L1_count_matched,184.38
T2_divergence_L1_count_matched,162.185
T2_divergence_L1_count_matched,169.422
T2_divergence_L1_count_matched,177.679
T2_divergence_L1_count_matched,178.577
T2_divergence_L1_count_matched,149.095
T2_divergence_L1_count_matched,190.763
T2_divergence_L1_count_matched,191.978
T2_divergence_L1_count_matched,164.809
T2_divergence_L1_count_matched,219.149
T2_divergence_L1_count_matched,181.302
T2_divergence_L1_count_matched,209.957
T2_divergence_L1_count_matched,197.682
T2_divergence_L1_count_matched,188.786
T2_divergence_L1_count_matched,199.171
T2_divergence_L1_count_matched,190.196
T2_divergence_L1_count_matched,202.673
T2_divergence_L1_count_matched,193.429
T2_divergence_L1_count_matched,217.825
T2_divergence_L1_count_matched,200.84
T2_divergence_L1_count_matched,185.089
T2_divergence_L1_count_matched,182.368
T2_divergence_L1_count_matched,188.75
T2_divergence_L1_count_matched,169.043
T2_divergence_L1_count_matched,184.2
T2_divergence_L1_count_matched,203.278
T2_divergence_L1_count_matched,222.365
T2_divergence_L1_count_matched,179.766
T2_divergence_L1_count_matched,187.645
T2_divergence_L1_count_matched,190.068
T2_divergence_L1_count_matched,202.024
T2_divergence_L1_count_matched,169.622
T2_divergence_L1_count_matched,202.333
T2_divergence_L1_count_matched,201.333
T2_divergence_L1_count_matched,186.5
T2_divergence_L1_count_matched,193.075
T2_divergence_L1_count_matched,188.787
T2_divergence_L1_count_matched,225.6
T2_divergence_L1_count_matched,208.674
T2_divergence_L1_count_matched,177.761
T2_divergence_L1_count_matched,189.255
T2_divergence_L1_count_matched,217.358
T2_divergence_L1_count_matched,184.167
T2_divergence_L1_count_matched,157.843
T2_divergence_L1_count_matched,196.523
T2_divergence_L1_count_matched,196.246
T2_divergence_L1_count_matched,177.75
T2_divergence_L1_count_matched,178.696
T2_divergence_L1_count_matched,191.019
T2_divergence_L1_count_matched,208.756
T2_divergence_L1_count_matched,214.4
T2_divergence_L1_count_matched,169.083
T2_divergence_L1_count_matched,202.42
T2_divergence_L1_count_matched,168.36
T2_divergence_L1_count_matched,172.585
T2_divergence_L1_count_matched,192.756
T2_divergence_L1_count_matched,183.909
T2_divergence_L1_count_matched,210.286
T2_divergence_L1_count_matched,200.824
T2_divergence_L1_count_matched,152.475
T2_divergence_L1_count_matched,216.208
T2_divergence_L1_count_matched,189.42
T2_divergence_L1_count_matched,188.055
T2_divergence_L1_count_matched,205.542
T2_divergence_L1_count_matched,172.875
T2_divergence_L1_count_matched,180.854
T2_divergence_L1_count_matched,222.636
T2_divergence_L1_count_matched,190.754
T2_divergence_L1_count_matched,178.224
T2_divergence_L1_count_matched,207.682
T2_divergence_L1_count_matched,205.809
T2_divergence_L1_count_matched,191.623
T2_divergence_L1_count_matched,177.286
T2_divergence_L1_count_matched,208.5
T2_divergence_L1_count_matched,210.439
T2_divergence_L1_count_matched,195.739
T2_divergence_L1_count_matched,173.212
T2_divergence_L1_count_matched,179.565
T2_divergence_L1_count_matched,194.059
T2_divergence_L1_count_matched,171.365
T2_divergence_L1_count_matched,183.489
T2_divergence_L1_count_matched,196.707
T2_divergence_L1_count_matched,180.328
T2_divergence_L1_count_matched,202.353
T2_divergence_L1_count_matched,197.113
T2_divergence_L1_count_matched,178.371
T2_divergence_L1_count_matched,181.93
T2_divergence_L1_count_matched,211.062
T2_divergence_L1_count_matched,211.333
T2_divergence_L1_count_matched,208.6
T2_divergence_L1_count_matched,168.312
T2_divergence_L1_count_matched,180.725
T2_divergence_L1_count_matched,155.51
T2_divergence_L1_count_matched,216.452
T2_divergence_L1_count_matched,202.86
T2_divergence_L1_count_matched,195.78
T2_divergence_L1_count_matched,177.255
T2_divergence_L1_count_matched,175.791
T2_divergence_L1_count_matched,169.521
T2_divergence_L1_count_matched,193.561
T2_divergence_L1_count_matched,204.143
T2_divergence_L1_count_matched,192.679
T2_divergence_L1_count_matched,180.643
T2_divergence_L1_count_matched,237.543
T2_divergence_L1_count_matched,165.78
T2_divergence_L1_count_matched,201.864
T2_divergence_L1_count_matched,174.545
T2_divergence_L1_count_matched,200.083
T2_divergence_L1_count_matched,193.911
T2_divergence_L1_count_matched,176.771
T2_divergence_L1_count_matched,178.0
T2_divergence_L1_count_matched,200.804
T2_divergence_L1_count_matched,190.82
T2_divergence_L1_count_matched,179.286
T2_divergence_L1_count_matched,179.176
T2_divergence_L1_count_matched,191.103
T2_divergence_L1_count_matched,187.896
T2_divergence_L1_count_matched,203.976
T2_divergence_L1_count_matched,204.564
T2_divergence_L1_count_matched,174.049
T2_divergence_L1_count_matched,207.479
T2_divergence_L1_count_matched,178.518
T2_divergence_L1_count_matched,165.726
T2_divergence_L1_count_matched,198.537
T2_divergence_L1_count_matched,180.5
T2_divergence_L1_count_matched,199.659
T2_divergence_L1_count_matched,183.627
T2_divergence_L1_count_matched,153.509
T2_divergence_L1_count_matched,192.7
T2_divergence_L1_count_matched,196.456
T2_divergence_L1_count_matched,185.898
T2_divergence_L1_count_matched,194.702
T2_divergence_L1_count_matched,166.88
T2_divergence_L1_count_matched,191.9
T2_divergence_L1_count_matched,185.372
T2_divergence_L1_count_matched,173.218
T2_divergence_L1_count_matched,166.922
T2_divergence_L1_count_matched,162.909
T2_divergence_L1_count_matched,203.393
T2_divergence_L1_count_matched,144.754
T2_divergence_L1_count_matched,174.174
T2_divergence_L1_count_matched,210.63
T2_divergence_L1_count_matched,179.614
T2_divergence_L1_count_matched,214.511
T2_divergence_L1_count_matched,183.622
T2_divergence_L1_count_matched,178.964
T2_divergence_L1_count_matched,205.38
T2_divergence_L1_count_matched,179.796
T2_divergence_L1_count_matched,147.455
T2_divergence_L1_count_matched,188.767
T2_divergence_L1_count_matched,205.362
T2_divergence_L1_count_matched,196.077
T2_divergence_L1_count_matched,189.565
T2_divergence_L1_count_matched,179.24
T2_divergence_L1_count_matched,170.516
T2_divergence_L1_count_matched,186.0
T2_divergence_L1_count_matched,181.696
T2_divergence_L1_count_matched,200.783
T2_divergence_L1_count_matched,200.473
T2_divergence_L1_count_matched,195.605
T2_divergence_L1_count_matched,210.88
T2_divergence_L1_count_matched,195.326
T2_divergence_L1_count_matched,170.039
T2_divergence_L1_count_matched,174.036
T2_divergence_L1_count_matched,194.111
T2_divergence_L1_count_matched,213.217
T2_divergence_L1_count_matched,199.115
T2_divergence_L1_count_matched,152.357
T2_divergence_L1_count_matched,194.222
T2_divergence_L1_count_matched,179.073
T2_divergence_L1_count_matched,196.831
T2_divergence_L1_count_matched,189.417
T2_divergence_L1_count_matched,196.4
T2_divergence_L1_count_matched,181.208
T2_divergence_L1_count_matched,170.78
T2_divergence_L1_count_matched,185.914
T2_divergence_L1_count_matched,191.814
T2_divergence_L1_count_matched,195.977
T2_divergence_L1_count_matched,192.286
T2_divergence_L1_count_matched,179.119
T2_divergence_L1_count_matched,218.146
T2_divergence_L1_count_matched,210.634
T2_divergence_L1_count_matched,187.845
T2_divergence_L1_count_matched,222.065
T2_divergence_L1_count_matched,195.246
T2_divergence_L1_count_matched,185.836
T2_divergence_L1_count_matched,171.062
T2_divergence_L1_count_matched,181.561
T2_divergence_L1_count_matched,214.244
T2_divergence_L1_count_matched,191.091
T2_divergence_L1_count_matched,183.963
T2_divergence_L1_count_matched,172.275
T2_divergence_L1_count_matched,195.465
T2_divergence_L1_count_matched,196.325
T2_divergence_L1_count_matched,180.652
T2_divergence_L1_count_matched,178.045
T2_divergence_L1_count_matched,179.726
T2_divergence_L1_count_matched,204.255
T2_divergence_L1_count_matched,167.81
T2_divergence_L1_count_matched,196.257
T2_divergence_L1_count_matched,178.246
T2_divergence_L1_count_matched,224.864
T2_divergence_L1_count_matched,215.977
T2_divergence_L1_count_matched,226.0
T2_divergence_L1_count_matched,171.0
T2_divergence_L1_count_matched,198.45
T2_divergence_L1_count_matched,206.442
T2_divergence_L1_count_matched,191.673
T2_divergence_L1_count_matched,203.393
T2_divergence_L1_count_matched,207.731
T2_divergence_L1_count_matched,179.358
T2_divergence_L1_count_matched,182.717
T2_divergence_L1_count_matched,184.814
T2_divergence_L1_count_matched,198.696
T2_divergence_L1_count_matched,181.935
T2_divergence_L1_count_matched,213.0
T2_divergence_L1_count_matched,220.245
T2_divergence_L1_count_matched,202.327
T2_divergence_L1_count_matched,188.688
T2_divergence_L1_count_matched,184.0
T2_divergence_L1_count_matched,200.524
T2_divergence_L1_count_matched,170.0
T2_divergence_L1_count_matched,210.258
T2_divergence_L1_count_matched,184.977
T2_divergence_L1_count_matched,208.455
T2_divergence_L1_count_matched,209.957
T2_divergence_L1_count_matched,197.233
T2_divergence_L1_count_matched,159.683
T2_divergence_L1_count_matched,209.68
T2_divergence_L1_count_matched,181.39
T2_divergence_L1_count_matched,181.429
T2_divergence_L1_count_matched,174.867
T2_divergence_L1_count_matched,181.981
T2_divergence_L1_count_matched,166.9
T2_divergence_L1_count_matched,191.757
T2_divergence_L1_count_matched,229.163
T2_divergence_L1_count_matched,201.312
T2_divergence_L1_count_matched,205.895
T2_divergence_L1_count_matched,173.357
T2_divergence_L1_count_matched,227.362
T2_divergence_L1_count_matched,181.122
T2_divergence_L1_count_matched,230.3
T2_divergence_L1_count_matched,185.209
T2_divergence_L1_count_matched,188.507
T2_divergence_L1_count_matched,197.857
T2_divergence_L1_count_matched,180.674
T2_divergence_L1_count_matched,212.8
T2_divergence_L1_count_matched,182.475
T2_divergence_L1_count_matched,173.98
T2_divergence_L1_count_matched,208.537
T2_divergence_L1_count_matched,173.225
T2_divergence_L1_count_matched,202.507
T2_divergence_L1_count_matched,172.829
T2_divergence_L1_count_matched,184.7
T2_divergence_L1_count_matched,194.119
T2_divergence_L1_count_matched,167.896
T2_divergence_L1_count_matched,171.551
T2_divergence_L1_count_matched,187.486
T2_divergence_L1_count_matched,201.984
T2_divergence_L1_count_matched,188.214
T2_divergence_L1_count_matched,192.895
T2_divergence_L1_count_matched,188.857
T2_divergence_L1_count_matched,186.651
T2_divergence_L1_count_matched,182.524
T2_divergence_L1_count_matched,177.121
T2_divergence_L1_count_matched,174.731
T2_divergence_L1_count_matched,182.089
T2_divergence_L1_count_matched,242.904
T2_divergence_L1_count_matched,184.362
T2_divergence_L1_count_matched,182.346
T2_divergence_L1_count_matched,208.354
T2_divergence_L1_count_matched,189.036
T2_divergence_L1_count_matched,207.543
T2_divergence_L1_count_matched,205.542
T2_divergence_L1_count_matched,180.7
T2_divergence_L1_count_matched,211.0
T2_divergence_L1_count_matched,202.61
T2_divergence_L1_count_matched,188.295
T2_divergence_L1_count_matched,165.289
T2_divergence_L1_count_matched,163.229
T2_divergence_L1_count_matched,214.881
T2_divergence_L1_count_matched,174.272
T2_divergence_L1_count_matched,187.059
T2_divergence_L1_count_matched,173.098
T2_divergence_L1_count_matched,195.818
T2_divergence_L1_count_matched,190.558
T2_divergence_L1_count_matched,188.05
T2_divergence_L1_count_matched,184.783
T2_divergence_L1_count_matched,160.0
T2_divergence_L1_count_matched,177.82
T2_divergence_L1_count_matched,205.688
T2_divergence_L1_count_matched,214.293
T2_divergence_L1_count_matched,201.98
T2_divergence_L1_count_matched,206.425
T2_divergence_L1_count_matched,209.239
T2_divergence_L1_count_matched,160.34
T2_divergence_L1_count_matched,199.871
T2_divergence_L1_count_matched,179.698
T2_divergence_L1_count_matched,212.341
T2_divergence_L1_count_matched,189.844
T2_divergence_L1_count_matched,180.0
T2_divergence_L1_count_matched,206.704
T2_divergence_L1_count_matched,195.269
T2_divergence_L1_count_matched,212.87
T2_divergence_L1_count_matched,206.16
T2_divergence_L1_count_matched,159.964
T2_divergence_L1_count_matched,172.974
T2_divergence_L1_count_matched,159.468
T2_divergence_L1_count_matched,223.375
T2_divergence_L1_count_matched,198.627
T2_divergence_L1_count_matched,208.273
T2_divergence_L1_count_matched,194.765
T2_divergence_L1_count_matched,166.756
T2_divergence_L1_count_matched,194.466
T2_divergence_L1_count_matched,187.933
T2_divergence_L1_count_matched,208.34
T2_divergence_L1_count_matched,177.39
T2_divergence_L1_count_matched,191.339
T2_divergence_L1_count_matched,225.938
T2_divergence_L1_count_matched,200.17
T2_divergence_L1_count_matched,184.125
T2_divergence_L1_count_matched,230.818
T2_divergence_L1_count_matched,211.452
T2_divergence_L1_count_matched,175.073
T2_divergence_L1_count_matched,205.224
T2_divergence_L1_count_matched,196.585
T2_divergence_L1_count_matched,181.321
T2_divergence_L1_count_matched,177.381
T2_divergence_L1_count_matched,196.131
T2_divergence_L1_count_matched,194.024
T2_divergence_L1_count_matched,201.298
T2_divergence_L1_count_matched,218.797
T2_divergence_L1_count_matched,173.31
T2_divergence_L1_count_matched,204.603
T2_divergence_L1_count_matched,192.691
T2_divergence_L1_count_matched,182.774
T2_divergence_L1_count_matched,176.667
T2_divergence_L1_count_matched,182.545
T2_divergence_L1_count_matched,200.102
T2_divergence_L1_count_matched,218.448
T2_divergence_L1_count_matched,186.14
T2_divergence_L1_count_matched,222.889
T2_divergence_L1_count_matched,219.978
T2_divergence_L1_count_matched,203.179
T2_divergence_L1_count_matched,215.612
T2_divergence_L1_count_matched,198.044
T2_divergence_L1_count_matched,184.383
T2_divergence_L1_count_matched,207.957
T2_divergence_L1_count_matched,161.837
T2_divergence_L1_count_matched,214.929
T2_divergence_L1_count_matched,177.2
T2_divergence_L1_count_matched,212.802
T2_divergence_L1_count_matched,181.194
T2_divergence_L1_count_matched,175.0
T2_divergence_L1_count_matched,196.213
T2_divergence_L1_count_matched,207.675
T2_divergence_L1_count_matched,167.14
T2_divergence_L1_count_matched,206.451
T2_divergence_L1_count_matched,178.93
T2_divergence_L1_count_matched,213.4
T2_divergence_L1_count_matched,209.302
T2_divergence_L1_count_matched,211.575
T2_divergence_L1_count_matched,221.729
T2_divergence_L1_count_matched,174.94
T2_divergence_L1_count_matched,195.982
T2_divergence_L1_count_matched,195.698
T2_divergence_L1_count_matched,145.574
T2_divergence_L1_count_matched,198.275
T2_divergence_L1_count_matched,200.276
T2_divergence_L1_count_matched,168.857
T2_divergence_L1_count_matched,183.566
T2_divergence_L1_count_matched,187.797
T2_divergence_L1_count_matched,195.543
T2_divergence_L1_count_matched,197.677
T2_divergence_L1_count_matched,207.075
T2_divergence_L1_count_matched,159.073
T2_divergence_L1_count_matched,171.561
T2_divergence_L1_count_matched,165.292
T2_divergence_L1_count_matched,181.0
T2_divergence_L1_count_matched,188.415
T2_divergence_L1_count_matched,212.306
T2_divergence_L1_count_matched,204.115
T2_divergence_L1_count_matched,160.949
T2_divergence_L1_count_matched,164.773
T2_divergence_L1_count_matched,191.509
T2_divergence_L1_count_matched,194.477
T2_divergence_L1_count_matched,166.417
T2_divergence_L1_count_matched,199.982
T2_divergence_L1_count_matched,203.839
T2_divergence_L1_count_matched,207.4
T2_divergence_L1_count_matched,212.463
T2_divergence_L1_count_matched,180.833
T2_divergence_L1_count_matched,182.408
T2_divergence_L1_count_matched,189.02
T2_divergence_L1_count_matched,174.441
T2_divergence_L1_count_matched,179.404
T2_divergence_L1_count_matched,181.419
T2_divergence_L1_count_matched,167.407
T2_divergence_L1_count_matched,211.982
T2_divergence_L1_count_matched,167.6
T2_divergence_L1_count_matched,173.286
T2_divergence_L1_count_matched,183.043
T2_divergence_L1_count_matched,166.764
T2_divergence_L1_count_matched,180.109
T2_divergence_L1_count_matched,162.694
T2_divergence_L1_count_matched,167.925
T2_divergence_L1_count_matched,174.111
T2_divergence_L1_count_matched,193.216
T2_divergence_L1_count_matched,135.25
T2_divergence_L1_count_matched,174.366
T2_divergence_L1_count_matched,167.411
T2_divergence_L1_count_matched,205.791
T2_divergence_L1_count_matched,156.774
T2_divergence_L1_count_matched,182.879
T2_divergence_L1_count_matched,191.17
T2_divergence_L1_count_matched,188.704
T2_divergence_L1_count_matched,191.927
T2_divergence_L1_count_matched,174.045
T2_divergence_L1_count_matched,200.02
T2_divergence_L1_count_matched,200.81
T2_divergence_L1_count_matched,186.902
T2_divergence_L1_count_matched,157.794
T2_divergence_L1_count_matched,190.854
T2_divergence_L1_count_matched,186.872
T2_divergence_L1_count_matched,178.982
T2_divergence_L1_count_matched,205.696
T2_divergence_L1_count_matched,204.623
T2_divergence_L1_count_matched,191.732
T2_divergence_L1_count_matched,187.592
T2_divergence_L1_count_matched,186.697
T2_divergence_L1_count_matched,178.688
T2_divergence_L1_count_matched,160.746
T2_divergence_L1_count_matched,187.952
T2_divergence_L1_count_matched,193.83
T2_divergence_L1_count_matched,177.706
T2_divergence_L1_count_matched,227.951
T2_divergence_L1_count_matched,204.186
T2_divergence_L1_count_matched,198.097
T2_divergence_L1_count_matched,200.661
T2_divergence_L1_count_matched,202.404
T2_divergence_L1_count_matched,187.349
T2_divergence_L1_count_matched,197.679
T2_divergence_L1_count_matched,168.787
T2_divergence_L1_count_matched,190.646
T2_divergence_L1_count_matched,193.64
T2_divergence_L1_count_matched,210.561
T2_divergence_L1_count_matched,177.63
T2_divergence_L1_count_matched,177.518
T2_divergence_L1_count_matched,189.755
T2_divergence_L1_count_matched,169.773
T2_divergence_L1_count_matched,189.149
T2_divergence_L1_count_matched,177.575
T2_divergence_L1_count_matched,172.085
T2_divergence_L1_count_matched,213.361
T2_divergence_L1_count_matched,180.766
T2_divergence_L1_count_matched,199.4
T2_divergence_L1_count_matched,165.714
T2_divergence_L1_count_matched,185.0
T2_divergence_L1_count_matched,172.35
T2_divergence_L1_count_matched,159.815
T2_divergence_L1_count_matched,185.442
T2_divergence_L1_count_matched,169.279
T2_divergence_L1_count_matched,201.511
T2_divergence_L1_count_matched,206.386
T2_divergence_L1_count_matched,170.684
T2_divergence_L1_count_matched,180.087
T2_divergence_L1_count_matched,184.979
T2_divergence_L1_count_matched,189.633
T2_divergence_L1_count_matched,208.125
T2_divergence_L1_count_matched,171.804
T2_divergence_L1_count_matched,181.14
T2_divergence_L1_count_matched,225.537
T2_divergence_L1_count_matched,224.522
T2_divergence_L1_count_matched,191.837
T2_divergence_L1_count_matched,170.188
T2_divergence_L1_count_matched,178.95
T2_divergence_L1_count_matched,193.0
T2_divergence_L1_count_matched,181.1
T2_divergence_L1_count_matched,234.379
T2_divergence_L1_count_matched,176.773
T2_divergence_L1_count_matched,176.261
T2_divergence_L1_count_matched,186.062
T2_divergence_L1_count_matched,214.6
T2_divergence_L1_count_matched,169.304
T2_divergence_L1_count_matched,201.195
T2_divergence_L1_count_matched,174.161
T2_divergence_L1_count_matched,182.569
T2_divergence_L1_count_matched,183.191
T2_divergence_L1_count_matched,191.044
T2_divergence_L1_count_matched,181.083
T2_divergence_L1_count_matched,214.597
T2_divergence_L1_count_matched,183.643
T2_divergence_L1_count_matched,181.945
T2_divergence_L1_count_matched,182.02
T2_divergence_L1_count_matched,196.098
T2_divergence_L1_count_matched,245.4
T2_divergence_L1_count_matched,197.0
T2_divergence_L1_count_matched,180.674
T2_divergence_L1_count_matched,205.681
T2_divergence_L1_count_matched,166.83
T2_divergence_L1_count_matched,169.9
T2_divergence_L1_count_matched,177.618
T2_divergence_L1_count_matched,175.786
T2_divergence_L1_count_matched,186.78
T2_divergence_L1_count_matched,189.049
T2_divergence_L1_count_matched,213.648
T2_divergence_L1_count_matched,195.264
T2_divergence_L1_count_matched,175.381
T2_divergence_L1_count_matched,196.554
T2_divergence_L1_count_matched,174.431
T2_divergence_L1_count_matched,187.0
T2_divergence_L1_count_matched,184.902
T2_divergence_L1_count_matched,181.596
T2_divergence_L1_count_matched,198.583
T2_divergence_L1_count_matched,178.923
T2_divergence_L1_count_matched,175.477
T2_divergence_L1_count_matched,197.316
T2_divergence_L1_count_matched,197.837
T2_divergence_L1_count_matched,187.75
T2_divergence_L1_count_matched,188.683
T2_divergence_L1_count_matched,210.793
T2_divergence_L1_count_matched,210.125
T2_divergence_L1_count_matched,193.111
T2_divergence_L1_count_matched,173.297
T2_divergence_L1_count_matched,188.836
T2_divergence_L1_count_matched,206.6
T2_divergence_L1_count_matched,179.61
T2_divergence_L1_count_matched,207.404
T2_divergence_L1_count_matched,175.346
T2_divergence_L1_count_matched,187.815
T2_divergence_L1_count_matched,160.721
T2_divergence_L1_count_matched,201.417
T2_divergence_L1_count_matched,199.983
T2_divergence_L1_count_matched,167.102
T2_divergence_L1_count_matched,175.298
T2_divergence_L1_count_matched,173.488
T2_divergence_L1_count_matched,191.708
T2_divergence_L1_count_matched,222.581
T2_divergence_L1_count_matched,206.267
T2_divergence_L1_count_matched,179.653
T2_divergence_L1_count_matched,163.0
T2_divergence_L1_count_matched,192.178
T2_divergence_L1_count_matched,192.229
T2_divergence_L1_count_matched,199.396
T2_divergence_L1_count_matched,196.185
T2_divergence_L1_count_matched,186.65
T2_divergence_L1_count_matched,180.418
T2_divergence_L1_count_matched,191.025
T2_divergence_L1_count_matched,208.841
T2_divergence_L1_count_matched,144.364
T2_divergence_L1_count_matched,205.78
T2_divergence_L1_count_matched,195.875
T2_divergence_L1_count_matched,173.318
T2_divergence_L1_count_matched,205.667
T2_divergence_L1_count_matched,193.0
T2_divergence_L1_count_matched,201.023
T2_divergence_L1_count_matched,226.1
T2_divergence_L1_count_matched,196.138
T2_divergence_L1_count_matched,154.393
T2_divergence_L1_count_matched,201.617
T2_divergence_L1_count_matched,194.976
T2_divergence_L1_count_matched,205.283
T2_divergence_L1_count_matched,145.559
T2_divergence_L1_count_matched,197.091
T2_divergence_L1_count_matched,192.315
T2_divergence_L1_count_matched,214.133
T2_divergence_L1_count_matched,176.489
T2_divergence_L1_count_matched,196.878
T2_divergence_L1_count_matched,175.578
T2_divergence_L1_count_matched,194.0
T2_divergence_L1_count_matched,154.6
T2_divergence_L1_count_matched,169.195
T2_divergence_L1_count_matched,169.364
T2_divergence_L1_count_matched,169.5
T2_divergence_L1_count_matched,206.738
T2_divergence_L1_count_matched,195.615
T2_divergence_L1_count_matched,159.18
T2_divergence_L1_count_matched,185.984
T2_divergence_L1_count_matched,191.391
T2_divergence_L1_count_matched,201.971
T2_divergence_L1_count_matched,173.15
T2_divergence_L1_count_matched,188.5
T2_divergence_L1_count_matched,188.963
T2_divergence_L1_count_matched,194.245
T2_divergence_L1_count_matched,181.8
T2_divergence_L1_count_matched,200.825
T2_divergence_L1_count_matched,201.35
T2_divergence_L1_count_matched,168.84
T2_divergence_L1_count_matched,173.125
T2_divergence_L1_count_matched,197.094
T2_divergence_L1_count_matched,166.15
T2_divergence_L1_count_matched,217.364
T2_divergence_L1_count_matched,216.547
T2_divergence_L1_count_matched,182.024
T2_divergence_L1_count_matched,165.776
T2_divergence_L1_count_matched,208.488
T2_divergence_L1_count_matched,197.571
T2_divergence_L1_count_matched,194.25
T2_divergence_L1_count_matched,177.208
T2_divergence_L1_count_matched,181.659
T2_divergence_L1_count_matched,181.582
T2_divergence_L1_count_matched,168.784
T2_divergence_L1_count_matched,177.289
T2_divergence_L1_count_matched,177.905
T2_divergence_L1_count_matched,192.328
T2_divergence_L1_count_matched,152.875
T2_divergence_L1_count_matched,190.186
T2_divergence_L1_count_matched,167.935
T2_divergence_L1_count_matched,192.412
T2_divergence_L1_count_matched,176.727
T2_divergence_L1_count_matched,202.586
T2_divergence_L1_count_matched,190.163
T2_divergence_L1_count_matched,190.232
T2_divergence_L1_count_matched,188.714
T2_divergence_L1_count_matched,184.846
T2_divergence_L1_count_matched,183.862
T2_divergence_L1_count_matched,176.043
T2_divergence_L1_count_matched,199.349
T2_divergence_L1_count_matched,199.167
T2_divergence_L1_count_matched,165.76
T2_divergence_L1_count_matched,180.034
T2_divergence_L1_count_matched,198.447
T2_divergence_L1_count_matched,206.955
T2_divergence_L1_count_matched,182.775
T2_divergence_L1_count_matched,170.018
T2_divergence_L1_count_matched,201.745
T2_divergence_L1_count_matched,193.15
T2_divergence_L1_count_matched,216.927
T2_divergence_L1_count_matched,183.889
T2_divergence_L1_count_matched,181.8
T2_divergence_L1_count_matched,191.549
T2_divergence_L1_count_matched,184.959
T2_divergence_L1_count_matched,209.642
T2_divergence_L1_count_matched,175.0
T2_divergence_L1_count_matched,183.083
T2_divergence_L1_count_matched,175.0
T2_divergence_L1_count_matched,190.241
T2_divergence_L1_count_matched,196.714
T2_divergence_L1_count_matched,149.486
T2_divergence_L1_count_matched,203.293
T2_divergence_L1_count_matched,182.014
T2_divergence_L1_count_matched,199.28
T2_divergence_L1_count_matched,206.549
T2_divergence_L1_count_matched,206.983
T2_divergence_L1_count_matched,195.3
T2_divergence_L1_count_matched,203.164
T2_divergence_L1_count_matched,188.492
T2_divergence_L1_count_matched,175.426
T2_divergence_L1_count_matched,154.804
T2_divergence_L1_count_matched,186.642
T2_divergence_L1_count_matched,185.377
T2_divergence_L1_count_matched,182.719
T2_divergence_L1_count_matched,184.826
T2_divergence_L1_count_matched,178.879
T2_divergence_L1_count_matched,211.478
T2_divergence_L1_count_matched,166.0
T2_divergence_L1_count_matched,206.04
T2_divergence_L1_count_matched,179.02
T2_divergence_L1_count_matched,181.553
T2_divergence_L1_count_matched,197.25
T2_divergence_L1_count_matched,171.955
T2_divergence_L1_count_matched,179.707
T2_divergence_L1_count_matched,194.366
T2_divergence_L1_count_matched,221.788
T2_divergence_L1_count_matched,180.255
T2_divergence_L1_count_matched,188.397
T2_divergence_L1_count_matched,164.738
T2_divergence_L1_count_matched,223.089
T2_divergence_L1_count_matched,205.868
T2_divergence_L1_count_matched,177.32
T2_divergence_L1_count_matched,195.405
T2_divergence_L1_count_matched,183.105
T2_divergence_L1_count_matched,182.935
T2_divergence_L1_count_matched,187.404
T2_divergence_L1_count_matched,196.761
T2_divergence_L1_count_matched,194.98
T2_divergence_L1_count_matched,185.25
T2_divergence_L1_count_matched,218.149
T2_divergence_L1_count_matched,175.814
T2_divergence_L1_count_matched,190.98
T2_divergence_L1_count_matched,195.0
T2_divergence_L1_count_matched,187.405
T2_divergence_L1_count_matched,203.326
T2_divergence_L1_count_matched,176.63
T2_divergence_L1_count_matched,174.488
T2_divergence_L1_count_matched,188.951
T2_divergence_L1_count_matched,176.196
T2_divergence_L1_count_matched,222.872
T2_divergence_L1_count_matched,186.606
T2_divergence_L1_count_matched,168.452
T2_divergence_L1_count_matched,199.765
T2_divergence_L1_count_matched,171.351
T2_divergence_L1_count_matched,183.875
T2_divergence_L1_count_matched,179.48
T2_divergence_L1_count_matched,203.965
T2_divergence_L1_count_matched,129.69
T2_divergence_L1_count_matched,177.8
T2_divergence_L1_count_matched,195.676
T2_divergence_L1_count_matched,168.962
T2_divergence_L1_count_matched,176.017
T2_divergence_L1_count_matched,193.574
T2_divergence_L1_count_matched,183.582
T2_divergence_L1_count_matched,189.262
T2_divergence_L1_count_matched,197.432
T2_divergence_L1_count_matched,185.12
T2_divergence_L1_count_matched,178.125
T2_divergence_L1_count_matched,179.31
T2_divergence_L1_count_matched,184.044
T2_divergence_L1_count_matched,212.233
T2_divergence_L1_count_matched,170.0
T2_divergence_L1_count_matched,172.093
T2_divergence_L1_count_matched,200.333
T2_divergence_L1_count_matched,200.114
T2_divergence_L1_count_matched,188.429
T2_divergence_L1_count_matched,188.327
T2_divergence_L1_count_matched,183.911
T2_divergence_L1_count_matched,172.981
T2_divergence_L1_count_matched,180.356
T2_divergence_L1_count_matched,209.634
T2_divergence_L1_count_matched,177.188
T2_divergence_L1_count_matched,225.417
T2_divergence_L1_count_matched,190.244
T2_divergence_L1_count_matched,181.806
T2_divergence_L1_count_matched,173.439
T2_divergence_L1_count_matched,241.78
T2_divergence_L1_count_matched,179.98
T2_divergence_L1_count_matched,160.857
T2_divergence_L1_count_matched,156.958
T2_divergence_L1_count_matched,176.356
T2_divergence_L1_count_matched,178.191
T2_divergence_L1_count_matched,209.245
T2_divergence_L1_count_matched,183.0
T2_divergence_L1_count_matched,194.977
T2_divergence_L1_count_matched,185.439
T2_divergence_L1_count_matched,186.269
T2_divergence_L1_count_matched,190.814
T2_divergence_L1_count_matched,191.224
T2_divergence_L1_count_matched,146.875
T2_divergence_L1_count_matched,183.741
T2_divergence_L1_count_matched,200.185
T2_divergence_L1_count_matched,193.627
T2_divergence_L1_count_matched,169.569
T2_divergence_L1_count_matched,208.31
T2_divergence_L1_count_matched,196.614
T2_divergence_L1_count_matched,178.535
T2_divergence_L1_count_matched,192.738
T2_divergence_L1_count_matched,189.581
T2_divergence_L1_count_matched,199.612
T2_divergence_L1_count_matched,215.07
T2_divergence_L1_count_matched,148.014
T2_divergence_L1_count_matched,190.22
T2_divergence_L1_count_matched,193.75
T2_divergence_L1_count_matched,189.107
T2_divergence_L1_count_matched,164.347
T2_divergence_L1_count_matched,201.806
T2_divergence_L1_count_matched,204.452
T2_divergence_L1_count_matched,205.732
T2_divergence_L1_count_matched,183.122
T2_divergence_L1_count_matched,199.556
T2_divergence_L1_count_matched,156.568
T2_divergence_L1_count_matched,202.575
T2_divergence_L1_count_matched,189.317
T2_divergence_L1_count_matched,190.581
T2_divergence_L1_count_matched,185.278
T2_divergence_L1_count_matched,187.3
T2_divergence_L1_count_matched,188.234
T2_divergence_L1_count_matched,179.636
T2_divergence_L1_count_matched,175.3
T2_divergence_L1_count_matched,157.437
T2_divergence_L1_count_matched,192.5
T2_divergence_L1_count_matched,190.438
T2_divergence_L1_count_matched,213.37
T2_divergence_L1_count_matched,168.551
T2_divergence_L1_count_matched,216.149
T2_divergence_L1_count_matched,181.047
T2_divergence_L1_count_matched,205.889
T2_divergence_L1_count_matched,158.079
T2_divergence_L1_count_matched,190.25
T2_divergence_L1_count_matched,185.25
T2_divergence_L1_count_matched,206.712
T2_divergence_L1_count_matched,184.629
T2_divergence_L1_count_matched,187.571
T2_divergence_L1_count_matched,194.377
T2_divergence_L1_count_matched,168.098
T2_divergence_L1_count_matched,202.744
T2_divergence_L1_count_matched,206.475
T2_divergence_L1_count_matched,189.098
T2_divergence_L1_count_matched,168.4
T2_divergence_L1_count_matched,176.022
T2_divergence_L1_count_matched,187.842
T2_divergence_L1_count_matched,171.293
T2_divergence_L1_count_matched,184.852
T2_divergence_L1_count_matched,204.597
T2_divergence_L1_count_matched,204.273
T2_divergence_L1_count_matched,184.143
T2_divergence_L1_count_matched,185.061
T2_divergence_L1_count_matched,214.508
T2_divergence_L1_count_matched,175.107
T2_divergence_L1_count_matched,165.224
T2_divergence_L1_count_matched,190.889
T2_divergence_L1_count_matched,195.395
T2_divergence_L1_count_matched,178.279
T2_divergence_L1_count_matched,204.676
T2_divergence_L1_count_matched,164.78
T2_divergence_L1_count_matched,192.634
T2_divergence_L1_count_matched,219.829
T2_divergence_L1_count_matched,217.02
T2_divergence_L1_count_matched,212.333
T2_divergence_L1_count_matched,171.78
T2_divergence_L1_count_matched,170.911
T2_divergence_L1_count_matched,209.1
T2_divergence_L1_count_matched,235.714
T2_divergence_L1_count_matched,201.137
T2_divergence_L1_count_matched,169.228
T2_divergence_L1_count_matched,195.488
T2_divergence_L1_count_matched,127.116
T2_divergence_L1_count_matched,213.587
T2_divergence_L1_count_matched,195.75
T2_divergence_L1_count_matched,161.818
T2_divergence_L1_count_matched,179.565
T2_divergence_L1_count_matched,183.386
T2_divergence_L1_count_matched,147.35
T2_divergence_L1_count_matched,231.667
T2_divergence_L1_count_matched,168.095
T2_divergence_L1_count_matched,203.435
T2_divergence_L1_count_matched,207.6
T2_divergence_L1_count_matched,149.286
T2_divergence_L1_count_matched,185.5
T2_divergence_L1_count_matched,188.857
T2_divergence_L1_count_matched,206.812
T2_divergence_L1_count_matched,164.27
T2_divergence_L1_count_matched,206.045
T2_divergence_L1_count_matched,187.925
T2_divergence_L1_count_matched,191.405
T2_divergence_L1_count_matched,176.062
T2_divergence_L1_count_matched,152.717
T2_divergence_L1_count_matched,189.17
T2_divergence_L1_count_matched,182.86
T2_divergence_L1_count_matched,203.918
T2_divergence_L1_count_matched,181.625
T2_divergence_L1_count_matched,184.196
T2_divergence_L1_count_matched,181.625
T2_divergence_L1_count_matched,206.14
T2_divergence_L1_count_matched,206.059
T2_divergence_L1_count_matched,187.458
T2_divergence_L1_count_matched,185.532
T2_divergence_L1_count_matched,169.936
T2_divergence_L1_count_matched,154.532
T2_divergence_L1_count_matched,188.907
T2_divergence_L1_count_matched,198.96
T2_divergence_L1_count_matched,181.952
T2_divergence_L1_count_matched,184.213
T2_divergence_L1_count_matched,204.122
T2_divergence_L1_count_matched,190.234
T2_divergence_L1_count_matched,180.488
T2_divergence_L1_count_matched,208.075
T2_divergence_L1_count_matched,191.0
T2_divergence_L1_count_matched,214.089
T2_divergence_L1_count_matched,169.118
T2_divergence_L1_count_matched,176.756
T2_divergence_L1_count_matched,186.976
T2_divergence_L1_count_matched,210.133
T2_divergence_L1_count_matched,197.594
T2_divergence_L1_count_matched,193.39
T2_divergence_L1_count_matched,218.881
T2_divergence_L1_count_matched,199.026
T2_divergence_L1_count_matched,172.061
T2_divergence_L1_count_matched,183.654
T2_divergence_L1_count_matched,210.455
T2_divergence_L1_count_matched,183.947
T2_divergence_L1_count_matched,203.74
T2_divergence_L1_count_matched,185.956
T2_divergence_L1_count_matched,197.932
T2_divergence_L1_count_matched,162.508
T2_divergence_L1_count_matched,175.757
T2_divergence_L1_count_matched,167.143
T2_divergence_L1_count_matched,202.524
T2_divergence_L1_count_matched,154.071
T2_divergence_L1_count_matched,189.508
T2_divergence_L1_count_matched,183.796
T2_divergence_L1_count_matched,168.043
T2_divergence_L1_count_matched,202.961
T2_divergence_L1_count_matched,193.246
T2_divergence_L1_count_matched,195.175
T2_divergence_L1_count_matched,189.367
T2_divergence_L1_count_matched,179.408
T2_divergence_L1_count_matched,202.963
T2_divergence_L1_count_matched,193.288
T2_divergence_L1_count_matched,189.609
T2_divergence_L1_count_matched,189.867
T2_divergence_L1_count_matched,182.234
T2_divergence_L1_count_matched,219.533
T2_divergence_L1_count_matched,172.227
T2_divergence_L1_count_matched,195.224
T2_divergence_L1_count_matched,190.75
T2_divergence_L1_count_matched,168.585
T2_divergence_L1_count_matched,178.844
T2_divergence_L1_count_matched,182.95
T2_divergence_L1_count_matched,158.913
T2_divergence_L1_count_matched,186.482
T2_divergence_L1_count_matched,211.771
T2_divergence_L1_count_matched,176.133
T2_divergence_L1_count_matched,162.446
T2_divergence_L1_count_matched,187.122
T2_divergence_L1_count_matched,201.795
T2_divergence_L1_count_matched,186.694
T2_divergence_L1_count_matched,174.0
T2_divergence_L1_count_matched,167.118
T2_divergence_L1_count_matched,197.231
T2_divergence_L1_count_matched,204.86
T2_divergence_L1_count_matched,207.422
T2_divergence_L1_count_matched,169.732
T2_divergence_L1_count_matched,191.226
T2_divergence_L1_count_matched,166.635
T2_divergence_L1_count_matched,216.667
T2_divergence_L1_count_matched,199.911
T2_divergence_L1_count_matched,191.84
T2_divergence_L1_count_matched,205.125
T2_divergence_L1_count_matched,198.109
T2_divergence_L1_count_matched,209.762
T2_divergence_L1_count_matched,148.825
T2_divergence_L1_count_matched,199.314
T2_divergence_L1_count_matched,198.511
T2_divergence_L1_count_matched,193.489
T2_divergence_L1_count_matched,221.881
T2_divergence_L1_count_matched,184.902
T2_divergence_L1_count_matched,220.273
T2_divergence_L1_count_matched,203.578
T2_divergence_L1_count_matched,208.875
T2_divergence_L1_count_matched,198.558
T2_divergence_L1_count_matched,184.714
T2_divergence_L1_count_matched,173.418
T2_divergence_L1_count_matched,198.314
T2_divergence_L1_count_matched,183.024
T2_divergence_L1_count_matched,188.348
T2_divergence_L1_count_matched,199.738
T2_divergence_L1_count_matched,204.978
T2_divergence_L1_count_matched,197.457
T2_divergence_L1_count_matched,191.043
T2_divergence_L1_count_matched,206.396
T2_divergence_L1_count_matched,193.277
T2_divergence_L1_count_matched,194.377
T2_divergence_L1_count_matched,184.704
T2_divergence_L1_count_matched,186.979
T2_divergence_L1_count_matched,185.405
T2_divergence_L1_count_matched,160.439
T2_divergence_L1_count_matched,181.545
T2_divergence_L1_count_matched,168.772
T2_divergence_L1_count_matched,194.491
T2_divergence_L1_count_matched,191.189
T2_divergence_L1_count_matched,220.288
T2_divergence_L1_count_matched,192.5
T2_divergence_L1_count_matched,163.419
T2_divergence_L1_count_matched,195.132
T2_divergence_L1_count_matched,187.616
T2_divergence_L1_count_matched,180.639
T2_divergence_L1_count_matched,210.423
T2_divergence_L1_count_matched,201.286
T2_divergence_L1_count_matched,170.979
T2_divergence_L1_count_matched,184.396
T2_divergence_L1_count_matched,191.867
T2_divergence_L1_count_matched,188.361
T2_divergence_L1_count_matched,200.696
T2_divergence_L1_count_matched,195.104
T2_divergence_L1_count_matched,208.111
T2_divergence_L1_count_matched,192.364
T2_divergence_L1_count_matched,196.039
T2_divergence_L1_count_matched,164.103
T2_divergence_L1_count_matched,204.261
T2_divergence_L1_count_matched,192.159
T2_divergence_L1_count_matched,194.651
T2_divergence_L1_count_matched,180.047
T2_divergence_L1_count_matched,208.384
T2_divergence_L1_count_matched,215.274
T2_divergence_L1_count_matched,151.405
T2_divergence_L1_count_matched,190.588
T2_divergence_L1_count_matched,215.518
T2_divergence_L1_count_matched,184.391
T2_divergence_L1_count_matched,187.595
T2_divergence_L1_count_matched,192.964
T2_divergence_L1_count_matched,159.06
T2_divergence_L1_count_matched,148.271
T2_divergence_L1_count_matched,179.619
T2_divergence_L1_count_matched,164.425
T2_divergence_L1_count_matched,160.0
T2_divergence_L1_count_matched,174.2
T2_divergence_L1_count_matched,199.783
T2_divergence_L1_count_matched,204.35
T2_divergence_L1_count_matched,194.311
T2_divergence_L1_count_matched,198.74
T2_divergence_L1_count_matched,192.967
T2_divergence_L1_count_matched,201.522
T2_divergence_L1_count_matched,196.13
T2_divergence_L1_count_matched,182.957
T2_divergence_L1_count_matched,177.209
T2_divergence_L1_count_matched,203.982
T2_divergence_L1_count_matched,179.951
T2_divergence_L1_count_matched,198.705
T2_divergence_L1_count_matched,204.522
T2_divergence_L1_count_matched,205.732
T2_divergence_L1_count_matched,195.205
T2_divergence_L1_count_matched,184.362
T2_divergence_L1_count_matched,168.412
T2_divergence_L1_count_matched,172.293
T2_divergence_L1_count_matched,194.902
T2_divergence_L1_count_matched,164.055
T2_divergence_L1_count_matched,216.391
T2_divergence_L1_count_matched,166.729
T2_divergence_L1_count_matched,224.0
T2_divergence_L1_count_matched,185.386
T2_divergence_L1_count_matched,225.705
T2_divergence_L1_count_matched,208.776
T2_divergence_L1_count_matched,199.25
T2_divergence_L1_count_matched,200.977
T2_divergence_L1_count_matched,218.8
T2_divergence_L1_count_matched,185.923
T2_divergence_L1_count_matched,189.148
T2_divergence_L1_count_matched,167.176
T2_divergence_L1_count_matched,181.667
T2_divergence_L1_count_matched,186.964
T2_divergence_L1_count_matched,205.846
T2_divergence_L1_count_matched,166.028
T2_divergence_L1_count_matched,189.404
T2_divergence_L1_count_matched,191.123
T2_divergence_L1_count_matched,213.795
T2_divergence_L1_count_matched,194.976
T2_divergence_L1_count_matched,200.812
T2_divergence_L1_count_matched,199.727
T2_divergence_L1_count_matched,202.111
T2_divergence_L1_count_matched,211.812
T2_divergence_L1_count_matched,184.063
T2_divergence_L1_count_matched,189.452
T2_divergence_L1_count_matched,203.143
T2_divergence_L1_count_matched,168.273
T2_divergence_L1_count_matched,181.449
T2_divergence_L1_count_matched,167.281
T2_divergence_L1_count_matched,180.203
T2_divergence_L1_count_matched,188.16
T2_divergence_L1_count_matched,198.333
T2_divergence_L1_count_matched,184.209
T2_divergence_L1_count_matched,204.353
T2_divergence_L1_count_matched,194.0
T2_divergence_L1_count_matched,188.2
T2_divergence_L1_count_matched,203.569
T2_divergence_L1_count_matched,182.647
T2_divergence_L1_count_matched,202.8
T2_divergence_L1_count_matched,186.948
T2_divergence_L1_count_matched,190.612
T2_divergence_L1_count_matched,190.358
T2_divergence_L1_count_matched,199.732
T2_divergence_L1_count_matched,214.844
T2_divergence_L1_count_matched,198.829
T2_divergence_L1_count_matched,200.175
T2_divergence_L1_count_matched,160.49
T2_divergence_L1_count_matched,191.636
T2_divergence_L1_count_matched,182.955
T2_divergence_L1_count_matched,216.453
T2_divergence_L1_count_matched,184.413
T2_divergence_L1_count_matched,181.244
T2_divergence_L1_count_matched,195.49
T2_divergence_L1_count_matched,184.944
T2_divergence_L1_count_matched,188.391
T2_divergence_L1_count_matched,203.26
T2_divergence_L1_count_matched,206.449
T2_divergence_L1_count_matched,180.4
T2_divergence_L1_count_matched,209.75
T2_divergence_L1_count_matched,159.25
T2_divergence_L1_count_matched,207.933
T2_divergence_L1_count_matched,176.3
T2_divergence_L1_count_matched,194.85
T2_divergence_L1_count_matched,192.896
T2_divergence_L1_count_matched,221.273
T2_divergence_L1_count_matched,199.146
T2_divergence_L1_count_matched,190.724
T2_divergence_L1_count_matched,190.054
T2_divergence_L1_count_matched,191.214
T2_divergence_L1_count_matched,175.653
T2_divergence_L1_count_matched,181.5
T2_divergence_L1_count_matched,192.643
T2_divergence_L1_count_matched,204.733
T2_divergence_L1_count_matched,161.2
T2_divergence_L1_count_matched,187.674
T2_divergence_L1_count_matched,183.446
T2_divergence_L1_count_matched,176.303
T2_divergence_L1_count_matched,195.531
T2_divergence_L1_count_matched,208.561
T2_divergence_L1_count_matched,218.041
T2_divergence_L1_count_matched,171.283
T2_divergence_L1_count_matched,209.634
T2_divergence_L1_count_matched,159.386
T2_divergence_L1_count_matched,181.404
T2_divergence_L1_count_matched,191.095
T2_divergence_L1_count_matched,184.041
T2_divergence_L1_count_matched,180.28
T2_divergence_L1_count_matched,183.951
T2_divergence_L1_count_matched,174.0
T2_divergence_L1_count_matched,192.672
T2_divergence_L1_count_matched,156.952
T2_divergence_L1_count_matched,193.1
T2_divergence_L1_count_matched,185.646
T2_divergence_L1_count_matched,206.683
T2_divergence_L1_count_matched,233.235
T2_divergence_L1_count_matched,184.214
T2_divergence_L1_count_matched,199.955
T2_divergence_L1_count_matched,201.373
T2_divergence_L1_count_matched,190.982
T2_divergence_L1_count_matched,220.021
T2_divergence_L1_count_matched,182.318
T2_divergence_L1_count_matched,189.327
T2_divergence_L1_count_matched,173.159
T2_divergence_L1_count_matched,167.976
T2_divergence_L1_count_matched,221.659
T2_divergence_L1_count_matched,178.048
T2_divergence_L1_count_matched,186.146
T2_divergence_L1_count_matched,190.429
T2_divergence_L1_count_matched,199.067
T2_divergence_L1_count_matched,172.111
T2_divergence_L1_count_matched,194.614
T2_divergence_L1_count_matched,181.067
T2_divergence_L1_count_matched,203.721
T2_divergence_L1_count_matched,197.4
T2_divergence_L1_count_matched,202.175
T2_divergence_L1_count_matched,207.583
T2_divergence_L1_count_matched,172.909
T2_divergence_L1_count_matched,187.957
T2_divergence_L1_count_matched,208.491
T2_divergence_L1_count_matched,171.977
T2_divergence_L1_count_matched,187.652
T2_divergence_L1_count_matched,178.022
T2_divergence_L1_count_matched,202.048
T2_divergence_L1_count_matched,199.83
T2_divergence_L1_count_matched,222.475
T2_divergence_L1_count_matched,243.886
T2_divergence_L1_count_matched,200.49
T2_divergence_L1_count_matched,209.388
T2_divergence_L1_count_matched,182.135
T2_divergence_L1_count_matched,192.508
T2_divergence_L1_count_matched,197.958
T2_divergence_L1_count_matched,203.102
T2_divergence_L1_count_matched,188.846
T2_divergence_L1_count_matched,218.762
T2_divergence_L1_count_matched,208.016
T2_divergence_L1_count_matched,194.621
T2_divergence_L1_count_matched,216.872
T2_divergence_L1_count_matched,230.0
T2_divergence_L1_count_matched,221.043
T2_divergence_L1_count_matched,169.352
T2_divergence_L1_count_matched,191.154
T2_divergence_L1_count_matched,174.091
T2_divergence_L1_count_matched,192.146
T2_divergence_L1_count_matched,192.692
T2_divergence_L1_count_matched,198.945
T2_divergence_L1_count_matched,187.041
T2_divergence_L1_count_matched,184.81
T2_divergence_L1_count_matched,165.571
T2_divergence_L1_count_matched,165.607
T2_divergence_L1_count_matched,195.81
T2_divergence_L1_count_matched,180.2
T2_divergence_L1_count_matched,146.289
T2_divergence_L1_count_matched,193.855
T2_divergence_L1_count_matched,185.119
T2_divergence_L1_count_matched,176.644
T2_divergence_L1_count_matched,191.915
T2_divergence_L1_count_matched,191.07
T2_divergence_L1_count_matched,199.488
T2_divergence_L1_count_matched,222.76
T2_divergence_L1_count_matched,172.273
T2_divergence_L1_count_matched,199.309
T2_divergence_L1_count_matched,163.571
T2_divergence_L1_count_matched,195.824
T2_divergence_L1_count_matched,197.125
T2_divergence_L1_count_matched,172.754
T2_divergence_L1_count_matched,222.667
T2_divergence_L1_count_matched,174.299
T2_divergence_L1_count_matched,179.857
T2_divergence_L1_count_matched,172.759
T2_divergence_L1_count_matched,182.078
T2_divergence_L1_count_matched,163.225
T2_divergence_L1_count_matched,199.62
T2_divergence_L1_count_matched,195.912
T2_divergence_L1_count_matched,209.24
T2_divergence_L1_count_matched,237.093
T2_divergence_L1_count_matched,192.227
T2_divergence_L1_count_matched,168.527
T2_divergence_L1_count_matched,184.985
T2_divergence_L1_count_matched,207.025
T2_divergence_L1_count_matched,206.318
T2_divergence_L1_count_matched,173.822
T2_divergence_L1_count_matched,191.818
T2_divergence_L1_count_matched,194.948
T2_divergence_L1_count_matched,201.583
T2_divergence_L1_count_matched,181.122
T2_divergence_L1_count_matched,184.196
T2_divergence_L1_count_matched,194.784
T2_divergence_L1_count_matched,153.787
T2_divergence_L1_count_matched,164.732
T2_divergence_L1_count_matched,213.944
T2_divergence_L1_count_matched,185.333
T2_divergence_L1_count_matched,179.667
T2_divergence_L1_count_matched,177.25
T2_divergence_L1_count_matched,187.283
T2_divergence_L1_count_matched,172.236
T2_divergence_L1_count_matched,184.826
T2_divergence_L1_count_matched,190.409
T2_divergence_L1_count_matched,173.0
T2_divergence_L1_count_matched,189.268
T2_divergence_L1_count_matched,180.102
T2_divergence_L1_count_matched,224.927
T2_divergence_L1_count_matched,183.073
T2_divergence_L1_count_matched,185.093
T2_divergence_L1_count_matched,202.31
T2_divergence_L1_count_matched,199.271
T2_divergence_L1_count_matched,197.021
T2_divergence_L1_count_matched,190.283
T2_divergence_L1_count_matched,201.091
T2_divergence_L1_count_matched,190.083
T2_divergence_L1_count_matched,168.738
T2_divergence_L1_count_matched,169.989
T2_divergence_L1_count_matched,190.944
T2_divergence_L1_count_matched,176.302
T2_divergence_L1_count_matched,204.132
T2_divergence_L1_count_matched,218.13
T2_divergence_L1_count_matched,183.172
T2_divergence_L1_count_matched,205.545
T2_divergence_L1_count_matched,172.159
T2_divergence_L1_count_matched,202.415
T2_divergence_L1_count_matched,152.673
T2_divergence_L1_count_matched,171.714
T2_divergence_L1_count_matched,181.415
T2_divergence_L1_count_matched,210.059
T2_divergence_L1_count_matched,201.651
T2_divergence_L1_count_matched,180.096
T2_divergence_L1_count_matched,197.907
T2_divergence_L1_count_matched,205.049
T2_divergence_L1_count_matched,170.68
T2_divergence_L1_count_matched,202.353
T2_divergence_L1_count_matched,219.653
T2_divergence_L1_count_matched,196.852
T2_divergence_L1_count_matched,214.354
T2_divergence_L1_count_matched,197.636
T2_divergence_L1_count_matched,201.131
T2_divergence_L1_count_matched,167.588
T2_divergence_L1_count_matched,194.732
T2_divergence_L1_count_matched,175.053
T2_divergence_L1_count_matched,198.446
T2_divergence_L1_count_matched,180.114
T2_divergence_L1_count_matched,187.295
T2_divergence_L1_count_matched,201.491
T2_divergence_L1_count_matched,181.917
T2_divergence_L1_count_matched,184.37
T2_divergence_L1_count_matched,180.375
T2_divergence_L1_count_matched,200.356
T2_divergence_L1_count_matched,201.76
T2_divergence_L1_count_matched,177.512
T2_divergence_L1_count_matched,174.93
T2_divergence_L1_count_matched,212.073
T2_divergence_L1_count_matched,182.14
T2_divergence_L1_count_matched,175.533
T2_divergence_L1_count_matched,149.852
T2_divergence_L1_count_matched,160.209
T2_divergence_L1_count_matched,185.859
T2_divergence_L1_count_matched,158.236
T2_divergence_L1_count_matched,203.891
T2_divergence_L1_count_matched,189.255
T2_divergence_L1_count_matched,192.412
T2_divergence_L1_count_matched,173.14
T2_divergence_L1_count_matched,192.725
T2_divergence_L1_count_matched,208.244
T2_divergence_L1_count_matched,209.477
T2_divergence_L1_count_matched,210.873
T2_divergence_L1_count_matched,170.271
T2_divergence_L1_count_matched,192.439
T2_divergence_L1_count_matched,199.565
T2_divergence_L1_count_matched,199.511
T2_divergence_L1_count_matched,237.051
T2_divergence_L1_count_matched,202.468
T2_divergence_L1_count_matched,177.741
T2_divergence_L1_count_matched,196.031
T2_divergence_L1_count_matched,164.077
T2_divergence_L1_count_matched,156.62
T2_divergence_L1_count_matched,190.533
T2_divergence_L1_count_matched,176.846
T2_divergence_L1_count_matched,200.537
T2_divergence_L1_count_matched,173.585
T2_divergence_L1_count_matched,194.889
T2_divergence_L1_count_matched,189.244
T2_divergence_L1_count_matched,148.633
T2_divergence_L1_count_matched,202.259
T2_divergence_L1_count_matched,205.935
T2_divergence_L1_count_matched,160.784
T2_divergence_L1_count_matched,246.804
T2_divergence_L1_count_matched,187.261
T2_divergence_L1_count_matched,175.796
T2_divergence_L1_count_matched,182.54
T2_divergence_L1_count_matched,186.818
T2_divergence_L1_count_matched,166.054
T2_divergence_L1_count_matched,181.636
T2_divergence_L1_count_matched,184.683
T2_divergence_L1_count_matched,177.237
T2_divergence_L1_count_matched,136.925
T2_divergence_L1_count_matched,179.477
T2_divergence_L1_count_matched,189.467
T2_divergence_L1_count_matched,236.548
T2_divergence_L1_count_matched,247.048
T2_divergence_L1_count_matched,190.0
T2_divergence_L1_count_matched,177.389
T2_divergence_L1_count_matched,159.565
T2_divergence_L1_count_matched,185.089
T2_divergence_L1_count_matched,191.9
T2_divergence_L1_count_matched,187.515
T2_divergence_L1_count_matched,179.63
T2_divergence_L1_count_matched,163.673
T2_divergence_L1_count_matched,215.764
T2_divergence_L1_count_matched,205.315
T2_divergence_L1_count_matched,211.448
T2_divergence_L1_count_matched,159.855
T2_divergence_L1_count_matched,173.49
T2_divergence_L1_count_matched,203.211
T2_divergence_L1_count_matched,199.94
T2_divergence_L1_count_matched,185.98
T2_divergence_L1_count_matched,194.614
T2_divergence_L1_count_matched,195.851
T2_divergence_L1_count_matched,182.83
T2_divergence_L1_count_matched,166.039
T2_divergence_L1_count_matched,183.85
T2_divergence_L1_count_matched,235.075
T2_divergence_L1_count_matched,186.829
T2_divergence_L1_count_matched,193.188
T2_divergence_L1_count_matched,185.548
T2_divergence_L1_count_matched,173.133
T2_divergence_L1_count_matched,179.07
T2_divergence_L1_count_matched,190.529
T2_divergence_L1_count_matched,203.899
T2_divergence_L1_count_matched,170.038
T2_divergence_L1_count_matched,205.565
T2_divergence_L1_count_matched,192.89
T2_divergence_L1_count_matched,199.585
T2_divergence_L1_count_matched,186.238
T2_divergence_L1_count_matched,201.523
T2_divergence_L1_count_matched,200.786
T2_divergence_L1_count_matched,193.4
T2_divergence_L1_count_matched,194.828
T2_divergence_L1_count_matched,173.228
T2_divergence_L1_count_matched,198.891
T2_divergence_L1_count_matched,181.392
T2_divergence_L1_count_matched,177.621
T2_divergence_L1_count_matched,161.304
T2_divergence_L1_count_matched,218.045
T2_divergence_L1_count_matched,168.953
T2_divergence_L1_count_matched,177.556
T2_divergence_L1_count_matched,212.738
T2_divergence_L1_count_matched,181.679
T2_divergence_L1_count_matched,171.843
T2_divergence_L1_count_matched,151.476
T2_divergence_L1_count_matched,182.311
T2_divergence_L1_count_matched,184.7
T2_divergence_L1_count_matched,203.19
T2_divergence_L1_count_matched,196.07
T2_divergence_L1_count_matched,203.558
T2_divergence_L1_count_matched,221.946
T2_divergence_L1_count_matched,200.614
T2_divergence_L1_count_matched,197.678
T2_divergence_L1_count_matched,167.857
T2_divergence_L1_count_matched,205.058
T2_divergence_L1_count_matched,192.0
T2_divergence_L1_count_matched,183.656
T2_divergence_L1_count_matched,149.71
T2_divergence_L1_count_matched,180.792
T2_divergence_L1_count_matched,159.191
T2_divergence_L1_count_matched,202.911
T2_divergence_L1_count_matched,211.286
T2_divergence_L1_count_matched,193.16
T2_divergence_L1_count_matched,214.789
T2_divergence_L1_count_matched,193.128
T2_divergence_L1_count_matched,169.127
T2_divergence_L1_count_matched,184.0
T2_divergence_L1_count_matched,192.333
T2_divergence_L1_count_matched,187.125
T2_divergence_L1_count_matched,216.269
T2_divergence_L1_count_matched,211.729
T2_divergence_L1_count_matched,223.277
T2_divergence_L1_count_matched,155.0
T2_divergence_L1_count_matched,196.921
T2_divergence_L1_count_matched,171.964
T2_divergence_L1_count_matched,175.61
T2_divergence_L1_count_matched,178.385
T2_divergence_L1_count_matched,210.431
T2_divergence_L1_count_matched,196.902
T2_divergence_L1_count_matched,204.913
T2_divergence_L1_count_matched,194.05
T2_divergence_L1_count_matched,190.2
T2_divergence_L1_count_matched,212.957
T2_divergence_L1_count_matched,210.912
T2_divergence_L1_count_matched,182.776
T2_divergence_L1_count_matched,221.449
T2_divergence_L1_count_matched,196.089
T2_divergence_L1_count_matched,190.091
T2_divergence_L1_count_matched,239.386
T2_divergence_L1_count_matched,172.643
T2_divergence_L1_count_matched,183.826
T2_divergence_L1_count_matched,163.436
T2_divergence_L1_count_matched,185.525
T2_divergence_L1_count_matched,187.768
T2_divergence_L1_count_matched,178.955
T2_divergence_L1_count_matched,172.25
T2_divergence_L1_count_matched,186.038
T2_divergence_L1_count_matched,180.691
T2_divergence_L1_count_matched,155.552
T2_divergence_L1_count_matched,201.889
T2_divergence_L1_count_matched,179.796
T2_divergence_L1_count_matched,184.841
T2_divergence_L1_count_matched,201.762
T2_divergence_L1_count_matched,189.552
T2_divergence_L1_count_matched,151.265
T2_divergence_L1_count_matched,173.333
T2_divergence_L1_count_matched,186.891
T2_divergence_L1_count_matched,171.933
T2_divergence_L1_count_matched,199.923
T2_divergence_L1_count_matched,190.907
T2_divergence_L1_count_matched,167.569
T2_divergence_L1_count_matched,201.471
T2_divergence_L1_count_matched,195.754
T2_divergence_L1_count_matched,172.468
T2_divergence_L1_count_matched,191.556
T2_divergence_L1_count_matched,203.857
T2_divergence_L1_count_matched,204.66
T2_divergence_L1_count_matched,193.14
T2_divergence_L1_count_matched,188.729
T2_divergence_L1_count_matched,203.821
T2_divergence_L1_count_matched,190.717
T2_divergence_L1_count_matched,201.345
T2_divergence_L1_count_matched,204.158
T2_divergence_L1_count_matched,172.773
T2_divergence_L1_count_matched,177.457
T2_divergence_L1_count_matched,196.239
T2_divergence_L1_count_matched,195.205
T2_divergence_L1_count_matched,177.05
T2_divergence_L1_count_matched,219.796
T2_divergence_L1_count_matched,183.025
T2_divergence_L1_count_matched,199.386
T2_divergence_L1_count_matched,166.962
T2_divergence_L1_count_matched,187.071
T2_divergence_L1_count_matched,199.107
T2_divergence_L1_count_matched,192.456
T2_divergence_L1_count_matched,204.97
T2_divergence_L1_count_matched,163.975
T2_divergence_L1_count_matched,225.589
T2_divergence_L1_count_matched,175.156
T2_divergence_L1_count_matched,184.0
T2_divergence_L1_count_matched,175.482
T2_divergence_L1_count_matched,221.837
T2_divergence_L1_count_matched,199.981
T2_divergence_L1_count_matched,174.891
T2_divergence_L1_count_matched,167.318
T2_divergence_L1_count_matched,167.183
T2_divergence_L1_count_matched,179.484
T2_divergence_L1_count_matched,179.339
T2_divergence_L1_count_matched,200.702
T2_divergence_L1_count_matched,213.113
T2_divergence_L1_count_matched,138.203
T2_divergence_L1_count_matched,166.351
T2_divergence_L1_count_matched,194.727
T2_divergence_L1_count_matched,147.773
T2_divergence_L1_count_matched,186.25
T2_divergence_L1_count_matched,203.069
T2_divergence_L1_count_matched,178.735
T2_divergence_L1_count_matched,188.271
T2_divergence_L1_count_matched,229.333
T2_divergence_L1_count_matched,166.133
T2_divergence_L1_count_matched,217.975
T2_divergence_L1_count_matched,201.825
T2_divergence_L1_count_matched,182.523
T2_divergence_L1_count_matched,170.15
T2_divergence_L1_count_matched,188.761
T2_divergence_L1_count_matched,159.057
T2_divergence_L1_count_matched,188.296
T2_divergence_L1_count_matched,183.136
T2_divergence_L1_count_matched,164.125
T2_divergence_L1_count_matched,172.537
T2_divergence_L1_count_matched,200.806
T2_divergence_L1_count_matched,215.88
T2_divergence_L1_count_matched,183.614
T2_divergence_L1_count_matched,193.696
T2_divergence_L1_count_matched,166.761
T2_divergence_L1_count_matched,217.543
T2_divergence_L1_count_matched,173.891
T2_divergence_L1_count_matched,194.841
T2_divergence_L1_count_matched,169.152
T2_divergence_L1_count_matched,208.983
T2_divergence_L1_count_matched,209.705
T2_divergence_L1_count_matched,178.413
T2_divergence_L1_count_matched,173.14
T2_divergence_L1_count_matched,175.685
T2_divergence_L1_count_matched,183.618
T2_divergence_L1_count_matched,188.067
T2_divergence_L1_count_matched,213.735
T2_divergence_L1_count_matched,176.648
T2_divergence_L1_count_matched,198.057
T2_divergence_L1_count_matched,203.859
T2_divergence_L1_count_matched,190.984
T2_divergence_L1_count_matched,185.829
T2_divergence_L1_count_matched,180.604
T2_divergence_L1_count_matched,211.705
T2_divergence_L1_count_matched,201.452
T2_divergence_L1_count_matched,193.367
T2_divergence_L1_count_matched,187.761
T2_divergence_L1_count_matched,189.652
T2_divergence_L1_count_matched,179.312
T2_divergence_L1_count_matched,210.426
T2_divergence_L1_count_matched,204.925
T2_divergence_L1_count_matched,203.608
T2_divergence_L1_count_matched,192.161
T2_divergence_L1_count_matched,189.118
T2_divergence_L1_count_matched,173.845
T2_divergence_L1_count_matched,204.125
T2_divergence_L1_count_matched,192.396
T2_divergence_L1_count_matched,182.915
T2_divergence_L1_count_matched,209.279
T2_divergence_L1_count_matched,194.346
T2_divergence_L1_count_matched,189.17
T2_divergence_L1_count_matched,167.565
T2_divergence_L1_count_matched,220.85
T2_divergence_L1_count_matched,196.178
T2_divergence_L1_count_matched,176.622
T2_divergence_L1_count_matched,186.275
T2_divergence_L1_count_matched,198.667
T2_divergence_L1_count_matched,188.521
T2_divergence_L1_count_matched,172.078
T2_divergence_L1_count_matched,188.81
T2_divergence_L1_count_matched,188.094
T2_divergence_L1_count_matched,190.063
T2_divergence_L1_count_matched,224.018
T2_divergence_L1_count_matched,186.261
T2_divergence_L1_count_matched,181.941
T2_divergence_L1_count_matched,174.953
T2_divergence_L1_count_matched,213.891
T2_divergence_L1_count_matched,174.0
T2_divergence_L1_count_matched,162.426
T2_divergence_L1_count_matched,188.321
T2_divergence_L1_count_matched,180.0
T2_divergence_L1_count_matched,186.271
T2_divergence_L1_count_matched,187.353
T2_divergence_L1_count_matched,188.309
T2_divergence_L1_count_matched,202.438
T2_divergence_L1_count_matched,205.226
T2_divergence_L1_count_matched,207.977
T2_divergence_L1_count_matched,181.463
T2_divergence_L1_count_matched,159.893
T2_divergence_L1_count_matched,183.879
T2_divergence_L1_count_matched,196.566
T2_divergence_L1_count_matched,143.667
T2_divergence_L1_count_matched,241.366
T2_divergence_L1_count_matched,174.025
T2_divergence_L1_count_matched,178.483
T2_divergence_L1_count_matched,199.262
T2_divergence_L1_count_matched,212.88
T2_divergence_L1_count_matched,197.033
T2_divergence_L1_count_matched,208.452
T2_divergence_L1_count_matched,142.128
T2_divergence_L1_count_matched,211.673
T2_divergence_L1_count_matched,190.635
T2_divergence_L1_count_matched,192.041
T2_divergence_L1_count_matched,165.2
T2_divergence_L1_count_matched,183.152
T2_divergence_L1_count_matched,164.019
T2_divergence_L1_count_matched,169.774
T2_divergence_L1_count_matched,186.111
T2_divergence_L1_count_matched,188.694
T2_divergence_L1_count_matched,219.78
T2_divergence_L1_count_matched,178.5
T2_divergence_L1_count_matched,206.238
T2_divergence_L1_count_matched,187.365
T2_divergence_L1_count_matched,123.46
T2_divergence_L1_count_matched,190.722
T2_divergence_L1_count_matched,215.456
T2_divergence_L1_count_matched,204.057
T2_divergence_L1_count_matched,196.326
T2_divergence_L1_count_matched,195.913
T2_divergence_L1_count_matched,184.878
T2_divergence_L1_count_matched,176.381
T2_divergence_L1_count_matched,186.606
T2_divergence_L1_count_matched,214.159
T2_divergence_L1_count_matched,190.625
T2_divergence_L1_count_matched,217.961
T2_divergence_L1_count_matched,189.189
T2_divergence_L1_count_matched,210.204
T2_divergence_L1_count_matched,177.298
T2_divergence_L1_count_matched,170.48
T2_divergence_L1_count_matched,165.647
T2_divergence_L1_count_matched,182.617
T2_divergence_L1_count_matched,193.689
T2_divergence_L1_count_matched,203.829
T2_divergence_L1_count_matched,211.565
T2_divergence_L1_count_matched,197.61
T2_divergence_L1_count_matched,180.094
T2_divergence_L1_count_matched,181.667
T2_divergence_L1_count_matched,171.352
T2_divergence_L1_count_matched,166.492
T2_divergence_L1_count_matched,168.826
T2_divergence_L1_count_matched,199.645
T2_divergence_L1_count_matched,194.955
T2_divergence_L1_count_matched,194.15
T2_divergence_L1_count_matched,177.256
T2_divergence_L1_count_matched,205.836
T2_divergence_L1_count_matched,191.235
T2_divergence_L1_count_matched,198.64
T2_divergence_L1_count_matched,190.848
T2_divergence_L1_count_matched,170.569
T2_divergence_L1_count_matched,184.64
T2_divergence_L1_count_matched,174.159
T2_divergence_L1_count_matched,172.385
T2_divergence_L1_count_matched,202.806
T2_divergence_L1_count_matched,186.462
T2_divergence_L1_count_matched,195.019
T2_divergence_L1_count_matched,182.019
T2_divergence_L1_count_matched,171.512
T2_divergence_L1_count_matched,224.438
T2_divergence_L1_count_matched,210.101
T2_divergence_L1_count_matched,226.966
T2_divergence_L1_count_matched,178.295
T2_divergence_L1_count_matched,188.184
T2_divergence_L1_count_matched,202.723
T2_divergence_L1_count_matched,167.414
T2_divergence_L1_count_matched,183.574
T2_divergence_L1_count_matched,228.488
T2_divergence_L1_count_matched,192.55
T2_divergence_L1_count_matched,201.164
T2_divergence_L1_count_matched,177.109
T2_divergence_L1_count_matched,182.346
T2_divergence_L1_count_matched,159.951
T2_divergence_L1_count_matched,179.137
T2_divergence_L1_count_matched,206.59
T2_divergence_L1_count_matched,176.791
T2_divergence_L1_count_matched,186.34
T2_divergence_L1_count_matched,155.975
T2_divergence_L1_count_matched,198.328
T2_divergence_L1_count_matched,196.765
T2_divergence_L1_count_matched,227.314
T2_divergence_L1_count_matched,203.848
T2_divergence_L1_count_matched,182.519
T2_divergence_L1_count_matched,194.655
T2_divergence_L1_count_matched,179.745
T2_divergence_L1_count_matched,176.767
T2_divergence_L1_count_matched,222.14
T2_divergence_L1_count_matched,192.351
T2_divergence_L1_count_matched,198.528
T2_divergence_L1_count_matched,208.585
T2_divergence_L1_count_matched,193.738
T2_divergence_L1_count_matched,198.731
T2_divergence_L1_count_matched,186.467
T2_divergence_L1_count_matched,197.055
T2_divergence_L1_count_matched,191.623
T2_divergence_L1_count_matched,175.429
T2_divergence_L1_count_matched,196.51
T2_divergence_L1_count_matched,211.951
T2_divergence_L1_count_matched,189.121
T2_divergence_L1_count_matched,193.467
T2_divergence_L1_count_matched,200.172
T2_divergence_L1_count_matched,203.372
T2_divergence_L1_count_matched,181.277
T2_divergence_L1_count_matched,169.091
T2_divergence_L1_count_matched,203.778
T2_divergence_L1_count_matched,198.018
T2_divergence_L1_count_matched,187.844
T2_divergence_L1_count_matched,173.628
T2_divergence_L1_count_matched,182.2
T2_divergence_L1_count_matched,190.944
T2_divergence_L1_count_matched,183.122
T2_divergence_L1_count_matched,159.543
T2_divergence_L1_count_matched,192.849
T2_divergence_L1_count_matched,185.381
T2_divergence_L1_count_matched,202.717
T2_divergence_L1_count_matched,176.625
T2_divergence_L1_count_matched,214.886
T2_divergence_L1_count_matched,192.456
T2_divergence_L1_count_matched,203.975
T2_divergence_L1_count_matched,192.0
T2_divergence_L1_count_matched,203.636
T2_divergence_L1_count_matched,215.447
T2_divergence_L1_count_matched,200.44
T2_divergence_L1_count_matched,186.371
T2_divergence_L1_count_matched,174.37
T2_divergence_L1_count_matched,194.191
T2_divergence_L1_count_matched,165.604
T2_divergence_L1_count_matched,178.981
T2_divergence_L1_count_matched,195.017
T2_divergence_L1_count_matched,210.378
T2_divergence_L1_count_matched,204.106
T2_divergence_L1_count_matched,208.814
T2_divergence_L1_count_matched,176.72
T2_divergence_L1_count_matched,224.522
T2_divergence_L1_count_matched,210.039
T2_divergence_L1_count_matched,215.302
T2_divergence_L1_count_matched,200.717
T2_divergence_L1_count_matched,205.889
T2_divergence_L1_count_matched,181.944
T2_divergence_L1_count_matched,172.449
T2_divergence_L1_count_matched,153.529
T2_divergence_L1_count_matched,212.085
T2_divergence_L1_count_matched,201.806
T2_divergence_L1_count_matched,183.091
T2_divergence_L1_count_matched,169.073
T2_divergence_L1_count_matched,204.362
T2_divergence_L1_count_matched,184.357
T2_divergence_L1_count_matched,187.067
T2_divergence_L1_count_matched,172.733
T2_divergence_L1_count_matched,148.714
T2_divergence_L1_count_matched,200.108
T2_divergence_L1_count_matched,204.151
T2_divergence_L1_count_matched,200.622
T2_divergence_L1_count_matched,190.783
T2_divergence_L1_count_matched,192.269
T2_divergence_L1_count_matched,208.023
T2_divergence_L1_count_matched,190.238
T2_divergence_L1_count_matched,178.836
T2_divergence_L1_count_matched,189.857
T2_divergence_L1_count_matched,196.239
T2_divergence_L1_count_matched,176.067
T2_divergence_L1_count_matched,201.917
T2_divergence_L1_count_matched,203.016
T2_divergence_L1_count_matched,189.868
T2_divergence_L1_count_matched,178.333
T2_divergence_L1_count_matched,193.667
T2_divergence_L1_count_matched,203.068
T2_divergence_L1_count_matched,200.075
T2_divergence_L1_count_matched,169.774
T2_divergence_L1_count_matched,210.176
T2_divergence_L1_count_matched,137.698
T2_divergence_L1_count_matched,181.2
T2_divergence_L1_count_matched,163.133
T2_divergence_L1_count_matched,163.359
T2_divergence_L1_count_matched,196.8
T2_divergence_L1_count_matched,183.973
T2_divergence_L1_count_matched,172.566
T2_divergence_L1_count_matched,204.178
T2_divergence_L1_count_matched,198.8
T2_divergence_L1_count_matched,182.586
T2_divergence_L1_count_matched,191.702
T2_divergence_L1_count_matched,169.306
T2_divergence_L1_count_matched,167.569
T2_divergence_L1_count_matched,215.87
T2_divergence_L1_count_matched,203.13
T2_divergence_L1_count_matched,200.2
T2_divergence_L1_count_matched,190.843
T2_divergence_L1_count_matched,197.167
T2_divergence_L1_count_matched,181.885
T2_divergence_L1_count_matched,193.561
T2_divergence_L1_count_matched,170.065
T2_divergence_L1_count_matched,194.891
T2_divergence_L1_count_matched,212.94
T2_divergence_L1_count_matched,202.8
T2_divergence_L1_count_matched,146.14
T2_divergence_L1_count_matched,177.189
T2_divergence_L1_count_matched,184.333
T2_divergence_L1_count_matched,201.979
T2_divergence_L1_count_matched,186.214
T2_divergence_L1_count_matched,164.078
T2_divergence_L1_count_matched,167.328
T2_divergence_L1_count_matched,174.226
T2_divergence_L1_count_matched,178.25
T2_divergence_L1_count_matched,211.975
T2_divergence_L1_count_matched,170.123
T2_divergence_L1_count_matched,187.386
T2_divergence_L1_count_matched,213.625
T2_divergence_L1_count_matched,180.149
T2_divergence_L1_count_matched,202.586
T2_divergence_L1_count_matched,205.109
T2_divergence_L1_count_matched,191.265
T2_divergence_L1_count_matched,208.723
T2_divergence_L1_count_matched,170.908
T2_divergence_L1_count_matched,183.176
T2_divergence_L1_count_matched,182.273
T2_divergence_L1_count_matched,194.647
T2_divergence_L1_count_matched,191.037
T2_divergence_L1_count_matched,190.603
T2_divergence_L1_count_matched,180.786
T2_divergence_L1_count_matched,182.603
T2_divergence_L1_count_matched,188.231
T2_divergence_L1_count_matched,161.055
T2_divergence_L1_count_matched,164.24
T2_divergence_L1_count_matched,202.553
T2_divergence_L1_count_matched,194.469
T2_divergence_L1_count_matched,200.315
T2_divergence_L1_count_matched,187.305
T2_divergence_L1_count_matched,204.761
T2_divergence_L1_count_matched,205.415
T2_divergence_L1_count_matched,171.789
T2_divergence_L1_count_matched,206.191
T2_divergence_L1_count_matched,195.537
T2_divergence_L1_count_matched,218.293
T2_divergence_L1_count_matched,218.174
T2_divergence_L1_count_matched,192.489
T2_divergence_L1_count_matched,177.2
T2_divergence_L1_count_matched,207.78
T2_divergence_L1_count_matched,176.806
T2_divergence_L1_count_matched,152.976
T2_divergence_L1_count_matched,185.612
T2_divergence_L1_count_matched,179.616
T2_divergence_L1_count_matched,189.267
T2_divergence_L1_count_matched,173.016
T2_divergence_L1_count_matched,215.591
T2_divergence_L1_count_matched,201.907
T2_divergence_L1_count_matched,134.031
T2_divergence_L1_count_matched,221.661
T2_divergence_L1_count_matched,167.5
T2_divergence_L1_count_matched,178.048
T2_divergence_L1_count_matched,192.343
T2_divergence_L1_count_matched,199.756
T2_divergence_L1_count_matched,195.489
T2_divergence_L1_count_matched,155.611
T2_divergence_L1_count_matched,215.196
T2_divergence_L1_count_matched,179.478
T2_divergence_L1_count_matched,226.0
T2_divergence_L1_count_matched,196.2
T2_divergence_L1_count_matched,152.167
T2_divergence_L1_count_matched,168.879
T2_divergence_L1_count_matched,190.877
T2_divergence_L1_count_matched,186.575
T2_divergence_L1_count_matched,199.694
T2_divergence_L1_count_matched,182.812
T2_divergence_L1_count_matched,176.31
T2_divergence_L1_count_matched,147.14
T2_divergence_L1_count_matched,203.255
T2_divergence_L1_count_matched,204.0
T2_divergence_L1_count_matched,212.896
T2_divergence_L1_count_matched,190.167
T2_divergence_L1_count_matched,183.661
T2_divergence_L1_count_matched,188.107
T2_divergence_L1_count_matched,179.7
T2_divergence_L1_count_matched,172.482
T2_divergence_L1_count_matched,186.455
T2_divergence_L1_count_matched,197.565
T2_divergence_L1_count_matched,197.457
T2_divergence_L1_count_matched,183.071
T2_divergence_L1_count_matched,191.308
T2_divergence_L1_count_matched,179.438
T2_divergence_L1_count_matched,189.217
T2_divergence_L1_count_matched,196.566
T2_divergence_L1_count_matched,182.133
T2_divergence_L1_count_matched,174.383
T2_divergence_L1_count_matched,178.0
T2_divergence_L1_count_matched,160.0
T2_divergence_L1_count_matched,183.379
T2_divergence_L1_count_matched,165.737
T2_divergence_L1_count_matched,178.102
T2_divergence_L1_count_matched,186.068
T2_divergence_L1_count_matched,163.607
T2_divergence_L1_count_matched,186.967
T2_divergence_L1_count_matched,213.55
T2_divergence_L1_count_matched,180.184
T2_divergence_L1_count_matched,205.836
T2_divergence_L1_count_matched,164.86
T2_divergence_L1_count_matched,215.391
T2_divergence_L1_count_matched,191.933
T2_divergence_L1_count_matched,175.446
T2_divergence_L1_count_matched,215.86
T2_divergence_L1_count_matched,190.383
T2_divergence_L1_count_matched,197.057
T2_divergence_L1_count_matched,201.841
T2_divergence_L1_count_matched,213.915
T2_divergence_L1_count_matched,211.022
T2_divergence_L1_count_matched,188.628
T2_divergence_L1_count_matched,183.927
T2_divergence_L1_count_matched,193.098
T2_divergence_L1_count_matched,168.457
T2_divergence_L1_count_matched,185.889
T2_divergence_L1_count_matched,213.824
T2_divergence_L1_count_matched,162.469
T2_divergence_L1_count_matched,190.725
T2_divergence_L1_count_matched,171.723
T2_divergence_L1_count_matched,176.0
T2_divergence_L1_count_matched,213.725
T2_divergence_L1_count_matched,211.366
T2_divergence_L1_count_matched,184.275
T2_divergence_L1_count_matched,183.102
T2_divergence_L1_count_matched,183.116
T2_divergence_L1_count_matched,176.926
T2_divergence_L1_count_matched,174.352
T2_divergence_L1_count_matched,181.6
T2_divergence_L1_count_matched,235.196
T2_divergence_L1_count_matched,195.948
T2_divergence_L1_count_matched,175.405
T2_divergence_L1_count_matched,178.17
T2_divergence_L1_count_matched,225.41
T2_divergence_L1_count_matched,195.188
T2_divergence_L1_count_matched,179.586
T2_divergence_L1_count_matched,190.762
T2_divergence_L1_count_matched,169.829
T2_divergence_L1_count_matched,200.205
T2_divergence_L1_count_matched,165.535
T2_divergence_L1_count_matched,177.439
T2_divergence_L1_count_matched,185.638
T2_divergence_L1_count_matched,213.467
T2_divergence_L1_count_matched,167.823
T2_divergence_L1_count_matched,154.674
T2_divergence_L1_count_matched,198.242
T2_divergence_L1_count_matched,213.354
T2_divergence_L1_count_matched,193.721
T2_divergence_L1_count_matched,225.537
T2_divergence_L1_count_matched,221.317
T2_divergence_L1_count_matched,197.612
T2_divergence_L1_count_matched,206.135
T2_divergence_L1_count_matched,215.78
T2_divergence_L1_count_matched,167.562
T2_divergence_L1_count_matched,180.14
T2_divergence_L1_count_matched,196.0
T2_divergence_L1_count_matched,166.929
T2_divergence_L1_count_matched,191.224
T2_divergence_L1_count_matched,199.159
T2_divergence_L1_count_matched,212.7
T2_divergence_L1_count_matched,160.667
T2_divergence_L1_count_matched,173.373
T2_divergence_L1_count_matched,191.652
T2_divergence_L1_count_matched,214.209
T2_divergence_L1_count_matched,205.88
T2_divergence_L1_count_matched,223.596
T2_divergence_L1_count_matched,209.906
T2_divergence_L1_count_matched,191.245
T2_divergence_L1_count_matched,180.88
T2_divergence_L1_count_matched,184.19
T2_divergence_L1_count_matched,187.178
T2_divergence_L1_count_matched,182.098
T2_divergence_L1_count_matched,176.909
T2_divergence_L1_count_matched,182.92
T2_divergence_L1_count_matched,182.8
T2_divergence_L1_count_matched,203.019
T2_divergence_L1_count_matched,202.171
T2_divergence_L1_count_matched,212.492
T2_divergence_L1_count_matched,192.706
T2_divergence_L1_count_matched,209.825
T2_divergence_L1_count_matched,196.096
T2_divergence_L1_count_matched,184.765
T2_divergence_L1_count_matched,225.636
T2_divergence_L1_count_matched,231.625
T2_divergence_L1_count_matched,228.534
T2_divergence_L1_count_matched,201.015
T2_divergence_L1_count_matched,198.92
T2_divergence_L1_count_matched,206.696
T2_divergence_L1_count_matched,168.195
T2_divergence_L1_count_matched,205.245
T2_divergence_L1_count_matched,218.25
T2_divergence_L1_count_matched,185.647
T2_divergence_L1_count_matched,201.122
T2_divergence_L1_count_matched,174.943
T2_divergence_L1_count_matched,192.352
T2_divergence_L1_count_matched,171.612
T2_divergence_L1_count_matched,170.724
T2_divergence_L1_count_matched,187.86
T2_divergence_L1_count_matched,207.791
T2_divergence_L1_count_matched,209.7
T2_divergence_L1_count_matched,191.0
T2_divergence_L1_count_matched,178.089
T2_divergence_L1_count_matched,200.634
T2_divergence_L1_count_matched,193.587
T2_divergence_L1_count_matched,169.469
T2_divergence_L1_count_matched,219.049
T2_divergence_L1_count_matched,194.722
T2_divergence_L1_count_matched,191.865
T2_divergence_L1_count_matched,161.294
T2_divergence_L1_count_matched,184.776
T2_divergence_L1_count_matched,192.245
T2_divergence_L1_count_matched,178.275
T2_divergence_L1_count_matched,197.302
T2_divergence_L1_count_matched,206.016
T2_divergence_L1_count_matched,212.319
T2_divergence_L1_count_matched,179.325
T2_divergence_L1_count_matched,214.357
T2_divergence_L1_count_matched,170.891
T2_divergence_L1_count_matched,189.222
T2_divergence_L1_count_matched,183.37
T2_divergence_L1_count_matched,189.766
T2_divergence_L1_count_matched,209.868
T2_divergence_L1_count_matched,144.448
T2_divergence_L1_count_matched,220.238
T2_divergence_L1_count_matched,184.7
T2_divergence_L1_count_matched,198.643
T2_divergence_L1_count_matched,204.42
T2_divergence_L1_count_matched,179.25
T2_divergence_L1_count_matched,179.449
T2_divergence_L1_count_matched,161.042
T2_divergence_L1_count_matched,190.7
T2_divergence_L1_count_matched,198.152
T2_divergence_L1_count_matched,175.9
T2_divergence_L1_count_matched,143.828
T2_divergence_L1_count_matched,177.042
T2_divergence_L1_count_matched,159.099
T2_divergence_L1_count_matched,180.833
T2_divergence_L1_count_matched,193.025
T2_divergence_L1_count_matched,177.358
T2_divergence_L1_count_matched,170.321
T2_divergence_L1_count_matched,162.927
T2_divergence_L1_count_matched,196.86
T2_divergence_L1_count_matched,183.772
T2_divergence_L1_count_matched,164.44
T2_divergence_L1_count_matched,214.178
T2_divergence_L1_count_matched,179.957
T2_divergence_L1_count_matched,179.6
T2_divergence_L1_count_matched,193.638
T2_divergence_L1_count_matched,194.965
T2_divergence_L1_count_matched,215.275
T2_divergence_L1_count_matched,174.0
T2_divergence_L1_count_matched,199.545
T2_divergence_L1_count_matched,205.603
T2_divergence_L1_count_matched,160.069
T2_divergence_L1_count_matched,192.238
T2_divergence_L1_count_matched,202.156
T2_divergence_L1_count_matched,192.043
T2_divergence_L1_count_matched,182.021
T2_divergence_L1_count_matched,177.383
T2_divergence_L1_count_matched,176.276
T2_divergence_L1_count_matched,187.315
T2_divergence_L1_count_matched,191.128
T2_divergence_L1_count_matched,190.353
T2_divergence_L1_count_matched,180.488
T2_divergence_L1_count_matched,191.121
T2_divergence_L1_count_matched,189.714
T2_divergence_L1_count_matched,191.653
T2_divergence_L1_count_matched,202.815
T2_divergence_L1_count_matched,178.907
T2_divergence_L1_count_matched,172.0
T2_divergence_L1_count_matched,217.2
T2_divergence_L1_count_matched,191.613
T2_divergence_L1_count_matched,197.38
T2_divergence_L1_count_matched,192.85
T2_divergence_L1_count_matched,208.659
T2_divergence_L1_count_matched,193.712
T2_divergence_L1_count_matched,176.917
T2_divergence_L1_count_matched,182.615
T2_divergence_L1_count_matched,186.111
T2_divergence_L1_count_matched,184.952
T2_divergence_L1_count_matched,198.954
T2_divergence_L1_count_matched,186.911
T2_divergence_L1_count_matched,202.207
T2_divergence_L1_count_matched,207.675
T2_divergence_L1_count_matched,205.436
T2_divergence_L1_count_matched,182.571
T2_divergence_L1_count_matched,199.571
T2_divergence_L1_count_matched,186.327
T2_divergence_L1_count_matched,199.935
T2_divergence_L1_count_matched,189.898
T2_divergence_L1_count_matched,197.966
T2_divergence_L1_count_matched,195.16
T2_divergence_L1_count_matched,241.581
T2_divergence_L1_count_matched,209.698
T2_divergence_L1_count_matched,203.902
T2_divergence_L1_count_matched,193.075
T2_divergence_L1_count_matched,182.318
T2_divergence_L1_count_matched,174.633
T2_divergence_L1_count_matched,199.628
T2_divergence_L1_count_matched,203.717
T2_divergence_L1_count_matched,159.119
T2_divergence_L1_count_matched,203.286
T2_divergence_L1_count_matched,201.0
T2_divergence_L1_count_matched,183.323
T2_divergence_L1_count_matched,187.244
T2_divergence_L1_count_matched,213.0
T2_divergence_L1_count_matched,165.378
T2_divergence_L1_count_matched,181.983
T2_divergence_L1_count_matched,196.854
T2_divergence_L1_count_matched,185.607
T2_divergence_L1_count_matched,191.847
T2_divergence_L1_count_matched,159.883
T2_divergence_L1_count_matched,177.268
T2_divergence_L1_count_matched,186.6
T2_divergence_L1_count_matched,201.12
T2_divergence_L1_count_matched,199.23
T2_divergence_L1_count_matched,210.333
T2_divergence_L1_count_matched,202.0
T2_divergence_L1_count_matched,175.951
T2_divergence_L1_count_matched,164.882
T2_divergence_L1_count_matched,167.113
T2_divergence_L1_count_matched,203.093
T2_divergence_L1_count_matched,196.409
T2_divergence_L1_count_matched,195.951
T2_divergence_L1_count_matched,167.585
T2_divergence_L1_count_matched,188.617
T2_divergence_L1_count_matched,197.035
T2_divergence_L1_count_matched,185.114
T2_divergence_L1_count_matched,198.8
T2_divergence_L1_count_matched,168.651
T2_divergence_L1_count_matched,198.885
T2_divergence_L1_count_matched,181.167
T2_divergence_L1_count_matched,182.959
T2_divergence_L1_count_matched,218.087
T2_divergence_L1_count_matched,185.76
T2_divergence_L1_count_matched,129.681
T2_divergence_L1_count_matched,171.415
T2_divergence_L1_count_matched,217.605
T2_divergence_L1_count_matched,180.643
T2_divergence_L1_count_matched,199.244
T2_divergence_L1_count_matched,171.146
T2_divergence_L1_count_matched,149.422
T2_divergence_L1_count_matched,192.19
T2_divergence_L1_count_matched,193.868
T2_divergence_L1_count_matched,176.586
T2_divergence_L1_count_matched,157.22
T2_divergence_L1_count_matched,189.044
T2_divergence_L1_count_matched,195.469
T2_divergence_L1_count_matched,188.489
T2_divergence_L1_count_matched,186.887
T2_divergence_L1_count_matched,195.392
T2_divergence_L1_count_matched,200.791
T2_divergence_L1_count_matched,190.585
T2_divergence_L1_count_matched,192.978
T2_divergence_L1_count_matched,205.691
T2_divergence_L1_count_matched,187.929
T2_divergence_L1_count_matched,214.024
T2_divergence_L1_count_matched,179.481
T2_divergence_L1_count_matched,207.886
T2_divergence_L1_count_matched,179.219
T2_divergence_L1_count_matched,174.867
T2_divergence_L1_count_matched,183.476
T2_divergence_L1_count_matched,207.651
T2_divergence_L1_count_matched,173.0
T2_divergence_L1_count_matched,179.48
T2_divergence_L1_count_matched,202.34
T2_divergence_L1_count_matched,158.88
T2_divergence_L1_count_matched,237.571
T2_divergence_L1_count_matched,182.667
T2_divergence_L1_count_matched,183.061
T2_divergence_L1_count_matched,182.617
T2_divergence_L1_count_matched,195.82
T2_divergence_L1_count_matched,160.0
T2_divergence_L1_count_matched,181.175
T2_divergence_L1_count_matched,213.957
T2_divergence_L1_count_matched,173.9
T2_divergence_L1_count_matched,257.352
T2_divergence_L1_count_matched,185.433
T2_divergence_L1_count_matched,190.222
T2_divergence_L1_count_matched,170.125
T2_divergence_L1_count_matched,198.732
T2_divergence_L1_count_matched,232.222
T2_divergence_L1_count_matched,188.241
T2_divergence_L1_count_matched,158.6
T2_divergence_L1_count_matched,195.591
T2_divergence_L1_count_matched,201.875
T2_divergence_L1_count_matched,230.225
T2_divergence_L1_count_matched,186.062
T2_divergence_L1_count_matched,184.824
T2_divergence_L1_count_matched,204.366
T2_divergence_L1_count_matched,192.532
T2_divergence_L1_count_matched,198.541
T2_divergence_L1_count_matched,172.818
T2_divergence_L1_count_matched,209.796
T2_divergence_L1_count_matched,221.295
T2_divergence_L1_count_matched,172.54
T2_divergence_L1_count_matched,181.089
T2_divergence_L1_count_matched,182.667
T2_divergence_L1_count_matched,190.391
T2_divergence_L1_count_matched,199.935
T2_divergence_L1_count_matched,185.854
T2_divergence_L1_count_matched,201.977
T2_divergence_L1_count_matched,191.184
T2_divergence_L1_count_matched,151.667
T2_divergence_L1_count_matched,197.24
T2_divergence_L1_count_matched,189.34
T2_divergence_L1_count_matched,176.617
T2_divergence_L1_count_matched,213.341
T2_divergence_L1_count_matched,145.136
T2_divergence_L1_count_matched,171.196
T2_divergence_L1_count_matched,186.782
T2_divergence_L1_count_matched,174.679
T2_divergence_L1_count_matched,215.196
T2_divergence_L1_count_matched,212.93
T2_divergence_L1_count_matched,186.348
T2_divergence_L1_count_matched,177.195
T2_divergence_L1_count_matched,200.408
T2_divergence_L1_count_matched,195.391
T2_divergence_L1_count_matched,175.27
T2_divergence_L1_count_matched,188.72
T2_divergence_L1_count_matched,158.48
T2_divergence_L1_count_matched,205.741
T2_divergence_L1_count_matched,170.175
T2_divergence_L1_count_matched,183.217
T2_divergence_L1_count_matched,190.867
T2_divergence_L1_count_matched,192.492
T2_divergence_L1_count_matched,193.409
T2_divergence_L1_count_matched,159.1
T2_divergence_L1_count_matched,199.292
T2_divergence_L1_count_matched,164.909
T2_divergence_L1_count_matched,185.432
T2_divergence_L1_count_matched,179.0
T2_divergence_L1_count_matched,183.977
T2_divergence_L1_count_matched,189.281
T2_divergence_L1_count_matched,180.662
T2_divergence_L1_count_matched,191.134
T2_divergence_L1_count_matched,202.778
T2_divergence_L1_count_matched,236.459
T2_divergence_L1_count_matched,177.894
T2_divergence_L1_count_matched,205.5
T2_divergence_L1_count_matched,185.925
T2_divergence_L1_count_matched,179.796
T2_divergence_L1_count_matched,204.528
T2_divergence_L1_count_matched,157.116
T2_divergence_L1_count_matched,180.271
T2_divergence_L1_count_matched,205.511
T2_divergence_L1_count_matched,204.882
T2_divergence_L1_count_matched,198.148
T2_divergence_L1_count_matched,187.868
T2_divergence_L1_count_matched,219.644
T2_divergence_L1_count_matched,218.236
T2_divergence_L1_count_matched,190.125
T2_divergence_L1_count_matched,172.815
T2_divergence_L1_count_matched,190.25
T2_divergence_L1_count_matched,187.0
T2_divergence_L1_count_matched,176.914
T2_divergence_L1_count_matched,193.409
T2_divergence_L1_count_matched,161.067
T2_divergence_L1_count_matched,201.413
T2_divergence_L1_count_matched,189.884
T2_divergence_L1_count_matched,177.172
T2_divergence_L1_count_matched,175.444
T2_divergence_L1_count_matched,196.328
T2_divergence_L1_count_matched,185.024
T2_divergence_L1_count_matched,187.025
T2_divergence_L1_count_matched,188.049
T2_divergence_L1_count_matched,190.274
T2_divergence_L1_count_matched,204.643
T2_divergence_L1_count_matched,197.673
T2_divergence_L1_count_matched,159.74
T2_divergence_L1_count_matched,180.091
T2_divergence_L1_count_matched,184.833
T2_divergence_L1_count_matched,186.732
T2_divergence_L1_count_matched,178.2
T2_divergence_L1_count_matched,188.163
T2_divergence_L1_count_matched,216.796
T2_divergence_L1_count_matched,197.878
T2_divergence_L1_count_matched,191.652
T2_divergence_L1_count_matched,171.837
T2_divergence_L1_count_matched,216.432
T2_divergence_L1_count_matched,188.667
T2_divergence_L1_count_matched,174.765
T2_divergence_L1_count_matched,198.672
T2_divergence_L1_count_matched,209.659
T2_divergence_L1_count_matched,218.943
T2_divergence_L1_count_matched,173.35
T2_divergence_L1_count_matched,195.755
T2_divergence_L1_count_matched,215.064
T2_divergence_L1_count_matched,195.018
T2_divergence_L1_count_matched,194.843
T2_divergence_L1_count_matched,206.667
T2_divergence_L1_count_matched,168.683
T2_divergence_L1_count_matched,171.477
T2_divergence_L1_count_matched,182.633
T2_divergence_L1_count_matched,159.404
T2_divergence_L1_count_matched,203.235
T2_divergence_L1_count_matched,218.174
T2_divergence_L1_count_matched,164.905
T2_divergence_L1_count_matched,207.317
T2_divergence_L1_count_matched,199.72
T2_divergence_L1_count_matched,211.857
T2_divergence_L1_count_matched,187.434
T2_divergence_L1_count_matched,163.784
T2_divergence_L1_count_matched,217.919
T2_divergence_L1_count_matched,194.095
T2_divergence_L1_count_matched,198.048
T2_divergence_L1_count_matched,189.934
T2_divergence_L1_count_matched,229.04
T2_divergence_L1_count_matched,206.377
T2_divergence_L1_count_matched,218.537
T2_divergence_L1_count_matched,187.0
T2_divergence_L1_count_matched,218.745
T2_divergence_L1_count_matched,203.844
T2_divergence_L1_count_matched,210.674
T2_divergence_L1_count_matched,179.386
T2_divergence_L1_count_matched,175.78
T2_divergence_L1_count_matched,195.0
T2_divergence_L1_count_matched,178.934
T2_divergence_L1_count_matched,189.167
T2_divergence_L1_count_matched,196.848
T2_divergence_L1_count_matched,198.042
T2_divergence_L1_count_matched,169.939
T2_divergence_L1_count_matched,192.227
T2_divergence_L1_count_matched,151.738
T2_divergence_L1_count_matched,199.81
T2_divergence_L1_count_matched,183.796
T2_divergence_L1_count_matched,198.341
T2_divergence_L1_count_matched,180.056
T2_divergence_L1_count_matched,166.449
T2_divergence_L1_count_matched,181.122
T2_divergence_L1_count_matched,206.536
T2_divergence_L1_count_matched,208.907
T2_divergence_L1_count_matched,152.814
T2_divergence_L1_count_matched,191.864
T2_divergence_L1_count_matched,198.0
T2_divergence_L1_count_matched,169.167
T2_divergence_L1_count_matched,192.86
T2_divergence_L1_count_matched,202.957
T2_divergence_L1_count_matched,188.939
T2_divergence_L1_count_matched,200.667
T2_divergence_L1_count_matched,193.662
T2_divergence_L1_count_matched,191.696
T2_divergence_L1_count_matched,153.911
T2_divergence_L1_count_matched,177.822
T2_divergence_L1_count_matched,181.14
T2_divergence_L1_count_matched,167.512
T2_divergence_L1_count_matched,178.375
T2_divergence_L1_count_matched,183.507
T2_divergence_L1_count_matched,207.292
T2_divergence_L1_count_matched,207.13
T2_divergence_L1_count_matched,187.538
T2_divergence_L1_count_matched,175.786
T2_divergence_L1_count_matched,208.184
T2_divergence_L1_count_matched,204.02
T2_divergence_L1_count_matched,195.935
T2_divergence_L1_count_matched,178.951
T2_divergence_L1_count_matched,209.644
T2_divergence_L1_count_matched,193.439
T2_divergence_L1_count_matched,198.089
T2_divergence_L1_count_matched,214.317
T2_divergence_L1_count_matched,208.66
T2_divergence_L1_count_matched,195.55
T2_divergence_L1_count_matched,178.898
T2_divergence_L1_count_matched,176.75
T2_divergence_L1_count_matched,192.13
T2_divergence_L1_count_matched,169.674
T2_divergence_L1_count_matched,169.375
T2_divergence_L1_count_matched,157.535
T2_divergence_L1_count_matched,199.482
T2_divergence_L1_count_matched,207.278
T2_divergence_L1_count_matched,188.154
T2_divergence_L1_count_matched,183.062
T2_divergence_L1_count_matched,215.034
T2_divergence_L1_count_matched,184.116
T2_divergence_L1_count_matched,212.14
T2_divergence_L1_count_matched,194.82
T2_divergence_L1_count_matched,206.686
T2_divergence_L1_count_matched,191.723
T2_divergence_L1_count_matched,196.63
T2_divergence_L1_count_matched,185.925
T2_divergence_L1_count_matched,177.213
T2_divergence_L1_count_matched,194.877
T2_divergence_L1_count_matched,194.768
T2_divergence_L1_count_matched,203.521
T2_divergence_L1_count_matched,181.714
T2_divergence_L1_count_matched,212.87
T2_divergence_L1_count_matched,201.167
T2_divergence_L1_count_matched,172.764
T2_divergence_L1_count_matched,202.362
T2_divergence_L1_count_matched,185.786
T2_divergence_L1_count_matched,172.238
T2_divergence_L1_count_matched,168.071
T2_divergence_L1_count_matched,172.692
T2_divergence_L1_count_matched,178.145
T2_divergence_L1_count_matched,204.922
T2_divergence_L1_count_matched,197.414
T2_divergence_L1_count_matched,179.909
T2_divergence_L1_count_matched,179.732
T2_divergence_L1_count_matched,186.93
T2_divergence_L1_count_matched,192.174
T2_divergence_L1_count_matched,187.976
T2_divergence_L1_count_matched,203.59
T2_divergence_L1_count_matched,194.429
T2_divergence_L1_count_matched,206.412
T2_divergence_L1_count_matched,190.085
T2_divergence_L1_count_matched,196.825
T2_divergence_L1_count_matched,173.14
T2_divergence_L1_count_matched,175.024
T2_divergence_L1_count_matched,220.805
T2_divergence_L1_count_matched,193.617
T2_divergence_L1_count_matched,194.318
T2_divergence_L1_count_matched,179.255
T2_divergence_L1_count_matched,184.653
T2_divergence_L1_count_matched,186.512
T2_divergence_L1_count_matched,162.089
T2_divergence_L1_count_matched,173.373
T2_divergence_L1_count_matched,161.727
T2_divergence_L1_count_matched,225.305
T2_divergence_L1_count_matched,169.824
T2_divergence_L1_count_matched,173.983
T2_divergence_L1_count_matched,169.245
T2_divergence_L1_count_matched,190.967
T2_divergence_L1_count_matched,167.375
T2_divergence_L1_count_matched,186.978
T2_divergence_L1_count_matched,224.907
T2_divergence_L1_count_matched,165.962
T2_divergence_L1_count_matched,202.417
T2_divergence_L1_count_matched,150.048
T2_divergence_L1_count_matched,162.682
T2_divergence_L1_count_matched,197.179
T2_divergence_L1_count_matched,152.925
T2_divergence_L1_count_matched,197.465
T2_divergence_L1_count_matched,204.722
T2_divergence_L1_count_matched,172.435
T2_divergence_L1_count_matched,185.929
T2_divergence_L1_count_matched,173.75
T2_divergence_L1_count_matched,158.878
T2_divergence_L1_count_matched,178.633
T2_divergence_L1_count_matched,193.652
T2_divergence_L1_count_matched,197.884
T2_divergence_L1_count_matched,189.25
T2_divergence_L1_count_matched,191.912
T2_divergence_L1_count_matched,204.659
T2_divergence_L1_count_matched,198.4
T2_divergence_L1_count_matched,194.908
T2_divergence_L1_count_matched,190.275
T2_divergence_L1_count_matched,184.964
T2_divergence_L1_count_matched,206.435
T2_divergence_L1_count_matched,149.41
T2_divergence_L1_count_matched,196.652
T2_divergence_L1_count_matched,178.172
T2_divergence_L1_count_matched,165.566
T2_divergence_L1_count_matched,192.456
T2_divergence_L1_count_matched,149.213
T2_divergence_L1_count_matched,168.023
T2_divergence_L1_count_matched,179.25
T2_divergence_L1_count_matched,202.0
T2_divergence_L1_count_matched,188.985
T2_divergence_L1_count_matched,178.577
T2_divergence_L1_count_matched,199.039
T2_divergence_L1_count_matched,191.236
T2_divergence_L1_count_matched,194.827
T2_divergence_L1_count_matched,208.482
T2_divergence_L1_count_matched,179.0
T2_divergence_L1_count_matched,187.167
T2_divergence_L1_count_matched,197.089
T2_divergence_L1_count_matched,201.959
T2_divergence_L1_count_matched,171.756
T2_divergence_L1_count_matched,186.66
T2_divergence_L1_count_matched,173.24
T2_divergence_L1_count_matched,200.24
T2_divergence_L1_count_matched,190.707
T2_divergence_L1_count_matched,175.255
T2_divergence_L1_count_matched,186.588
T2_divergence_L1_count_matched,158.52
T2_divergence_L1_count_matched,214.016
T2_divergence_L1_count_matched,178.358
T2_divergence_L1_count_matched,173.393
T2_divergence_L1_count_matched,197.618
T2_divergence_L1_count_matched,222.038
T2_divergence_L1_count_matched,179.273
T2_divergence_L1_count_matched,183.34
T2_divergence_L1_count_matched,190.653
T2_divergence_L1_count_matched,212.918
T2_divergence_L1_count_matched,166.75
T2_divergence_L1_count_matched,199.095
T2_divergence_L1_count_matched,190.444
T2_divergence_L1_count_matched,190.583
T2_divergence_L1_count_matched,184.024
T2_divergence_L1_count_matched,229.135
T2_divergence_L1_count_matched,183.586
T2_divergence_L1_count_matched,190.426
T2_divergence_L1_count_matched,169.683
T2_divergence_L1_count_matched,187.264
T2_divergence_L1_count_matched,211.463
T2_divergence_L1_count_matched,168.636
T2_divergence_L1_count_matched,172.814
T2_divergence_L1_count_matched,199.204
T2_divergence_L1_count_matched,199.905
T2_divergence_L1_count_matched,173.529
T2_divergence_L1_count_matched,191.542
T2_divergence_L1_count_matched,204.333
T2_divergence_L1_count_matched,190.479
T2_divergence_L1_count_matched,183.816
T2_divergence_L1_count_matched,212.371
T2_divergence_L1_count_matched,182.548
T2_divergence_L1_count_matched,175.865
T2_divergence_L1_count_matched,191.171
T2_divergence_L1_count_matched,178.525
T2_divergence_L1_count_matched,149.574
T2_divergence_L1_count_matched,187.708
T2_divergence_L1_count_matched,189.17
T2_divergence_L1_count_matched,193.864
T2_divergence_L1_count_matched,179.16
T2_divergence_L1_count_matched,205.51
T2_divergence_L1_count_matched,194.755
T2_divergence_L1_count_matched,195.233
T2_divergence_L1_count_matched,197.846
T2_divergence_L1_count_matched,190.439
T2_divergence_L1_count_matched,187.917
T2_divergence_L1_count_matched,176.365
T2_divergence_L1_count_matched,183.467
T2_divergence_L1_count_matched,196.34
T2_divergence_L1_count_matched,195.816
T2_divergence_L1_count_matched,186.238
T2_divergence_L1_count_matched,159.205
T2_divergence_L1_count_matched,183.896
T2_divergence_L1_count_matched,185.578
T2_divergence_L1_count_matched,203.805
T2_divergence_L1_count_matched,195.818
T2_divergence_L1_count_matched,226.98
T2_divergence_L1_count_matched,190.25
T2_divergence_L1_count_matched,198.481
T2_divergence_L1_count_matched,231.698
T2_divergence_L1_count_matched,163.736
T2_divergence_L1_count_matched,204.512
T2_divergence_L1_count_matched,185.857
T2_divergence_L1_count_matched,175.51
T2_divergence_L1_count_matched,199.075
T2_divergence_L1_count_matched,190.0
T2_divergence_L1_count_matched,157.849
T2_divergence_L1_count_matched,204.022
T2_divergence_L1_count_matched,177.827
T2_divergence_L1_count_matched,155.699
T2_divergence_L1_count_matched,175.362
T2_divergence_L1_count_matched,221.256
T2_divergence_L1_count_matched,204.455
T2_divergence_L1_count_matched,200.0
T2_divergence_L1_count_matched,205.19
T2_divergence_L1_count_matched,204.605
T2_divergence_L1_count_matched,188.49
T2_divergence_L1_count_matched,183.963
T2_divergence_L1_count_matched,192.046
T2_divergence_L1_count_matched,182.102
T2_divergence_L1_count_matched,188.114
T2_divergence_L1_count_matched,197.696
T2_divergence_L1_count_matched,191.0
T2_divergence_L1_count_matched,154.0
T2_divergence_L1_count_matched,206.075
T2_divergence_L1_count_matched,168.776
T2_divergence_L1_count_matched,216.533
T2_divergence_L1_count_matched,195.022
T2_divergence_L1_count_matched,181.886
T2_divergence_L1_count_matched,210.927
T2_divergence_L1_count_matched,163.796
T2_divergence_L1_count_matched,198.392
T2_divergence_L1_count_matched,172.49
T2_divergence_L1_count_matched,216.429
T2_divergence_L1_count_matched,173.9
T2_divergence_L1_count_matched,182.098
T2_divergence_L1_count_matched,186.44
T2_divergence_L1_count_matched,182.0
T2_divergence_L1_count_matched,180.108
T2_divergence_L1_count_matched,206.929
T2_divergence_L1_count_matched,186.471
T2_divergence_L1_count_matched,196.452
T2_divergence_L1_count_matched,186.697
T2_divergence_L1_count_matched,182.975
T2_divergence_L1_count_matched,157.788
T2_divergence_L1_count_matched,202.956
T2_divergence_L1_count_matched,208.2
T2_divergence_L1_count_matched,186.321
T2_divergence_L1_count_matched,171.273
T2_divergence_L1_count_matched,150.449
T2_divergence_L1_count_matched,196.109
T2_divergence_L1_count_matched,193.892
T2_divergence_L1_count_matched,176.807
T2_divergence_L1_count_matched,161.727
T2_divergence_L1_count_matched,183.683
T2_divergence_L1_count_matched,174.651
T2_divergence_L1_count_matched,200.209
T2_divergence_L1_count_matched,171.286
T2_divergence_L1_count_matched,206.279
T2_divergence_L1_count_matched,190.49
T2_divergence_L1_count_matched,170.61
T2_divergence_L1_count_matched,147.553
T2_divergence_L1_count_matched,194.354
T2_divergence_L1_count_matched,182.235
T2_divergence_L1_count_matched,170.636
T2_divergence_L1_count_matched,199.298
T2_divergence_L1_count_matched,172.627
T2_divergence_L1_count_matched,198.569
T2_divergence_L1_count_matched,189.634
T2_divergence_L1_count_matched,217.45
T2_divergence_L1_count_matched,209.292
T2_divergence_L1_count_matched,220.255
T2_divergence_L1_count_matched,203.044
T2_divergence_L1_count_matched,185.344
T2_divergence_L1_count_matched,181.955
T2_divergence_L1_count_matched,190.536
T2_divergence_L1_count_matched,148.0
T2_divergence_L1_count_matched,181.239
T2_divergence_L1_count_matched,174.593
T2_divergence_L1_count_matched,180.619
T2_divergence_L1_count_matched,179.093
T2_divergence_L1_count_matched,193.37
T2_divergence_L1_count_matched,201.549
T2_divergence_L1_count_matched,204.186
T2_divergence_L1_count_matched,165.841
T2_divergence_L1_count_matched,207.444
T2_divergence_L1_count_matched,195.618
T2_divergence_L1_count_matched,214.961
T2_divergence_L1_count_matched,165.451
T2_divergence_L1_count_matched,222.958
T2_divergence_L1_count_matched,200.149
T2_divergence_L1_count_matched,186.778
T2_divergence_L1_count_matched,187.262
T2_divergence_L1_count_matched,219.933
T2_divergence_L1_count_matched,190.21
T2_divergence_L1_count_matched,194.977
T2_divergence_L1_count_matched,172.891
T2_divergence_L1_count_matched,208.333
T2_divergence_L1_count_matched,200.387
T2_divergence_L1_count_matched,169.743
T2_divergence_L1_count_matched,184.754
T2_divergence_L1_count_matched,206.386
T2_divergence_L1_count_matched,160.15
T2_divergence_L1_count_matched,189.224
T2_divergence_L1_count_matched,198.289
T2_divergence_L1_count_matched,195.075
T2_divergence_L1_count_matched,188.116
T2_divergence_L1_count_matched,206.585
T2_divergence_L1_count_matched,195.81
T2_divergence_L1_count_matched,157.2
T2_divergence_L1_count_matched,211.451
T2_divergence_L1_count_matched,168.87
T2_divergence_L1_count_matched,220.038
T2_divergence_L1_count_matched,205.383
T2_divergence_L1_count_matched,181.029
T2_divergence_L1_count_matched,193.889
T2_divergence_L1_count_matched,170.035
T2_divergence_L1_count_matched,187.233
T2_divergence_L1_count_matched,161.275
T2_divergence_L1_count_matched,178.018
T2_divergence_L1_count_matched,188.571
T2_divergence_L1_count_matched,172.51
T2_divergence_L1_count_matched,178.761
T2_divergence_L1_count_matched,170.529
T2_divergence_L1_count_matched,199.525
T2_divergence_L1_count_matched,189.089
T2_divergence_L1_count_matched,220.78
T2_divergence_L1_count_matched,185.786
T2_divergence_L1_count_matched,187.288
T2_divergence_L1_count_matched,210.472
T2_divergence_L1_count_matched,183.673
T2_divergence_L1_count_matched,184.654
T2_divergence_L1_count_matched,200.275
T2_divergence_L1_count_matched,175.059
T2_divergence_L1_count_matched,179.5
T2_divergence_L1_count_matched,180.268
T2_divergence_L1_count_matched,178.136
T2_divergence_L1_count_matched,177.574
T2_divergence_L1_count_matched,212.766
T2_divergence_L1_count_matched,179.694
T2_divergence_L1_count_matched,207.975
T2_divergence_L1_count_matched,214.805
T2_divergence_L1_count_matched,214.855
T2_divergence_L1_count_matched,171.917
T2_divergence_L1_count_matched,195.26
T2_divergence_L1_count_matched,178.872
T2_divergence_L1_count_matched,249.453
T2_divergence_L1_count_matched,201.841
T2_divergence_L1_count_matched,204.583
T2_divergence_L1_count_matched,212.852
T2_divergence_L1_count_matched,189.654
T2_divergence_L1_count_matched,195.842
T2_divergence_L1_count_matched,181.945
T2_divergence_L1_count_matched,176.696
T2_divergence_L1_count_matched,198.022
T2_divergence_L1_count_matched,196.037
T2_divergence_L1_count_matched,190.864
T2_divergence_L1_count_matched,170.823
T2_divergence_L1_count_matched,200.45
T2_divergence_L1_count_matched,197.793
T2_divergence_L1_count_matched,153.58
T2_divergence_L1_count_matched,193.083
T2_divergence_L1_count_matched,168.85
T2_divergence_L1_count_matched,179.42
T2_divergence_L1_count_matched,214.565
T2_divergence_L1_count_matched,176.365
T2_divergence_L1_count_matched,185.735
T2_divergence_L1_count_matched,201.708
T2_divergence_L1_count_matched,191.569
T2_divergence_L1_count_matched,161.016
T2_divergence_L1_count_matched,169.261
T2_divergence_L1_count_matched,196.259
T2_divergence_L1_count_matched,176.024
T2_divergence_L1_count_matched,207.244
T2_divergence_L1_count_matched,191.881
T2_divergence_L1_count_matched,186.985
T2_divergence_L1_count_matched,185.109
T2_divergence_L1_count_matched,212.877
T2_divergence_L1_count_matched,191.469
T2_divergence_L1_count_matched,182.845
T2_divergence_L1_count_matched,203.473
T2_divergence_L1_count_matched,178.393
T2_divergence_L1_count_matched,209.75
T2_divergence_L1_count_matched,194.885
T2_divergence_L1_count_matched,177.104
T2_divergence_L1_count_matched,210.591
T2_divergence_L1_count_matched,189.492
T2_divergence_L1_count_matched,181.691
T2_divergence_L1_count_matched,200.796
T2_divergence_L1_count_matched,185.574
T2_divergence_L1_count_matched,173.735
T2_divergence_L1_count_matched,173.311
T2_divergence_L1_count_matched,156.354
T2_divergence_L1_count_matched,164.017
T2_divergence_L1_count_matched,195.344
T2_divergence_L1_count_matched,207.298
T2_divergence_L1_count_matched,192.186
T2_divergence_L1_count_matched,199.964
T2_divergence_L1_count_matched,173.106
T2_divergence_L1_count_matched,180.515
T2_divergence_L1_count_matched,188.1
T2_divergence_L1_count_matched,169.315
T2_divergence_L1_count_matched,181.667
T2_divergence_L1_count_matched,223.358
T2_divergence_L1_count_matched,171.367
T2_divergence_L1_count_matched,177.481
T2_divergence_L1_count_matched,140.348
T2_divergence_L1_count_matched,163.185
T2_divergence_L1_count_matched,190.826
T2_divergence_L1_count_matched,201.468
T2_divergence_L1_count_matched,219.66
T2_divergence_L1_count_matched,167.074
T2_divergence_L1_count_matched,177.304
T2_divergence_L1_count_matched,173.712
T2_divergence_L1_count_matched,217.0
T2_divergence_L1_count_matched,166.17
T2_divergence_L1_count_matched,204.184
T2_divergence_L1_count_matched,186.262
T2_divergence_L1_count_matched,153.556
T2_divergence_L1_count_matched,216.05
T2_divergence_L1_count_matched,183.933
T2_divergence_L1_count_matched,138.031
T2_divergence_L1_count_matched,210.721
T2_divergence_L1_count_matched,181.117
T2_divergence_L1_count_matched,218.511
T2_divergence_L1_count_matched,182.262
T2_divergence_L1_count_matched,157.426
T2_divergence_L1_count_matched,165.204
T2_divergence_L1_count_matched,191.2
T2_divergence_L1_count_matched,205.39
T2_divergence_L1_count_matched,197.5
T2_divergence_L1_count_matched,194.45
T2_divergence_L1_count_matched,157.574
T2_divergence_L1_count_matched,181.978
T2_divergence_L1_count_matched,196.091
T2_divergence_L1_count_matched,203.2
T2_divergence_L1_count_matched,157.523
T2_divergence_L1_count_matched,213.405
T2_divergence_L1_count_matched,191.941
T2_divergence_L1_count_matched,192.488
T2_divergence_L1_count_matched,185.48
T2_divergence_L1_count_matched,174.264
T2_divergence_L1_count_matched,146.442
T2_divergence_L1_count_matched,188.78
T2_divergence_L1_count_matched,157.377
T2_divergence_L1_count_matched,177.523
T2_divergence_L1_count_matched,185.171
T2_divergence_L1_count_matched,198.111
T2_divergence_L1_count_matched,165.685
T2_divergence_L1_count_matched,184.127
T2_divergence_L1_count_matched,184.45
T2_divergence_L1_count_matched,176.525
T2_divergence_L1_count_matched,197.723
T2_divergence_L1_count_matched,194.378
T2_divergence_L1_count_matched,192.881
T2_divergence_L1_count_matched,188.3
T2_divergence_L1_count_matched,199.186
T2_divergence_L1_count_matched,180.681
T2_divergence_L1_count_matched,204.854
T2_divergence_L1_count_matched,175.273
T2_divergence_L1_count_matched,165.347
T2_divergence_L1_count_matched,200.681
T2_divergence_L1_count_matched,187.019
T2_divergence_L1_count_matched,202.361
T2_divergence_L1_count_matched,195.464
T2_divergence_L1_count_matched,202.745
T2_divergence_L1_count_matched,183.226
T2_divergence_L1_count_matched,183.854
T2_divergence_L1_count_matched,191.96
T2_divergence_L1_count_matched,198.727
T2_divergence_L1_count_matched,167.115
T2_divergence_L1_count_matched,205.439
T2_divergence_L1_count_matched,187.738
T2_divergence_L1_count_matched,204.581
T2_divergence_L1_count_matched,157.109
T2_divergence_L1_count_matched,210.721
T2_divergence_L1_count_matched,186.494
T2_divergence_L1_count_matched,215.592
T2_divergence_L1_count_matched,188.159
T2_divergence_L1_count_matched,157.37
T2_divergence_L1_count_matched,176.725
T2_divergence_L1_count_matched,193.784
T2_divergence_L1_count_matched,179.035
T2_divergence_L1_count_matched,194.271
T2_divergence_L1_count_matched,137.889
T2_divergence_L1_count_matched,212.528
T2_divergence_L1_count_matched,208.694
T2_divergence_L1_count_matched,208.066
T2_divergence_L1_count_matched,204.266
T2_divergence_L1_count_matched,174.355
T2_divergence_L1_count_matched,186.311
T2_divergence_L1_count_matched,196.255
T2_divergence_L1_count_matched,171.047
T2_divergence_L1_count_matched,206.2
T2_divergence_L1_count_matched,172.167
T2_divergence_L1_count_matched,156.818
T2_divergence_L1_count_matched,200.385
T2_divergence_L1_count_matched,215.325
T2_divergence_L1_count_matched,195.236
T2_divergence_L1_count_matched,208.045
T2_divergence_L1_count_matched,160.11
T2_divergence_L1_count_matched,233.023
T2_divergence_L1_count_matched,171.769
T2_divergence_L1_count_matched,195.63
T2_divergence_L1_count_matched,199.17
T2_divergence_L1_count_matched,200.809
T2_divergence_L1_count_matched,183.509
T2_divergence_L1_count_matched,198.796
T2_divergence_L1_count_matched,187.0
T2_divergence_L1_count_matched,179.132
T2_divergence_L1_count_matched,199.071
T2_divergence_L1_count_matched,209.13
T2_divergence_L1_count_matched,210.5
T2_divergence_L1_count_matched,188.663
T2_divergence_L1_count_matched,175.357
T2_divergence_L1_count_matched,194.787
T2_divergence_L1_count_matched,179.024
T2_divergence_L1_count_matched,195.587
T2_divergence_L1_count_matched,226.021
T2_divergence_L1_count_matched,203.804
T2_divergence_L1_count_matched,181.071
T2_divergence_L1_count_matched,181.651
T2_divergence_L1_count_matched,166.298
T2_divergence_L1_count_matched,175.733
T2_divergence_L1_count_matched,203.4
T2_divergence_L1_count_matched,195.478
T2_divergence_L1_count_matched,196.236
T2_divergence_L1_count_matched,176.122
T2_divergence_L1_count_matched,177.06
T2_divergence_L1_count_matched,189.453
T2_divergence_L1_count_matched,217.073
T2_divergence_L1_count_matched,212.083
T2_divergence_L1_count_matched,162.244
T2_divergence_L1_count_matched,176.333
T2_divergence_L1_count_matched,193.319
T2_divergence_L1_count_matched,145.642
T2_divergence_L1_count_matched,172.059
T2_divergence_L1_count_matched,177.174
T2_divergence_L1_count_matched,198.773
T2_divergence_L1_count_matched,197.123
T2_divergence_L1_count_matched,156.191
T2_divergence_L1_count_matched,197.262
T2_divergence_L1_count_matched,202.132
T2_divergence_L1_count_matched,179.31
T2_divergence_L1_count_matched,207.85
T2_divergence_L1_count_matched,161.02
T2_divergence_L1_count_matched,199.736
T2_divergence_L1_count_matched,210.033
T2_divergence_L1_count_matched,191.406
T2_divergence_L1_count_matched,189.475
T2_divergence_L1_count_matched,187.591
T2_divergence_L1_count_matched,197.617
T2_divergence_L1_count_matched,195.161
T2_divergence_L1_count_matched,183.889
T2_divergence_L1_count_matched,205.808
T2_divergence_L1_count_matched,189.934
T2_divergence_L1_count_matched,175.881
T2_divergence_L1_count_matched,172.393
T2_divergence_L1_count_matched,168.875
T2_divergence_L1_count_matched,184.348
T2_divergence_L1_count_matched,213.83
T2_divergence_L1_count_matched,164.116
T2_divergence_L1_count_matched,225.655
T2_divergence_L1_count_matched,214.522
T2_divergence_L1_count_matched,204.276
T2_divergence_L1_count_matched,174.42
T2_divergence_L1_count_matched,194.651
T2_divergence_L1_count_matched,201.03
T2_divergence_L1_count_matched,203.945
T2_divergence_L1_count_matched,181.197
T2_divergence_L1_count_matched,163.915
T2_divergence_L1_count_matched,225.297
T2_divergence_L1_count_matched,181.662
T2_divergence_L1_count_matched,200.419
T2_divergence_L1_count_matched,225.111
T2_divergence_L1_count_matched,201.672
T2_divergence_L1_count_matched,167.526
T2_divergence_L1_count_matched,190.781
T2_divergence_L1_count_matched,165.933
T2_divergence_L1_count_matched,180.604
T2_divergence_L1_count_matched,215.298
T2_divergence_L1_count_matched,215.905
T2_divergence_L1_count_matched,205.135
T2_divergence_L1_count_matched,199.116
T2_divergence_L1_count_matched,182.463
T2_divergence_L1_count_matched,186.395
T2_divergence_L1_count_matched,193.667
T2_divergence_L1_count_matched,185.271
T2_divergence_L1_count_matched,197.458
T2_divergence_L1_count_matched,200.275
T2_divergence_L1_count_matched,162.052
T2_divergence_L1_count_matched,188.096
T2_divergence_L1_count_matched,198.525
T2_divergence_L1_count_matched,178.525
T2_divergence_L1_count_matched,180.746
T2_divergence_L1_count_matched,203.896
T2_divergence_L1_count_matched,197.7
T2_divergence_L1_count_matched,205.173
T2_divergence_L1_count_matched,194.593
T2_divergence_L1_count_matched,157.511
T2_divergence_L1_count_matched,194.484
T2_divergence_L1_count_matched,163.733
T2_divergence_L1_count_matched,187.457
T2_divergence_L1_count_matched,192.938
T2_divergence_L1_count_matched,204.36
T2_divergence_L1_count_matched,154.302
T2_divergence_L1_count_matched,198.167
T2_divergence_L1_count_matched,197.525
T2_divergence_L1_count_matched,181.438
T2_divergence_L1_count_matched,173.635
T2_divergence_L1_count_matched,200.023
T2_divergence_L1_count_matched,213.633
T2_divergence_L1_count_matched,208.0
T2_divergence_L1_count_matched,151.867
T2_divergence_L1_count_matched,203.564
T2_divergence_L1_count_matched,175.881
T2_divergence_L1_count_matched,182.822
T2_divergence_L1_count_matched,195.765
T2_divergence_L1_count_matched,190.42
T2_divergence_L1_count_matched,194.677
T2_divergence_L1_count_matched,190.824
T2_divergence_L1_count_matched,203.681
T2_divergence_L1_count_matched,203.638
T2_divergence_L1_count_matched,175.711
T2_divergence_L1_count_matched,199.219
T2_divergence_L1_count_matched,203.864
T2_divergence_L1_count_matched,201.058
T2_divergence_L1_count_matched,177.0
T2_divergence_L1_count_matched,209.857
T2_divergence_L1_count_matched,174.556
T2_divergence_L1_count_matched,166.578
T2_divergence_L1_count_matched,185.094
T2_divergence_L1_count_matched,189.623
T2_divergence_L1_count_matched,184.86
T2_divergence_L1_count_matched,182.731
T2_divergence_L1_count_matched,196.969
T2_divergence_L1_count_matched,177.368
T2_divergence_L1_count_matched,168.0
T2_divergence_L1_count_matched,168.938
T2_divergence_L1_count_matched,186.962
T2_divergence_L1_count_matched,212.379
T2_divergence_L1_count_matched,218.169
T2_divergence_L1_count_matched,200.88
T2_divergence_L1_count_matched,193.762
T2_divergence_L1_count_matched,200.229
T2_divergence_L1_count_matched,174.4
T2_divergence_L1_count_matched,181.681
T2_divergence_L1_count_matched,182.152
T2_divergence_L1_count_matched,181.745
T2_divergence_L1_count_matched,226.575
T2_divergence_L1_count_matched,192.542
T2_divergence_L1_count_matched,211.419
T2_divergence_L1_count_matched,164.762
T2_divergence_L1_count_matched,202.689
T2_divergence_L1_count_matched,200.373
T2_divergence_L1_count_matched,183.439
T2_divergence_L1_count_matched,169.075
T2_divergence_L1_count_matched,215.196
T2_divergence_L1_count_matched,179.795
T2_divergence_L1_count_matched,185.286
T2_divergence_L1_count_matched,196.1
T2_divergence_L1_count_matched,179.31
T2_divergence_L1_count_matched,185.58
T2_divergence_L1_count_matched,184.465
T2_divergence_L1_count_matched,171.136
T2_divergence_L1_count_matched,243.786
T2_divergence_L1_count_matched,192.643
T2_divergence_L1_count_matched,180.299
T2_divergence_L1_count_matched,188.561
T2_divergence_L1_count_matched,201.291
T2_divergence_L1_count_matched,174.15
T2_divergence_L1_count_matched,191.279
T2_divergence_L1_count_matched,213.271
T2_divergence_L1_count_matched,184.051
T2_divergence_L1_count_matched,174.146
T2_divergence_L1_count_matched,158.556
T2_divergence_L1_count_matched,208.655
T2_divergence_L1_count_matched,207.857
T2_divergence_L1_count_matched,185.619
T2_divergence_L1_count_matched,200.84
T2_divergence_L1_count_matched,188.985
T2_divergence_L1_count_matched,175.508
T2_divergence_L1_count_matched,179.488
T2_divergence_L1_count_matched,188.596
T2_divergence_L1_count_matched,200.068
T2_divergence_L1_count_matched,179.463
T2_divergence_L1_count_matched,217.08
T2_divergence_L1_count_matched,214.395
T2_divergence_L1_count_matched,182.945
T2_divergence_L1_count_matched,200.778
T2_divergence_L1_count_matched,182.61
T2_divergence_L1_count_matched,193.065
T2_divergence_L1_count_matched,162.603
T2_divergence_L1_count_matched,158.74
T2_divergence_L1_count_matched,175.707
T2_divergence_L1_count_matched,174.551
T2_divergence_L1_count_matched,159.581
T2_divergence_L1_count_matched,221.226
T2_divergence_L1_count_matched,195.143
T2_divergence_L1_count_matched,160.017
T2_divergence_L1_count_matched,209.549
T2_divergence_L1_count_matched,178.922
T2_divergence_L1_count_matched,166.224
T2_divergence_L1_count_matched,163.659
T2_divergence_L1_count_matched,208.531
T2_divergence_L1_count_matched,190.238
T2_divergence_L1_count_matched,206.133
T2_divergence_L1_count_matched,196.295
T2_divergence_L1_count_matched,179.352
T2_divergence_L1_count_matched,197.582
T2_divergence_L1_count_matched,189.375
T2_divergence_L1_count_matched,200.217
T2_divergence_L1_count_matched,212.881
T2_divergence_L1_count_matched,191.617
T2_divergence_L1_count_matched,191.76
T2_divergence_L1_count_matched,150.792
T2_divergence_L1_count_matched,174.721
T2_divergence_L1_count_matched,193.431
T2_divergence_L1_count_matched,176.011
T2_divergence_L1_count_matched,161.426
T2_divergence_L1_count_matched,194.95
T2_divergence_L1_count_matched,165.805
T2_divergence_L1_count_matched,185.525
T2_divergence_L1_count_matched,224.54
T2_divergence_L1_count_matched,178.0
T2_divergence_L1_count_matched,156.976
T2_divergence_L1_count_matched,183.16
T2_divergence_L1_count_matched,211.511
T2_divergence_L1_count_matched,183.686
T2_divergence_L1_count_matched,144.125
T2_divergence_L1_count_matched,166.426
T2_divergence_L1_count_matched,172.366
T2_divergence_L1_count_matched,205.809
T2_divergence_L1_count_matched,198.625
T2_divergence_L1_count_matched,212.047
T2_divergence_L1_count_matched,181.364
T2_divergence_L1_count_matched,201.238
T2_divergence_L1_count_matched,211.304
T2_divergence_L1_count_matched,187.244
T2_divergence_L1_count_matched,185.205
T2_divergence_L1_count_matched,170.8
T2_divergence_L1_count_matched,177.839
T2_divergence_L1_count_matched,202.804
T2_divergence_L1_count_matched,176.415
T2_divergence_L1_count_matched,175.207
T2_divergence_L1_count_matched,173.405
T2_divergence_L1_count_matched,211.06
T2_divergence_L1_count_matched,211.896
T2_divergence_L1_count_matched,199.588
T2_divergence_L1_count_matched,181.862
T2_divergence_L1_count_matched,167.04
T2_divergence_L1_count_matched,180.689
T2_divergence_L1_count_matched,172.898
T2_divergence_L1_count_matched,191.091
T2_divergence_L1_count_matched,199.012
T2_divergence_L1_count_matched,193.93
T2_divergence_L1_count_matched,188.075
T2_divergence_L1_count_matched,196.208
T2_divergence_L1_count_matched,184.405
T2_divergence_L1_count_matched,178.533
T2_divergence_L1_count_matched,179.175
T2_divergence_L1_count_matched,193.729
T2_divergence_L1_count_matched,197.878
T2_divergence_L1_count_matched,172.375
T2_divergence_L1_count_matched,179.157
T2_divergence_L1_count_matched,182.617
T2_divergence_L1_count_matched,192.452
T2_divergence_L1_count_matched,194.256
T2_divergence_L1_count_matched,180.212
T2_divergence_L1_count_matched,180.982
T2_divergence_L1_count_matched,173.0
T2_divergence_L1_count_matched,202.941
T2_divergence_L1_count_matched,198.923
T2_divergence_L1_count_matched,181.745
T2_divergence_L1_count_matched,196.719
T2_divergence_L1_count_matched,181.1
T2_divergence_L1_count_matched,199.84
T2_divergence_L1_count_matched,212.31
T2_divergence_L1_count_matched,203.196
T2_divergence_L1_count_matched,186.0
T2_divergence_L1_count_matched,221.167
T2_divergence_L1_count_matched,203.652
T2_divergence_L1_count_matched,187.604
T2_divergence_L1_count_matched,217.349
T2_divergence_L1_count_matched,196.196
T2_divergence_L1_count_matched,186.116
T2_divergence_L1_count_matched,190.714
T2_divergence_L1_count_matched,196.042
T2_divergence_L1_count_matched,188.303
T2_divergence_L1_count_matched,201.727
T2_divergence_L1_count_matched,180.405
T2_divergence_L1_count_matched,194.043
T2_divergence_L1_count_matched,183.764
T2_divergence_L1_count_matched,186.585
T2_divergence_L1_count_matched,176.207
T2_divergence_L1_count_matched,183.296
T2_divergence_L1_count_matched,195.286
T2_divergence_L1_count_matched,199.227
T2_divergence_L1_count_matched,182.0
T2_divergence_L1_count_matched,180.642
T2_divergence_L1_count_matched,195.792
T2_divergence_L1_count_matched,205.518
T2_divergence_L1_count_matched,181.983
T2_divergence_L1_count_matched,200.3
T2_divergence_L1_count_matched,193.875
T2_divergence_L1_count_matched,197.154
T2_divergence_L1_count_matched,184.231
T2_divergence_L1_count_matched,186.22
T2_divergence_L1_count_matched,183.341
T2_divergence_L1_count_matched,203.556
T2_divergence_L1_count_matched,177.707
T2_divergence_L1_count_matched,161.404
T2_divergence_L1_count_matched,199.845
T2_divergence_L1_count_matched,194.918
T2_divergence_L1_count_matched,158.921
T2_divergence_L1_count_matched,207.481
T2_divergence_L1_count_matched,182.83
T2_divergence_L1_count_matched,160.585
T2_divergence_L1_count_matched,182.115
T2_divergence_L1_count_matched,196.538
T2_divergence_L1_count_matched,158.512
T2_divergence_L1_count_matched,182.548
T2_divergence_L1_count_matched,212.415
T2_divergence_L1_count_matched,201.339
T2_divergence_L1_count_matched,182.617
T2_divergence_L1_count_matched,196.588
T2_divergence_L1_count_matched,164.844
T2_divergence_L1_count_matched,191.691
T2_divergence_L1_count_matched,145.429
T2_divergence_L1_count_matched,229.345
T2_divergence_L1_count_matched,172.239
T2_divergence_L1_count_matched,195.068
T2_divergence_L1_count_matched,193.4
T2_divergence_L1_count_matched,201.759
T2_divergence_L1_count_matched,184.405
T2_divergence_L1_count_matched,193.172
T2_divergence_L1_count_matched,185.146
T2_divergence_L1_count_matched,208.13
T2_divergence_L1_count_matched,201.068
T2_divergence_L1_count_matched,192.947
T2_divergence_L1_count_matched,178.386
T2_divergence_L1_count_matched,179.93
T2_divergence_L1_count_matched,212.277
T2_divergence_L1_count_matched,214.068
T2_divergence_L1_count_matched,179.042
T2_divergence_L1_count_matched,182.462
T2_divergence_L1_count_matched,190.152
T2_divergence_L1_count_matched,160.068
T2_divergence_L1_count_matched,188.469
T2_divergence_L1_count_matched,192.478
T2_divergence_L1_count_matched,196.068
T2_divergence_L1_count_matched,197.987
T2_divergence_L1_count_matched,172.742
T2_divergence_L1_count_matched,194.073
T2_divergence_L1_count_matched,166.422
T2_divergence_L1_count_matched,185.761
T2_divergence_L1_count_matched,186.113
T2_divergence_L1_count_matched,180.048
T2_divergence_L1_count_matched,223.417
T2_divergence_L1_count_matched,196.218
T2_divergence_L1_count_matched,197.089
T2_divergence_L1_count_matched,168.465
T2_divergence_L1_count_matched,174.733
T2_divergence_L1_count_matched,164.438
T2_divergence_L1_count_matched,176.918
T2_divergence_L1_count_matched,193.222
T2_divergence_L1_count_matched,206.965
T2_divergence_L1_count_matched,191.653
T2_divergence_L1_count_matched,175.8
T2_divergence_L1_count_matched,160.636
T2_divergence_L1_count_matched,206.881
T2_divergence_L1_count_matched,181.732
T2_divergence_L1_count_matched,189.746
T2_divergence_L1_count_matched,223.522
T2_divergence_L1_count_matched,205.477
T2_divergence_L1_count_matched,199.477
T2_divergence_L1_count_matched,193.9
T2_divergence_L1_count_matched,210.174
T2_divergence_L1_count_matched,169.94
T2_divergence_L1_count_matched,211.745
T2_divergence_L1_count_matched,164.933
T2_divergence_L1_count_matched,185.283
T2_divergence_L1_count_matched,161.37
T2_divergence_L1_count_matched,206.778
T2_divergence_L1_count_matched,189.325
T2_divergence_L1_count_matched,187.61
T2_divergence_L1_count_matched,214.493
T2_divergence_L1_count_matched,193.9
T2_divergence_L1_count_matched,169.386
T2_divergence_L1_count_matched,185.583
T2_divergence_L1_count_matched,201.06
T2_divergence_L1_count_matched,237.5
T2_divergence_L1_count_matched,225.717
T2_divergence_L1_count_matched,219.465
T2_divergence_L1_count_matched,178.122
T2_divergence_L1_count_matched,173.791
T2_divergence_L1_count_matched,176.848
T2_divergence_L1_count_matched,212.348
T2_divergence_L1_count_matched,192.149
T2_divergence_L1_count_matched,171.076
T2_divergence_L1_count_matched,213.532
T2_divergence_L1_count_matched,207.9
T2_divergence_L1_count_matched,213.482
T2_divergence_L1_count_matched,198.286
T2_divergence_L1_count_matched,253.75
T2_divergence_L1_count_matched,191.778
T2_divergence_L1_count_matched,165.961
T2_divergence_L1_count_matched,195.829
T2_divergence_L1_count_matched,182.816
T2_divergence_L1_count_matched,202.63
T2_divergence_L1_count_matched,183.595
T2_divergence_L1_count_matched,208.152
T2_divergence_L1_count_matched,197.544
T2_divergence_L1_count_matched,185.533
T2_divergence_L1_count_matched,187.25
T2_divergence_L1_count_matched,183.746
T2_divergence_L1_count_matched,184.623
T2_divergence_L1_count_matched,173.246
T2_divergence_L1_count_matched,173.756
T2_divergence_L1_count_matched,222.5
T2_divergence_L1_count_matched,194.523
T2_divergence_L1_count_matched,170.48
T2_divergence_L1_count_matched,188.0
T2_divergence_L1_count_matched,179.977
T2_divergence_L1_count_matched,176.018
T2_divergence_L1_count_matched,191.312
T2_divergence_L1_count_matched,193.532
T2_divergence_L1_count_matched,164.667
T2_divergence_L1_count_matched,162.458
T2_divergence_L1_count_matched,192.451
T2_divergence_L1_count_matched,200.039
T2_divergence_L1_count_matched,189.811
T2_divergence_L1_count_matched,170.281
T2_divergence_L1_count_matched,173.939
T2_divergence_L1_count_matched,182.333
T2_divergence_L1_count_matched,186.038
T2_divergence_L1_count_matched,175.096
T2_divergence_L1_count_matched,192.467
T2_divergence_L1_count_matched,194.08
T2_divergence_L1_count_matched,146.895
T2_divergence_L1_count_matched,165.96
T2_divergence_L1_count_matched,189.581
T2_divergence_L1_count_matched,178.255
T2_divergence_L1_count_matched,181.244
T2_divergence_L1_count_matched,191.049
T2_divergence_L1_count_matched,168.435
T2_divergence_L1_count_matched,208.847
T2_divergence_L1_count_matched,186.862
T2_divergence_L1_count_matched,206.073
T2_divergence_L1_count_matched,163.14
T2_divergence_L1_count_matched,185.58
T2_divergence_L1_count_matched,207.135
T2_divergence_L1_count_matched,204.093
T2_divergence_L1_count_matched,175.655
T2_divergence_L1_count_matched,169.83
T2_divergence_L1_count_matched,192.458
T2_divergence_L1_count_matched,196.062
T2_divergence_L1_count_matched,199.711
T2_divergence_L1_count_matched,195.128
T2_divergence_L1_count_matched,181.293
T2_divergence_L1_count_matched,133.365
T2_divergence_L1_count_matched,199.159
T2_divergence_L1_count_matched,200.491
T2_divergence_L1_count_matched,179.128
T2_divergence_L1_count_matched,186.534
T2_divergence_L1_count_matched,146.091
T2_divergence_L1_count_matched,211.241
T2_divergence_L1_count_matched,179.159
T2_divergence_L1_count_matched,186.019
T2_divergence_L1_count_matched,177.755
T2_divergence_L1_count_matched,196.894
T2_divergence_L1_count_matched,224.964
T2_divergence_L1_count_matched,164.904
T2_divergence_L1_count_matched,214.773
T2_divergence_L1_count_matched,181.78
T2_divergence_L1_count_matched,170.295
T2_divergence_L1_count_matched,191.643
T2_divergence_L1_count_matched,190.74
T2_divergence_L1_count_matched,139.022
T2_divergence_L1_count_matched,199.964
T2_divergence_L1_count_matched,174.936
T2_divergence_L1_count_matched,206.904
T2_divergence_L1_count_matched,179.661
T2_divergence_L1_count_matched,205.0
T2_divergence_L1_count_matched,186.623
T2_divergence_L1_count_matched,239.905
T2_divergence_L1_count_matched,215.182
T2_divergence_L1_count_matched,177.64
T2_divergence_L1_count_matched,174.543
T2_divergence_L1_count_matched,211.059
T2_divergence_L1_count_matched,193.034
T2_divergence_L1_count_matched,175.811
T2_divergence_L1_count_matched,195.619
T2_divergence_L1_count_matched,171.652
T2_divergence_L1_count_matched,201.224
T2_divergence_L1_count_matched,179.269
T2_divergence_L1_count_matched,202.154
T2_divergence_L1_count_matched,155.625
T2_divergence_L1_count_matched,192.595
T2_divergence_L1_count_matched,192.346
T2_divergence_L1_count_matched,179.0
T2_divergence_L1_count_matched,182.744
T2_divergence_L1_count_matched,189.643
T2_divergence_L1_count_matched,207.19
T2_divergence_L1_count_matched,202.581
T2_divergence_L1_count_matched,200.13
T2_divergence_L1_count_matched,208.704
T2_divergence_L1_count_matched,185.985
T2_divergence_L1_count_matched,176.282
T2_divergence_L1_count_matched,183.75
T2_divergence_L1_count_matched,189.044
T2_divergence_L1_count_matched,205.538
T2_divergence_L1_count_matched,209.84
T2_divergence_L1_count_matched,198.593
T2_divergence_L1_count_matched,195.814
T2_divergence_L1_count_matched,188.164
T2_divergence_L1_count_matched,221.561
T2_divergence_L1_count_matched,217.02
T2_divergence_L1_count_matched,174.214
T2_divergence_L1_count_matched,167.63
T2_divergence_L1_count_matched,189.628
T2_divergence_L1_count_matched,218.475
T2_divergence_L1_count_matched,176.644
T2_divergence_L1_count_matched,168.367
T2_divergence_L1_count_matched,187.529
T2_divergence_L1_count_matched,165.556
T2_divergence_L1_count_matched,196.822
T2_divergence_L1_count_matched,196.935
T2_divergence_L1_count_matched,210.28
T2_divergence_L1_count_matched,208.672
T2_divergence_L1_count_matched,202.241
T2_divergence_L1_count_matched,201.0
T2_divergence_L1_count_matched,209.432
T2_divergence_L1_count_matched,183.809
T2_divergence_L1_count_matched,181.588
T2_divergence_L1_count_matched,194.256
T2_divergence_L1_count_matched,191.328
T2_divergence_L1_count_matched,196.929
T2_divergence_L1_count_matched,195.381
T2_divergence_L1_count_matched,189.837
T2_divergence_L1_count_matched,186.702
T2_divergence_L1_count_matched,184.731
T2_divergence_L1_count_matched,204.683
T2_divergence_L1_count_matched,202.561
T2_divergence_L1_count_matched,171.229
T2_divergence_L1_count_matched,171.811
T2_divergence_L1_count_matched,200.81
T2_divergence_L1_count_matched,183.912
T2_divergence_L1_count_matched,122.556
T2_divergence_L1_count_matched,160.438
T2_divergence_L1_count_matched,156.581
T2_divergence_L1_count_matched,171.469
T2_divergence_L1_count_matched,176.089
T2_divergence_L1_count_matched,198.667
T2_divergence_L1_count_matched,164.796
T2_divergence_L1_count_matched,209.5
T2_divergence_L1_count_matched,187.326
T2_divergence_L1_count_matched,221.019
T2_divergence_L1_count_matched,223.978
T2_divergence_L1_count_matched,188.839
T2_divergence_L1_count_matched,207.625
T2_divergence_L1_count_matched,185.244
T2_divergence_L1_count_matched,172.116
T2_divergence_L1_count_matched,172.957
T2_divergence_L1_count_matched,186.246
T2_divergence_L1_count_matched,204.89
T2_divergence_L1_count_matched,206.591
T2_divergence_L1_count_matched,199.644
T2_divergence_L1_count_matched,170.857
T2_divergence_L1_count_matched,196.283
T2_divergence_L1_count_matched,193.329
T2_divergence_L1_count_matched,202.725
T2_divergence_L1_count_matched,189.294
T2_divergence_L1_count_matched,181.803
T2_divergence_L1_count_matched,201.78
T2_divergence_L1_count_matched,196.095
T2_divergence_L1_count_matched,178.692
T2_divergence_L1_count_matched,172.13
T2_divergence_L1_count_matched,203.622
T2_divergence_L1_count_matched,195.444
T2_divergence_L1_count_matched,195.911
T2_divergence_L1_count_matched,170.19
T2_divergence_L1_count_matched,172.446
T2_divergence_L1_count_matched,189.659
T2_divergence_L1_count_matched,168.561
T2_divergence_L1_count_matched,196.018
T2_divergence_L1_count_matched,177.091
T2_divergence_L1_count_matched,165.068
T2_divergence_L1_count_matched,172.26
T2_divergence_L1_count_matched,206.827
T2_divergence_L1_count_matched,206.837
T2_divergence_L1_count_matched,179.324
T2_divergence_L1_count_matched,226.576
T2_divergence_L1_count_matched,201.289
T2_divergence_L1_count_matched,149.792
T2_divergence_L1_count_matched,202.909
T2_divergence_L1_count_matched,196.245
T2_divergence_L1_count_matched,164.379
T2_divergence_L1_count_matched,184.933
T2_divergence_L1_count_matched,199.19
T2_divergence_L1_count_matched,190.519
T2_divergence_L1_count_matched,188.096
T2_divergence_L1_count_matched,187.772
T2_divergence_L1_count_matched,212.907
T2_divergence_L1_count_matched,195.917
T2_divergence_L1_count_matched,189.915
T2_divergence_L1_count_matched,202.043
T2_divergence_L1_count_matched,182.429
T2_divergence_L1_count_matched,192.773
T2_divergence_L1_count_matched,185.768
T2_divergence_L1_count_matched,182.522
T2_divergence_L1_count_matched,213.767
T2_divergence_L1_count_matched,175.524
T2_divergence_L1_count_matched,217.492
T2_divergence_L1_count_matched,178.761
T2_divergence_L1_count_matched,209.706
T2_divergence_L1_count_matched,210.462
T2_divergence_L1_count_matched,202.548
T2_divergence_L1_count_matched,201.35
T2_divergence_L1_count_matched,200.396
T2_divergence_L1_count_matched,196.803
T2_divergence_L1_count_matched,175.302
T2_divergence_L1_count_matched,179.434
T2_divergence_L1_count_matched,175.532
T2_divergence_L1_count_matched,183.569
T2_divergence_L1_count_matched,184.0
T2_divergence_L1_count_matched,203.15
T2_divergence_L1_count_matched,220.696
T2_divergence_L1_count_matched,160.651
T2_divergence_L1_count_matched,186.217
T2_divergence_L1_count_matched,171.85
T2_divergence_L1_count_matched,186.328
T2_divergence_L1_count_matched,169.308
T2_divergence_L1_count_matched,211.933
T2_divergence_L1_count_matched,178.915
T2_divergence_L1_count_matched,196.822
T2_divergence_L1_count_matched,198.02
T2_divergence_L1_count_matched,192.951
T2_divergence_L1_count_matched,181.235
T2_divergence_L1_count_matched,185.475
T2_divergence_L1_count_matched,201.8
T2_divergence_L1_count_matched,185.915
T2_divergence_L1_count_matched,190.794
T2_divergence_L1_count_matched,173.492
T2_divergence_L1_count_matched,173.279
T2_divergence_L1_count_matched,164.394
T2_divergence_L1_count_matched,175.209
T2_divergence_L1_count_matched,231.196
T2_divergence_L1_count_matched,209.149
T2_divergence_L1_count_matched,207.271
T2_divergence_L1_count_matched,164.071
T2_divergence_L1_count_matched,186.891
T2_divergence_L1_count_matched,189.105
T2_divergence_L1_count_matched,214.122
T2_divergence_L1_count_matched,183.878
T2_divergence_L1_count_matched,195.062
T2_divergence_L1_count_matched,195.054
T2_divergence_L1_count_matched,160.097
T2_divergence_L1_count_matched,194.952
T2_divergence_L1_count_matched,205.52
T2_divergence_L1_count_matched,178.081
T2_divergence_L1_count_matched,205.418
T2_divergence_L1_count_matched,186.163
T2_divergence_L1_count_matched,180.789
T2_divergence_L1_count_matched,213.224
T2_divergence_L1_count_matched,157.0
T2_divergence_L1_count_matched,177.452
T2_divergence_L1_count_matched,139.727
T2_divergence_L1_count_matched,144.583
T2_divergence_L1_count_matched,188.333
T2_divergence_L1_count_matched,183.333
T2_divergence_L1_count_matched,189.976
T2_divergence_L1_count_matched,213.983
T2_divergence_L1_count_matched,130.923
T2_divergence_L1_count_matched,190.792
T2_divergence_L1_count_matched,198.583
T2_divergence_L1_count_matched,233.837
T2_divergence_L1_count_matched,206.534
T2_divergence_L1_count_matched,194.333
T2_divergence_L1_count_matched,204.755
T2_divergence_L1_count_matched,218.195
T2_divergence_L1_count_matched,218.104
T2_divergence_L1_count_matched,183.3
T2_divergence_L1_count_matched,172.9
T2_divergence_L1_count_matched,207.19
T2_divergence_L1_count_matched,191.023
T2_divergence_L1_count_matched,184.578
T2_divergence_L1_count_matched,203.506
T2_divergence_L1_count_matched,177.098
T2_divergence_L1_count_matched,197.211
T2_divergence_L1_count_matched,197.913
T2_divergence_L1_count_matched,189.843
T2_divergence_L1_count_matched,214.95
T2_divergence_L1_count_matched,192.245
T2_divergence_L1_count_matched,197.13
T2_divergence_L1_count_matched,164.357
T2_divergence_L1_count_matched,185.194
T2_divergence_L1_count_matched,208.152
T2_divergence_L1_count_matched,175.756
T2_divergence_L1_count_matched,178.125
T2_divergence_L1_count_matched,218.984
T2_divergence_L1_count_matched,183.846
T2_divergence_L1_count_matched,182.683
T2_divergence_L1_count_matched,166.367
T2_divergence_L1_count_matched,154.133
T2_divergence_L1_count_matched,193.132
T2_divergence_L1_count_matched,196.523
T2_divergence_L1_count_matched,158.309
T2_divergence_L1_count_matched,187.744
T2_divergence_L1_count_matched,185.831
T2_divergence_L1_count_matched,164.815
T2_divergence_L1_count_matched,209.849
T2_divergence_L1_count_matched,159.982
T2_divergence_L1_count_matched,200.673
T2_divergence_L1_count_matched,189.228
T2_divergence_L1_count_matched,193.833
T2_divergence_L1_count_matched,205.511
T2_divergence_L1_count_matched,208.271
T2_divergence_L1_count_matched,183.289
T2_divergence_L1_count_matched,212.83
T2_divergence_L1_count_matched,180.868
T2_divergence_L1_count_matched,201.225
T2_divergence_L1_count_matched,177.349
T2_divergence_L1_count_matched,194.558
T2_divergence_L1_count_matched,144.2
T2_divergence_L1_count_matched,147.561
T2_divergence_L1_count_matched,220.067
T2_divergence_L1_count_matched,201.711
T2_divergence_L1_count_matched,190.75
T2_divergence_L1_count_matched,196.685
T2_divergence_L1_count_matched,187.574
T2_divergence_L1_count_matched,180.902
T2_divergence_L1_count_matched,187.1
T2_divergence_L1_count_matched,198.089
T2_divergence_L1_count_matched,182.095
T2_divergence_L1_count_matched,221.833
T2_divergence_L1_count_matched,198.965
T2_divergence_L1_count_matched,169.309
T2_divergence_L1_count_matched,189.186
T2_divergence_L1_count_matched,192.17
T2_divergence_L1_count_matched,205.122
T2_divergence_L1_count_matched,158.75
T2_divergence_L1_count_matched,184.837
T2_divergence_L1_count_matched,194.81
T2_divergence_L1_count_matched,183.795
T2_divergence_L1_count_matched,186.065
T2_divergence_L1_count_matched,206.284
T2_divergence_L1_count_matched,196.594
T2_divergence_L1_count_matched,206.25
T2_divergence_L1_count_matched,180.984
T2_divergence_L1_count_matched,161.929
T2_divergence_L1_count_matched,182.628
T2_divergence_L1_count_matched,206.455
T2_divergence_L1_count_matched,193.213
T2_divergence_L1_count_matched,171.327
T2_divergence_L1_count_matched,207.191
T2_divergence_L1_count_matched,201.773
T2_divergence_L1_count_matched,169.418
T2_divergence_L1_count_matched,200.489
T2_divergence_L1_count_matched,206.614
T2_divergence_L1_count_matched,160.745
T2_divergence_L1_count_matched,192.733
T2_divergence_L1_count_matched,184.889
T2_divergence_L1_count_matched,188.238
T2_divergence_L1_count_matched,187.309
T2_divergence_L1_count_matched,198.118
T2_divergence_L1_count_matched,201.304
T2_divergence_L1_count_matched,150.063
T2_divergence_L1_count_matched,194.137
T2_divergence_L1_count_matched,192.933
T2_divergence_L1_count_matched,222.393
T2_divergence_L1_count_matched,205.465
T2_divergence_L1_count_matched,170.115
T2_divergence_L1_count_matched,198.25
T2_divergence_L1_count_matched,203.163
T2_divergence_L1_count_matched,175.438
T2_divergence_L1_count_matched,195.673
T2_divergence_L1_count_matched,211.933
T2_divergence_L1_count_matched,204.696
T2_divergence_L1_count_matched,175.952
T2_divergence_L1_count_matched,209.915
T2_divergence_L1_count_matched,165.281
T2_divergence_L1_count_matched,187.736
T2_divergence_L1_count_matched,216.422
T2_divergence_L1_count_matched,178.175
T2_divergence_L1_count_matched,149.857
T2_divergence_L1_count_matched,185.848
T2_divergence_L1_count_matched,193.4
T2_divergence_L1_count_matched,186.045
T2_divergence_L1_count_matched,196.154
T2_divergence_L1_count_matched,178.0
T2_divergence_L1_count_matched,196.341
T2_divergence_L1_count_matched,209.271
T2_divergence_L1_count_matched,172.153
T2_divergence_L1_count_matched,196.85
T2_divergence_L1_count_matched,198.258
T2_divergence_L1_count_matched,175.909
T2_divergence_L1_count_matched,142.814
T2_divergence_L1_count_matched,206.886
T2_divergence_L1_count_matched,179.904
T2_divergence_L1_count_matched,156.875
T2_divergence_L1_count_matched,194.698
T2_divergence_L1_count_matched,179.851
T2_divergence_L1_count_matched,199.036
T2_divergence_L1_count_matched,184.188
T2_divergence_L1_count_matched,201.857
T2_divergence_L1_count_matched,210.045
T2_divergence_L1_count_matched,217.638
T2_divergence_L1_count_matched,148.646
T2_divergence_L1_count_matched,205.458
T2_divergence_L1_count_matched,188.345
T2_divergence_L1_count_matched,206.328
T2_divergence_L1_count_matched,176.977
T2_divergence_L1_count_matched,209.556
T2_divergence_L1_count_matched,201.705
T2_divergence_L1_count_matched,160.195
T2_divergence_L1_count_matched,166.707
T2_divergence_L1_count_matched,175.0
T2_divergence_L1_count_matched,158.636
T2_divergence_L1_count_matched,188.018
T2_divergence_L1_count_matched,199.073
T2_divergence_L1_count_matched,176.439
T2_divergence_L1_count_matched,180.109
T2_divergence_L1_count_matched,188.29
T2_divergence_L1_count_matched,189.708
T2_divergence_L1_count_matched,197.37
T2_divergence_L1_count_matched,166.94
T2_divergence_L1_count_matched,186.446
T2_divergence_L1_count_matched,167.442
T2_divergence_L1_count_matched,171.796
T2_divergence_L1_count_matched,225.262
T2_divergence_L1_count_matched,191.0
T2_divergence_L1_count_matched,154.489
T2_divergence_L1_count_matched,220.767
T2_divergence_L1_count_matched,200.392
T2_divergence_L1_count_matched,176.372
T2_divergence_L1_count_matched,207.66
T2_divergence_L1_count_matched,189.067
T2_divergence_L1_count_matched,196.881
T2_divergence_L1_count_matched,189.958
T2_divergence_L1_count_matched,173.489
T2_divergence_L1_count_matched,169.8
T2_divergence_L1_count_matched,185.016
T2_divergence_L1_count_matched,210.46
T2_divergence_L1_count_matched,168.182
T2_divergence_L1_count_matched,210.661
T2_divergence_L1_count_matched,183.847
T2_divergence_L1_count_matched,194.627
T2_divergence_L1_count_matched,206.755
T2_divergence_L1_count_matched,182.279
T2_divergence_L1_count_matched,187.048
T2_divergence_L1_count_matched,190.473
T2_divergence_L1_count_matched,161.615
T2_divergence_L1_count_matched,184.317
T2_divergence_L1_count_matched,187.196
T2_divergence_L1_count_matched,171.193
T2_divergence_L1_count_matched,171.388
T2_divergence_L1_count_matched,174.0
T2_divergence_L1_count_matched,191.818
T2_divergence_L1_count_matched,198.163
T2_divergence_L1_count_matched,216.561
T2_divergence_L1_count_matched,180.05
T2_divergence_L1_count_matched,189.945
T2_divergence_L1_count_matched,164.393
T2_divergence_L1_count_matched,210.774
T2_divergence_L1_count_matched,222.119
T2_divergence_L1_count_matched,188.853
T2_divergence_L1_count_matched,199.216
T2_divergence_L1_count_matched,207.596
T2_divergence_L1_count_matched,176.707
T2_divergence_L1_count_matched,186.419
T2_divergence_L1_count_matched,188.441
T2_divergence_L1_count_matched,189.233
T2_divergence_L1_count_matched,182.432
T2_divergence_L1_count_matched,182.913
T2_divergence_L1_count_matched,212.429
T2_divergence_L1_count_matched,159.863
T2_divergence_L1_count_matched,222.091
T2_divergence_L1_count_matched,198.892
T2_divergence_L1_count_matched,187.024
T2_divergence_L1_count_matched,211.2
T2_divergence_L1_count_matched,161.984
T2_divergence_L1_count_matched,209.975
T2_divergence_L1_count_matched,194.818
T2_divergence_L1_count_matched,178.82
T2_divergence_L1_count_matched,197.633
T2_divergence_L1_count_matched,123.625
T2_divergence_L1_count_matched,161.153
T2_divergence_L1_count_matched,180.81
T2_divergence_L1_count_matched,246.05
T2_divergence_L1_count_matched,186.92
T2_divergence_L1_count_matched,204.792
T2_divergence_L1_count_matched,220.347
T2_divergence_L1_count_matched,189.537
T2_divergence_L1_count_matched,217.087
T2_divergence_L1_count_matched,179.758
T2_divergence_L1_count_matched,168.956
T2_divergence_L1_count_matched,194.349
T2_divergence_L1_count_matched,199.969
T2_divergence_L1_count_matched,216.18
T2_divergence_L1_count_matched,201.966
T2_divergence_L1_count_matched,140.115
T2_divergence_L1_count_matched,191.773
T2_divergence_L1_count_matched,186.426
T2_divergence_L1_count_matched,189.902
T2_divergence_L1_count_matched,163.196
T2_divergence_L1_count_matched,194.554
T2_divergence_L1_count_matched,197.525
T2_divergence_L1_count_matched,184.767
T2_divergence_L1_count_matched,190.705
T2_divergence_L1_count_matched,194.82
T2_divergence_L1_count_matched,183.689
T2_divergence_L1_count_matched,173.125
T2_divergence_L1_count_matched,248.932
T2_divergence_L1_count_matched,162.346
T2_divergence_L1_count_matched,190.425
T2_divergence_L1_count_matched,163.887
T2_divergence_L1_count_matched,182.653
T2_divergence_L1_count_matched,223.942
T2_divergence_L1_count_matched,173.931
T2_divergence_L1_count_matched,201.76
T2_divergence_L1_count_matched,202.82
T2_divergence_L1_count_matched,213.945
T2_divergence_L1_count_matched,177.373
T2_divergence_L1_count_matched,147.745
T2_divergence_L1_count_matched,198.917
T2_divergence_L1_count_matched,189.267
T2_divergence_L1_count_matched,203.288
T2_divergence_L1_count_matched,168.612
T2_divergence_L1_count_matched,212.522
T2_divergence_L1_count_matched,191.706
T2_divergence_L1_count_matched,196.276
T2_divergence_L1_count_matched,210.049
T2_divergence_L1_count_matched,192.977
T2_divergence_L1_count_matched,143.278
T2_divergence_L1_count_matched,186.512
T2_divergence_L1_count_matched,197.761
T2_divergence_L1_count_matched,179.406
T2_divergence_L1_count_matched,176.537
T2_divergence_L1_count_matched,197.417
T2_divergence_L1_count_matched,189.119
T2_divergence_L1_count_matched,194.775
T2_divergence_L1_count_matched,182.135
T2_divergence_L1_count_matched,158.375
T2_divergence_L1_count_matched,181.214
T2_divergence_L1_count_matched,194.419
T2_divergence_L1_count_matched,213.326
T2_divergence_L1_count_matched,192.944
T2_divergence_L1_count_matched,188.5
T2_divergence_L1_count_matched,190.821
T2_divergence_L1_count_matched,190.109
T2_divergence_L1_count_matched,208.152
T2_divergence_L1_count_matched,173.08
T2_divergence_L1_count_matched,214.475
T2_divergence_L1_count_matched,199.816
T2_divergence_L1_count_matched,181.417
T2_divergence_L1_count_matched,185.163
T2_divergence_L1_count_matched,196.482
T2_divergence_L1_count_matched,196.094
T2_divergence_L1_count_matched,189.138
T2_divergence_L1_count_matched,197.969
T2_divergence_L1_count_matched,166.532
T2_divergence_L1_count_matched,190.535
T2_divergence_L1_count_matched,169.83
T2_divergence_L1_count_matched,212.217
T2_divergence_L1_count_matched,194.03
T2_divergence_L1_count_matched,186.804
T2_divergence_L1_count_matched,176.814
T2_divergence_L1_count_matched,177.0
T2_divergence_L1_count_matched,165.163
T2_divergence_L1_count_matched,186.479
T2_divergence_L1_count_matched,198.479
T2_divergence_L1_count_matched,185.096
T2_divergence_L1_count_matched,189.765
T2_divergence_L1_count_matched,184.169
T2_divergence_L1_count_matched,194.3
T2_divergence_L1_count_matched,196.778
T2_divergence_L1_count_matched,193.686
T2_divergence_L1_count_matched,221.408
T2_divergence_L1_count_matched,205.21
T2_divergence_L1_count_matched,193.171
T2_divergence_L1_count_matched,182.826
T2_divergence_L1_count_matched,194.196
T2_divergence_L1_count_matched,205.207
T2_divergence_L1_count_matched,189.644
T2_divergence_L1_count_matched,200.149
T2_divergence_L1_count_matched,188.875
T2_divergence_L1_count_matched,186.82
T2_divergence_L1_count_matched,201.245
T2_divergence_L1_count_matched,178.7
T2_divergence_L1_count_matched,186.324
T2_divergence_L1_count_matched,187.596
T2_divergence_L1_count_matched,225.964
T2_divergence_L1_count_matched,198.483
T2_divergence_L1_count_matched,211.28
T2_divergence_L1_count_matched,153.558
T2_divergence_L1_count_matched,165.782
T2_divergence_L1_count_matched,194.682
T2_divergence_L1_count_matched,191.493
T2_divergence_L1_count_matched,167.209
T2_divergence_L1_count_matched,201.512
T2_divergence_L1_count_matched,146.66
T2_divergence_L1_count_matched,204.744
T2_divergence_L1_count_matched,179.122
T2_divergence_L1_count_matched,198.317
T2_divergence_L1_count_matched,174.643
T2_divergence_L1_count_matched,201.725
T2_divergence_L1_count_matched,205.975
T2_divergence_L1_count_matched,188.246
T2_divergence_L1_count_matched,198.06
T2_divergence_L1_count_matched,202.793
T2_divergence_L1_count_matched,191.607
T2_divergence_L1_count_matched,162.432
T2_divergence_L1_count_matched,170.109
T2_divergence_L1_count_matched,169.738
T2_divergence_L1_count_matched,173.233
T2_divergence_L1_count_matched,187.17
T2_divergence_L1_count_matched,180.432
T2_divergence_L1_count_matched,177.297
T2_divergence_L1_count_matched,203.736
T2_divergence_L1_count_matched,210.745
T2_divergence_L1_count_matched,210.818
T2_divergence_L1_count_matched,184.886
T2_divergence_L1_count_matched,210.429
T2_divergence_L1_count_matched,181.34
T2_divergence_L1_count_matched,207.69
T2_divergence_L1_count_matched,217.333
T2_divergence_L1_count_matched,182.875
T2_divergence_L1_count_matched,201.863
T2_divergence_L1_count_matched,193.886
T2_divergence_L1_count_matched,171.425
T2_divergence_L1_count_matched,195.909
T2_divergence_L1_count_matched,201.769
T2_divergence_L1_count_matched,187.05
T2_divergence_L1_count_matched,201.061
T2_divergence_L1_count_matched,180.362
T2_divergence_L1_count_matched,194.356
T2_divergence_L1_count_matched,171.657
T2_divergence_L1_count_matched,173.633
T2_divergence_L1_count_matched,195.346
T2_divergence_L1_count_matched,188.81
T2_divergence_L1_count_matched,166.674
T2_divergence_L1_count_matched,160.017
T2_divergence_L1_count_matched,177.245
T2_divergence_L1_count_matched,172.435
T2_divergence_L1_count_matched,197.479
T2_divergence_L1_count_matched,192.841
T2_divergence_L1_count_matched,179.782
T2_divergence_L1_count_matched,190.151
T2_divergence_L1_count_matched,195.686
T2_divergence_L1_count_matched,197.292
T2_divergence_L1_count_matched,201.585
T2_divergence_L1_count_matched,184.267
T2_divergence_L1_count_matched,201.404
T2_divergence_L1_count_matched,234.167
T2_divergence_L1_count_matched,187.736
T2_divergence_L1_count_matched,196.327
T2_divergence_L1_count_matched,187.069
T2_divergence_L1_count_matched,195.048
T2_divergence_L1_count_matched,193.073
T2_divergence_L1_count_matched,194.775
T2_divergence_L1_count_matched,201.18
T2_divergence_L1_count_matched,192.036
T2_divergence_L1_count_matched,211.048
T2_divergence_L1_count_matched,192.796
T2_divergence_L1_count_matched,186.766
T2_divergence_L1_count_matched,238.071
T2_divergence_L1_count_matched,170.125
T2_divergence_L1_count_matched,203.935
T2_divergence_L1_count_matched,171.111
T2_divergence_L1_count_matched,192.71
T2_divergence_L1_count_matched,199.364
T2_divergence_L1_count_matched,205.981
T2_divergence_L1_count_matched,185.925
T2_divergence_L1_count_matched,202.132
T2_divergence_L1_count_matched,189.328
T2_divergence_L1_count_matched,196.38
T2_divergence_L1_count_matched,185.786
T2_divergence_L1_count_matched,194.943
T2_divergence_L1_count_matched,184.644
T2_divergence_L1_count_matched,184.84
T2_divergence_L1_count_matched,166.417
T2_divergence_L1_count_matched,186.407
T2_divergence_L1_count_matched,190.295
T2_divergence_L1_count_matched,189.614
T2_divergence_L1_count_matched,163.759
T2_divergence_L1_count_matched,184.692
T2_divergence_L1_count_matched,203.131
T2_divergence_L1_count_matched,186.429
T2_divergence_L1_count_matched,185.721
T2_divergence_L1_count_matched,223.227
T2_divergence_L1_count_matched,189.425
T2_divergence_L1_count_matched,168.898
T2_divergence_L1_count_matched,198.146
T2_divergence_L1_count_matched,174.661
T2_divergence_L1_count_matched,174.594
T2_divergence_L1_count_matched,185.049
T2_divergence_L1_count_matched,191.775
T2_divergence_L1_count_matched,186.642
T2_divergence_L1_count_matched,192.975
T2_divergence_L1_count_matched,204.093
T2_divergence_L1_count_matched,218.089
T2_divergence_L1_count_matched,163.898
T2_divergence_L1_count_matched,200.28
T2_divergence_L1_count_matched,214.0
T2_divergence_L1_count_matched,173.845
T2_divergence_L1_count_matched,188.171
T2_divergence_L1_count_matched,168.625
T2_divergence_L1_count_matched,198.316
T2_divergence_L1_count_matched,187.392
T2_divergence_L1_count_matched,186.483
T2_divergence_L1_count_matched,174.286
T2_divergence_L1_count_matched,178.159
T2_divergence_L1_count_matched,133.204
T2_divergence_L1_count_matched,200.205
T2_divergence_L1_count_matched,171.4
T2_divergence_L1_count_matched,164.979
T2_divergence_L1_count_matched,162.778
T2_divergence_L1_count_matched,191.78
T2_divergence_L1_count_matched,197.227
T2_divergence_L1_count_matched,211.432
T2_divergence_L1_count_matched,183.217
T2_divergence_L1_count_matched,163.706
T2_divergence_L1_count_matched,199.125
T2_divergence_L1_count_matched,191.205
T2_divergence_L1_count_matched,190.908
T2_divergence_L1_count_matched,187.5
T2_divergence_L1_count_matched,195.977
T2_divergence_L1_count_matched,198.675
T2_divergence_L1_count_matched,174.836
T2_divergence_L1_count_matched,167.025
T2_divergence_L1_count_matched,191.132
T2_divergence_L1_count_matched,206.651
T2_divergence_L1_count_matched,209.116
T2_divergence_L1_count_matched,170.75
T2_divergence_L1_count_matched,194.345
T2_divergence_L1_count_matched,186.019
T2_divergence_L1_count_matched,186.019
T2_divergence_L1_count_matched,171.22
T2_divergence_L1_count_matched,206.321
T2_divergence_L1_count_matched,182.366
T2_divergence_L1_count_matched,185.122
T2_divergence_L1_count_matched,186.523
T2_divergence_L1_count_matched,213.58
T2_divergence_L1_count_matched,185.389
T2_divergence_L1_count_matched,203.694
T2_divergence_L1_count_matched,210.492
T2_divergence_L1_count_matched,163.111
T2_divergence_L1_count_matched,186.661
T2_divergence_L1_count_matched,184.02
T2_divergence_L1_count_matched,236.476
T2_divergence_L1_count_matched,179.949
T2_divergence_L1_count_matched,179.532
T2_divergence_L1_count_matched,192.205
T2_divergence_L1_count_matched,194.852
T2_divergence_L1_count_matched,167.698
T2_divergence_L1_count_matched,193.146
T2_divergence_L1_count_matched,197.109
T2_divergence_L1_count_matched,194.571
T2_divergence_L1_count_matched,181.75
T2_divergence_L1_count_matched,187.554
T2_divergence_L1_count_matched,186.532
T2_divergence_L1_count_matched,175.306
T2_divergence_L1_count_matched,195.981
T2_divergence_L1_count_matched,187.413
T2_divergence_L1_count_matched,194.357
T2_divergence_L1_count_matched,209.192
T2_divergence_L1_count_matched,181.021
T2_divergence_L1_count_matched,198.128
T2_divergence_L1_count_matched,179.574
T2_divergence_L1_count_matched,211.214
T2_divergence_L1_count_matched,193.373
T2_divergence_L1_count_matched,215.643
T2_divergence_L1_count_matched,197.732
T2_divergence_L1_count_matched,181.767
T2_divergence_L1_count_matched,196.081
T2_divergence_L1_count_matched,209.778
T2_divergence_L1_count_matched,199.091
T2_divergence_L1_count_matched,177.227
T2_divergence_L1_count_matched,178.195
T2_divergence_L1_count_matched,191.731
T2_divergence_L1_count_matched,159.597
T2_divergence_L1_count_matched,171.149
T2_divergence_L1_count_matched,192.929
T2_divergence_L1_count_matched,195.667
T2_divergence_L1_count_matched,177.723
T2_divergence_L1_count_matched,203.574
T2_divergence_L1_count_matched,186.426
T2_divergence_L1_count_matched,178.15
T2_divergence_L1_count_matched,181.8
T2_divergence_L1_count_matched,174.851
T2_divergence_L1_count_matched,206.636
T2_divergence_L1_count_matched,184.613
T2_divergence_L1_count_matched,166.717
T2_divergence_L1_count_matched,207.35
T2_divergence_L1_count_matched,180.065
T2_divergence_L1_count_matched,192.629
T2_divergence_L1_count_matched,183.618
T2_divergence_L1_count_matched,198.027
T2_divergence_L1_count_matched,140.239
T2_divergence_L1_count_matched,202.762
T2_divergence_L1_count_matched,212.477
T2_divergence_L1_count_matched,201.975
T2_divergence_L1_count_matched,196.885
T2_divergence_L1_count_matched,191.333
T2_divergence_L1_count_matched,204.283
T2_divergence_L1_count_matched,203.164
T2_divergence_L1_count_matched,222.981
T2_divergence_L1_count_matched,177.308
T2_divergence_L1_count_matched,165.279
T2_divergence_L1_count_matched,183.556
T2_divergence_L1_count_matched,209.857
T2_divergence_L1_count_matched,182.571
T2_divergence_L1_count_matched,200.644
T2_divergence_L1_count_matched,172.857
T2_divergence_L1_count_matched,182.729
T2_divergence_L1_count_matched,182.889
T2_divergence_L1_count_matched,151.39
T2_divergence_L1_count_matched,207.857
T2_divergence_L1_count_matched,175.851
T2_divergence_L1_count_matched,189.047
T2_divergence_L1_count_matched,195.614
T2_divergence_L1_count_matched,207.81
T2_divergence_L1_count_matched,164.561
T2_divergence_L1_count_matched,181.983
T2_divergence_L1_count_matched,178.609
T2_divergence_L1_count_matched,189.261
T2_divergence_L1_count_matched,184.157
T2_divergence_L1_count_matched,193.241
T2_divergence_L1_count_matched,175.525
T2_divergence_L1_count_matched,167.259
T2_divergence_L1_count_matched,174.171
T2_divergence_L1_count_matched,164.426
T2_divergence_L1_count_matched,150.143
T2_divergence_L1_count_matched,191.093
T2_divergence_L1_count_matched,168.453
T2_divergence_L1_count_matched,201.0
T2_divergence_L1_count_matched,198.489
T2_divergence_L1_count_matched,207.464
T2_divergence_L1_count_matched,183.582
T2_divergence_L1_count_matched,188.119
T2_divergence_L1_count_matched,198.146
T2_divergence_L1_count_matched,166.531
T2_divergence_L1_count_matched,184.125
T2_divergence_L1_count_matched,190.659
T2_divergence_L1_count_matched,171.804
T2_divergence_L1_count_matched,202.082
T2_divergence_L1_count_matched,170.622
T2_divergence_L1_count_matched,212.873
T2_divergence_L1_count_matched,194.686
T2_divergence_L1_count_matched,218.017
T2_divergence_L1_count_matched,191.571
T2_divergence_L1_count_matched,194.9
T2_divergence_L1_count_matched,205.302
T2_divergence_L1_count_matched,188.512
T2_divergence_L1_count_matched,187.159
T2_divergence_L1_count_matched,216.13
T2_divergence_L1_count_matched,184.279
T2_divergence_L1_count_matched,154.25
T2_divergence_L1_count_matched,176.269
T2_divergence_L1_count_matched,207.212
T2_divergence_L1_count_matched,171.896
T2_divergence_L1_count_matched,148.238
T2_divergence_L1_count_matched,186.488
T2_divergence_L1_count_matched,175.633
T2_divergence_L1_count_matched,200.489
T2_divergence_L1_count_matched,206.683
T2_divergence_L1_count_matched,209.846
T2_divergence_L1_count_matched,215.667
T2_divergence_L1_count_matched,191.429
T2_divergence_L1_count_matched,189.694
T2_divergence_L1_count_matched,208.268
T2_divergence_L1_count_matched,197.086
T2_divergence_L1_count_matched,216.098
T2_divergence_L1_count_matched,184.333
T2_divergence_L1_count_matched,194.34
T2_divergence_L1_count_matched,175.102
T2_divergence_L1_count_matched,204.431
T2_divergence_L1_count_matched,195.524
T2_divergence_L1_count_matched,182.104
T2_divergence_L1_count_matched,193.493
T2_divergence_L1_count_matched,184.0
T2_divergence_L1_count_matched,173.768
T2_divergence_L1_count_matched,199.9
T2_divergence_L1_count_matched,190.63
T2_divergence_L1_count_matched,193.304
T2_divergence_L1_count_matched,211.926
T2_divergence_L1_count_matched,176.095
T2_divergence_L1_count_matched,178.5
T2_divergence_L1_count_matched,183.6
T2_divergence_L1_count_matched,215.238
T2_divergence_L1_count_matched,193.824
T2_divergence_L1_count_matched,151.64
T2_divergence_L1_count_matched,179.848
T2_divergence_L1_count_matched,198.405
T2_divergence_L1_count_matched,193.244
T2_divergence_L1_count_matched,198.592
T2_divergence_L1_count_matched,222.763
T2_divergence_L1_count_matched,190.356
T2_divergence_L1_count_matched,142.979
T2_divergence_L1_count_matched,199.849
T2_divergence_L1_count_matched,192.4
T2_divergence_L1_count_matched,197.561
T2_divergence_L1_count_matched,212.373
T2_divergence_L1_count_matched,177.371
T2_divergence_L1_count_matched,142.791
T2_divergence_L1_count_matched,195.907
T2_divergence_L1_count_matched,163.488
T2_divergence_L1_count_matched,200.667
T2_divergence_L1_count_matched,167.094
T2_divergence_L1_count_matched,183.404
T2_divergence_L1_count_matched,195.9
T2_divergence_L1_count_matched,196.404
T2_divergence_L1_count_matched,177.896
T2_divergence_L1_count_matched,196.477
T2_divergence_L1_count_matched,173.368
T2_divergence_L1_count_matched,196.281
T2_divergence_L1_count_matched,205.324
T2_divergence_L1_count_matched,183.404
T2_divergence_L1_count_matched,203.511
T2_divergence_L1_count_matched,157.605
T2_divergence_L1_count_matched,212.686
T2_divergence_L1_count_matched,195.419
T2_divergence_L1_count_matched,184.075
T2_divergence_L1_count_matched,148.984
T2_divergence_L1_count_matched,186.704
T2_divergence_L1_count_matched,175.691
T2_divergence_L1_count_matched,205.237
T2_divergence_L1_count_matched,195.603
T2_divergence_L1_count_matched,193.517
T2_divergence_L1_count_matched,188.473
T2_divergence_L1_count_matched,216.792
T2_divergence_L1_count_matched,186.902
T2_divergence_L1_count_matched,207.95
T2_divergence_L1_count_matched,199.188
T2_divergence_L1_count_matched,198.268
T2_divergence_L1_count_matched,197.37
T2_divergence_L1_count_matched,184.328
T2_divergence_L1_count_matched,257.831
T2_divergence_L1_count_matched,188.0
T2_divergence_L1_count_matched,188.766
T2_divergence_L1_count_matched,196.655
T2_divergence_L1_count_matched,206.431
T2_divergence_L1_count_matched,170.804
T2_divergence_L1_count_matched,185.338
T2_divergence_L1_count_matched,161.133
T2_divergence_L1_count_matched,174.425
T2_divergence_L1_count_matched,217.02
T2_divergence_L1_count_matched,203.632
T2_divergence_L1_count_matched,185.612
T2_divergence_L1_count_matched,182.76
T2_divergence_L1_count_matched,190.791
T2_divergence_L1_count_matched,185.265
T2_divergence_L1_count_matched,213.898
T2_divergence_L1_count_matched,172.136
T2_divergence_L1_count_matched,171.941
T2_divergence_L1_count_matched,170.7
T2_divergence_L1_count_matched,207.308
T2_divergence_L1_count_matched,211.935
T2_divergence_L1_count_matched,199.163
T2_divergence_L1_count_matched,193.797
T2_divergence_L1_count_matched,177.25
T2_divergence_L1_count_matched,198.912
T2_divergence_L1_count_matched,198.094
T2_divergence_L1_count_matched,158.756
T2_divergence_L1_count_matched,198.737
T2_divergence_L1_count_matched,182.255
T2_divergence_L1_count_matched,234.366
T2_divergence_L1_count_matched,178.067
T2_divergence_L1_count_matched,188.656
T2_divergence_L1_count_matched,161.419
T2_divergence_L1_count_matched,169.309
T2_divergence_L1_count_matched,191.471
T2_divergence_L1_count_matched,185.913
T2_divergence_L1_count_matched,208.195
T2_divergence_L1_count_matched,224.667
T2_divergence_L1_count_matched,175.097
T2_divergence_L1_count_matched,195.714
T2_divergence_L1_count_matched,186.349
T2_divergence_L1_count_matched,190.0
T2_divergence_L1_count_matched,185.473
T2_divergence_L1_count_matched,147.696
T2_divergence_L1_count_matched,189.744
T2_divergence_L1_count_matched,212.927
T2_divergence_L1_count_matched,191.133
T2_divergence_L1_count_matched,206.532
T2_divergence_L1_count_matched,190.125
T2_divergence_L1_count_matched,198.819
T2_divergence_L1_count_matched,195.082
T2_divergence_L1_count_matched,170.375
T2_divergence_L1_count_matched,183.685
T2_divergence_L1_count_matched,185.8
T2_divergence_L1_count_matched,178.419
T2_divergence_L1_count_matched,178.426
T2_divergence_L1_count_matched,186.51
T2_divergence_L1_count_matched,197.7
T2_divergence_L1_count_matched,170.35
T2_divergence_L1_count_matched,211.642
T2_divergence_L1_count_matched,183.088
T2_divergence_L1_count_matched,196.019
T2_divergence_L1_count_matched,164.978
T2_divergence_L1_count_matched,189.951
T2_divergence_L1_count_matched,201.683
T2_divergence_L1_count_matched,193.851
T2_divergence_L1_count_matched,169.8
T2_divergence_L1_count_matched,197.889
T2_divergence_L1_count_matched,173.667
T2_divergence_L1_count_matched,201.22
T2_divergence_L1_count_matched,175.425
T2_divergence_L1_count_matched,207.629
T2_divergence_L1_count_matched,167.355
T2_divergence_L1_count_matched,184.3
T2_divergence_L1_count_matched,179.146
T2_divergence_L1_count_matched,202.372
T2_divergence_L1_count_matched,180.849
T2_divergence_L1_count_matched,205.344
T2_divergence_L1_count_matched,177.415
T2_divergence_L1_count_matched,175.712
T2_divergence_L1_count_matched,187.043
T2_divergence_L1_count_matched,182.649
T2_divergence_L1_count_matched,163.16
T2_divergence_L1_count_matched,158.068
T2_divergence_L1_count_matched,179.735
T2_divergence_L1_count_matched,182.615
T2_divergence_L1_count_matched,155.872
T2_divergence_L1_count_matched,204.103
T2_divergence_L1_count_matched,183.581
T2_divergence_L1_count_matched,199.983
T2_divergence_L1_count_matched,191.778
T2_divergence_L1_count_matched,198.0
T2_divergence_L1_count_matched,196.746
T2_divergence_L1_count_matched,175.714
T2_divergence_L1_count_matched,189.444
T2_divergence_L1_count_matched,213.773
T2_divergence_L1_count_matched,181.558
T2_divergence_L1_count_matched,187.837
T2_divergence_L1_count_matched,186.979
T2_divergence_L1_count_matched,179.625
T2_divergence_L1_count_matched,191.837
T2_divergence_L1_count_matched,202.588
T2_divergence_L1_count_matched,202.854
T2_divergence_L1_count_matched,190.615
T2_divergence_L1_count_matched,190.917
T2_divergence_L1_count_matched,174.068
T2_divergence_L1_count_matched,200.681
T2_divergence_L1_count_matched,178.903
T2_divergence_L1_count_matched,160.111
T2_divergence_L1_count_matched,201.642
T2_divergence_L1_count_matched,174.65
T2_divergence_L1_count_matched,218.902
T2_divergence_L1_count_matched,188.177
T2_divergence_L1_count_matched,157.119
T2_divergence_L1_count_matched,167.073
T2_divergence_L1_count_matched,181.712
T2_divergence_L1_count_matched,168.172
T2_divergence_L1_count_matched,182.902
T2_divergence_L1_count_matched,213.87
T2_divergence_L1_count_matched,198.345
T2_divergence_L1_count_matched,222.8
T2_divergence_L1_count_matched,190.361
T2_divergence_L1_count_matched,163.492
T2_divergence_L1_count_matched,215.308
T2_divergence_L1_count_matched,202.56
T2_divergence_L1_count_matched,208.176
T2_divergence_L1_count_matched,172.028
T2_divergence_L1_count_matched,194.062
T2_divergence_L1_count_matched,184.526
T2_divergence_L1_count_matched,179.66
T2_divergence_L1_count_matched,190.618
T2_divergence_L1_count_matched,211.88
T2_divergence_L1_count_matched,221.6
T2_divergence_L1_count_matched,167.574
T2_divergence_L1_count_matched,215.69
T2_divergence_L1_count_matched,158.236
T2_divergence_L1_count_matched,200.58
T2_divergence_L1_count_matched,181.523
T2_divergence_L1_count_matched,170.551
T2_divergence_L1_count_matched,187.535
T2_divergence_L1_count_matched,180.178
T2_divergence_L1_count_matched,183.017
T2_divergence_L1_count_matched,204.886
T2_divergence_L1_count_matched,201.736
T2_divergence_L1_count_matched,177.298
T2_divergence_L1_count_matched,197.85
T2_divergence_L1_count_matched,187.071
T2_divergence_L1_count_matched,198.549
T2_divergence_L1_count_matched,192.54
T2_divergence_L1_count_matched,198.523
T2_divergence_L1_count_matched,175.519
T2_divergence_L1_count_matched,239.84
T2_divergence_L1_count_matched,174.032
T2_divergence_L1_count_matched,175.469
T2_divergence_L1_count_matched,181.0
T2_divergence_L1_count_matched,187.024
T2_divergence_L1_count_matched,191.1
T2_divergence_L1_count_matched,167.982
T2_divergence_L1_count_matched,184.016
T2_divergence_L1_count_matched,211.929
T2_divergence_L1_count_matched,205.5
T2_divergence_L1_count_matched,197.326
T2_divergence_L1_count_matched,186.738
T2_divergence_L1_count_matched,174.979
T2_divergence_L1_count_matched,195.925
T2_divergence_L1_count_matched,188.25
T2_divergence_L1_count_matched,198.118
T2_divergence_L1_count_matched,186.094
T2_divergence_L1_count_matched,172.49
T2_divergence_L1_count_matched,170.937
T2_divergence_L1_count_matched,197.14
T2_divergence_L1_count_matched,184.719
T2_divergence_L1_count_matched,189.5
T2_divergence_L1_count_matched,200.391
T2_divergence_L1_count_matched,179.314
T2_divergence_L1_count_matched,190.113
T2_divergence_L1_count_matched,160.725
T2_divergence_L1_count_matched,187.214
T2_divergence_L1_count_matched,181.698
T2_divergence_L1_count_matched,196.953
T2_divergence_L1_count_matched,184.489
T2_divergence_L1_count_matched,189.855
T2_divergence_L1_count_matched,224.585
T2_divergence_L1_count_matched,198.923
T2_divergence_L1_count_matched,174.733
T2_divergence_L1_count_matched,162.786
T2_divergence_L1_count_matched,185.966
T2_divergence_L1_count_matched,222.127
T2_divergence_L1_count_matched,225.902
T2_divergence_L1_count_matched,176.357
T2_divergence_L1_count_matched,173.062
T2_divergence_L1_count_matched,193.81
T2_divergence_L1_count_matched,183.217
T2_divergence_L1_count_matched,175.433
T2_divergence_L1_count_matched,218.977
T2_divergence_L1_count_matched,172.646
T2_divergence_L1_count_matched,182.418
T2_divergence_L1_count_matched,198.415
T2_divergence_L1_count_matched,196.048
T2_divergence_L1_count_matched,202.683
T2_divergence_L1_count_matched,177.018
T2_divergence_L1_count_matched,166.217
T2_divergence_L1_count_matched,185.051
T2_divergence_L1_count_matched,187.694
T2_divergence_L1_count_matched,191.571
T2_divergence_L1_count_matched,180.909
T2_divergence_L1_count_matched,216.467
T2_divergence_L1_count_matched,220.548
T2_divergence_L1_count_matched,197.69
T2_divergence_L1_count_matched,198.875
T2_divergence_L1_count_matched,134.071
T2_divergence_L1_count_matched,168.982
T2_divergence_L1_count_matched,178.021
T2_divergence_L1_count_matched,180.475
T2_divergence_L1_count_matched,201.977
T2_divergence_L1_count_matched,182.938
T2_divergence_L1_count_matched,189.78
T2_divergence_L1_count_matched,206.037
T2_divergence_L1_count_matched,162.433
T2_divergence_L1_count_matched,174.135
T2_divergence_L1_count_matched,195.725
T2_divergence_L1_count_matched,180.943
T2_divergence_L1_count_matched,211.481
T2_divergence_L1_count_matched,177.411
T2_divergence_L1_count_matched,192.553
T2_divergence_L1_count_matched,209.205
T2_divergence_L1_count_matched,143.667
T2_divergence_L1_count_matched,189.15
T2_divergence_L1_count_matched,199.024
T2_divergence_L1_count_matched,144.357
T2_divergence_L1_count_matched,197.364
T2_divergence_L1_count_matched,218.733
T2_divergence_L1_count_matched,205.582
T2_divergence_L1_count_matched,170.63
T2_divergence_L1_count_matched,177.662
T2_divergence_L1_count_matched,185.258
T2_divergence_L1_count_matched,185.667
T2_divergence_L1_count_matched,211.161
T2_divergence_L1_count_matched,185.226
T2_divergence_L1_count_matched,173.673
T2_divergence_L1_count_matched,174.652
T2_divergence_L1_count_matched,180.089
T2_divergence_L1_count_matched,195.13
T2_divergence_L1_count_matched,161.725
T2_divergence_L1_count_matched,190.927
T2_divergence_L1_count_matched,195.75
T2_divergence_L1_count_matched,187.275
T2_divergence_L1_count_matched,196.385
T2_divergence_L1_count_matched,199.545
T2_divergence_L1_count_matched,205.795
T2_divergence_L1_count_matched,183.981
T2_divergence_L1_count_matched,157.95
T2_divergence_L1_count_matched,199.073
T2_divergence_L1_count_matched,195.022
T2_divergence_L1_count_matched,201.783
T2_divergence_L1_count_matched,156.222
T2_divergence_L1_count_matched,192.211
T2_divergence_L1_count_matched,204.156
T2_divergence_L1_count_matched,181.561
T2_divergence_L1_count_matched,190.357
T2_divergence_L1_count_matched,187.66
T2_divergence_L1_count_matched,201.143
T2_divergence_L1_count_matched,173.923
T2_divergence_L1_count_matched,165.0
T2_divergence_L1_count_matched,215.262
T2_divergence_L1_count_matched,191.075
T2_divergence_L1_count_matched,191.268
T2_divergence_L1_count_matched,188.0
T2_divergence_L1_count_matched,199.346
T2_divergence_L1_count_matched,168.698
T2_divergence_L1_count_matched,191.52
T2_divergence_L1_count_matched,169.927
T2_divergence_L1_count_matched,182.93
T2_divergence_L1_count_matched,196.786
T2_divergence_L1_count_matched,161.472
T2_divergence_L1_count_matched,199.292
T2_divergence_L1_count_matched,160.486
T2_divergence_L1_count_matched,190.597
T2_divergence_L1_count_matched,203.595
T2_divergence_L1_count_matched,159.075
T2_divergence_L1_count_matched,215.85
T2_divergence_L1_count_matched,190.526
T2_divergence_L1_count_matched,210.091
T2_divergence_L1_count_matched,200.829
T2_divergence_L1_count_matched,168.707
T2_divergence_L1_count_matched,184.905
T2_divergence_L1_count_matched,191.822
T2_divergence_L1_count_matched,168.979
T2_divergence_L1_count_matched,179.444
T2_divergence_L1_count_matched,189.349
T2_divergence_L1_count_matched,189.375
T2_divergence_L1_count_matched,197.431
T2_divergence_L1_count_matched,178.833
T2_divergence_L1_count_matched,154.311
T2_divergence_L1_count_matched,183.347
T2_divergence_L1_count_matched,208.585
T2_divergence_L1_count_matched,171.439
T2_divergence_L1_count_matched,189.46
T2_divergence_L1_count_matched,182.537
T2_divergence_L1_count_matched,185.475
T2_divergence_L1_count_matched,187.396
T2_divergence_L1_count_matched,183.929
T2_divergence_L1_count_matched,157.333
T2_divergence_L1_count_matched,192.439
T2_divergence_L1_count_matched,160.375
T2_divergence_L1_count_matched,182.318
T2_divergence_L1_count_matched,181.238
T2_divergence_L1_count_matched,187.909
T2_divergence_L1_count_matched,186.283
T2_divergence_L1_count_matched,194.5
T2_divergence_L1_count_matched,207.146
T2_divergence_L1_count_matched,194.511
T2_divergence_L1_count_matched,169.314
T2_divergence_L1_count_matched,196.925
T2_divergence_L1_count_matched,190.405
T2_divergence_L1_count_matched,203.667
T2_divergence_L1_count_matched,205.309
T2_divergence_L1_count_matched,184.783
T2_divergence_L1_count_matched,189.22
T2_divergence_L1_count_matched,160.68
T2_divergence_L1_count_matched,179.548
T2_divergence_L1_count_matched,170.623
T2_divergence_L1_count_matched,195.125
T2_divergence_L1_count_matched,161.208
T2_divergence_L1_count_matched,204.727
T2_divergence_L1_count_matched,138.49
T2_divergence_L1_count_matched,200.296
T2_divergence_L1_count_matched,211.977
T2_divergence_L1_count_matched,201.979
T2_divergence_L1_count_matched,196.617
T2_divergence_L1_count_matched,182.94
T2_divergence_L1_count_matched,218.455
T2_divergence_L1_count_matched,199.07
T2_divergence_L1_count_matched,172.644
T2_divergence_L1_count_matched,185.897
T2_divergence_L1_count_matched,178.857
T2_divergence_L1_count_matched,185.792
T2_divergence_L1_count_matched,167.372
T2_divergence_L1_count_matched,200.905
T2_divergence_L1_count_matched,186.674
T2_divergence_L1_count_matched,167.593
T2_divergence_L1_count_matched,179.087
T2_divergence_L1_count_matched,173.919
T2_divergence_L1_count_matched,174.163
T2_divergence_L1_count_matched,198.812
T2_divergence_L1_count_matched,178.391
T2_divergence_L1_count_matched,179.649
T2_divergence_L1_count_matched,189.792
T2_divergence_L1_count_matched,191.892
T2_divergence_L1_count_matched,166.164
T2_divergence_L1_count_matched,194.309
T2_divergence_L1_count_matched,200.148
T2_divergence_L1_count_matched,180.278
T2_divergence_L1_count_matched,207.062
T2_divergence_L1_count_matched,205.477
T2_divergence_L1_count_matched,184.591
T2_divergence_L1_count_matched,178.903
T2_divergence_L1_count_matched,160.128
T2_divergence_L1_count_matched,194.244
T2_divergence_L1_count_matched,195.907
T2_divergence_L1_count_matched,207.244
T2_divergence_L1_count_matched,197.0
T2_divergence_L1_count_matched,203.4
T2_divergence_L1_count_matched,175.491
T2_divergence_L1_count_matched,190.083
T2_divergence_L1_count_matched,186.217
T2_divergence_L1_count_matched,192.244
T2_divergence_L1_count_matched,213.34
T2_divergence_L1_count_matched,216.76
T2_divergence_L1_count_matched,177.289
T2_divergence_L1_count_matched,208.74
T2_divergence_L1_count_matched,158.087
T2_divergence_L1_count_matched,179.214
T2_divergence_L1_count_matched,191.634
T2_divergence_L1_count_matched,145.396
T2_divergence_L1_count_matched,161.857
T2_divergence_L1_count_matched,187.524
T2_divergence_L1_count_matched,180.49
T2_divergence_L1_count_matched,189.542
T2_divergence_L1_count_matched,197.244
T2_divergence_L1_count_matched,203.944
T2_divergence_L1_count_matched,161.643
T2_divergence_L1_count_matched,194.533
T2_divergence_L1_count_matched,187.326
T2_divergence_L1_count_matched,216.913
T2_divergence_L1_count_matched,169.086
T2_divergence_L1_count_matched,185.137
T2_divergence_L1_count_matched,184.375
T2_divergence_L1_count_matched,200.02
T2_divergence_L1_count_matched,192.101
T2_divergence_L1_count_matched,177.017
T2_divergence_L1_count_matched,156.982
T2_divergence_L1_count_matched,207.204
T2_divergence_L1_count_matched,205.016
T2_divergence_L1_count_matched,160.288
T2_divergence_L1_count_matched,199.805
T2_divergence_L1_count_matched,216.28
T2_divergence_L1_count_matched,182.205
T2_divergence_L1_count_matched,187.681
T2_divergence_L1_count_matched,188.617
T2_divergence_L1_count_matched,183.05
T2_divergence_L1_count_matched,194.224
T2_divergence_L1_count_matched,197.646
T2_divergence_L1_count_matched,175.895
T2_divergence_L1_count_matched,190.354
T2_divergence_L1_count_matched,166.596
T2_divergence_L1_count_matched,191.532
T2_divergence_L1_count_matched,196.83
T2_divergence_L1_count_matched,181.25
T2_divergence_L1_count_matched,203.866
T2_divergence_L1_count_matched,183.217
T2_divergence_L1_count_matched,170.921
T2_divergence_L1_count_matched,161.946
T2_divergence_L1_count_matched,198.633
T2_divergence_L1_count_matched,183.468
T2_divergence_L1_count_matched,165.362
T2_divergence_L1_count_matched,188.2
T2_divergence_L1_count_matched,215.338
T2_divergence_L1_count_matched,189.87
T2_divergence_L1_count_matched,166.137
T2_divergence_L1_count_matched,174.667
T2_divergence_L1_count_matched,191.796
T2_divergence_L1_count_matched,210.033
T2_divergence_L1_count_matched,230.326
T2_divergence_L1_count_matched,165.535
T2_divergence_L1_count_matched,217.45
T2_divergence_L1_count_matched,200.2
T2_divergence_L1_count_matched,188.1
T2_divergence_L1_count_matched,194.419
T2_divergence_L1_count_matched,194.409
T2_divergence_L1_count_matched,185.24
T2_divergence_L1_count_matched,169.667
T2_divergence_L1_count_matched,186.043
T2_divergence_L1_count_matched,181.614
T2_divergence_L1_count_matched,201.034
T2_divergence_L1_count_matched,204.589
T2_divergence_L1_count_matched,201.073
T2_divergence_L1_count_matched,183.352
T2_divergence_L1_count_matched,190.983
T2_divergence_L1_count_matched,169.61
T2_divergence_L1_count_matched,211.717
T2_divergence_L1_count_matched,184.071
T2_divergence_L1_count_matched,207.523
T2_divergence_L1_count_matched,197.855
T2_divergence_L1_count_matched,192.345
T2_divergence_L1_count_matched,190.362
T2_divergence_L1_count_matched,175.98
T2_divergence_L1_count_matched,203.075
T2_divergence_L1_count_matched,188.055
T2_divergence_L1_count_matched,145.537
T2_divergence_L1_count_matched,191.984
T2_divergence_L1_count_matched,189.023
T2_divergence_L1_count_matched,178.404
T2_divergence_L1_count_matched,163.208
T2_divergence_L1_count_matched,200.302
T2_divergence_L1_count_matched,164.548
T2_divergence_L1_count_matched,191.306
T2_divergence_L1_count_matched,191.073
T2_divergence_L1_count_matched,189.549
T2_divergence_L1_count_matched,166.408
T2_divergence_L1_count_matched,167.196
T2_divergence_L1_count_matched,161.918
T2_divergence_L1_count_matched,207.913
T2_divergence_L1_count_matched,151.047
T2_divergence_L1_count_matched,193.314
T2_divergence_L1_count_matched,194.452
T2_divergence_L1_count_matched,205.732
T2_divergence_L1_count_matched,226.731
T2_divergence_L1_count_matched,182.237
T2_divergence_L1_count_matched,198.814
T2_divergence_L1_count_matched,198.489
T2_divergence_L1_count_matched,181.762
T2_divergence_L1_count_matched,186.306
T2_divergence_L1_count_matched,176.805
T2_divergence_L1_count_matched,167.605
T2_divergence_L1_count_matched,207.037
T2_divergence_L1_count_matched,177.932
T2_divergence_L1_count_matched,182.889
T2_divergence_L1_count_matched,194.783
T2_divergence_L1_count_matched,174.433
T2_divergence_L1_count_matched,171.412
T2_divergence_L1_count_matched,201.212
T2_divergence_L1_count_matched,190.061
T2_divergence_L1_count_matched,218.049
T2_divergence_L1_count_matched,214.333
T2_divergence_L1_count_matched,186.82
T2_divergence_L1_count_matched,220.146
T2_divergence_L1_count_matched,218.98
T2_divergence_L1_count_matched,175.946
T2_divergence_L1_count_matched,190.766
T2_divergence_L1_count_matched,152.094
T2_divergence_L1_count_matched,195.796
T2_divergence_L1_count_matched,186.925
T2_divergence_L1_count_matched,208.273
T2_divergence_L1_count_matched,204.612
T2_divergence_L1_count_matched,220.091
T2_divergence_L1_count_matched,200.727
T2_divergence_L1_count_matched,177.741
T2_divergence_L1_count_matched,212.46
T2_divergence_L1_count_matched,200.053
T2_divergence_L1_count_matched,205.458
T2_divergence_L1_count_matched,173.309
T2_divergence_L1_count_matched,180.566
T2_divergence_L1_count_matched,183.268
T2_divergence_L1_count_matched,124.0
T2_divergence_L1_count_matched,167.259
T2_divergence_L1_count_matched,220.739
T2_divergence_L1_count_matched,181.273
T2_divergence_L1_count_matched,195.821
T2_divergence_L1_count_matched,182.962
T2_divergence_L1_count_matched,181.102
T2_divergence_L1_count_matched,194.795
T2_divergence_L1_count_matched,189.796
T2_divergence_L1_count_matched,212.512
T2_divergence_L1_count_matched,202.175
T2_divergence_L1_count_matched,210.531
T2_divergence_L1_count_matched,161.984
T2_divergence_L1_count_matched,186.21
T2_divergence_L1_count_matched,209.424
T2_divergence_L1_count_matched,171.0
T2_divergence_L1_count_matched,172.0
T2_divergence_L1_count_matched,202.786
T2_divergence_L1_count_matched,209.245
T2_divergence_L1_count_matched,147.691
T2_divergence_L1_count_matched,194.741
T2_divergence_L1_count_matched,174.955
T2_divergence_L1_count_matched,178.725
T2_divergence_L1_count_matched,151.3
T2_divergence_L1_count_matched,214.083
T2_divergence_L1_count_matched,162.714
T2_divergence_L1_count_matched,177.76
T2_divergence_L1_count_matched,194.966
T2_divergence_L1_count_matched,196.537
T2_divergence_L1_count_matched,192.622
T2_divergence_L1_count_matched,195.707
T2_divergence_L1_count_matched,176.315
T2_divergence_L1_count_matched,172.082
T2_divergence_L1_count_matched,175.123
T2_divergence_L1_count_matched,163.5
T2_divergence_L1_count_matched,196.951
T2_divergence_L1_count_matched,212.981
T2_divergence_L1_count_matched,168.161
T2_divergence_L1_count_matched,191.922
T2_divergence_L1_count_matched,174.983
T2_divergence_L1_count_matched,186.348
T2_divergence_L1_count_matched,183.182
T2_divergence_L1_count_matched,185.14
T2_divergence_L1_count_matched,193.02
T2_divergence_L1_count_matched,193.517
T2_divergence_L1_count_matched,193.175
T2_divergence_L1_count_matched,212.537
T2_divergence_L1_count_matched,177.911
T2_divergence_L1_count_matched,203.766
T2_divergence_L1_count_matched,194.044
T2_divergence_L1_count_matched,196.178
T2_divergence_L1_count_matched,194.812
T2_divergence_L1_count_matched,191.645
T2_divergence_L1_count_matched,186.561
T2_divergence_L1_count_matched,229.667
T2_divergence_L1_count_matched,193.046
T2_divergence_L1_count_matched,195.412
T2_divergence_L1_count_matched,204.045
T2_divergence_L1_count_matched,195.787
T2_divergence_L1_count_matched,182.227
T2_divergence_L1_count_matched,177.067
T2_divergence_L1_count_matched,214.149
T2_divergence_L1_count_matched,212.167
T2_divergence_L1_count_matched,210.51
T2_divergence_L1_count_matched,182.708
T2_divergence_L1_count_matched,184.588
T2_divergence_L1_count_matched,195.286
T2_divergence_L1_count_matched,173.95
T2_divergence_L1_count_matched,184.735
T2_divergence_L1_count_matched,207.5
T2_divergence_L1_count_matched,171.6
T2_divergence_L1_count_matched,195.0
T2_divergence_L1_count_matched,180.177
T2_divergence_L1_count_matched,189.265
T2_divergence_L1_count_matched,194.553
T2_divergence_L1_count_matched,207.891
T2_divergence_L1_count_matched,202.714
T2_divergence_L1_count_matched,200.681
T2_divergence_L1_count_matched,168.217
T2_divergence_L1_count_matched,196.922
T2_divergence_L1_count_matched,172.642
T2_divergence_L1_count_matched,211.325
T2_divergence_L1_count_matched,209.1
T2_divergence_L1_count_matched,187.684
T2_divergence_L1_count_matched,156.239
T2_divergence_L1_count_matched,206.794
T2_divergence_L1_count_matched,205.385
T2_divergence_L1_count_matched,159.506
T2_divergence_L1_count_matched,193.765
T2_divergence_L1_count_matched,174.362
T2_divergence_L1_count_matched,182.889
T2_divergence_L1_count_matched,175.0
T2_divergence_L1_count_matched,184.12
T2_divergence_L1_count_matched,199.066
T2_divergence_L1_count_matched,197.756
T2_divergence_L1_count_matched,194.952
T2_divergence_L1_count_matched,171.5
T2_divergence_L1_count_matched,179.431
T2_divergence_L1_count_matched,165.018
T2_divergence_L1_count_matched,179.256
T2_divergence_L1_count_matched,203.292
T2_divergence_L1_count_matched,171.629
T2_divergence_L1_count_matched,195.705
T2_divergence_L1_count_matched,178.13
T2_divergence_L1_count_matched,177.93
T2_divergence_L1_count_matched,177.482
T2_divergence_L1_count_matched,214.959
T2_divergence_L1_count_matched,174.286
T2_divergence_L1_count_matched,194.228
T2_divergence_L1_count_matched,209.456
T2_divergence_L1_count_matched,211.508
T2_divergence_L1_count_matched,187.49
T2_divergence_L1_count_matched,200.778
T2_divergence_L1_count_matched,184.689
T2_divergence_L1_count_matched,202.039
T2_divergence_L1_count_matched,180.113
T2_divergence_L1_count_matched,197.578
T2_divergence_L1_count_matched,183.148
T2_divergence_L1_count_matched,191.636
T2_divergence_L1_count_matched,188.85
T2_divergence_L1_count_matched,201.421
T2_divergence_L1_count_matched,183.13
T2_divergence_L1_count_matched,190.373
T2_divergence_L1_count_matched,197.234
T2_divergence_L1_count_matched,196.62
T2_divergence_L1_count_matched,192.805
T2_divergence_L1_count_matched,181.964
T2_divergence_L1_count_matched,201.0
T2_divergence_L1_count_matched,182.548
T2_divergence_L1_count_matched,183.326
T2_divergence_L1_count_matched,163.082
T2_divergence_L1_count_matched,189.684
T2_divergence_L1_count_matched,188.431
T2_divergence_L1_count_matched,191.865
T2_divergence_L1_count_matched,271.136
T2_divergence_L1_count_matched,180.442
T2_divergence_L1_count_matched,201.0
T2_divergence_L1_count_matched,164.738
T2_divergence_L1_count_matched,196.2
T2_divergence_L1_count_matched,159.155
T2_divergence_L1_count_matched,206.706
T2_divergence_L1_count_matched,206.45
T2_divergence_L1_count_matched,175.762
T2_divergence_L1_count_matched,208.235
T2_divergence_L1_count_matched,198.56
T2_divergence_L1_count_matched,155.196
T2_divergence_L1_count_matched,205.854
T2_divergence_L1_count_matched,180.913
T2_divergence_L1_count_matched,183.809
T2_divergence_L1_count_matched,182.0
T2_divergence_L1_count_matched,155.35
T2_divergence_L1_count_matched,186.17
T2_divergence_L1_count_matched,188.926
T2_divergence_L1_count_matched,192.881
T2_divergence_L1_count_matched,185.378
T2_divergence_L1_count_matched,196.156
T2_divergence_L1_count_matched,160.814
T2_divergence_L1_count_matched,188.661
T2_divergence_L1_count_matched,186.133
T2_divergence_L1_count_matched,175.082
T2_divergence_L1_count_matched,190.429
T2_divergence_L1_count_matched,174.958
T2_divergence_L1_count_matched,203.836
T2_divergence_L1_count_matched,186.567
T2_divergence_L1_count_matched,186.521
T2_divergence_L1_count_matched,197.364
T2_divergence_L1_count_matched,209.261
T2_divergence_L1_count_matched,194.137
T2_divergence_L1_count_matched,194.279
T2_divergence_L1_count_matched,203.964
T2_divergence_L1_count_matched,166.804
T2_divergence_L1_count_matched,213.381
T2_divergence_L1_count_matched,197.0
T2_divergence_L1_count_matched,195.745
T2_divergence_L1_count_matched,189.833
T2_divergence_L1_count_matched,246.537
T2_divergence_L1_count_matched,185.733
T2_divergence_L1_count_matched,199.059
T2_divergence_L1_count_matched,183.717
T2_divergence_L1_count_matched,179.9
T2_divergence_L1_count_matched,199.019
T2_divergence_L1_count_matched,193.333
T2_divergence_L1_count_matched,198.696
T2_divergence_L1_count_matched,140.744
T2_divergence_L1_count_matched,185.295
T2_divergence_L1_count_matched,195.566
T2_divergence_L1_count_matched,178.891
T2_divergence_L1_count_matched,200.512
T2_divergence_L1_count_matched,211.2
T2_divergence_L1_count_matched,204.783
T2_divergence_L1_count_matched,205.286
T2_divergence_L1_count_matched,219.977
T2_divergence_L1_count_matched,195.362
T2_divergence_L1_count_matched,178.622
T2_divergence_L1_count_matched,191.964
T2_divergence_L1_count_matched,210.489
T2_divergence_L1_count_matched,169.302
T2_divergence_L1_count_matched,189.4
T2_divergence_L1_count_matched,175.525
T2_divergence_L1_count_matched,200.045
T2_divergence_L1_count_matched,171.349
T2_divergence_L1_count_matched,170.351
T2_divergence_L1_count_matched,192.15
T2_divergence_L1_count_matched,165.178
T2_divergence_L1_count_matched,194.0
T2_divergence_L1_count_matched,185.167
T2_divergence_L1_count_matched,200.25
T2_divergence_L1_count_matched,210.709
T2_divergence_L1_count_matched,198.759
T2_divergence_L1_count_matched,206.979
T2_divergence_L1_count_matched,189.875
T2_divergence_L1_count_matched,230.047
T2_divergence_L1_count_matched,168.146
T2_divergence_L1_count_matched,201.69
T2_divergence_L1_count_matched,199.68
T2_divergence_L1_count_matched,209.043
T2_divergence_L1_count_matched,208.981
T2_divergence_L1_count_matched,169.415
T2_divergence_L1_count_matched,172.275
T2_divergence_L1_count_matched,176.659
T2_divergence_L1_count_matched,179.362
T2_divergence_L1_count_matched,190.74
T2_divergence_L1_count_matched,174.623
T2_divergence_L1_count_matched,213.92
T2_divergence_L1_count_matched,180.592
T2_divergence_L1_count_matched,179.068
T2_divergence_L1_count_matched,173.333
T2_divergence_L1_count_matched,202.174
T2_divergence_L1_count_matched,161.705
T2_divergence_L1_count_matched,242.35
T2_divergence_L1_count_matched,195.622
T2_divergence_L1_count_matched,193.254
T2_divergence_L1_count_matched,170.857
T2_divergence_L1_count_matched,193.582
T2_divergence_L1_count_matched,187.439
T2_divergence_L1_count_matched,208.302
T2_divergence_L1_count_matched,206.537
T2_divergence_L1_count_matched,192.493
T2_divergence_L1_count_matched,185.804
T2_divergence_L1_count_matched,209.623
T2_divergence_L1_count_matched,185.318
T2_divergence_L1_count_matched,177.064
T2_divergence_L1_count_matched,195.952
T2_divergence_L1_count_matched,212.981
T2_divergence_L1_count_matched,166.548
T2_divergence_L1_count_matched,226.814
T2_divergence_L1_count_matched,197.65
T2_divergence_L1_count_matched,208.605
T2_divergence_L1_count_matched,170.655
T2_divergence_L1_count_matched,144.317
T2_divergence_L1_count_matched,188.81
T2_divergence_L1_count_matched,175.407
T2_divergence_L1_count_matched,188.674
T2_divergence_L1_count_matched,197.558
T2_divergence_L1_count_matched,139.721
T2_divergence_L1_count_matched,143.106
T2_divergence_L1_count_matched,193.0
T2_divergence_L1_count_matched,213.622
T2_divergence_L1_count_matched,227.575
T2_divergence_L1_count_matched,190.78
T2_divergence_L1_count_matched,219.409
T2_divergence_L1_count_matched,176.902
T2_divergence_L1_count_matched,205.5
T2_divergence_L1_count_matched,202.449
T2_divergence_L1_count_matched,186.292
T2_divergence_L1_count_matched,203.167
T2_divergence_L1_count_matched,181.173
T2_divergence_L1_count_matched,193.963
T2_divergence_L1_count_matched,176.86
T2_divergence_L1_count_matched,172.093
T2_divergence_L1_count_matched,216.792
T2_divergence_L1_count_matched,178.645
T2_divergence_L1_count_matched,192.038
T2_divergence_L1_count_matched,192.225
T2_divergence_L1_count_matched,190.057
T2_divergence_L1_count_matched,203.956
T2_divergence_L1_count_matched,206.35
T2_divergence_L1_count_matched,185.447
T2_divergence_L1_count_matched,154.667
T2_divergence_L1_count_matched,224.659
T2_divergence_L1_count_matched,162.463
T2_divergence_L1_count_matched,177.686
T2_divergence_L1_count_matched,206.434
T2_divergence_L1_count_matched,184.691
T2_divergence_L1_count_matched,211.85
T2_divergence_L1_count_matched,230.214
T2_divergence_L1_count_matched,180.043
T2_divergence_L1_count_matched,186.523
T2_divergence_L1_count_matched,191.94
T2_divergence_L1_count_matched,206.868
T2_divergence_L1_count_matched,169.309
T2_divergence_L1_count_matched,195.851
T2_divergence_L1_count_matched,207.31
T2_divergence_L1_count_matched,196.773
T2_divergence_L1_count_matched,172.204
T2_divergence_L1_count_matched,188.5
T2_divergence_L1_count_matched,203.604
T2_divergence_L1_count_matched,201.814
T2_divergence_L1_count_matched,153.2
T2_divergence_L1_count_matched,194.423
T2_divergence_L1_count_matched,176.607
T2_divergence_L1_count_matched,192.18
T2_divergence_L1_count_matched,197.75
T2_divergence_L1_count_matched,184.544
T2_divergence_L1_count_matched,209.5
T2_divergence_L1_count_matched,187.569
T2_divergence_L1_count_matched,246.09
T2_divergence_L1_count_matched,153.386
T2_divergence_L1_count_matched,177.234
T2_divergence_L1_count_matched,205.34
T2_divergence_L1_count_matched,203.136
T2_divergence_L1_count_matched,185.353
T2_divergence_L1_count_matched,187.698
T2_divergence_L1_count_matched,210.141
T2_divergence_L1_count_matched,193.13
T2_divergence_L1_count_matched,174.317
T2_divergence_L1_count_matched,184.875
T2_divergence_L1_count_matched,159.638
T2_divergence_L1_count_matched,170.524
T2_divergence_L1_count_matched,158.753
T2_divergence_L1_count_matched,171.712
T2_divergence_L1_count_matched,194.473
T2_divergence_L1_count_matched,219.9
T2_divergence_L1_count_matched,172.38
T2_divergence_L1_count_matched,190.762
T2_divergence_L1_count_matched,180.557
T2_divergence_L1_count_matched,185.333
T2_divergence_L1_count_matched,193.952
T2_divergence_L1_count_matched,164.244
T2_divergence_L1_count_matched,193.46
T2_divergence_L1_count_matched,198.356
T2_divergence_L1_count_matched,162.803
T2_divergence_L1_count_matched,201.643
T2_divergence_L1_count_matched,183.682
T2_divergence_L1_count_matched,203.0
T2_divergence_L1_count_matched,177.541
T2_divergence_L1_count_matched,164.796
T2_divergence_L1_count_matched,195.731
T2_divergence_L1_count_matched,206.08
T2_divergence_L1_count_matched,218.65
T2_divergence_L1_count_matched,218.318
T2_divergence_L1_count_matched,199.683
T2_divergence_L1_count_matched,183.211
T2_divergence_L1_count_matched,177.551
T2_divergence_L1_count_matched,223.849
T2_divergence_L1_count_matched,222.078
T2_divergence_L1_count_matched,195.4
T2_divergence_L1_count_matched,175.845
T2_divergence_L1_count_matched,184.561
T2_divergence_L1_count_matched,168.097
T2_divergence_L1_count_matched,188.786
T2_divergence_L1_count_matched,188.655
T2_divergence_L1_count_matched,207.106
T2_divergence_L1_count_matched,186.14
T2_divergence_L1_count_matched,208.925
T2_divergence_L1_count_matched,181.041
T2_divergence_L1_count_matched,175.426
T2_divergence_L1_count_matched,215.375
T2_divergence_L1_count_matched,185.193
T2_divergence_L1_count_matched,181.59
T2_divergence_L1_count_matched,197.548
T2_divergence_L1_count_matched,194.714
T2_divergence_L1_count_matched,226.081
T2_divergence_L1_count_matched,228.155
T2_divergence_L1_count_matched,194.269
T2_divergence_L1_count_matched,213.0
T2_divergence_L1_count_matched,194.215
T2_divergence_L1_count_matched,169.344
T2_divergence_L1_count_matched,181.196
T2_divergence_L1_count_matched,197.659
T2_divergence_L1_count_matched,229.46
T2_divergence_L1_count_matched,174.391
T2_divergence_L1_count_matched,171.66
T2_divergence_L1_count_matched,209.0
T2_divergence_L1_count_matched,207.303
T2_divergence_L1_count_matched,196.438
T2_divergence_L1_count_matched,164.222
T2_divergence_L1_count_matched,196.927
T2_divergence_L1_count_matched,210.811
T2_divergence_L1_count_matched,182.474
T2_divergence_L1_count_matched,186.5
T2_divergence_L1_count_matched,153.632
T2_divergence_L1_count_matched,184.82
T2_divergence_L1_count_matched,201.185
T2_divergence_L1_count_matched,179.618
T2_divergence_L1_count_matched,177.841
T2_divergence_L1_count_matched,188.508
T2_divergence_L1_count_matched,147.419
T2_divergence_L1_count_matched,178.419
T2_divergence_L1_count_matched,179.906
T2_divergence_L1_count_matched,190.571
T2_divergence_L1_count_matched,220.543
T2_divergence_L1_count_matched,190.696
T2_divergence_L1_count_matched,204.604
T2_divergence_L1_count_matched,179.979
T2_divergence_L1_count_matched,178.659
T2_divergence_L1_count_matched,219.98
T2_divergence_L1_count_matched,178.489
T2_divergence_L1_count_matched,184.104
T2_divergence_L1_count_matched,195.909
T2_divergence_L1_count_matched,208.889
T2_divergence_L1_count_matched,177.976
T2_divergence_L1_count_matched,177.254
T2_divergence_L1_count_matched,174.087
T2_divergence_L1_count_matched,161.102
T2_divergence_L1_count_matched,214.955
T2_divergence_L1_count_matched,169.186
T2_divergence_L1_count_matched,185.119
T2_divergence_L1_count_matched,173.25
T2_divergence_L1_count_matched,164.032
T2_divergence_L1_count_matched,210.755
T2_divergence_L1_count_matched,167.646
T2_divergence_L1_count_matched,158.22
T2_divergence_L1_count_matched,199.286
T2_divergence_L1_count_matched,191.135
T2_divergence_L1_count_matched,226.93
T2_divergence_L1_count_matched,193.735
T2_divergence_L1_count_matched,195.951
T2_divergence_L1_count_matched,210.477
T2_divergence_L1_count_matched,194.093
T2_divergence_L1_count_matched,202.652
T2_divergence_L1_count_matched,204.146
T2_divergence_L1_count_matched,196.391
T2_divergence_L1_count_matched,209.413
T2_divergence_L1_count_matched,177.939
T2_divergence_L1_count_matched,208.86
T2_divergence_L1_count_matched,202.742
T2_divergence_L1_count_matched,194.686
T2_divergence_L1_count_matched,180.062
T2_divergence_L1_count_matched,196.758
T2_divergence_L1_count_matched,222.845
T2_divergence_L1_count_matched,200.16
T2_divergence_L1_count_matched,187.457
T2_divergence_L1_count_matched,182.188
T2_divergence_L1_count_matched,182.0
T2_divergence_L1_count_matched,157.024
T2_divergence_L1_count_matched,188.562
T2_divergence_L1_count_matched,159.421
T2_divergence_L1_count_matched,198.556
T2_divergence_L1_count_matched,193.69
T2_divergence_L1_count_matched,191.914
T2_divergence_L1_count_matched,191.887
T2_divergence_L1_count_matched,180.56
T2_divergence_L1_count_matched,189.475
T2_divergence_L1_count_matched,219.468
T2_divergence_L1_count_matched,183.807
T2_divergence_L1_count_matched,192.826
T2_divergence_L1_count_matched,193.566
T2_divergence_L1_count_matched,187.719
T2_divergence_L1_count_matched,207.196
T2_divergence_L1_count_matched,203.74
T2_divergence_L1_count_matched,192.413
T2_divergence_L1_count_matched,203.212
T2_divergence_L1_count_matched,209.493
T2_divergence_L1_count_matched,175.82
T2_divergence_L1_count_matched,199.043
T2_divergence_L1_count_matched,191.088
T2_divergence_L1_count_matched,171.913
T2_divergence_L1_count_matched,200.956
T2_divergence_L1_count_matched,149.071
T2_divergence_L1_count_matched,147.293
T2_divergence_L1_count_matched,198.349
T2_divergence_L1_count_matched,205.969
T2_divergence_L1_count_matched,206.244
T2_divergence_L1_count_matched,190.372
T2_divergence_L1_count_matched,193.35
T2_divergence_L1_count_matched,152.953
T2_divergence_L1_count_matched,195.1
T2_divergence_L1_count_matched,155.49
T2_divergence_L1_count_matched,185.208
T2_divergence_L1_count_matched,199.08
T2_divergence_L1_count_matched,198.976
T2_divergence_L1_count_matched,167.714
T2_divergence_L1_count_matched,183.395
T2_divergence_L1_count_matched,196.978
T2_divergence_L1_count_matched,194.037
T2_divergence_L1_count_matched,188.608
T2_divergence_L1_count_matched,189.515
T2_divergence_L1_count_matched,212.021
T2_divergence_L1_count_matched,170.101
T2_divergence_L1_count_matched,222.42
T2_divergence_L1_count_matched,149.842
T2_divergence_L1_count_matched,184.346
T2_divergence_L1_count_matched,182.653
T2_divergence_L1_count_matched,184.931
T2_divergence_L1_count_matched,187.956
T2_divergence_L1_count_matched,184.341
T2_divergence_L1_count_matched,198.519
T2_divergence_L1_count_matched,173.174
T2_divergence_L1_count_matched,195.353
T2_divergence_L1_count_matched,186.682
T2_divergence_L1_count_matched,183.096
T2_divergence_L1_count_matched,207.167
T2_divergence_L1_count_matched,190.271
T2_divergence_L1_count_matched,192.659
T2_divergence_L1_count_matched,171.812
T2_divergence_L1_count_matched,191.588
T2_divergence_L1_count_matched,199.293
T2_divergence_L1_count_matched,208.302
T2_divergence_L1_count_matched,194.228
T2_divergence_L1_count_matched,213.149
T2_divergence_L1_count_matched,217.0
T2_divergence_L1_count_matched,206.5
T2_divergence_L1_count_matched,212.896
T2_divergence_L1_count_matched,198.5
T2_divergence_L1_count_matched,193.762
T2_divergence_L1_count_matched,189.857
T2_divergence_L1_count_matched,174.404
T2_divergence_L1_count_matched,202.836
T2_divergence_L1_count_matched,213.463
T2_divergence_L1_count_matched,193.228
T2_divergence_L1_count_matched,174.796
T2_divergence_L1_count_matched,191.259
T2_divergence_L1_count_matched,151.39
T2_divergence_L1_count_matched,190.318
T2_divergence_L1_count_matched,203.373
T2_divergence_L1_count_matched,197.227
T2_divergence_L1_count_matched,188.0
T2_divergence_L1_count_matched,192.05
T2_divergence_L1_count_matched,195.122
T2_divergence_L1_count_matched,212.364
T2_divergence_L1_count_matched,156.354
T2_divergence_L1_count_matched,194.674
T2_divergence_L1_count_matched,190.98
T2_divergence_L1_count_matched,168.365
T2_divergence_L1_count_matched,138.449
T2_divergence_L1_count_matched,195.0
T2_divergence_L1_count_matched,193.191
T2_divergence_L1_count_matched,196.898
T2_divergence_L1_count_matched,202.055
T2_divergence_L1_count_matched,211.7
T2_divergence_L1_count_matched,186.232
T2_divergence_L1_count_matched,176.556
T2_divergence_L1_count_matched,215.143
T2_divergence_L1_count_matched,193.281
T2_divergence_L1_count_matched,159.449
T2_divergence_L1_count_matched,215.327
T2_divergence_L1_count_matched,165.5
T2_divergence_L1_count_matched,183.87
T2_divergence_L1_count_matched,189.773
T2_divergence_L1_count_matched,149.186
T2_divergence_L1_count_matched,177.571
T2_divergence_L1_count_matched,201.833
T2_divergence_L1_count_matched,210.6
T2_divergence_L1_count_matched,219.887
T2_divergence_L1_count_matched,208.255
T2_divergence_L1_count_matched,197.558
T2_divergence_L1_count_matched,176.925
T2_divergence_L1_count_matched,187.544
T2_divergence_L1_count_matched,182.619
T2_divergence_L1_count_matched,186.038
T2_divergence_L1_count_matched,174.667
T2_divergence_L1_count_matched,197.529
T2_divergence_L1_count_matched,184.021
T2_divergence_L1_count_matched,185.907
T2_divergence_L1_count_matched,198.08
T2_divergence_L1_count_matched,182.067
T2_divergence_L1_count_matched,189.839
T2_divergence_L1_count_matched,191.086
T2_divergence_L1_count_matched,163.873
T2_divergence_L1_count_matched,154.556
T2_divergence_L1_count_matched,186.81
T2_divergence_L1_count_matched,189.833
T2_divergence_L1_count_matched,215.535
T2_divergence_L1_count_matched,207.889
T2_divergence_L1_count_matched,183.575
T2_divergence_L1_count_matched,166.321
T2_divergence_L1_count_matched,188.982
T2_divergence_L1_count_matched,189.311
T2_divergence_L1_count_matched,181.195
T2_divergence_L1_count_matched,175.938
T2_divergence_L1_count_matched,177.469
T2_divergence_L1_count_matched,218.0
T2_divergence_L1_count_matched,197.844
T2_divergence_L1_count_matched,188.977
T2_divergence_L1_count_matched,209.852
T2_divergence_L1_count_matched,192.723
T2_divergence_L1_count_matched,199.059
T2_divergence_L1_count_matched,177.564
T2_divergence_L1_count_matched,191.149
T2_divergence_L1_count_matched,200.768
T2_divergence_L1_count_matched,197.98
T2_divergence_L1_count_matched,186.547
T2_divergence_L1_count_matched,209.976
T2_divergence_L1_count_matched,189.205
T2_divergence_L1_count_matched,163.717
T2_divergence_L1_count_matched,202.468
T2_divergence_L1_count_matched,215.569
T2_divergence_L1_count_matched,189.489
T2_divergence_L1_count_matched,161.708
T2_divergence_L1_count_matched,175.977
T2_divergence_L1_count_matched,205.65
T2_divergence_L1_count_matched,188.033
T2_divergence_L1_count_matched,179.25
T2_divergence_L1_count_matched,197.137
T2_divergence_L1_count_matched,210.652
T2_divergence_L1_count_matched,210.519
T2_divergence_L1_count_matched,152.378
T2_divergence_L1_count_matched,159.571
T2_divergence_L1_count_matched,180.239
T2_divergence_L1_count_matched,192.768
T2_divergence_L1_count_matched,194.098
T2_divergence_L1_count_matched,171.314
T2_divergence_L1_count_matched,182.053
T2_divergence_L1_count_matched,224.581
T2_divergence_L1_count_matched,187.478
T2_divergence_L1_count_matched,197.672
T2_divergence_L1_count_matched,200.02
T2_divergence_L1_count_matched,210.076
T2_divergence_L1_count_matched,186.561
T2_divergence_L1_count_matched,213.178
T2_divergence_L1_count_matched,216.227
T2_divergence_L1_count_matched,176.778
T2_divergence_L1_count_matched,183.195
T2_divergence_L1_count_matched,208.774
T2_divergence_L1_count_matched,177.894
T2_divergence_L1_count_matched,179.727
T2_divergence_L1_count_matched,210.385
T2_divergence_L1_count_matched,195.979
T2_divergence_L1_count_matched,187.492
T2_divergence_L1_count_matched,183.949
T2_divergence_L1_count_matched,191.567
T2_divergence_L1_count_matched,203.925
T2_divergence_L1_count_matched,207.057
T2_divergence_L1_count_matched,194.8
T2_divergence_L1_count_matched,170.268
T2_divergence_L1_count_matched,204.135
T2_divergence_L1_count_matched,191.475
T2_divergence_L1_count_matched,144.275
T2_divergence_L1_count_matched,183.0
T2_divergence_L1_count_matched,177.93
T2_divergence_L1_count_matched,176.756
T2_divergence_L1_count_matched,206.822
T2_divergence_L1_count_matched,187.926
T2_divergence_L1_count_matched,198.095
T2_divergence_L1_count_matched,198.275
T2_divergence_L1_count_matched,187.792
T2_divergence_L1_count_matched,210.36
T2_divergence_L1_count_matched,175.109
T2_divergence_L1_count_matched,198.647
T2_divergence_L1_count_matched,196.905
T2_divergence_L1_count_matched,169.341
T2_divergence_L1_count_matched,199.754
T2_divergence_L1_count_matched,219.667
T2_divergence_L1_count_matched,168.9
T2_divergence_L1_count_matched,191.125
T2_divergence_L1_count_matched,194.238
T2_divergence_L1_count_matched,224.607
T2_divergence_L1_count_matched,162.981
T2_divergence_L1_count_matched,181.091
T2_divergence_L1_count_matched,202.935
T2_divergence_L1_count_matched,195.349
T2_divergence_L1_count_matched,172.627
T2_divergence_L1_count_matched,153.47
T2_divergence_L1_count_matched,194.755
T2_divergence_L1_count_matched,197.033
T2_divergence_L1_count_matched,154.837
T2_divergence_L1_count_matched,176.0
T2_divergence_L1_count_matched,207.025
T2_divergence_L1_count_matched,198.8
T2_divergence_L1_count_matched,168.045
T2_divergence_L1_count_matched,184.309
T2_divergence_L1_count_matched,181.273
T2_divergence_L1_count_matched,212.208
T2_divergence_L1_count_matched,193.295
T2_divergence_L1_count_matched,196.914
T2_divergence_L1_count_matched,180.963
T2_divergence_L1_count_matched,243.446
T2_divergence_L1_count_matched,233.976
T2_divergence_L1_count_matched,233.435
T2_divergence_L1_count_matched,194.7
T2_divergence_L1_count_matched,196.6
T2_divergence_L1_count_matched,195.846
T2_divergence_L1_count_matched,163.263
T2_divergence_L1_count_matched,170.894
T2_divergence_L1_count_matched,199.286
T2_divergence_L1_count_matched,182.578
T2_divergence_L1_count_matched,205.069
T2_divergence_L1_count_matched,191.85
T2_divergence_L1_count_matched,206.156
T2_divergence_L1_count_matched,154.5
T2_divergence_L1_count_matched,200.902
T2_divergence_L1_count_matched,244.14
T2_divergence_L1_count_matched,201.673
T2_divergence_L1_count_matched,207.49
T2_divergence_L1_count_matched,168.319
T2_divergence_L1_count_matched,174.966
T2_divergence_L1_count_matched,193.823
T2_divergence_L1_count_matched,187.804
T2_divergence_L1_count_matched,165.422
T2_divergence_L1_count_matched,200.625
T2_divergence_L1_count_matched,207.061
T2_divergence_L1_count_matched,188.808
T2_divergence_L1_count_matched,204.196
T2_divergence_L1_count_matched,191.525
T2_divergence_L1_count_matched,229.596
T2_divergence_L1_count_matched,218.517
T2_divergence_L1_count_matched,182.193
T2_divergence_L1_count_matched,206.271
T2_divergence_L1_count_matched,193.674
T2_divergence_L1_count_matched,186.581
T2_divergence_L1_count_matched,181.169
T2_divergence_L1_count_matched,183.259
T2_divergence_L1_count_matched,176.205
T2_divergence_L1_count_matched,201.573
T2_divergence_L1_count_matched,164.904
T2_divergence_L1_count_matched,195.536
T2_divergence_L1_count_matched,213.379
T2_divergence_L1_count_matched,215.104
T2_divergence_L1_count_matched,175.667
T2_divergence_L1_count_matched,220.197
T2_divergence_L1_count_matched,170.186
T2_divergence_L1_count_matched,172.537
T2_divergence_L1_count_matched,195.451
T2_divergence_L1_count_matched,183.304
T2_divergence_L1_count_matched,200.456
T2_divergence_L1_count_matched,189.6
T2_divergence_L1_count_matched,196.885
T2_divergence_L1_count_matched,195.235
T2_divergence_L1_count_matched,183.339
T2_divergence_L1_count_matched,226.977
T2_divergence_L1_count_matched,154.683
T2_divergence_L1_count_matched,212.927
T2_divergence_L1_count_matched,199.236
T2_divergence_L1_count_matched,168.717
T2_divergence_L1_count_matched,215.038
T2_divergence_L1_count_matched,197.0
T2_divergence_L1_count_matched,168.696
T2_divergence_L1_count_matched,193.075
T2_divergence_L1_count_matched,191.575
T2_divergence_L1_count_matched,210.689
T2_divergence_L1_count_matched,205.516
T2_divergence_L1_count_matched,185.909
T2_divergence_L1_count_matched,183.69
T2_divergence_L1_count_matched,185.19
T2_divergence_L1_count_matched,185.432
T2_divergence_L1_count_matched,186.409
T2_divergence_L1_count_matched,204.623
T2_divergence_L1_count_matched,174.87
T2_divergence_L1_count_matched,173.492
T2_divergence_L1_count_matched,167.385
T2_divergence_L1_count_matched,167.271
T2_divergence_L1_count_matched,181.4
T2_divergence_L1_count_matched,173.091
T2_divergence_L1_count_matched,189.07
T2_divergence_L1_count_matched,201.208
T2_divergence_L1_count_matched,186.661
T2_divergence_L1_count_matched,162.127
T2_divergence_L1_count_matched,209.656
T2_divergence_L1_count_matched,167.667
T2_divergence_L1_count_matched,200.623
T2_divergence_L1_count_matched,177.5
T2_divergence_L1_count_matched,175.46
T2_divergence_L1_count_matched,187.268
T2_divergence_L1_count_matched,160.122
T2_divergence_L1_count_matched,187.8
T2_divergence_L1_count_matched,188.979
T2_divergence_L1_count_matched,201.186
T2_divergence_L1_count_matched,223.0
T2_divergence_L1_count_matched,170.132
T2_divergence_L1_count_matched,202.514
T2_divergence_L1_count_matched,165.0
T2_divergence_L1_count_matched,172.756
T2_divergence_L1_count_matched,187.585
T2_divergence_L1_count_matched,203.563
T2_divergence_L1_count_matched,178.621
T2_divergence_L1_count_matched,213.453
T2_divergence_L1_count_matched,140.54
T2_divergence_L1_count_matched,217.15
T2_divergence_L1_count_matched,178.188
T2_divergence_L1_count_matched,194.073
T2_divergence_L1_count_matched,179.255
T2_divergence_L1_count_matched,214.7
T2_divergence_L1_count_matched,203.565
T2_divergence_L1_count_matched,171.643
T2_divergence_L1_count_matched,188.19
T2_divergence_L1_count_matched,182.531
T2_divergence_L1_count_matched,177.767
T2_divergence_L1_count_matched,189.359
T2_divergence_L1_count_matched,198.72
T2_divergence_L1_count_matched,194.025
T2_divergence_L1_count_matched,179.486
T2_divergence_L1_count_matched,167.556
T2_divergence_L1_count_matched,183.731
T2_divergence_L1_count_matched,178.213
T2_divergence_L1_count_matched,190.5
T2_divergence_L1_count_matched,200.333
T2_divergence_L1_count_matched,186.855
T2_divergence_L1_count_matched,188.123
T2_divergence_L1_count_matched,212.042
T2_divergence_L1_count_matched,161.946
T2_divergence_L1_count_matched,192.962
T2_divergence_L1_count_matched,185.528
T2_divergence_L1_count_matched,190.537
T2_divergence_L1_count_matched,151.349
T2_divergence_L1_count_matched,173.894
T2_divergence_L1_count_matched,196.803
T2_divergence_L1_count_matched,186.215
T2_divergence_L1_count_matched,192.216
T2_divergence_L1_count_matched,161.0
T2_divergence_L1_count_matched,196.511
T2_divergence_L1_count_matched,170.491
T2_divergence_L1_count_matched,177.446
T2_divergence_L1_count_matched,184.2
T2_divergence_L1_count_matched,217.209
T2_divergence_L1_count_matched,222.776
T2_divergence_L1_count_matched,174.429
T2_divergence_L1_count_matched,200.917
T2_divergence_L1_count_matched,203.682
T2_divergence_L1_count_matched,177.775
T2_divergence_L1_count_matched,220.489
T2_divergence_L1_count_matched,162.333
T2_divergence_L1_count_matched,184.894
T2_divergence_L1_count_matched,196.268
T2_divergence_L1_count_matched,167.538
T2_divergence_L1_count_matched,172.829
T2_divergence_L1_count_matched,179.34
T2_divergence_L1_count_matched,183.156
T2_divergence_L1_count_matched,200.276
T2_divergence_L1_count_matched,181.2
T2_divergence_L1_count_matched,131.85
T2_divergence_L1_count_matched,194.108
T2_divergence_L1_count_matched,167.286
T2_divergence_L1_count_matched,199.698
T2_divergence_L1_count_matched,194.976
T2_divergence_L1_count_matched,148.727
T2_divergence_L1_count_matched,189.326
T2_divergence_L1_count_matched,174.59
T2_divergence_L1_count_matched,170.787
T2_divergence_L1_count_matched,179.764
T2_divergence_L1_count_matched,191.714
T2_divergence_L1_count_matched,191.295
T2_divergence_L1_count_matched,185.667
T2_divergence_L1_count_matched,198.717
T2_divergence_L1_count_matched,200.392
T2_divergence_L1_count_matched,202.227
T2_divergence_L1_count_matched,203.082
T2_divergence_L1_count_matched,191.75
T2_divergence_L1_count_matched,169.614
T2_divergence_L1_count_matched,189.532
T2_divergence_L1_count_matched,195.533
T2_divergence_L1_count_matched,177.764
T2_divergence_L1_count_matched,201.024
T2_divergence_L1_count_matched,181.22
T2_divergence_L1_count_matched,206.761
T2_divergence_L1_count_matched,197.646
T2_divergence_L1_count_matched,169.725
T2_divergence_L1_count_matched,177.233
T2_divergence_L1_count_matched,176.036
T2_divergence_L1_count_matched,236.094
T2_divergence_L1_count_matched,202.478
T2_divergence_L1_count_matched,177.28
T2_divergence_L1_count_matched,175.732
T2_divergence_L1_count_matched,198.83
T2_divergence_L1_count_matched,178.86
T2_divergence_L1_count_matched,164.354
T2_divergence_L1_count_matched,194.659
T2_divergence_L1_count_matched,189.97
T2_divergence_L1_count_matched,181.191
T2_divergence_L1_count_matched,181.095
T2_divergence_L1_count_matched,185.413
T2_divergence_L1_count_matched,199.458
T2_divergence_L1_count_matched,221.213
T2_divergence_L1_count_matched,159.14
T2_divergence_L1_count_matched,182.973
T2_divergence_L1_count_matched,185.238
T2_divergence_L1_count_matched,163.082
T2_divergence_L1_count_matched,178.071
T2_divergence_L1_count_matched,232.26
T2_divergence_L1_count_matched,173.683
T2_divergence_L1_count_matched,172.383
T2_divergence_L1_count_matched,191.424
T2_divergence_L1_count_matched,167.911
T2_divergence_L1_count_matched,176.655
T2_divergence_L1_count_matched,153.805
T2_divergence_L1_count_matched,201.705
T2_divergence_L1_count_matched,198.766
T2_divergence_L1_count_matched,193.509
T2_divergence_L1_count_matched,230.22
T2_divergence_L1_count_matched,193.983
T2_divergence_L1_count_matched,181.304
T2_divergence_L1_count_matched,138.797
T2_divergence_L1_count_matched,156.837
T2_divergence_L1_count_matched,165.592
T2_divergence_L1_count_matched,174.773
T2_divergence_L1_count_matched,176.312
T2_divergence_L1_count_matched,187.684
T2_divergence_L1_count_matched,209.0
T2_divergence_L1_count_matched,188.891
T2_divergence_L1_count_matched,209.825
T2_divergence_L1_count_matched,183.409
T2_divergence_L1_count_matched,182.047
T2_divergence_L1_count_matched,193.705
T2_divergence_L1_count_matched,184.53
T2_divergence_L1_count_matched,198.8
T2_divergence_L1_count_matched,192.073
T2_divergence_L1_count_matched,191.422
T2_divergence_L1_count_matched,181.479
T2_divergence_L1_count_matched,187.688
T2_divergence_L1_count_matched,189.264
T2_divergence_L1_count_matched,198.952
T2_divergence_L1_count_matched,181.186
T2_divergence_L1_count_matched,191.114
T2_divergence_L1_count_matched,179.456
T2_divergence_L1_count_matched,194.275
T2_divergence_L1_count_matched,200.775
T2_divergence_L1_count_matched,197.98
T2_divergence_L1_count_matched,191.568
T2_divergence_L1_count_matched,185.586
T2_divergence_L1_count_matched,198.314
T2_divergence_L1_count_matched,205.115
T2_divergence_L1_count_matched,171.295
T2_divergence_L1_count_matched,188.302
T2_divergence_L1_count_matched,181.275
T2_divergence_L1_count_matched,193.889
T2_divergence_L1_count_matched,166.269
T2_divergence_L1_count_matched,189.229
T2_divergence_L1_count_matched,186.1
T2_divergence_L1_count_matched,188.017
T2_divergence_L1_count_matched,212.762
T2_divergence_L1_count_matched,207.446
T2_divergence_L1_count_matched,155.353
T2_divergence_L1_count_matched,189.745
T2_divergence_L1_count_matched,191.25
T2_divergence_L1_count_matched,154.702
T2_divergence_L1_count_matched,172.522
T2_divergence_L1_count_matched,162.125
T2_divergence_L1_count_matched,202.465
T2_divergence_L1_count_matched,197.633
T2_divergence_L1_count_matched,148.5
T2_divergence_L1_count_matched,201.661
T2_divergence_L1_count_matched,195.731
T2_divergence_L1_count_matched,251.119
T2_divergence_L1_count_matched,193.612
T2_divergence_L1_count_matched,184.341
T2_divergence_L1_count_matched,198.301
T2_divergence_L1_count_matched,184.845
T2_divergence_L1_count_matched,178.049
T2_divergence_L1_count_matched,184.143
T2_divergence_L1_count_matched,194.62
T2_divergence_L1_count_matched,197.383
T2_divergence_L1_count_matched,188.56
T2_divergence_L1_count_matched,181.067
T2_divergence_L1_count_matched,198.933
T2_divergence_L1_count_matched,208.761
T2_divergence_L1_count_matched,191.426
T2_divergence_L1_count_matched,176.912
T2_divergence_L1_count_matched,211.545
T2_divergence_L1_count_matched,221.686
T2_divergence_L1_count_matched,155.095
T2_divergence_L1_count_matched,202.87
T2_divergence_L1_count_matched,162.774
T2_divergence_L1_count_matched,208.382
T2_divergence_L1_count_matched,170.451
T2_divergence_L1_count_matched,168.465
T2_divergence_L1_count_matched,195.554
T2_divergence_L1_count_matched,193.587
T2_divergence_L1_count_matched,167.516
T2_divergence_L1_count_matched,188.672
T2_divergence_L1_count_matched,196.407
T2_divergence_L1_count_matched,178.667
T2_divergence_L1_count_matched,207.51
T2_divergence_L1_count_matched,189.2
T2_divergence_L1_count_matched,164.483
T2_divergence_L1_count_matched,193.021
T2_divergence_L1_count_matched,201.796
T2_divergence_L1_count_matched,184.286
T2_divergence_L1_count_matched,195.512
T2_divergence_L1_count_matched,186.634
T2_divergence_L1_count_matched,172.075
T2_divergence_L1_count_matched,188.617
T2_divergence_L1_count_matched,189.383
T2_divergence_L1_count_matched,210.154
T2_divergence_L1_count_matched,187.767
T2_divergence_L1_count_matched,188.349
T2_divergence_L1_count_matched,194.476
T2_divergence_L1_count_matched,178.167
T2_divergence_L1_count_matched,184.844
T2_divergence_L1_count_matched,206.158
T2_divergence_L1_count_matched,224.293
T2_divergence_L1_count_matched,208.302
T2_divergence_L1_count_matched,162.109
T2_divergence_L1_count_matched,197.578
T2_divergence_L1_count_matched,192.646
T2_divergence_L1_count_matched,180.25
T2_divergence_L1_count_matched,177.806
T2_divergence_L1_count_matched,176.875
T2_divergence_L1_count_matched,185.629
T2_divergence_L1_count_matched,194.246
T2_divergence_L1_count_matched,144.696
T2_divergence_L1_count_matched,194.29
T2_divergence_L1_count_matched,187.867
T2_divergence_L1_count_matched,190.755
T2_divergence_L1_count_matched,199.524
T2_divergence_L1_count_matched,169.439
T2_divergence_L1_count_matched,197.293
T2_divergence_L1_count_matched,215.603
T2_divergence_L1_count_matched,190.136
T2_divergence_L1_count_matched,207.957
T2_divergence_L1_count_matched,195.071
T2_divergence_L1_count_matched,199.17
T2_divergence_L1_count_matched,217.203
T2_divergence_L1_count_matched,182.0
T2_divergence_L1_count_matched,218.457
T2_divergence_L1_count_matched,156.734
T2_divergence_L1_count_matched,161.095
T2_divergence_L1_count_matched,174.102
T2_divergence_L1_count_matched,196.46
T2_divergence_L1_count_matched,194.021
T2_divergence_L1_count_matched,202.5
T2_divergence_L1_count_matched,208.982
T2_divergence_L1_count_matched,188.596
T2_divergence_L1_count_matched,208.0
T2_divergence_L1_count_matched,197.021
T2_divergence_L1_count_matched,178.558
T2_divergence_L1_count_matched,223.604
T2_divergence_L1_count_matched,201.741
T2_divergence_L1_count_matched,182.279
T2_divergence_L1_count_matched,197.556
T2_divergence_L1_count_matched,190.157
T2_divergence_L1_count_matched,189.743
T2_divergence_L1_count_matched,178.704
T2_divergence_L1_count_matched,165.302
T2_divergence_L1_count_matched,197.673
T2_divergence_L1_count_matched,176.449
T2_divergence_L1_count_matched,202.98
T2_divergence_L1_count_matched,172.589
T2_divergence_L1_count_matched,192.475
T2_divergence_L1_count_matched,209.457
T2_divergence_L1_count_matched,199.3
T2_divergence_L1_count_matched,206.667
T2_divergence_L1_count_matched,187.256
T2_divergence_L1_count_matched,208.049
T2_divergence_L1_count_matched,207.453
T2_divergence_L1_count_matched,177.014
T2_divergence_L1_count_matched,179.911
T2_divergence_L1_count_matched,176.964
T2_divergence_L1_count_matched,188.902
T2_divergence_L1_count_matched,183.061
T2_divergence_L1_count_matched,191.121
T2_divergence_L1_count_matched,201.778
T2_divergence_L1_count_matched,211.574
T2_divergence_L1_count_matched,210.925
T2_divergence_L1_count_matched,254.953
T2_divergence_L1_count_matched,197.568
T2_divergence_L1_count_matched,180.273
T2_divergence_L1_count_matched,186.829
T2_divergence_L1_count_matched,198.755
T2_divergence_L1_count_matched,200.963
T2_divergence_L1_count_matched,194.833
T2_divergence_L1_count_matched,172.397
T2_divergence_L1_count_matched,185.796
T2_divergence_L1_count_matched,133.295
T2_divergence_L1_count_matched,193.791
T2_divergence_L1_count_matched,201.71
T2_divergence_L1_count_matched,191.276
T2_divergence_L1_count_matched,198.386
T2_divergence_L1_count_matched,190.727
T2_divergence_L1_count_matched,165.981
T2_divergence_L1_count_matched,171.113
T2_divergence_L1_count_matched,194.279
T2_divergence_L1_count_matched,224.0
T2_divergence_L1_count_matched,158.143
T2_divergence_L1_count_matched,224.727
T2_divergence_L1_count_matched,186.329
T2_divergence_L1_count_matched,185.37
T2_divergence_L1_count_matched,179.122
T2_divergence_L1_count_matched,241.571
T2_divergence_L1_count_matched,182.681
T2_divergence_L1_count_matched,183.261
T2_divergence_L1_count_matched,172.806
T2_divergence_L1_count_matched,189.935
T2_divergence_L1_count_matched,188.4
T2_divergence_L1_count_matched,178.569
T2_divergence_L1_count_matched,212.545
T2_divergence_L1_count_matched,168.444
T2_divergence_L1_count_matched,182.536
T2_divergence_L1_count_matched,214.959
T2_divergence_L1_count_matched,194.286
T2_divergence_L1_count_matched,203.754
T2_divergence_L1_count_matched,186.14
T2_divergence_L1_count_matched,210.455
T2_divergence_L1_count_matched,216.214
T2_divergence_L1_count_matched,164.75
T2_divergence_L1_count_matched,205.964
T2_divergence_L1_count_matched,199.31
T2_divergence_L1_count_matched,210.032
T2_divergence_L1_count_matched,181.571
T2_divergence_L1_count_matched,178.951
T2_divergence_L1_count_matched,191.689
T2_divergence_L1_count_matched,186.02
T2_divergence_L1_count_matched,184.696
T2_divergence_L1_count_matched,209.132
T2_divergence_L1_count_matched,173.635
T2_divergence_L1_count_matched,183.193
T2_divergence_L1_count_matched,203.377
T2_divergence_L1_count_matched,197.891
T2_divergence_L1_count_matched,198.702
T2_divergence_L1_count_matched,181.214
T2_divergence_L1_count_matched,187.048
T2_divergence_L1_count_matched,143.912
T2_divergence_L1_count_matched,182.745
T2_divergence_L1_count_matched,214.793
T2_divergence_L1_count_matched,189.698
T2_divergence_L1_count_matched,213.0
T2_divergence_L1_count_matched,168.356
T2_divergence_L1_count_matched,210.562
T2_divergence_L1_count_matched,172.238
T2_divergence_L1_count_matched,190.21
T2_divergence_L1_count_matched,189.022
T2_divergence_L1_count_matched,186.698
T2_divergence_L1_count_matched,173.296
T2_divergence_L1_count_matched,194.812
T2_divergence_L1_count_matched,198.064
T2_divergence_L1_count_matched,196.045
T2_divergence_L1_count_matched,199.065
T2_divergence_L1_count_matched,197.927
T2_divergence_L1_count_matched,186.614
T2_divergence_L1_count_matched,194.0
T2_divergence_L1_count_matched,175.836
T2_divergence_L1_count_matched,214.283
T2_divergence_L1_count_matched,197.286
T2_divergence_L1_count_matched,208.82
T2_divergence_L1_count_matched,168.148
T2_divergence_L1_count_matched,187.732
T2_divergence_L1_count_matched,188.479
T2_divergence_L1_count_matched,201.796
T2_divergence_L1_count_matched,171.964
T2_divergence_L1_count_matched,158.328
T2_divergence_L1_count_matched,190.689
T2_divergence_L1_count_matched,168.388
T2_divergence_L1_count_matched,194.0
T2_divergence_L1_count_matched,196.258
T2_divergence_L1_count_matched,153.662
T2_divergence_L1_count_matched,163.667
T2_divergence_L1_count_matched,185.918
T2_divergence_L1_count_matched,172.209
T2_divergence_L1_count_matched,150.5
T2_divergence_L1_count_matched,187.965
T2_divergence_L1_count_matched,220.694
T2_divergence_L1_count_matched,161.067
T2_divergence_L1_count_matched,205.295
T2_divergence_L1_count_matched,191.648
T2_divergence_L1_count_matched,158.619
T2_divergence_L1_count_matched,184.804
T2_divergence_L1_count_matched,209.241
T2_divergence_L1_count_matched,160.296
T2_divergence_L1_count_matched,191.508
T2_divergence_L1_count_matched,175.227
T2_divergence_L1_count_matched,180.764
T2_divergence_L1_count_matched,197.089
T2_divergence_L1_count_matched,205.115
T2_divergence_L1_count_matched,163.941
T2_divergence_L1_count_matched,213.032
T2_divergence_L1_count_matched,168.217
T2_divergence_L1_count_matched,183.633
T2_divergence_L1_count_matched,198.383
T2_divergence_L1_count_matched,160.816
T2_divergence_L1_count_matched,186.132
T2_divergence_L1_count_matched,205.262
T2_divergence_L1_count_matched,211.212
T2_divergence_L1_count_matched,209.143
T2_divergence_L1_count_matched,199.923
T2_divergence_L1_count_matched,187.825
T2_divergence_L1_count_matched,165.113
T2_divergence_L1_count_matched,194.862
T2_divergence_L1_count_matched,213.465
T2_divergence_L1_count_matched,216.975
T2_divergence_L1_count_matched,210.463
T2_divergence_L1_count_matched,165.721
T2_divergence_L1_count_matched,212.403
T2_divergence_L1_count_matched,166.5
T2_divergence_L1_count_matched,178.518
T2_divergence_L1_count_matched,175.22
T2_divergence_L1_count_matched,200.043
T2_divergence_L1_count_matched,198.7
T2_divergence_L1_count_matched,162.632
T2_divergence_L1_count_matched,204.697
T2_divergence_L1_count_matched,177.614
T2_divergence_L1_count_matched,162.932
T2_divergence_L1_count_matched,179.021
T2_divergence_L1_count_matched,192.945
T2_divergence_L1_count_matched,189.836
T2_divergence_L1_count_matched,191.756
T2_divergence_L1_count_matched,180.478
T2_divergence_L1_count_matched,195.189
T2_divergence_L1_count_matched,205.0
T2_divergence_L1_count_matched,183.31
T2_divergence_L1_count_matched,194.327
T2_divergence_L1_count_matched,219.721
T2_divergence_L1_count_matched,224.694
T2_divergence_L1_count_matched,199.241
T2_divergence_L1_count_matched,186.61
T2_divergence_L1_count_matched,175.306
T2_divergence_L1_count_matched,181.875
T2_divergence_L1_count_matched,181.415
T2_divergence_L1_count_matched,194.774
T2_divergence_L1_count_matched,205.977
T2_divergence_L1_count_matched,218.714
T2_divergence_L1_count_matched,235.842
T2_divergence_L1_count_matched,210.51
T2_divergence_L1_count_matched,184.714
T2_divergence_L1_count_matched,200.279
T2_divergence_L1_count_matched,198.373
T2_divergence_L1_count_matched,191.955
T2_divergence_L1_count_matched,203.037
T2_divergence_L1_count_matched,186.327
T2_divergence_L1_count_matched,221.45
T2_divergence_L1_count_matched,178.121
T2_divergence_L1_count_matched,134.208
T2_divergence_L1_count_matched,195.0
T2_divergence_L1_count_matched,182.818
T2_divergence_L1_count_matched,177.881
T2_divergence_L1_count_matched,199.023
T2_divergence_L1_count_matched,205.085
T2_divergence_L1_count_matched,178.809
T2_divergence_L1_count_matched,167.689
T2_divergence_L1_count_matched,205.245
T2_divergence_L1_count_matched,199.049
T2_divergence_L1_count_matched,199.024
T2_divergence_L1_count_matched,170.177
T2_divergence_L1_count_matched,163.333
T2_divergence_L1_count_matched,196.488
T2_divergence_L1_count_matched,202.02
T2_divergence_L1_count_matched,201.2
T2_divergence_L1_count_matched,195.289
T2_divergence_L1_count_matched,208.985
T2_divergence_L1_count_matched,202.827
T2_divergence_L1_count_matched,197.321
T2_divergence_L1_count_matched,185.246
T2_divergence_L1_count_matched,159.518
T2_divergence_L1_count_matched,195.268
T2_divergence_L1_count_matched,223.195
T2_divergence_L1_count_matched,146.29
T2_divergence_L1_count_matched,185.547
T2_divergence_L1_count_matched,178.446
T2_divergence_L1_count_matched,214.6
T2_divergence_L1_count_matched,184.222
T2_divergence_L1_count_matched,208.688
T2_divergence_L1_count_matched,195.356
T2_divergence_L1_count_matched,147.574
T2_divergence_L1_count_matched,179.547
T2_divergence_L1_count_matched,161.393
T2_divergence_L1_count_matched,194.071
T2_divergence_L1_count_matched,171.706
T2_divergence_L1_count_matched,195.739
T2_divergence_L1_count_matched,179.32
T2_divergence_L1_count_matched,171.522
T2_divergence_L1_count_matched,203.855
T2_divergence_L1_count_matched,177.071
T2_divergence_L1_count_matched,187.714
T2_divergence_L1_count_matched,187.082
T2_divergence_L1_count_matched,173.22
T2_divergence_L1_count_matched,157.39
T2_divergence_L1_count_matched,198.122
T2_divergence_L1_count_matched,200.392
T2_divergence_L1_count_matched,171.319
T2_divergence_L1_count_matched,183.72
T2_divergence_L1_count_matched,177.6
T2_divergence_L1_count_matched,188.758
T2_divergence_L1_count_matched,197.295
T2_divergence_L1_count_matched,210.093
T2_divergence_L1_count_matched,182.957
T2_divergence_L1_count_matched,208.341
T2_divergence_L1_count_matched,206.157
T2_divergence_L1_count_matched,205.759
T2_divergence_L1_count_matched,204.951
T2_divergence_L1_count_matched,170.417
T2_divergence_L1_count_matched,186.214
T2_divergence_L1_count_matched,174.725
T2_divergence_L1_count_matched,209.973
T2_divergence_L1_count_matched,185.043
T2_divergence_L1_count_matched,194.654
T2_divergence_L1_count_matched,202.717
T2_divergence_L1_count_matched,182.14
T2_divergence_L1_count_matched,173.6
T2_divergence_L1_count_matched,196.0
T2_divergence_L1_count_matched,204.462
T2_divergence_L1_count_matched,171.583
T2_divergence_L1_count_matched,208.092
T2_divergence_L1_count_matched,192.293
T2_divergence_L1_count_matched,186.689
T2_divergence_L1_count_matched,171.0
T2_divergence_L1_count_matched,169.356
T2_divergence_L1_count_matched,215.612
T2_divergence_L1_count_matched,178.122
T2_divergence_L1_count_matched,154.935
T2_divergence_L1_count_matched,199.912
T2_divergence_L1_count_matched,211.914
T2_divergence_L1_count_matched,188.279
T2_divergence_L1_count_matched,187.961
T2_divergence_L1_count_matched,213.792
T2_divergence_L1_count_matched,196.375
T2_divergence_L1_count_matched,209.519
T2_divergence_L1_count_matched,155.907
T2_divergence_L1_count_matched,186.561
T2_divergence_L1_count_matched,163.779
T2_divergence_L1_count_matched,173.81
T2_divergence_L1_count_matched,200.558
T2_divergence_L1_count_matched,244.304
T2_divergence_L1_count_matched,173.091
T2_divergence_L1_count_matched,186.138
T2_divergence_L1_count_matched,190.804
T2_divergence_L1_count_matched,231.725
T2_divergence_L1_count_matched,210.772
T2_divergence_L1_count_matched,208.14
T2_divergence_L1_count_matched,213.368
T2_divergence_L1_count_matched,188.897
T2_divergence_L1_count_matched,180.077
T2_divergence_L1_count_matched,200.75
T2_divergence_L1_count_matched,165.383
T2_divergence_L1_count_matched,185.244
T2_divergence_L1_count_matched,205.171
T2_divergence_L1_count_matched,196.923
T2_divergence_L1_count_matched,169.966
T2_divergence_L1_count_matched,219.085
T2_divergence_L1_count_matched,196.392
T2_divergence_L1_count_matched,205.964
T2_divergence_L1_count_matched,194.654
T2_divergence_L1_count_matched,220.596
T2_divergence_L1_count_matched,219.889
T2_divergence_L1_count_matched,211.872
T2_divergence_L1_count_matched,177.68
T2_divergence_L1_count_matched,173.113
T2_divergence_L1_count_matched,225.333
T2_divergence_L1_count_matched,157.293
T2_divergence_L1_count_matched,187.525
T2_divergence_L1_count_matched,174.825
T2_divergence_L1_count_matched,205.297
T2_divergence_L1_count_matched,164.071
T2_divergence_L1_count_matched,194.875
T2_divergence_L1_count_matched,177.05
T2_divergence_L1_count_matched,198.65
T2_divergence_L1_count_matched,268.791
T2_divergence_L1_count_matched,186.095
T2_divergence_L1_count_matched,202.925
T2_divergence_L1_count_matched,199.0
T2_divergence_L1_count_matched,189.269
T2_divergence_L1_count_matched,202.709
T2_divergence_L1_count_matched,198.087
T2_divergence_L1_count_matched,202.125
T2_divergence_L1_count_matched,167.828
T2_divergence_L1_count_matched,234.043
T2_divergence_L1_count_matched,179.222
T2_divergence_L1_count_matched,184.256
T2_divergence_L1_count_matched,203.766
T2_divergence_L1_count_matched,194.656
T2_divergence_L1_count_matched,204.568
T2_divergence_L1_count_matched,171.4
T2_divergence_L1_count_matched,181.018
T2_divergence_L1_count_matched,179.547
T2_divergence_L1_count_matched,187.325
T2_divergence_L1_count_matched,186.304
T2_divergence_L1_count_matched,172.537
T2_divergence_L1_count_matched,183.07
T2_divergence_L1_count_matched,147.913
T2_divergence_L1_count_matched,197.244
T2_divergence_L1_count_matched,195.34
T2_divergence_L1_count_matched,198.042
T2_divergence_L1_count_matched,177.794
T2_divergence_L1_count_matched,198.714
T2_divergence_L1_count_matched,187.4
T2_divergence_L1_count_matched,195.239
T2_divergence_L1_count_matched,183.0
T2_divergence_L1_count_matched,202.771
T2_divergence_L1_count_matched,193.825
T2_divergence_L1_count_matched,196.39
T2_divergence_L1_count_matched,197.18
T2_divergence_L1_count_matched,177.098
T2_divergence_L1_count_matched,218.574
T2_divergence_L1_count_matched,161.481
T2_divergence_L1_count_matched,195.69
T2_divergence_L1_count_matched,175.068
T2_divergence_L1_count_matched,192.239
T2_divergence_L1_count_matched,203.836
T2_divergence_L1_count_matched,156.068
T2_divergence_L1_count_matched,179.365
T2_divergence_L1_count_matched,189.775
T2_divergence_L1_count_matched,207.245
T2_divergence_L1_count_matched,192.867
T2_divergence_L1_count_matched,205.49
T2_divergence_L1_count_matched,188.646
T2_divergence_L1_count_matched,182.562
T2_divergence_L1_count_matched,166.924
T2_divergence_L1_count_matched,185.529
T2_divergence_L1_count_matched,169.141
T2_divergence_L1_count_matched,195.0
T2_divergence_L1_count_matched,207.922
T2_divergence_L1_count_matched,201.059
T2_divergence_L1_count_matched,191.92
T2_divergence_L1_count_matched,221.702
T2_divergence_L1_count_matched,187.034
T2_divergence_L1_count_matched,201.345
T2_divergence_L1_count_matched,201.558
T2_divergence_L1_count_matched,170.193
T2_divergence_L1_count_matched,188.396
T2_divergence_L1_count_matched,190.604
T2_divergence_L1_count_matched,200.544
T2_divergence_L1_count_matched,169.511
T2_divergence_L1_count_matched,196.456
T2_divergence_L1_count_matched,199.227
T2_divergence_L1_count_matched,204.545
T2_divergence_L1_count_matched,190.688
T2_divergence_L1_count_matched,186.278
T2_divergence_L1_count_matched,187.815
T2_divergence_L1_count_matched,220.836
T2_divergence_L1_count_matched,199.68
T2_divergence_L1_count_matched,209.049
T2_divergence_L1_count_matched,186.667
T2_divergence_L1_count_matched,193.114
T2_divergence_L1_count_matched,177.045
T2_divergence_L1_count_matched,189.244
T2_divergence_L1_count_matched,190.281
T2_divergence_L1_count_matched,186.565
T2_divergence_L1_count_matched,187.98
T2_divergence_L1_count_matched,197.295
T2_divergence_L1_count_matched,194.761
T2_divergence_L1_count_matched,185.837
T2_divergence_L1_count_matched,165.306
T2_divergence_L1_count_matched,203.356
T2_divergence_L1_count_matched,175.415
T2_divergence_L1_count_matched,194.646
T2_divergence_L1_count_matched,200.49
T2_divergence_L1_count_matched,181.891
T2_divergence_L1_count_matched,177.059
T2_divergence_L1_count_matched,202.756
T2_divergence_L1_count_matched,181.707
T2_divergence_L1_count_matched,175.92
T2_divergence_L1_count_matched,176.094
T2_divergence_L1_count_matched,179.98
T2_divergence_L1_count_matched,225.302
T2_divergence_L1_count_matched,183.979
T2_divergence_L1_count_matched,170.407
T2_divergence_L1_count_matched,197.341
T2_divergence_L1_count_matched,218.021
T2_divergence_L1_count_matched,162.325
T2_divergence_L1_count_matched,164.204
T2_divergence_L1_count_matched,185.426
T2_divergence_L1_count_matched,187.938
T2_divergence_L1_count_matched,186.244
T2_divergence_L1_count_matched,167.857
T2_divergence_L1_count_matched,200.59
T2_divergence_L1_count_matched,234.796
T2_divergence_L1_count_matched,211.34
T2_divergence_L1_count_matched,190.603
T2_divergence_L1_count_matched,200.163
T2_divergence_L1_count_matched,194.554
T2_divergence_L1_count_matched,201.0
T2_divergence_L1_count_matched,189.212
T2_divergence_L1_count_matched,201.167
T2_divergence_L1_count_matched,170.512
T2_divergence_L1_count_matched,183.178
T2_divergence_L1_count_matched,218.341
T2_divergence_L1_count_matched,193.706
T2_divergence_L1_count_matched,203.316
T2_divergence_L1_count_matched,182.409
T2_divergence_L1_count_matched,200.568
T2_divergence_L1_count_matched,160.185
T2_divergence_L1_count_matched,188.804
T2_divergence_L1_count_matched,171.905
T2_divergence_L1_count_matched,201.5
T2_divergence_L1_count_matched,178.185
T2_divergence_L1_count_matched,180.17
T2_divergence_L1_count_matched,200.294
T2_divergence_L1_count_matched,202.132
T2_divergence_L1_count_matched,167.229
T2_divergence_L1_count_matched,202.579
T2_divergence_L1_count_matched,191.232
T2_divergence_L1_count_matched,188.758
T2_divergence_L1_count_matched,210.315
T2_divergence_L1_count_matched,224.814
T2_divergence_L1_count_matched,169.775
T2_divergence_L1_count_matched,196.912
T2_divergence_L1_count_matched,186.111
T2_divergence_L1_count_matched,181.792
T2_divergence_L1_count_matched,182.923
T2_divergence_L1_count_matched,209.024
T2_divergence_L1_count_matched,193.151
T2_divergence_L1_count_matched,201.302
T2_divergence_L1_count_matched,199.685
T2_divergence_L1_count_matched,193.975
T2_divergence_L1_count_matched,186.14
T2_divergence_L1_count_matched,180.804
T2_divergence_L1_count_matched,184.596
T2_divergence_L1_count_matched,168.149
T2_divergence_L1_count_matched,194.614
T2_divergence_L1_count_matched,186.244
T2_divergence_L1_count_matched,181.694
T2_divergence_L1_count_matched,221.952
T2_divergence_L1_count_matched,189.889
T2_divergence_L1_count_matched,160.234
T2_divergence_L1_count_matched,193.0
T2_divergence_L1_count_matched,170.939
T2_divergence_L1_count_matched,183.8
T2_divergence_L1_count_matched,174.446
T2_divergence_L1_count_matched,182.859
T2_divergence_L1_count_matched,193.975
T2_divergence_L1_count_matched,172.465
T2_divergence_L1_count_matched,198.614
T2_divergence_L1_count_matched,182.212
T2_divergence_L1_count_matched,194.574
T2_divergence_L1_count_matched,185.569
T2_divergence_L1_count_matched,218.738
T2_divergence_L1_count_matched,178.682
T2_divergence_L1_count_matched,195.9
T2_divergence_L1_count_matched,194.102
T2_divergence_L1_count_matched,184.409
T2_divergence_L1_count_matched,167.457
T2_divergence_L1_count_matched,202.737
T2_divergence_L1_count_matched,196.807
T2_divergence_L1_count_matched,161.049
T2_divergence_L1_count_matched,195.651
T2_divergence_L1_count_matched,148.3
T2_divergence_L1_count_matched,171.733
T2_divergence_L1_count_matched,208.072
T2_divergence_L1_count_matched,173.234
T2_divergence_L1_count_matched,189.273
T2_divergence_L1_count_matched,188.806
T2_divergence_L1_count_matched,185.164
T2_divergence_L1_count_matched,199.404
T2_divergence_L1_count_matched,181.457
T2_divergence_L1_count_matched,151.045
T2_divergence_L1_count_matched,187.481
T2_divergence_L1_count_matched,210.742
T2_divergence_L1_count_matched,180.673
T2_divergence_L1_count_matched,178.9
T2_divergence_L1_count_matched,185.143
T2_divergence_L1_count_matched,191.5
T2_divergence_L1_count_matched,185.023
T2_divergence_L1_count_matched,188.073
T2_divergence_L1_count_matched,200.962
T2_divergence_L1_count_matched,195.61
T2_divergence_L1_count_matched,150.955
T2_divergence_L1_count_matched,194.426
T2_divergence_L1_count_matched,211.182
T2_divergence_L1_count_matched,185.69
T2_divergence_L1_count_matched,162.292
T2_divergence_L1_count_matched,184.965
T2_divergence_L1_count_matched,167.809
T2_divergence_L1_count_matched,176.298
T2_divergence_L1_count_matched,205.682
T2_divergence_L1_count_matched,183.869
T2_divergence_L1_count_matched,205.358
T2_divergence_L1_count_matched,192.804
T2_divergence_L1_count_matched,192.488
T2_divergence_L1_count_matched,209.267
T2_divergence_L1_count_matched,223.035
T2_divergence_L1_count_matched,205.2
T2_divergence_L1_count_matched,181.65
T2_divergence_L1_count_matched,189.566
T2_divergence_L1_count_matched,156.75
T2_divergence_L1_count_matched,162.476
T2_divergence_L1_count_matched,187.698
T2_divergence_L1_count_matched,184.65
T2_divergence_L1_count_matched,190.889
T2_divergence_L1_count_matched,219.304
T2_divergence_L1_count_matched,186.333
T2_divergence_L1_count_matched,207.886
T2_divergence_L1_count_matched,198.74
T2_divergence_L1_count_matched,174.214
T2_divergence_L1_count_matched,199.25
T2_divergence_L1_count_matched,160.306
T2_divergence_L1_count_matched,207.058
T2_divergence_L1_count_matched,209.362
T2_divergence_L1_count_matched,163.909
T2_divergence_L1_count_matched,177.725
T2_divergence_L1_count_matched,199.675
T2_divergence_L1_count_matched,177.7
T2_divergence_L1_count_matched,208.019
T2_divergence_L1_count_matched,171.92
T2_divergence_L1_count_matched,189.768
T2_divergence_L1_count_matched,194.39
T2_divergence_L1_count_matched,162.341
T2_divergence_L1_count_matched,160.8
T2_divergence_L1_count_matched,199.238
T2_divergence_L1_count_matched,187.444
T2_divergence_L1_count_matched,157.509
T2_divergence_L1_count_matched,183.476
T2_divergence_L1_count_matched,199.111
T2_divergence_L1_count_matched,188.493
T2_divergence_L1_count_matched,176.477
T2_divergence_L1_count_matched,185.244
T2_divergence_L1_count_matched,202.939
T2_divergence_L1_count_matched,156.776
T2_divergence_L1_count_matched,177.467
T2_divergence_L1_count_matched,205.943
T2_divergence_L1_count_matched,212.195
T2_divergence_L1_count_matched,230.689
T2_divergence_L1_count_matched,213.062
T2_divergence_L1_count_matched,197.375
T2_divergence_L1_count_matched,171.113
T2_divergence_L1_count_matched,184.239
T2_divergence_L1_count_matched,177.08
T2_divergence_L1_count_matched,192.192
T2_divergence_L1_count_matched,192.938
T2_divergence_L1_count_matched,178.152
T2_divergence_L1_count_matched,191.586
T2_divergence_L1_count_matched,201.672
T2_divergence_L1_count_matched,177.6
T2_divergence_L1_count_matched,164.88
T2_divergence_L1_count_matched,186.14
T2_divergence_L1_count_matched,213.184
T2_divergence_L1_count_matched,187.611
T2_divergence_L1_count_matched,170.175
T2_divergence_L1_count_matched,183.391
T2_divergence_L1_count_matched,190.34
T2_divergence_L1_count_matched,181.022
T2_divergence_L1_count_matched,217.275
T2_divergence_L1_count_matched,189.143
T2_divergence_L1_count_matched,214.561
T2_divergence_L1_count_matched,212.649
T2_divergence_L1_count_matched,198.289
T2_divergence_L1_count_matched,180.089
T2_divergence_L1_count_matched,185.977
T2_divergence_L1_count_matched,193.809
T2_divergence_L1_count_matched,160.062
T2_divergence_L1_count_matched,181.978
T2_divergence_L1_count_matched,193.323
T2_divergence_L1_count_matched,198.059
T2_divergence_L1_count_matched,228.783
T2_divergence_L1_count_matched,199.111
T2_divergence_L1_count_matched,200.756
T2_divergence_L1_count_matched,184.024
T2_divergence_L1_count_matched,212.0
T2_divergence_L1_count_matched,181.477
T2_divergence_L1_count_matched,166.341
T2_divergence_L1_count_matched,205.312
T2_divergence_L1_count_matched,177.492
T2_divergence_L1_count_matched,193.163
T2_divergence_L1_count_matched,202.826
T2_divergence_L1_count_matched,182.146
T2_divergence_L1_count_matched,205.422
T2_divergence_L1_count_matched,200.079
T2_divergence_L1_count_matched,171.538
T2_divergence_L1_count_matched,204.364
T2_divergence_L1_count_matched,216.37
T2_divergence_L1_count_matched,172.295
T2_divergence_L1_count_matched,186.188
T2_divergence_L1_count_matched,202.245
T2_divergence_L1_count_matched,188.976
T2_divergence_L1_count_matched,197.032
T2_divergence_L1_count_matched,187.545
T2_divergence_L1_count_matched,195.455
T2_divergence_L1_count_matched,181.745
T2_divergence_L1_count_matched,185.9
T2_divergence_L1_count_matched,184.386
T2_divergence_L1_count_matched,165.25
T2_divergence_L1_count_matched,224.13
T2_divergence_L1_count_matched,188.037
T2_divergence_L1_count_matched,153.0
T2_divergence_L1_count_matched,196.0
T2_divergence_L1_count_matched,180.256
T2_divergence_L1_count_matched,202.772
T2_divergence_L1_count_matched,186.904
T2_divergence_L1_count_matched,160.245
T2_divergence_L1_count_matched,179.846
T2_divergence_L1_count_matched,209.85
T2_divergence_L1_count_matched,152.0
T2_divergence_L1_count_matched,205.894
T2_divergence_L1_count_matched,183.098
T2_divergence_L1_count_matched,170.94
T2_divergence_L1_count_matched,174.438
T2_divergence_L1_count_matched,216.119
T2_divergence_L1_count_matched,190.357
T2_divergence_L1_count_matched,170.786
T2_divergence_L1_count_matched,161.238
T2_divergence_L1_count_matched,198.312
T2_divergence_L1_count_matched,181.447
T2_divergence_L1_count_matched,184.621
T2_divergence_L1_count_matched,169.909
T2_divergence_L1_count_matched,149.512
T2_divergence_L1_count_matched,186.909
T2_divergence_L1_count_matched,196.288
T2_divergence_L1_count_matched,175.702
T2_divergence_L1_count_matched,201.928
T2_divergence_L1_count_matched,180.88
T2_divergence_L1_count_matched,181.19
T2_divergence_L1_count_matched,182.0
T2_divergence_L1_count_matched,217.543
T2_divergence_L1_count_matched,165.95
T2_divergence_L1_count_matched,148.552
T2_divergence_L1_count_matched,180.755
T2_divergence_L1_count_matched,203.965
T2_divergence_L1_count_matched,201.075
T2_divergence_L1_count_matched,209.536
T2_divergence_L1_count_matched,188.79
T2_divergence_L1_count_matched,189.022
T2_divergence_L1_count_matched,176.976
T2_divergence_L1_count_matched,182.98
T2_divergence_L1_count_matched,204.0
T2_divergence_L1_count_matched,156.86
T2_divergence_L1_count_matched,197.944
T2_divergence_L1_count_matched,210.746
T2_divergence_L1_count_matched,189.412
T2_divergence_L1_count_matched,203.717
T2_divergence_L1_count_matched,174.679
T2_divergence_L1_count_matched,180.614
T2_divergence_L1_count_matched,198.24
T2_divergence_L1_count_matched,201.877
T2_divergence_L1_count_matched,196.409
T2_divergence_L1_count_matched,207.581
T2_divergence_L1_count_matched,199.079
T2_divergence_L1_count_matched,179.682
T2_divergence_L1_count_matched,178.35
T2_divergence_L1_count_matched,177.182
T2_divergence_L1_count_matched,191.089
T2_divergence_L1_count_matched,161.426
T2_divergence_L1_count_matched,211.933
T2_divergence_L1_count_matched,191.052
T2_divergence_L1_count_matched,173.642
T2_divergence_L1_count_matched,200.375
T2_divergence_L1_count_matched,175.614
T2_divergence_L1_count_matched,181.422
T2_divergence_L1_count_matched,182.089
T2_divergence_L1_count_matched,187.196
T2_divergence_L1_count_matched,198.9
T2_divergence_L1_count_matched,187.884
T2_divergence_L1_count_matched,188.589
T2_divergence_L1_count_matched,174.345
T2_divergence_L1_count_matched,154.435
T2_divergence_L1_count_matched,198.464
T2_divergence_L1_count_matched,191.694
T2_divergence_L1_count_matched,193.83
T2_divergence_L1_count_matched,210.875
T2_divergence_L1_count_matched,193.592
T2_divergence_L1_count_matched,185.608
T2_divergence_L1_count_matched,193.721
T2_divergence_L1_count_matched,193.145
T2_divergence_L1_count_matched,194.518
T2_divergence_L1_count_matched,188.427
T2_divergence_L1_count_matched,176.156
T2_divergence_L1_count_matched,170.161
T2_divergence_L1_count_matched,195.439
T2_divergence_L1_count_matched,172.049
T2_divergence_L1_count_matched,199.592
T2_divergence_L1_count_matched,171.692
T2_divergence_L1_count_matched,203.25
T2_divergence_L1_count_matched,193.094
T2_divergence_L1_count_matched,181.683
T2_divergence_L1_count_matched,184.947
T2_divergence_L1_count_matched,191.775
T2_divergence_L1_count_matched,191.127
T2_divergence_L1_count_matched,204.85
T2_divergence_L1_count_matched,183.596
T2_divergence_L1_count_matched,225.189
T2_divergence_L1_count_matched,180.094
T2_divergence_L1_count_matched,183.857
T2_divergence_L1_count_matched,198.891
T2_divergence_L1_count_matched,179.382
T2_divergence_L1_count_matched,193.837
T2_divergence_L1_count_matched,171.515
T2_divergence_L1_count_matched,153.567
T2_divergence_L1_count_matched,207.864
T2_divergence_L1_count_matched,199.953
T2_divergence_L1_count_matched,211.491
T2_divergence_L1_count_matched,181.456
T2_divergence_L1_count_matched,152.932
T2_divergence_L1_count_matched,181.13
T2_divergence_L1_count_matched,192.512
T2_divergence_L1_count_matched,190.63
T2_divergence_L1_count_matched,209.84
T2_divergence_L1_count_matched,192.167
T2_divergence_L1_count_matched,185.396
T2_divergence_L1_count_matched,174.891
T2_divergence_L1_count_matched,166.822
T2_divergence_L1_count_matched,171.8
T2_divergence_L1_count_matched,197.271
T2_divergence_L1_count_matched,192.023
T2_divergence_L1_count_matched,172.522
T2_divergence_L1_count_matched,187.762
T2_divergence_L1_count_matched,203.979
T2_divergence_L1_count_matched,182.714
T2_divergence_L1_count_matched,185.787
T2_divergence_L1_count_matched,249.525
T2_divergence_L1_count_matched,190.085
T2_divergence_L1_count_matched,179.958
T2_divergence_L1_count_matched,178.34
T2_divergence_L1_count_matched,185.054
T2_divergence_L1_count_matched,218.073
T2_divergence_L1_count_matched,212.02
T2_divergence_L1_count_matched,190.2
T2_divergence_L1_count_matched,206.519
T2_divergence_L1_count_matched,181.682
T2_divergence_L1_count_matched,187.5
T2_divergence_L1_count_matched,183.609
T2_divergence_L1_count_matched,184.096
T2_divergence_L1_count_matched,194.851
T2_divergence_L1_count_matched,191.452
T2_divergence_L1_count_matched,186.122
T2_divergence_L1_count_matched,191.774
T2_divergence_L1_count_matched,183.729
T2_divergence_L1_count_matched,203.156
T2_divergence_L1_count_matched,185.043
T2_divergence_L1_count_matched,179.106
T2_divergence_L1_count_matched,186.86
T2_divergence_L1_count_matched,193.0
T2_divergence_L1_count_matched,199.857
T2_divergence_L1_count_matched,220.152
T2_divergence_L1_count_matched,197.346
T2_divergence_L1_count_matched,173.107
T2_divergence_L1_count_matched,192.756
T2_divergence_L1_count_matched,200.175
T2_divergence_L1_count_matched,194.468
T2_divergence_L1_count_matched,152.75
T2_divergence_L1_count_matched,175.263
T2_divergence_L1_count_matched,191.304
T2_divergence_L1_count_matched,180.425
T2_divergence_L1_count_matched,166.86
T2_divergence_L1_count_matched,199.698
T2_divergence_L1_count_matched,191.609
T2_divergence_L1_count_matched,188.089
T2_divergence_L1_count_matched,198.208
T2_divergence_L1_count_matched,191.421
T2_divergence_L1_count_matched,195.317
T2_divergence_L1_count_matched,199.468
T2_divergence_L1_count_matched,170.814
T2_divergence_L1_count_matched,176.581
T2_divergence_L1_count_matched,185.378
T2_divergence_L1_count_matched,175.212
T2_divergence_L1_count_matched,216.66
T2_divergence_L1_count_matched,187.549
T2_divergence_L1_count_matched,189.125
T2_divergence_L1_count_matched,204.72
T2_divergence_L1_count_matched,207.784
T2_divergence_L1_count_matched,204.574
T2_divergence_L1_count_matched,165.225
T2_divergence_L1_count_matched,213.75
T2_divergence_L1_count_matched,197.784
T2_divergence_L1_count_matched,192.548
T2_divergence_L1_count_matched,182.06
T2_divergence_L1_count_matched,188.533
T2_divergence_L1_count_matched,193.542
T2_divergence_L1_count_matched,185.067
T2_divergence_L1_count_matched,202.095
T2_divergence_L1_count_matched,176.203
T2_divergence_L1_count_matched,191.4
T2_divergence_L1_count_matched,232.662
T2_divergence_L1_count_matched,173.925
T2_divergence_L1_count_matched,236.096
T2_divergence_L1_count_matched,187.0
T2_divergence_L1_count_matched,175.723
T2_divergence_L1_count_matched,207.78
T2_divergence_L1_count_matched,200.826
T2_divergence_L1_count_matched,189.909
T2_divergence_L1_count_matched,188.656
T2_divergence_L1_count_matched,190.94
T2_divergence_L1_count_matched,168.492
T2_divergence_L1_count_matched,206.593
T2_divergence_L1_count_matched,162.073
T2_divergence_L1_count_matched,205.94
T2_divergence_L1_count_matched,209.259
T2_divergence_L1_count_matched,178.275
T2_divergence_L1_count_matched,160.0
T2_divergence_L1_count_matched,209.167
T2_divergence_L1_count_matched,180.154
T2_divergence_L1_count_matched,187.327
T2_divergence_L1_count_matched,162.632
T2_divergence_L1_count_matched,193.976
T2_divergence_L1_count_matched,172.627
T2_divergence_L1_count_matched,209.121
T2_divergence_L1_count_matched,219.133
T2_divergence_L1_count_matched,184.756
T2_divergence_L1_count_matched,174.224
T2_divergence_L1_count_matched,158.52
T2_divergence_L1_count_matched,175.609
T2_divergence_L1_count_matched,189.146
T2_divergence_L1_count_matched,191.02
T2_divergence_L1_count_matched,198.774
T2_divergence_L1_count_matched,161.058
T2_divergence_L1_count_matched,164.358
T2_divergence_L1_count_matched,205.823
T2_divergence_L1_count_matched,202.738
T2_divergence_L1_count_matched,237.77
T2_divergence_L1_count_matched,193.543
T2_divergence_L1_count_matched,196.255
T2_divergence_L1_count_matched,187.977
T2_divergence_L1_count_matched,176.317
T2_divergence_L1_count_matched,188.628
T2_divergence_L1_count_matched,208.36
T2_divergence_L1_count_matched,195.667
T2_divergence_L1_count_matched,173.404
T2_divergence_L1_count_matched,143.271
T2_divergence_L1_count_matched,175.132
T2_divergence_L1_count_matched,191.981
T2_divergence_L1_count_matched,164.226
T2_divergence_L1_count_matched,181.854
T2_divergence_L1_count_matched,162.484
T2_divergence_L1_count_matched,215.106
T2_divergence_L1_count_matched,191.386
T2_divergence_L1_count_matched,185.056
T2_divergence_L1_count_matched,196.902
T2_divergence_L1_count_matched,197.406
T2_divergence_L1_count_matched,194.538
T2_divergence_L1_count_matched,177.315
T2_divergence_L1_count_matched,184.349
T2_divergence_L1_count_matched,175.431
T2_divergence_L1_count_matched,194.867
T2_divergence_L1_count_matched,213.226
T2_divergence_L1_count_matched,157.771
T2_divergence_L1_count_matched,183.386
T2_divergence_L1_count_matched,174.712
T2_divergence_L1_count_matched,154.603
T2_divergence_L1_count_matched,223.075
T2_divergence_L1_count_matched,205.685
T2_divergence_L1_count_matched,204.305
T2_divergence_L1_count_matched,169.255
T2_divergence_L1_count_matched,209.5
T2_divergence_L1_count_matched,153.551
T2_divergence_L1_count_matched,209.63
T2_divergence_L1_count_matched,174.175
T2_divergence_L1_count_matched,177.222
T2_divergence_L1_count_matched,206.196
T2_divergence_L1_count_matched,217.316
T2_divergence_L1_count_matched,180.556
T2_divergence_L1_count_matched,207.875
T2_divergence_L1_count_matched,169.119
T2_divergence_L1_count_matched,199.449
T2_divergence_L1_count_matched,209.065
T2_divergence_L1_count_matched,201.022
T2_divergence_L1_count_matched,180.326
T2_divergence_L1_count_matched,162.913
T2_divergence_L1_count_matched,161.538
T2_divergence_L1_count_matched,163.978
T2_divergence_L1_count_matched,185.286
T2_divergence_L1_count_matched,199.763
T2_divergence_L1_count_matched,179.88
T2_divergence_L1_count_matched,182.576
T2_divergence_L1_count_matched,196.024
T2_divergence_L1_count_matched,178.885
T2_divergence_L1_count_matched,188.195
T2_divergence_L1_count_matched,166.643
T2_divergence_L1_count_matched,162.2
T2_divergence_L1_count_matched,214.245
T2_divergence_L1_count_matched,179.214
T2_divergence_L1_count_matched,171.375
T2_divergence_L1_count_matched,189.055
T2_divergence_L1_count_matched,205.307
T2_divergence_L1_count_matched,210.34
T2_divergence_L1_count_matched,202.083
T2_divergence_L1_count_matched,178.625
T2_divergence_L1_count_matched,185.326
T2_divergence_L1_count_matched,164.661
T2_divergence_L1_count_matched,170.61
T2_divergence_L1_count_matched,189.612
T2_divergence_L1_count_matched,201.233
T2_divergence_L1_count_matched,193.14
T2_divergence_L1_count_matched,215.024
T2_divergence_L1_count_matched,205.4
T2_divergence_L1_count_matched,223.512
T2_divergence_L1_count_matched,183.214
T2_divergence_L1_count_matched,181.732
T2_divergence_L1_count_matched,223.262
T2_divergence_L1_count_matched,186.012
T2_divergence_L1_count_matched,175.826
T2_divergence_L1_count_matched,178.061
T2_divergence_L1_count_matched,203.683
T2_divergence_L1_count_matched,189.542
T2_divergence_L1_count_matched,199.581
T2_divergence_L1_count_matched,193.24
T2_divergence_L1_count_matched,169.792
T2_divergence_L1_count_matched,164.413
T2_divergence_L1_count_matched,206.045
T2_divergence_L1_count_matched,169.309
T2_divergence_L1_count_matched,201.694
T2_divergence_L1_count_matched,185.632
T2_divergence_L1_count_matched,193.392
T2_divergence_L1_count_matched,199.927
T2_divergence_L1_count_matched,207.52
T2_divergence_L1_count_matched,176.6
T2_divergence_L1_count_matched,210.674
T2_divergence_L1_count_matched,188.615
T2_divergence_L1_count_matched,192.286
T2_divergence_L1_count_matched,191.865
T2_divergence_L1_count_matched,204.356
T2_divergence_L1_count_matched,200.623
T2_divergence_L1_count_matched,205.209
T2_divergence_L1_count_matched,195.925
T2_divergence_L1_count_matched,182.095
T2_divergence_L1_count_matched,175.208
T2_divergence_L1_count_matched,233.208
T2_divergence_L1_count_matched,176.098
T2_divergence_L1_count_matched,167.405
T2_divergence_L1_count_matched,203.767
T2_divergence_L1_count_matched,202.675
T2_divergence_L1_count_matched,226.511
T2_divergence_L1_count_matched,179.391
T2_divergence_L1_count_matched,180.138
T2_divergence_L1_count_matched,184.556
T2_divergence_L1_count_matched,196.298
T2_divergence_L1_count_matched,189.914
T2_divergence_L1_count_matched,169.847
T2_divergence_L1_count_matched,164.767
T2_divergence_L1_count_matched,193.267
T2_divergence_L1_count_matched,152.942
T2_divergence_L1_count_matched,183.604
T2_divergence_L1_count_matched,191.146
T2_divergence_L1_count_matched,190.5
T2_divergence_L1_count_matched,173.39
T2_divergence_L1_count_matched,195.953
T2_divergence_L1_count_matched,186.106
T2_divergence_L1_count_matched,169.848
T2_divergence_L1_count_matched,197.333
T2_divergence_L1_count_matched,197.902
T2_divergence_L1_count_matched,205.262
T2_divergence_L1_count_matched,195.46
T2_divergence_L1_count_matched,174.706
T2_divergence_L1_count_matched,178.114
T2_divergence_L1_count_matched,187.327
T2_divergence_L1_count_matched,233.957
T2_divergence_L1_count_matched,231.775
T2_divergence_L1_count_matched,204.087
T2_divergence_L1_count_matched,156.241
T2_divergence_L1_count_matched,188.306
T2_divergence_L1_count_matched,172.457
T2_divergence_L1_count_matched,191.193
T2_divergence_L1_count_matched,184.489
T2_divergence_L1_count_matched,202.379
T2_divergence_L1_count_matched,199.595
T2_divergence_L1_count_matched,186.979
T2_divergence_L1_count_matched,206.175
T2_divergence_L1_count_matched,197.118
T2_divergence_L1_count_matched,167.845
T2_divergence_L1_count_matched,197.523
T2_divergence_L1_count_matched,195.981
T2_divergence_L1_count_matched,207.87
T2_divergence_L1_count_matched,152.217
T2_divergence_L1_count_matched,182.203
T2_divergence_L1_count_matched,203.429
T2_divergence_L1_count_matched,199.725
T2_divergence_L1_count_matched,187.548
T2_divergence_L1_count_matched,197.818
T2_divergence_L1_count_matched,191.37
T2_divergence_L1_count_matched,201.0
T2_divergence_L1_count_matched,184.0
T2_divergence_L1_count_matched,198.651
T2_divergence_L1_count_matched,190.52
T2_divergence_L1_count_matched,196.977
T2_divergence_L1_count_matched,170.784
T2_divergence_L1_count_matched,209.84
T2_divergence_L1_count_matched,191.86
T2_divergence_L1_count_matched,202.488
T2_divergence_L1_count_matched,175.582
T2_divergence_L1_count_matched,203.218
T2_divergence_L1_count_matched,189.241
T2_divergence_L1_count_matched,155.613
T2_divergence_L1_count_matched,171.318
T2_divergence_L1_count_matched,188.578
T2_divergence_L1_count_matched,189.348
T2_divergence_L1_count_matched,175.946
T2_divergence_L1_count_matched,198.058
T2_divergence_L1_count_matched,181.529
T2_divergence_L1_count_matched,202.13
T2_divergence_L1_count_matched,151.774
T2_divergence_L1_count_matched,193.245
T2_divergence_L1_count_matched,193.017
T2_divergence_L1_count_matched,189.48
T2_divergence_L1_count_matched,230.596
T2_divergence_L1_count_matched,180.931
T2_divergence_L1_count_matched,206.116
T2_divergence_L1_count_matched,176.293
T2_divergence_L1_count_matched,184.388
T2_divergence_L1_count_matched,188.19
T2_divergence_L1_count_matched,212.684
T2_divergence_L1_count_matched,227.907
T2_divergence_L1_count_matched,194.271
T2_divergence_L1_count_matched,208.839
T2_divergence_L1_count_matched,176.281
T2_divergence_L1_count_matched,188.595
T2_divergence_L1_count_matched,175.962
T2_divergence_L1_count_matched,177.104
T2_divergence_L1_count_matched,179.674
T2_divergence_L1_count_matched,190.222
T2_divergence_L1_count_matched,159.754
T2_divergence_L1_count_matched,192.941
T2_divergence_L1_count_matched,173.592
T2_divergence_L1_count_matched,175.483
T2_divergence_L1_count_matched,166.0
T2_divergence_L1_count_matched,195.059
T2_divergence_L1_count_matched,191.884
T2_divergence_L1_count_matched,200.773
T2_divergence_L1_count_matched,187.441
T2_divergence_L1_count_matched,204.587
T2_divergence_L1_count_matched,172.241
T2_divergence_L1_count_matched,214.492
T2_divergence_L1_count_matched,172.808
T2_divergence_L1_count_matched,198.837
T2_divergence_L1_count_matched,160.818
T2_divergence_L1_count_matched,190.488
T2_divergence_L1_count_matched,183.927
T2_divergence_L1_count_matched,185.386
T2_divergence_L1_count_matched,177.327
T2_divergence_L1_count_matched,216.689
T2_divergence_L1_count_matched,176.773
T2_divergence_L1_count_matched,194.351
T2_divergence_L1_count_matched,159.203
T2_divergence_L1_count_matched,209.039
T2_divergence_L1_count_matched,156.074
T2_divergence_L1_count_matched,213.678
T2_divergence_L1_count_matched,205.7
T2_divergence_L1_count_matched,183.268
T2_divergence_L1_count_matched,157.261
T2_divergence_L1_count_matched,208.267
T2_divergence_L1_count_matched,163.659
T2_divergence_L1_count_matched,197.25
T2_divergence_L1_count_matched,191.46
T2_divergence_L1_count_matched,170.268
T2_divergence_L1_count_matched,190.0
T2_divergence_L1_count_matched,186.778
T2_divergence_L1_count_matched,165.721
T2_divergence_L1_count_matched,197.44
T2_divergence_L1_count_matched,189.905
T2_divergence_L1_count_matched,208.28
T2_divergence_L1_count_matched,171.865
T2_divergence_L1_count_matched,220.603
T2_divergence_L1_count_matched,164.735
T2_divergence_L1_count_matched,205.689
T2_divergence_L1_count_matched,161.709
T2_divergence_L1_count_matched,172.281
T2_divergence_L1_count_matched,194.333
T2_divergence_L1_count_matched,241.404
T2_divergence_L1_count_matched,171.6
T2_divergence_L1_count_matched,192.289
T2_divergence_L1_count_matched,195.489
T2_divergence_L1_count_matched,175.439
T2_divergence_L1_count_matched,193.0
T2_divergence_L1_count_matched,204.972
T2_divergence_L1_count_matched,175.381
T2_divergence_L1_count_matched,218.318
T2_divergence_L1_count_matched,196.279
T2_divergence_L1_count_matched,181.841
T2_divergence_L1_count_matched,194.88
T2_divergence_L1_count_matched,182.909
T2_divergence_L1_count_matched,181.185
T2_divergence_L1_count_matched,171.761
T2_divergence_L1_count_matched,177.0
T2_divergence_L1_count_matched,191.333
T2_divergence_L1_count_matched,205.833
T2_divergence_L1_count_matched,197.438
T2_divergence_L1_count_matched,223.872
T2_divergence_L1_count_matched,185.278
T2_divergence_L1_count_matched,169.907
T2_divergence_L1_count_matched,196.612
T2_divergence_L1_count_matched,212.186
T2_divergence_L1_count_matched,175.917
T2_divergence_L1_count_matched,171.896
T2_divergence_L1_count_matched,211.595
T2_divergence_L1_count_matched,167.396
T2_divergence_L1_count_matched,185.135
T2_divergence_L1_count_matched,184.964
T2_divergence_L1_count_matched,201.846
T2_divergence_L1_count_matched,181.54
T2_divergence_L1_count_matched,215.389
T2_divergence_L1_count_matched,176.652
T2_divergence_L1_count_matched,175.043
T2_divergence_L1_count_matched,186.962
T2_divergence_L1_count_matched,221.175
T2_divergence_L1_count_matched,183.509
T2_divergence_L1_count_matched,168.217
T2_divergence_L1_count_matched,194.569
T2_divergence_L1_count_matched,192.195
T2_divergence_L1_count_matched,160.581
T2_divergence_L1_count_matched,210.857
T2_divergence_L1_count_matched,207.121
T2_divergence_L1_count_matched,212.477
T2_divergence_L1_count_matched,157.819
T2_divergence_L1_count_matched,186.947
T2_divergence_L1_count_matched,184.458
T2_divergence_L1_count_matched,183.242
T2_divergence_L1_count_matched,193.773
T2_divergence_L1_count_matched,199.062
T2_divergence_L1_count_matched,189.766
T2_divergence_L1_count_matched,190.6
T2_divergence_L1_count_matched,163.675
T2_divergence_L1_count_matched,194.16
T2_divergence_L1_count_matched,166.14
T2_divergence_L1_count_matched,183.195
T2_divergence_L1_count_matched,179.159
T2_divergence_L1_count_matched,207.396
T2_divergence_L1_count_matched,180.857
T2_divergence_L1_count_matched,168.674
T2_divergence_L1_count_matched,195.6
T2_divergence_L1_count_matched,208.092
T2_divergence_L1_count_matched,185.429
T2_divergence_L1_count_matched,213.167
T2_divergence_L1_count_matched,187.543
T2_divergence_L1_count_matched,171.407
T2_divergence_L1_count_matched,169.717
T2_divergence_L1_count_matched,201.714
T2_divergence_L1_count_matched,174.036
T2_divergence_L1_count_matched,221.839
T2_divergence_L1_count_matched,194.203
T2_divergence_L1_count_matched,177.365
T2_divergence_L1_count_matched,190.683
T2_divergence_L1_count_matched,209.449
T2_divergence_L1_count_matched,202.814
T2_divergence_L1_count_matched,163.654
T2_divergence_L1_count_matched,235.979
T2_divergence_L1_count_matched,171.089
T2_divergence_L1_count_matched,195.633
T2_divergence_L1_count_matched,213.8
T2_divergence_L1_count_matched,224.907
T2_divergence_L1_count_matched,181.102
T2_divergence_L1_count_matched,184.7
T2_divergence_L1_count_matched,194.609
T2_divergence_L1_count_matched,169.535
T2_divergence_L1_count_matched,198.776
T2_divergence_L1_count_matched,183.073
T2_divergence_L1_count_matched,218.478
T2_divergence_L1_count_matched,200.587
T2_divergence_L1_count_matched,201.812
T2_divergence_L1_count_matched,188.435
T2_divergence_L1_count_matched,166.118
T2_divergence_L1_count_matched,212.767
T2_divergence_L1_count_matched,193.256
T2_divergence_L1_count_matched,152.46
T2_divergence_L1_count_matched,198.143
T2_divergence_L1_count_matched,193.208
T2_divergence_L1_count_matched,200.929
T2_divergence_L1_count_matched,171.333
T2_divergence_L1_count_matched,177.116
T2_divergence_L1_count_matched,197.175
T2_divergence_L1_count_matched,179.333
T2_divergence_L1_count_matched,166.446
T2_divergence_L1_count_matched,164.039
T2_divergence_L1_count_matched,191.511
T2_divergence_L1_count_matched,214.0
T2_divergence_L1_count_matched,193.648
T2_divergence_L1_count_matched,220.4
T2_divergence_L1_count_matched,163.293
T2_divergence_L1_count_matched,193.245
T2_divergence_L1_count_matched,168.831
T2_divergence_L1_count_matched,179.756
T2_divergence_L1_count_matched,199.0
T2_divergence_L1_count_matched,181.341
T2_divergence_L1_count_matched,206.925
T2_divergence_L1_count_matched,186.675
T2_divergence_L1_count_matched,150.729
T2_divergence_L1_count_matched,199.377
T2_divergence_L1_count_matched,201.449
T2_divergence_L1_count_matched,194.426
T2_divergence_L1_count_matched,168.611
T2_divergence_L1_count_matched,205.339
T2_divergence_L1_count_matched,192.224
T2_divergence_L1_count_matched,188.907
T2_divergence_L1_count_matched,221.391
T2_divergence_L1_count_matched,198.836
T2_divergence_L1_count_matched,162.603
T2_divergence_L1_count_matched,216.067
T2_divergence_L1_count_matched,203.35
T2_divergence_L1_count_matched,208.333
T2_divergence_L1_count_matched,199.068
T2_divergence_L1_count_matched,182.449
T2_divergence_L1_count_matched,176.766
T2_divergence_L1_count_matched,177.509
T2_divergence_L1_count_matched,197.4
T2_divergence_L1_count_matched,182.2
T2_divergence_L1_count_matched,203.122
T2_divergence_L1_count_matched,192.833
T2_divergence_L1_count_matched,179.5
T2_divergence_L1_count_matched,161.717
T2_divergence_L1_count_matched,185.783
T2_divergence_L1_count_matched,167.523
T2_divergence_L1_count_matched,199.143
T2_divergence_L1_count_matched,182.333
T2_divergence_L1_count_matched,199.775
T2_divergence_L1_count_matched,195.344
T2_divergence_L1_count_matched,163.463
T2_divergence_L1_count_matched,202.446
T2_divergence_L1_count_matched,176.023
T2_divergence_L1_count_matched,189.136
T2_divergence_L1_count_matched,204.396
T2_divergence_L1_count_matched,204.825
T2_divergence_L1_count_matched,100.244
T2_divergence_L1_count_matched,181.619
T2_divergence_L1_count_matched,188.351
T2_divergence_L1_count_matched,193.925
T2_divergence_L1_count_matched,180.259
T2_divergence_L1_count_matched,187.145
T2_divergence_L1_count_matched,204.6
T2_divergence_L1_count_matched,187.681
T2_divergence_L1_count_matched,182.621
T2_divergence_L1_count_matched,196.407
T2_divergence_L1_count_matched,186.846
T2_divergence_L1_count_matched,226.066
T2_divergence_L1_count_matched,182.966
T2_divergence_L1_count_matched,197.577
T2_divergence_L1_count_matched,155.818
T2_divergence_L1_count_matched,217.694
T2_divergence_L1_count_matched,192.375
T2_divergence_L1_count_matched,176.809
T2_divergence_L1_count_matched,172.55
T2_divergence_L1_count_matched,202.122
T2_divergence_L1_count_matched,197.143
T2_divergence_L1_count_matched,210.417
T2_divergence_L1_count_matched,195.981
T2_divergence_L1_count_matched,173.333
T2_divergence_L1_count_matched,184.1
T2_divergence_L1_count_matched,165.341
T2_divergence_L1_count_matched,179.062
T2_divergence_L1_count_matched,212.104
T2_divergence_L1_count_matched,191.632
T2_divergence_L1_count_matched,207.586
T2_divergence_L1_count_matched,184.14
T2_divergence_L1_count_matched,204.0
T2_divergence_L1_count_matched,178.246
T2_divergence_L1_count_matched,194.23
T2_divergence_L1_count_matched,203.885
T2_divergence_L1_count_matched,212.233
T2_divergence_L1_count_matched,202.825
T2_divergence_L1_count_matched,172.732
T2_divergence_L1_count_matched,206.367
T2_divergence_L1_count_matched,171.948
T2_divergence_L1_count_matched,192.8
T2_divergence_L1_count_matched,226.688
T2_divergence_L1_count_matched,134.273
T2_divergence_L1_count_matched,183.46
T2_divergence_L1_count_matched,212.565
T2_divergence_L1_count_matched,179.045
T2_divergence_L1_count_matched,190.845
T2_divergence_L1_count_matched,169.061
T2_divergence_L1_count_matched,181.244
T2_divergence_L1_count_matched,190.163
T2_divergence_L1_count_matched,205.151
T2_divergence_L1_count_matched,197.829
T2_divergence_L1_count_matched,171.107
T2_divergence_L1_count_matched,197.823
T2_divergence_L1_count_matched,206.386
T2_divergence_L1_count_matched,170.038
T2_divergence_L1_count_matched,199.106
T2_divergence_L1_count_matched,199.9
T2_divergence_L1_count_matched,178.81
T2_divergence_L1_count_matched,224.22
T2_divergence_L1_count_matched,174.204
T2_divergence_L1_count_matched,161.093
T2_divergence_L1_count_matched,222.636
T2_divergence_L1_count_matched,186.667
T2_divergence_L1_count_matched,181.472
T2_divergence_L1_count_matched,166.189
T2_divergence_L1_count_matched,198.161
T2_divergence_L1_count_matched,198.977
T2_divergence_L1_count_matched,149.316
T2_divergence_L1_count_matched,161.212
T2_divergence_L1_count_matched,189.452
T2_divergence_L1_count_matched,191.175
T2_divergence_L1_count_matched,176.049
T2_divergence_L1_count_matched,214.071
T2_divergence_L1_count_matched,176.732
T2_divergence_L1_count_matched,215.488
T2_divergence_L1_count_matched,191.38
T2_divergence_L1_count_matched,209.095
T2_divergence_L1_count_matched,198.889
T2_divergence_L1_count_matched,180.868
T2_divergence_L1_count_matched,199.87
T2_divergence_L1_count_matched,154.556
T2_divergence_L1_count_matched,183.174
T2_divergence_L1_count_matched,203.508
T2_divergence_L1_count_matched,200.043
T2_divergence_L1_count_matched,149.267
T2_divergence_L1_count_matched,200.925
T2_divergence_L1_count_matched,188.0
T2_divergence_L1_count_matched,178.122
T2_divergence_L1_count_matched,184.756
T2_divergence_L1_count_matched,190.079
T2_divergence_L1_count_matched,177.364
T2_divergence_L1_count_matched,217.907
T2_divergence_L1_count_matched,176.708
T2_divergence_L1_count_matched,176.02
T2_divergence_L1_count_matched,179.432
T2_divergence_L1_count_matched,186.273
T2_divergence_L1_count_matched,176.667
T2_divergence_L1_count_matched,210.69
T2_divergence_L1_count_matched,191.024
T2_divergence_L1_count_matched,204.805
T2_divergence_L1_count_matched,209.076
T2_divergence_L1_count_matched,186.896
T2_divergence_L1_count_matched,186.183
T2_divergence_L1_count_matched,181.609
T2_divergence_L1_count_matched,171.915
T2_divergence_L1_count_matched,198.707
T2_divergence_L1_count_matched,193.2
T2_divergence_L1_count_matched,195.558
T2_divergence_L1_count_matched,161.75
T2_divergence_L1_count_matched,191.016
T2_divergence_L1_count_matched,188.268
T2_divergence_L1_count_matched,189.567
T2_divergence_L1_count_matched,202.25
T2_divergence_L1_count_matched,178.875
T2_divergence_L1_count_matched,223.508
T2_divergence_L1_count_matched,188.083
T2_divergence_L1_count_matched,200.642
T2_divergence_L1_count_matched,184.679
T2_divergence_L1_count_matched,181.967
T2_divergence_L1_count_matched,210.0
T2_divergence_L1_count_matched,177.155
T2_divergence_L1_count_matched,156.309
T2_divergence_L1_count_matched,200.878
T2_divergence_L1_count_matched,187.717
T2_divergence_L1_count_matched,210.51
T2_divergence_L1_count_matched,194.479
T2_divergence_L1_count_matched,213.14
T2_divergence_L1_count_matched,201.833
T2_divergence_L1_count_matched,202.653
T2_divergence_L1_count_matched,182.864
T2_divergence_L1_count_matched,178.481
T2_divergence_L1_count_matched,199.958
T2_divergence_L1_count_matched,145.6
T2_divergence_L1_count_matched,193.14
T2_divergence_L1_count_matched,209.512
T2_divergence_L1_count_matched,177.489
T2_divergence_L1_count_matched,204.865
T2_divergence_L1_count_matched,190.079
T2_divergence_L1_count_matched,152.293
T2_divergence_L1_count_matched,196.326
T2_divergence_L1_count_matched,174.0
T2_divergence_L1_count_matched,189.481
T2_divergence_L1_count_matched,182.75
T2_divergence_L1_count_matched,174.625
T2_divergence_L1_count_matched,163.203
T2_divergence_L1_count_matched,192.604
T2_divergence_L1_count_matched,211.844
T2_divergence_L1_count_matched,200.077
T2_divergence_L1_count_matched,191.0
T2_divergence_L1_count_matched,169.682
T2_divergence_L1_count_matched,193.582
T2_divergence_L1_count_matched,198.155
T2_divergence_L1_count_matched,207.074
T2_divergence_L1_count_matched,190.854
T2_divergence_L1_count_matched,178.3
T2_divergence_L1_count_matched,204.625
T2_divergence_L1_count_matched,157.129
T2_divergence_L1_count_matched,188.435
T2_divergence_L1_count_matched,191.152
T2_divergence_L1_count_matched,158.98
T2_divergence_L1_count_matched,237.217
T2_divergence_L1_count_matched,207.184
T2_divergence_L1_count_matched,163.64
T2_divergence_L1_count_matched,169.094
T2_divergence_L1_count_matched,184.767
T2_divergence_L1_count_matched,195.262
T2_divergence_L1_count_matched,206.419
T2_divergence_L1_count_matched,195.024
T2_divergence_L1_count_matched,196.623
T2_divergence_L1_count_matched,174.587
T2_divergence_L1_count_matched,167.82
T2_divergence_L1_count_matched,205.321
T2_divergence_L1_count_matched,168.462
T2_divergence_L1_count_matched,173.941
T2_divergence_L1_count_matched,217.544
T2_divergence_L1_count_matched,158.653
T2_divergence_L1_count_matched,182.655
T2_divergence_L1_count_matched,182.125
T2_divergence_L1_count_matched,197.656
T2_divergence_L1_count_matched,195.431
T2_divergence_L1_count_matched,195.469
T2_divergence_L1_count_matched,162.284
T2_divergence_L1_count_matched,196.68
T2_divergence_L1_count_matched,183.745
T2_divergence_L1_count_matched,187.532
T2_divergence_L1_count_matched,188.683
T2_divergence_L1_count_matched,187.698
T2_divergence_L1_count_matched,185.447
T2_divergence_L1_count_matched,182.0
T2_divergence_L1_count_matched,189.535
T2_divergence_L1_count_matched,179.217
T2_divergence_L1_count_matched,194.25
T2_divergence_L1_count_matched,197.25
T2_divergence_L1_count_matched,186.86
T2_divergence_L1_count_matched,229.073
T2_divergence_L1_count_matched,154.463
T2_divergence_L1_count_matched,167.95
T2_divergence_L1_count_matched,233.55
T2_divergence_L1_count_matched,153.085
T2_divergence_L1_count_matched,245.15
T2_divergence_L1_count_matched,156.865
T2_divergence_L1_count_matched,210.275
T2_divergence_L1_count_matched,192.122
T2_divergence_L1_count_matched,183.761
T2_divergence_L1_count_matched,185.628
T2_divergence_L1_count_matched,171.556
T2_divergence_L1_count_matched,180.686
T2_divergence_L1_count_matched,217.592
T2_divergence_L1_count_matched,163.489
T2_divergence_L1_count_matched,202.436
T2_divergence_L1_count_matched,191.446
T2_divergence_L1_count_matched,176.456
T2_divergence_L1_count_matched,193.609
T2_divergence_L1_count_matched,161.911
T2_divergence_L1_count_matched,185.4
T2_divergence_L1_count_matched,168.806
T2_divergence_L1_count_matched,187.078
T2_divergence_L1_count_matched,190.933
T2_divergence_L1_count_matched,195.772
T2_divergence_L1_count_matched,180.441
T2_divergence_L1_count_matched,208.596
T2_divergence_L1_count_matched,173.321
T2_divergence_L1_count_matched,203.491
T2_divergence_L1_count_matched,204.408
T2_divergence_L1_count_matched,226.755
T2_divergence_L1_count_matched,202.58
T2_divergence_L1_count_matched,198.722
T2_divergence_L1_count_matched,175.356
T2_divergence_L1_count_matched,155.536
T2_divergence_L1_count_matched,167.756
T2_divergence_L1_count_matched,158.386
T2_divergence_L1_count_matched,170.31
T2_divergence_L1_count_matched,163.772
T2_divergence_L1_count_matched,178.8
T2_divergence_L1_count_matched,184.976
T2_divergence_L1_count_matched,184.927
T2_divergence_L1_count_matched,206.721
T2_divergence_L1_count_matched,176.394
T2_divergence_L1_count_matched,179.333
T2_divergence_L1_count_matched,209.367
T2_divergence_L1_count_matched,185.383
T2_divergence_L1_count_matched,207.064
T2_divergence_L1_count_matched,201.333
T2_divergence_L1_count_matched,203.951
T2_divergence_L1_count_matched,154.044
T2_divergence_L1_count_matched,194.102
T2_divergence_L1_count_matched,195.288
T2_divergence_L1_count_matched,174.138
T2_divergence_L1_count_matched,189.648
T2_divergence_L1_count_matched,193.709
T2_divergence_L1_count_matched,184.024
T2_divergence_L1_count_matched,197.186
T2_divergence_L1_count_matched,182.455
T2_divergence_L1_count_matched,204.111
T2_divergence_L1_count_matched,166.545
T2_divergence_L1_count_matched,196.026
T2_divergence_L1_count_matched,201.022
T2_divergence_L1_count_matched,209.5
T2_divergence_L1_count_matched,157.01
T2_divergence_L1_count_matched,172.02
T2_divergence_L1_count_matched,193.925
T2_divergence_L1_count_matched,175.036
T2_divergence_L1_count_matched,193.056
T2_divergence_L1_count_matched,192.918
T2_divergence_L1_count_matched,208.281
T2_divergence_L1_count_matched,161.717
T2_divergence_L1_count_matched,196.825
T2_divergence_L1_count_matched,187.312
T2_divergence_L1_count_matched,205.286
T2_divergence_L1_count_matched,205.116
T2_divergence_L1_count_matched,190.448
T2_divergence_L1_count_matched,211.88
T2_divergence_L1_count_matched,201.116
T2_divergence_L1_count_matched,205.543
T2_divergence_L1_count_matched,176.246
T2_divergence_L1_count_matched,187.186
T2_divergence_L1_count_matched,197.231
T2_divergence_L1_count_matched,181.729
T2_divergence_L1_count_matched,200.25
T2_divergence_L1_count_matched,196.4
T2_divergence_L1_count_matched,185.775
T2_divergence_L1_count_matched,178.195
T2_divergence_L1_count_matched,186.673
T2_divergence_L1_count_matched,216.14
T2_divergence_L1_count_matched,177.098
T2_divergence_L1_count_matched,199.683
T2_divergence_L1_count_matched,196.118
T2_divergence_L1_count_matched,171.931
T2_divergence_L1_count_matched,187.562
T2_divergence_L1_count_matched,169.761
T2_divergence_L1_count_matched,168.545
T2_divergence_L1_count_matched,181.815
T2_divergence_L1_count_matched,212.864
T2_divergence_L1_count_matched,195.508
T2_divergence_L1_count_matched,181.317
T2_divergence_L1_count_matched,183.234
T2_divergence_L1_count_matched,181.233
T2_divergence_L1_count_matched,164.693
T2_divergence_L1_count_matched,193.0
T2_divergence_L1_count_matched,197.81
T2_divergence_L1_count_matched,174.61
T2_divergence_L1_count_matched,207.653
T2_divergence_L1_count_matched,181.543
T2_divergence_L1_count_matched,197.45
T2_divergence_L1_count_matched,193.143
T2_divergence_L1_count_matched,177.408
T2_divergence_L1_count_matched,202.444
T2_divergence_L1_count_matched,193.159
T2_divergence_L1_count_matched,202.397
T2_divergence_L1_count_matched,161.167
T2_divergence_L1_count_matched,199.22
T2_divergence_L1_count_matched,180.979
T2_divergence_L1_count_matched,201.452
T2_divergence_L1_count_matched,187.419
T2_divergence_L1_count_matched,192.651
T2_divergence_L1_count_matched,198.962
T2_divergence_L1_count_matched,206.638
T2_divergence_L1_count_matched,160.11
T2_divergence_L1_count_matched,209.938
T2_divergence_L1_count_matched,188.786
T2_divergence_L1_count_matched,163.333
T2_divergence_L1_count_matched,191.151
T2_divergence_L1_count_matched,191.625
T2_divergence_L1_count_matched,180.95
T2_divergence_L1_count_matched,170.034
T2_divergence_L1_count_matched,195.116
T2_divergence_L1_count_matched,233.512
T2_divergence_L1_count_matched,185.775
T2_divergence_L1_count_matched,154.829
T2_divergence_L1_count_matched,180.429
T2_divergence_L1_count_matched,187.759
T2_divergence_L1_count_matched,187.742
T2_divergence_L1_count_matched,181.711
T2_divergence_L1_count_matched,183.342
T2_divergence_L1_count_matched,206.186
T2_divergence_L1_count_matched,166.217
T2_divergence_L1_count_matched,218.511
T2_divergence_L1_count_matched,207.529
T2_divergence_L1_count_matched,178.6
T2_divergence_L1_count_matched,193.125
T2_divergence_L1_count_matched,179.396
T2_divergence_L1_count_matched,183.192
T2_divergence_L1_count_matched,178.775
T2_divergence_L1_count_matched,165.578
T2_divergence_L1_count_matched,193.538
T2_divergence_L1_count_matched,215.224
T2_divergence_L1_count_matched,207.278
T2_divergence_L1_count_matched,184.4
T2_divergence_L1_count_matched,170.92
T2_divergence_L1_count_matched,173.918
T2_divergence_L1_count_matched,187.529
T2_divergence_L1_count_matched,230.839
T2_divergence_L1_count_matched,191.044
T2_divergence_L1_count_matched,213.807
T2_divergence_L1_count_matched,192.704
T2_divergence_L1_count_matched,188.87
T2_divergence_L1_count_matched,196.069
T2_divergence_L1_count_matched,174.015
T2_divergence_L1_count_matched,184.638
T2_divergence_L1_count_matched,202.444
T2_divergence_L1_count_matched,188.521
T2_divergence_L1_count_matched,171.63
T2_divergence_L1_count_matched,182.0
T2_divergence_L1_count_matched,195.962
T2_divergence_L1_count_matched,173.8
T2_divergence_L1_count_matched,195.54
T2_divergence_L1_count_matched,190.228
T2_divergence_L1_count_matched,206.667
T2_divergence_L1_count_matched,172.609
T2_divergence_L1_count_matched,218.796
T2_divergence_L1_count_matched,177.554
T2_divergence_L1_count_matched,212.532
T2_divergence_L1_count_matched,214.5
T2_divergence_L1_count_matched,193.906
T2_divergence_L1_count_matched,177.643
T2_divergence_L1_count_matched,179.675
T2_divergence_L1_count_matched,193.954
T2_divergence_L1_count_matched,186.755
T2_divergence_L1_count_matched,146.292
T2_divergence_L1_count_matched,156.508
T2_divergence_L1_count_matched,191.017
T2_divergence_L1_count_matched,205.558
T2_divergence_L1_count_matched,195.566
T2_divergence_L1_count_matched,194.136
T2_divergence_L1_count_matched,201.333
T2_divergence_L1_count_matched,212.186
T2_divergence_L1_count_matched,165.617
T2_divergence_L1_count_matched,205.217
T2_divergence_L1_count_matched,215.732
T2_divergence_L1_count_matched,194.209
T2_divergence_L1_count_matched,166.473
T2_divergence_L1_count_matched,206.494
T2_divergence_L1_count_matched,169.796
T2_divergence_L1_count_matched,185.717
T2_divergence_L1_count_matched,202.962
T2_divergence_L1_count_matched,175.405
T2_divergence_L1_count_matched,204.951
T2_divergence_L1_count_matched,167.086
T2_divergence_L1_count_matched,196.7
T2_divergence_L1_count_matched,169.152
T2_divergence_L1_count_matched,196.65
T2_divergence_L1_count_matched,203.0
T2_divergence_L1_count_matched,195.927
T2_divergence_L1_count_matched,165.185
T2_divergence_L1_count_matched,197.0
T2_divergence_L1_count_matched,170.65
T2_divergence_L1_count_matched,130.672
T2_divergence_L1_count_matched,143.766
T2_divergence_L1_count_matched,212.689
T2_divergence_L1_count_matched,171.549
T2_divergence_L1_count_matched,197.794
T2_divergence_L1_count_matched,190.085
T2_divergence_L1_count_matched,177.983
T2_divergence_L1_count_matched,186.674
T2_divergence_L1_count_matched,172.17
T2_divergence_L1_count_matched,190.113
T2_divergence_L1_count_matched,201.927
T2_divergence_L1_count_matched,131.78
T2_divergence_L1_count_matched,201.025
T2_divergence_L1_count_matched,184.46
T2_divergence_L1_count_matched,187.605
T2_divergence_L1_count_matched,187.323
T2_divergence_L1_count_matched,186.254
T2_divergence_L1_count_matched,170.023
T2_divergence_L1_count_matched,204.15
T2_divergence_L1_count_matched,186.787
T2_divergence_L1_count_matched,170.532
T2_divergence_L1_count_matched,172.857
T2_divergence_L1_count_matched,212.55
T2_divergence_L1_count_matched,185.262
T2_divergence_L1_count_matched,181.02
T2_divergence_L1_count_matched,155.98
T2_divergence_L1_count_matched,237.31
T2_divergence_L1_count_matched,184.234
T2_divergence_L1_count_matched,194.164
T2_divergence_L1_count_matched,243.826
T2_divergence_L1_count_matched,195.84
T2_divergence_L1_count_matched,173.524
T2_divergence_L1_count_matched,193.465
T2_divergence_L1_count_matched,157.739
T2_divergence_L1_count_matched,185.837
T2_divergence_L1_count_matched,197.083
T2_divergence_L1_count_matched,185.45
T2_divergence_L1_count_matched,166.6
T2_divergence_L1_count_matched,201.843
T2_divergence_L1_count_matched,182.38
T2_divergence_L1_count_matched,194.311
T2_divergence_L1_count_matched,180.422
T2_divergence_L1_count_matched,205.186
T2_divergence_L1_count_matched,192.125
T2_divergence_L1_count_matched,180.707
T2_divergence_L1_count_matched,187.881
T2_divergence_L1_count_matched,162.0
T2_divergence_L1_count_matched,183.839
T2_divergence_L1_count_matched,217.104
T2_divergence_L1_count_matched,201.875
T2_divergence_L1_count_matched,214.971
T2_divergence_L1_count_matched,172.707
T2_divergence_L1_count_matched,168.479
T2_divergence_L1_count_matched,185.742
T2_divergence_L1_count_matched,186.571
T2_divergence_L1_count_matched,216.929
T2_divergence_L1_count_matched,174.75
T2_divergence_L1_count_matched,203.292
T2_divergence_L1_count_matched,171.75
T2_divergence_L1_count_matched,187.882
T2_divergence_L1_count_matched,180.736
T2_divergence_L1_count_matched,196.13
T2_divergence_L1_count_matched,178.0
T2_divergence_L1_count_matched,178.771
T2_divergence_L1_count_matched,161.681
T2_divergence_L1_count_matched,183.85
T2_divergence_L1_count_matched,199.558
T2_divergence_L1_count_matched,217.362
T2_divergence_L1_count_matched,191.356
T2_divergence_L1_count_matched,196.036
T2_divergence_L1_count_matched,225.913
T2_divergence_L1_count_matched,203.174
T2_divergence_L1_count_matched,200.323
T2_divergence_L1_count_matched,175.859
T2_divergence_L1_count_matched,185.729
T2_divergence_L1_count_matched,186.128
T2_divergence_L1_count_matched,171.854
T2_divergence_L1_count_matched,221.412
T2_divergence_L1_count_matched,180.816
T2_divergence_L1_count_matched,187.867
T2_divergence_L1_count_matched,164.176
T2_divergence_L1_count_matched,188.784
T2_divergence_L1_count_matched,153.95
T2_divergence_L1_count_matched,197.254
T2_divergence_L1_count_matched,195.673
T2_divergence_L1_count_matched,219.065
T2_divergence_L1_count_matched,207.041
T2_divergence_L1_count_matched,187.038
T2_divergence_L1_count_matched,200.284
T2_divergence_L1_count_matched,188.159
T2_divergence_L1_count_matched,209.976
T2_divergence_L1_count_matched,165.104
T2_divergence_L1_count_matched,170.111
T2_divergence_L1_count_matched,191.492
T2_divergence_L1_count_matched,174.566
T2_divergence_L1_count_matched,182.073
T2_divergence_L1_count_matched,168.348
T2_divergence_L1_count_matched,171.311
T2_divergence_L1_count_matched,182.385
T2_divergence_L1_count_matched,173.169
T2_divergence_L1_count_matched,185.067
T2_divergence_L1_count_matched,213.038
T2_divergence_L1_count_matched,237.318
T2_divergence_L1_count_matched,184.128
T2_divergence_L1_count_matched,188.326
T2_divergence_L1_count_matched,201.524
T2_divergence_L1_count_matched,204.532
T2_divergence_L1_count_matched,190.354
T2_divergence_L1_count_matched,185.378
T2_divergence_L1_count_matched,174.075
T2_divergence_L1_count_matched,158.462
T2_divergence_L1_count_matched,183.095
T2_divergence_L1_count_matched,185.714
T2_divergence_L1_count_matched,211.182
T2_divergence_L1_count_matched,186.426
T2_divergence_L1_count_matched,197.776
T2_divergence_L1_count_matched,197.455
T2_divergence_L1_count_matched,211.756
T2_divergence_L1_count_matched,176.938
T2_divergence_L1_count_matched,167.07
T2_divergence_L1_count_matched,185.891
T2_divergence_L1_count_matched,171.528
T2_divergence_L1_count_matched,184.552
T2_divergence_L1_count_matched,181.275
T2_divergence_L1_count_matched,189.093
T2_divergence_L1_count_matched,214.182
T2_divergence_L1_count_matched,219.175
T2_divergence_L1_count_matched,194.979
T2_divergence_L1_count_matched,200.722
T2_divergence_L1_count_matched,198.906
T2_divergence_L1_count_matched,173.767
T2_divergence_L1_count_matched,177.833
T2_divergence_L1_count_matched,194.545
T2_divergence_L1_count_matched,180.907
T2_divergence_L1_count_matched,180.553
T2_divergence_L1_count_matched,194.76
T2_divergence_L1_count_matched,193.538
T2_divergence_L1_count_matched,189.667
T2_divergence_L1_count_matched,185.093
T2_divergence_L1_count_matched,193.0
T2_divergence_L1_count_matched,155.349
T2_divergence_L1_count_matched,190.825
T2_divergence_L1_count_matched,197.14
T2_divergence_L1_count_matched,168.347
T2_divergence_L1_count_matched,160.66
T2_divergence_L1_count_matched,184.214
T2_divergence_L1_count_matched,220.825
T2_divergence_L1_count_matched,161.696
T2_divergence_L1_count_matched,180.263
T2_divergence_L1_count_matched,169.787
T2_divergence_L1_count_matched,174.735
T2_divergence_L1_count_matched,168.542
T2_divergence_L1_count_matched,178.711
T2_divergence_L1_count_matched,220.667
T2_divergence_L1_count_matched,192.357
T2_divergence_L1_count_matched,188.293
T2_divergence_L1_count_matched,193.164
T2_divergence_L1_count_matched,190.0
T2_divergence_L1_count_matched,185.042
T2_divergence_L1_count_matched,190.898
T2_divergence_L1_count_matched,196.875
T2_divergence_L1_count_matched,220.391
T2_divergence_L1_count_matched,224.696
T2_divergence_L1_count_matched,160.855
T2_divergence_L1_count_matched,164.677
T2_divergence_L1_count_matched,185.146
T2_divergence_L1_count_matched,179.631
T2_divergence_L1_count_matched,183.918
T2_divergence_L1_count_matched,179.492
T2_divergence_L1_count_matched,180.788
T2_divergence_L1_count_matched,185.448
T2_divergence_L1_count_matched,209.797
T2_divergence_L1_count_matched,190.472
T2_divergence_L1_count_matched,187.167
T2_divergence_L1_count_matched,190.552
T2_divergence_L1_count_matched,170.3
T2_divergence_L1_count_matched,171.611
T2_divergence_L1_count_matched,180.339
T2_divergence_L1_count_matched,189.304
T2_divergence_L1_count_matched,198.173
T2_divergence_L1_count_matched,189.047
T2_divergence_L1_count_matched,192.536
T2_divergence_L1_count_matched,197.268
T2_divergence_L1_count_matched,212.475
T2_divergence_L1_count_matched,188.79
T2_divergence_L1_count_matched,196.532
T2_divergence_L1_count_matched,192.31
T2_divergence_L1_count_matched,177.678
T2_divergence_L1_count_matched,192.073
T2_divergence_L1_count_matched,186.9
T2_divergence_L1_count_matched,190.867
T2_divergence_L1_count_matched,179.054
T2_divergence_L1_count_matched,191.712
T2_divergence_L1_count_matched,175.844
T2_divergence_L1_count_matched,197.903
T2_divergence_L1_count_matched,195.837
T2_divergence_L1_count_matched,211.556
T2_divergence_L1_count_matched,164.714
T2_divergence_L1_count_matched,186.074
T2_divergence_L1_count_matched,205.576
T2_divergence_L1_count_matched,183.711
T2_divergence_L1_count_matched,183.023
T2_divergence_L1_count_matched,209.913
T2_divergence_L1_count_matched,182.489
T2_divergence_L1_count_matched,205.311
T2_divergence_L1_count_matched,203.106
T2_divergence_L1_count_matched,223.123
T2_divergence_L1_count_matched,162.208
T2_divergence_L1_count_matched,196.175
T2_divergence_L1_count_matched,229.333
T2_divergence_L1_count_matched,222.541
T2_divergence_L1_count_matched,164.85
T2_divergence_L1_count_matched,165.717
T2_divergence_L1_count_matched,186.569
T2_divergence_L1_count_matched,235.098
T2_divergence_L1_count_matched,207.683
T2_divergence_L1_count_matched,199.122
T2_divergence_L1_count_matched,204.149
T2_divergence_L1_count_matched,186.75
T2_divergence_L1_count_matched,170.674
T2_divergence_L1_count_matched,186.549
T2_divergence_L1_count_matched,200.98
T2_divergence_L1_count_matched,155.07
T2_divergence_L1_count_matched,198.403
T2_divergence_L1_count_matched,170.444
T2_divergence_L1_count_matched,182.8
T2_divergence_L1_count_matched,162.775
T2_divergence_L1_count_matched,169.468
T2_divergence_L1_count_matched,172.333
T2_divergence_L1_count_matched,172.25
T2_divergence_L1_count_matched,194.722
T2_divergence_L1_count_matched,176.118
T2_divergence_L1_count_matched,188.636
T2_divergence_L1_count_matched,186.52
T2_divergence_L1_count_matched,176.791
T2_divergence_L1_count_matched,199.05
T2_divergence_L1_count_matched,174.925
T2_divergence_L1_count_matched,198.172
T2_divergence_L1_count_matched,203.5
T2_divergence_L1_count_matched,194.691
T2_divergence_L1_count_matched,190.431
T2_divergence_L1_count_matched,178.905
T2_divergence_L1_count_matched,188.167
T2_divergence_L1_count_matched,195.9
T2_divergence_L1_count_matched,201.289
T2_divergence_L1_count_matched,183.896
T2_divergence_L1_count_matched,198.152
T2_divergence_L1_count_matched,192.46
T2_divergence_L1_count_matched,180.152
T2_divergence_L1_count_matched,161.29
T2_divergence_L1_count_matched,171.339
T2_divergence_L1_count_matched,182.341
T2_divergence_L1_count_matched,191.039
T2_divergence_L1_count_matched,194.529
T2_divergence_L1_count_matched,203.804
T2_divergence_L1_count_matched,180.039
T2_divergence_L1_count_matched,202.171
T2_divergence_L1_count_matched,200.708
T2_divergence_L1_count_matched,130.077
T2_divergence_L1_count_matched,189.638
T2_divergence_L1_count_matched,196.303
T2_divergence_L1_count_matched,172.375
T2_divergence_L1_count_matched,172.182
T2_divergence_L1_count_matched,200.881
T2_divergence_L1_count_matched,190.129
T2_divergence_L1_count_matched,183.709
T2_divergence_L1_count_matched,173.75
T2_divergence_L1_count_matched,149.481
T2_divergence_L1_count_matched,183.328
T2_divergence_L1_count_matched,193.571
T2_divergence_L1_count_matched,189.952
T2_divergence_L1_count_matched,229.756
T2_divergence_L1_count_matched,191.776
T2_divergence_L1_count_matched,173.531
T2_divergence_L1_count_matched,181.463
T2_divergence_L1_count_matched,188.585
T2_divergence_L1_count_matched,193.907
T2_divergence_L1_count_matched,187.647
T2_divergence_L1_count_matched,176.787
T2_divergence_L1_count_matched,216.066
T2_divergence_L1_count_matched,159.281
T2_divergence_L1_count_matched,204.581
T2_divergence_L1_count_matched,183.705
T2_divergence_L1_count_matched,194.774
T2_divergence_L1_count_matched,173.052
T2_divergence_L1_count_matched,164.394
T2_divergence_L1_count_matched,198.309
T2_divergence_L1_count_matched,168.65
T2_divergence_L1_count_matched,201.968
T2_divergence_L1_count_matched,192.907
T2_divergence_L1_count_matched,197.829
T2_divergence_L1_count_matched,152.074
T2_divergence_L1_count_matched,163.904
T2_divergence_L1_count_matched,216.167
T2_divergence_L1_count_matched,218.105
T2_divergence_L1_count_matched,176.472
T2_divergence_L1_count_matched,197.833
T2_divergence_L1_count_matched,169.837
T2_divergence_L1_count_matched,214.717
T2_divergence_L1_count_matched,200.909
T2_divergence_L1_count_matched,185.426
T2_divergence_L1_count_matched,161.738
T2_divergence_L1_count_matched,167.943
T2_divergence_L1_count_matched,197.169
T2_divergence_L1_count_matched,229.557
T2_divergence_L1_count_matched,184.925
T2_divergence_L1_count_matched,193.847
T2_divergence_L1_count_matched,184.692
T2_divergence_L1_count_matched,206.789
T2_divergence_L1_count_matched,199.32
T2_divergence_L1_count_matched,190.37
T2_divergence_L1_count_matched,186.638
T2_divergence_L1_count_matched,191.696
T2_divergence_L1_count_matched,221.061
T2_divergence_L1_count_matched,172.732
T2_divergence_L1_count_matched,232.934
T2_divergence_L1_count_matched,171.488
T2_divergence_L1_count_matched,187.268
T2_divergence_L1_count_matched,164.591
T2_divergence_L1_count_matched,198.38
T2_divergence_L1_count_matched,189.925
T2_divergence_L1_count_matched,187.979
T2_divergence_L1_count_matched,196.54
T2_divergence_L1_count_matched,192.423
T2_divergence_L1_count_matched,182.0
T2_divergence_L1_count_matched,190.241
T2_divergence_L1_count_matched,187.206
T2_divergence_L1_count_matched,175.317
T2_divergence_L1_count_matched,223.339
T2_divergence_L1_count_matched,175.9
T2_divergence_L1_count_matched,171.278
T2_divergence_L1_count_matched,182.182
T2_divergence_L1_count_matched,199.041
T2_divergence_L1_count_matched,183.911
T2_divergence_L1_count_matched,211.121
T2_divergence_L1_count_matched,208.455
T2_divergence_L1_count_matched,192.07
T2_divergence_L1_count_matched,197.944
T2_divergence_L1_count_matched,187.024
T2_divergence_L1_count_matched,178.2
T2_divergence_L1_count_matched,183.096
T2_divergence_L1_count_matched,171.028
T2_divergence_L1_count_matched,196.415
T2_divergence_L1_count_matched,197.081
T2_divergence_L1_count_matched,173.125
T2_divergence_L1_count_matched,191.353
T2_divergence_L1_count_matched,180.169
T2_divergence_L1_count_matched,199.639
T2_divergence_L1_count_matched,156.81
T2_divergence_L1_count_matched,190.095
T2_divergence_L1_count_matched,165.35
T2_divergence_L1_count_matched,187.132
T2_divergence_L1_count_matched,235.842
T2_divergence_L1_count_matched,177.056
T2_divergence_L1_count_matched,187.31
T2_divergence_L1_count_matched,169.348
T2_divergence_L1_count_matched,171.673
T2_divergence_L1_count_matched,184.948
T2_divergence_L1_count_matched,202.729
T2_divergence_L1_count_matched,199.714
T2_divergence_L1_count_matched,216.634
T2_divergence_L1_count_matched,179.0
T2_divergence_L1_count_matched,196.737
T2_divergence_L1_count_matched,166.9
T2_divergence_L1_count_matched,179.477
T2_divergence_L1_count_matched,197.415
T2_divergence_L1_count_matched,181.143
T2_divergence_L1_count_matched,186.549
T2_divergence_L1_count_matched,164.117
T2_divergence_L1_count_matched,198.38
T2_divergence_L1_count_matched,175.525
T2_divergence_L1_count_matched,181.239
T2_divergence_L1_count_matched,188.464
T2_divergence_L1_count_matched,191.375
T2_divergence_L1_count_matched,184.415
T2_divergence_L1_count_matched,172.676
T2_divergence_L1_count_matched,158.292
T2_divergence_L1_count_matched,203.122
T2_divergence_L1_count_matched,192.319
T2_divergence_L1_count_matched,179.02
T2_divergence_L1_count_matched,183.125
T2_divergence_L1_count_matched,153.886
T2_divergence_L1_count_matched,171.688
T2_divergence_L1_count_matched,187.312
T2_divergence_L1_count_matched,146.984
T2_divergence_L1_count_matched,199.833
T2_divergence_L1_count_matched,212.075
T2_divergence_L1_count_matched,165.186
T2_divergence_L1_count_matched,187.475
T2_divergence_L1_count_matched,197.17
T2_divergence_L1_count_matched,183.877
T2_divergence_L1_count_matched,179.267
T2_divergence_L1_count_matched,218.372
T2_divergence_L1_count_matched,152.415
T2_divergence_L1_count_matched,177.702
T2_divergence_L1_count_matched,198.319
T2_divergence_L1_count_matched,171.291
T2_divergence_L1_count_matched,172.911
T2_divergence_L1_count_matched,170.775
T2_divergence_L1_count_matched,180.139
T2_divergence_L1_count_matched,170.964
T2_divergence_L1_count_matched,181.607
T2_divergence_L1_count_matched,188.981
T2_divergence_L1_count_matched,200.96
T2_divergence_L1_count_matched,203.627
T2_divergence_L1_count_matched,192.46
T2_divergence_L1_count_matched,183.904
T2_divergence_L1_count_matched,153.441
T2_divergence_L1_count_matched,168.091
T2_divergence_L1_count_matched,181.854
T2_divergence_L1_count_matched,158.295
T2_divergence_L1_count_matched,196.5
T2_divergence_L1_count_matched,181.691
T2_divergence_L1_count_matched,181.525
T2_divergence_L1_count_matched,197.246
T2_divergence_L1_count_matched,165.952
T2_divergence_L1_count_matched,174.156
T2_divergence_L1_count_matched,197.672
T2_divergence_L1_count_matched,175.348
T2_divergence_L1_count_matched,179.483
T2_divergence_L1_count_matched,178.432
T2_divergence_L1_count_matched,203.905
T2_divergence_L1_count_matched,211.634
T2_divergence_L1_count_matched,146.085
T2_divergence_L1_count_matched,189.574
T2_divergence_L1_count_matched,186.265
T2_divergence_L1_count_matched,193.14
T2_divergence_L1_count_matched,196.281
T2_divergence_L1_count_matched,157.167
T2_divergence_L1_count_matched,188.218
T2_divergence_L1_count_matched,152.462
T2_divergence_L1_count_matched,176.25
T2_divergence_L1_count_matched,198.298
T2_divergence_L1_count_matched,195.489
T2_divergence_L1_count_matched,207.509
T2_divergence_L1_count_matched,177.298
T2_divergence_L1_count_matched,194.933
T2_divergence_L1_count_matched,191.78
T2_divergence_L1_count_matched,204.255
T2_divergence_L1_count_matched,211.593
T2_divergence_L1_count_matched,173.902
T2_divergence_L1_count_matched,158.824
T2_divergence_L1_count_matched,183.233
T2_divergence_L1_count_matched,187.82
T2_divergence_L1_count_matched,196.543
T2_divergence_L1_count_matched,227.893
T2_divergence_L1_count_matched,203.934
T2_divergence_L1_count_matched,167.655
T2_divergence_L1_count_matched,194.102
T2_divergence_L1_count_matched,216.244
T2_divergence_L1_count_matched,198.917
T2_divergence_L1_count_matched,165.6
T2_divergence_L1_count_matched,174.862
T2_divergence_L1_count_matched,176.86
T2_divergence_L1_count_matched,178.929
T2_divergence_L1_count_matched,198.983
T2_divergence_L1_count_matched,193.78
T2_divergence_L1_count_matched,177.339
T2_divergence_L1_count_matched,173.524
T2_divergence_L1_count_matched,198.855
T2_divergence_L1_count_matched,183.341
T2_divergence_L1_count_matched,201.059
T2_divergence_L1_count_matched,173.929
T2_divergence_L1_count_matched,178.731
T2_divergence_L1_count_matched,178.44
T2_divergence_L1_count_matched,188.65
T2_divergence_L1_count_matched,208.773
T2_divergence_L1_count_matched,195.341
T2_divergence_L1_count_matched,177.792
T2_divergence_L1_count_matched,210.597
T2_divergence_L1_count_matched,180.652
T2_divergence_L1_count_matched,185.952
T2_divergence_L1_count_matched,193.043
T2_divergence_L1_count_matched,212.772
T2_divergence_L1_count_matched,186.173
T2_divergence_L1_count_matched,134.395
T2_divergence_L1_count_matched,178.764
T2_divergence_L1_count_matched,163.529
T2_divergence_L1_count_matched,194.704
T2_divergence_L1_count_matched,173.88
T2_divergence_L1_count_matched,198.949
T2_divergence_L1_count_matched,197.531
T2_divergence_L1_count_matched,192.405
T2_divergence_L1_count_matched,211.086
T2_divergence_L1_count_matched,185.071
T2_divergence_L1_count_matched,190.208
T2_divergence_L1_count_matched,182.111
T2_divergence_L1_count_matched,210.085
T2_divergence_L1_count_matched,241.125
T2_divergence_L1_count_matched,199.039
T2_divergence_L1_count_matched,157.654
T2_divergence_L1_count_matched,200.0
T2_divergence_L1_count_matched,200.0
T2_divergence_L1_count_matched,189.093
T2_divergence_L1_count_matched,171.551
T2_divergence_L1_count_matched,182.635
T2_divergence_L1_count_matched,190.136
T2_divergence_L1_count_matched,171.157
T2_divergence_L1_count_matched,173.433
T2_divergence_L1_count_matched,163.357
T2_divergence_L1_count_matched,190.286
T2_divergence_L1_count_matched,197.675
T2_divergence_L1_count_matched,165.038
T2_divergence_L1_count_matched,186.952
T2_divergence_L1_count_matched,166.0
T2_divergence_L1_count_matched,215.596
T2_divergence_L1_count_matched,210.773
T2_divergence_L1_count_matched,189.175
T2_divergence_L1_count_matched,188.78
T2_divergence_L1_count_matched,185.889
T2_divergence_L1_count_matched,166.192
T2_divergence_L1_count_matched,178.531
T2_divergence_L1_count_matched,198.302
T2_divergence_L1_count_matched,158.559
T2_divergence_L1_count_matched,222.571
T2_divergence_L1_count_matched,187.029
T2_divergence_L1_count_matched,166.774
T2_divergence_L1_count_matched,143.483
T2_divergence_L1_count_matched,219.622
T2_divergence_L1_count_matched,183.3
T2_divergence_L1_count_matched,178.071
T2_divergence_L1_count_matched,200.279
T2_divergence_L1_count_matched,180.651
T2_divergence_L1_count_matched,174.756
T2_divergence_L1_count_matched,198.643
T2_divergence_L1_count_matched,203.633
T2_divergence_L1_count_matched,162.2
T2_divergence_L1_count_matched,180.049
T2_divergence_L1_count_matched,199.881
T2_divergence_L1_count_matched,204.651
T2_divergence_L1_count_matched,196.293
T2_divergence_L1_count_matched,179.518
T2_divergence_L1_count_matched,193.833
T2_divergence_L1_count_matched,209.217
T2_divergence_L1_count_matched,179.094
T2_divergence_L1_count_matched,193.186
T2_divergence_L1_count_matched,193.271
T2_divergence_L1_count_matched,184.773
T2_divergence_L1_count_matched,186.265
T2_divergence_L1_count_matched,195.444
T2_divergence_L1_count_matched,178.923
T2_divergence_L1_count_matched,189.392
T2_divergence_L1_count_matched,191.982
T2_divergence_L1_count_matched,176.62
T2_divergence_L1_count_matched,195.39
T2_divergence_L1_count_matched,197.773
T2_divergence_L1_count_matched,156.244
T2_divergence_L1_count_matched,159.18
T2_divergence_L1_count_matched,174.444
T2_divergence_L1_count_matched,182.561
T2_divergence_L1_count_matched,177.122
T2_divergence_L1_count_matched,191.4
T2_divergence_L1_count_matched,211.358
T2_divergence_L1_count_matched,181.123
T2_divergence_L1_count_matched,192.408
T2_divergence_L1_count_matched,192.392
T2_divergence_L1_count_matched,198.591
T2_divergence_L1_count_matched,172.544
T2_divergence_L1_count_matched,213.725
T2_divergence_L1_count_matched,182.982
T2_divergence_L1_count_matched,148.5
T2_divergence_L1_count_matched,189.51
T2_divergence_L1_count_matched,199.367
T2_divergence_L1_count_matched,189.312
T2_divergence_L1_count_matched,180.362
T2_divergence_L1_count_matched,194.603
T2_divergence_L1_count_matched,172.773
T2_divergence_L1_count_matched,195.981
T2_divergence_L1_count_matched,172.058
T2_divergence_L1_count_matched,186.198
T2_divergence_L1_count_matched,189.62
T2_divergence_L1_count_matched,197.143
T2_divergence_L1_count_matched,185.681
T2_divergence_L1_count_matched,191.51
T2_divergence_L1_count_matched,214.325
T2_divergence_L1_count_matched,160.667
T2_divergence_L1_count_matched,177.136
T2_divergence_L1_count_matched,174.408
T2_divergence_L1_count_matched,185.18
T2_divergence_L1_count_matched,198.407
T2_divergence_L1_count_matched,197.436
T2_divergence_L1_count_matched,253.9
T2_divergence_L1_count_matched,168.129
T2_divergence_L1_count_matched,177.0
T2_divergence_L1_count_matched,206.02
T2_divergence_L1_count_matched,251.111
T2_divergence_L1_count_matched,199.525
T2_divergence_L1_count_matched,183.786
T2_divergence_L1_count_matched,167.581
T2_divergence_L1_count_matched,184.333
T2_divergence_L1_count_matched,182.149
T2_divergence_L1_count_matched,215.806
T2_divergence_L1_count_matched,242.812
T2_divergence_L1_count_matched,175.16
T2_divergence_L1_count_matched,189.102
T2_divergence_L1_count_matched,198.534
T2_divergence_L1_count_matched,206.8
T2_divergence_L1_count_matched,166.258
T2_divergence_L1_count_matched,177.615
T2_divergence_L1_count_matched,235.244
T2_divergence_L1_count_matched,194.314
T2_divergence_L1_count_matched,201.66
T2_divergence_L1_count_matched,200.188
T2_divergence_L1_count_matched,151.042
T2_divergence_L1_count_matched,186.4
T2_divergence_L1_count_matched,205.255
T2_divergence_L1_count_matched,192.692
T2_divergence_L1_count_matched,160.705
T2_divergence_L1_count_matched,173.255
T2_divergence_L1_count_matched,184.439
T2_divergence_L1_count_matched,185.462
T2_divergence_L1_count_matched,185.761
T2_divergence_L1_count_matched,198.254
T2_divergence_L1_count_matched,171.351
T2_divergence_L1_count_matched,192.203
T2_divergence_L1_count_matched,206.804
T2_divergence_L1_count_matched,194.12
T2_divergence_L1_count_matched,167.342
T2_divergence_L1_count_matched,198.561
T2_divergence_L1_count_matched,169.458
T2_divergence_L1_count_matched,203.52
T2_divergence_L1_count_matched,186.613
T2_divergence_L1_count_matched,190.314
T2_divergence_L1_count_matched,193.28
T2_divergence_L1_count_matched,211.167
T2_divergence_L1_count_matched,181.071
T2_divergence_L1_count_matched,195.565
T2_divergence_L1_count_matched,190.568
T2_divergence_L1_count_matched,171.642
T2_divergence_L1_count_matched,172.023
T2_divergence_L1_count_matched,190.244
T2_divergence_L1_count_matched,168.47
T2_divergence_L1_count_matched,168.372
T2_divergence_L1_count_matched,192.49
T2_divergence_L1_count_matched,178.396
T2_divergence_L1_count_matched,128.519
T2_divergence_L1_count_matched,172.676
T2_divergence_L1_count_matched,185.286
T2_divergence_L1_count_matched,181.775
T2_divergence_L1_count_matched,189.0
T2_divergence_L1_count_matched,211.075
T2_divergence_L1_count_matched,173.969
T2_divergence_L1_count_matched,154.38
T2_divergence_L1_count_matched,172.632
T2_divergence_L1_count_matched,210.438
T2_divergence_L1_count_matched,187.941
T2_divergence_L1_count_matched,202.286
T2_divergence_L1_count_matched,190.35
T2_divergence_L1_count_matched,191.255
T2_divergence_L1_count_matched,167.064
T2_divergence_L1_count_matched,212.55
T2_divergence_L1_count_matched,161.49
T2_divergence_L1_count_matched,198.127
T2_divergence_L1_count_matched,170.255
T2_divergence_L1_count_matched,173.676
T2_divergence_L1_count_matched,195.214
T2_divergence_L1_count_matched,189.0
T2_divergence_L1_count_matched,165.805
T2_divergence_L1_count_matched,209.085
T2_divergence_L1_count_matched,136.792
T2_divergence_L1_count_matched,216.244
T2_divergence_L1_count_matched,213.407
T2_divergence_L1_count_matched,155.851
T2_divergence_L1_count_matched,188.54
T2_divergence_L1_count_matched,203.235
T2_divergence_L1_count_matched,190.9
T2_divergence_L1_count_matched,215.306
T2_divergence_L1_count_matched,156.065
T2_divergence_L1_count_matched,196.02
T2_divergence_L1_count_matched,175.977
T2_divergence_L1_count_matched,205.103
T2_divergence_L1_count_matched,186.255
T2_divergence_L1_count_matched,169.921
T2_divergence_L1_count_matched,203.733
T2_divergence_L1_count_matched,180.981
T2_divergence_L1_count_matched,202.465
T2_divergence_L1_count_matched,192.532
T2_divergence_L1_count_matched,199.628
T2_divergence_L1_count_matched,208.128
T2_divergence_L1_count_matched,177.383
T2_divergence_L1_count_matched,190.256
T2_divergence_L1_count_matched,164.791
T2_divergence_L1_count_matched,208.875
T2_divergence_L1_count_matched,166.42
T2_divergence_L1_count_matched,228.289
T2_divergence_L1_count_matched,189.316
T2_divergence_L1_count_matched,194.0
T2_divergence_L1_count_matched,204.696
T2_divergence_L1_count_matched,151.25
T2_divergence_L1_count_matched,186.709
T2_divergence_L1_count_matched,188.933
T2_divergence_L1_count_matched,204.391
T2_divergence_L1_count_matched,209.977
T2_divergence_L1_count_matched,202.489
T2_divergence_L1_count_matched,178.45
T2_divergence_L1_count_matched,214.759
T2_divergence_L1_count_matched,158.206
T2_divergence_L1_count_matched,220.432
T2_divergence_L1_count_matched,198.768
T2_divergence_L1_count_matched,208.725
T2_divergence_L1_count_matched,217.489
T2_divergence_L1_count_matched,214.533
T2_divergence_L1_count_matched,182.585
T2_divergence_L1_count_matched,194.127
T2_divergence_L1_count_matched,189.825
T2_divergence_L1_count_matched,192.375
T2_divergence_L1_count_matched,167.796
T2_divergence_L1_count_matched,191.75
T2_divergence_L1_count_matched,148.25
T2_divergence_L1_count_matched,203.229
T2_divergence_L1_count_matched,177.31
T2_divergence_L1_count_matched,191.133
T2_divergence_L1_count_matched,194.725
T2_divergence_L1_count_matched,188.057
T2_divergence_L1_count_matched,204.731
T2_divergence_L1_count_matched,180.978
T2_divergence_L1_count_matched,182.341
T2_divergence_L1_count_matched,189.553
T2_divergence_L1_count_matched,179.021
T2_divergence_L1_count_matched,214.545
T2_divergence_L1_count_matched,175.171
T2_divergence_L1_count_matched,201.8
T2_divergence_L1_count_matched,216.316
T2_divergence_L1_count_matched,192.709
T2_divergence_L1_count_matched,170.057
T2_divergence_L1_count_matched,203.138
T2_divergence_L1_count_matched,190.61
T2_divergence_L1_count_matched,191.244
T2_divergence_L1_count_matched,185.259
T2_divergence_L1_count_matched,187.302
T2_divergence_L1_count_matched,179.694
T2_divergence_L1_count_matched,202.387
T2_divergence_L1_count_matched,163.766
T2_divergence_L1_count_matched,183.406
T2_divergence_L1_count_matched,207.182
T2_divergence_L1_count_matched,159.239
T2_divergence_L1_count_matched,193.068
T2_divergence_L1_count_matched,192.367
T2_divergence_L1_count_matched,186.738
T2_divergence_L1_count_matched,194.381
T2_divergence_L1_count_matched,195.404
T2_divergence_L1_count_matched,185.86
T2_divergence_L1_count_matched,188.357
T2_divergence_L1_count_matched,181.521
T2_divergence_L1_count_matched,188.426
T2_divergence_L1_count_matched,187.389
T2_divergence_L1_count_matched,196.5
T2_divergence_L1_count_matched,195.667
T2_divergence_L1_count_matched,211.68
T2_divergence_L1_count_matched,186.146
T2_divergence_L1_count_matched,186.379
T2_divergence_L1_count_matched,181.151
T2_divergence_L1_count_matched,184.244
T2_divergence_L1_count_matched,146.721
T2_divergence_L1_count_matched,185.754
T2_divergence_L1_count_matched,169.255
T2_divergence_L1_count_matched,193.208
T2_divergence_L1_count_matched,175.239
T2_divergence_L1_count_matched,193.686
T2_divergence_L1_count_matched,156.913
T2_divergence_L1_count_matched,178.674
T2_divergence_L1_count_matched,187.814
T2_divergence_L1_count_matched,180.021
T2_divergence_L1_count_matched,200.14
T2_divergence_L1_count_matched,189.233
T2_divergence_L1_count_matched,196.727
T2_divergence_L1_count_matched,167.128
T2_divergence_L1_count_matched,194.692
T2_divergence_L1_count_matched,214.068
T2_divergence_L1_count_matched,183.49
T2_divergence_L1_count_matched,198.627
T2_divergence_L1_count_matched,175.394
T2_divergence_L1_count_matched,169.455
T2_divergence_L1_count_matched,188.932
T2_divergence_L1_count_matched,194.963
T2_divergence_L1_count_matched,171.22
T2_divergence_L1_count_matched,213.708
T2_divergence_L1_count_matched,207.977
T2_divergence_L1_count_matched,188.241
T2_divergence_L1_count_matched,203.2
T2_divergence_L1_count_matched,185.833
T2_divergence_L1_count_matched,187.508
T2_divergence_L1_count_matched,190.783
T2_divergence_L1_count_matched,185.034
T2_divergence_L1_count_matched,177.19
T2_divergence_L1_count_matched,208.738
T2_divergence_L1_count_matched,206.48
T2_divergence_L1_count_matched,202.648
T2_divergence_L1_count_matched,192.055
T2_divergence_L1_count_matched,195.911
T2_divergence_L1_count_matched,183.238
T2_divergence_L1_count_matched,199.63
T2_divergence_L1_count_matched,144.344
T2_divergence_L1_count_matched,185.051
T2_divergence_L1_count_matched,202.373
T2_divergence_L1_count_matched,170.014
T2_divergence_L1_count_matched,201.164
T2_divergence_L1_count_matched,178.833
T2_divergence_L1_count_matched,212.679
T2_divergence_L1_count_matched,205.53
T2_divergence_L1_count_matched,183.756
T2_divergence_L1_count_matched,181.825
T2_divergence_L1_count_matched,168.275
T2_divergence_L1_count_matched,188.302
T2_divergence_L1_count_matched,187.789
T2_divergence_L1_count_matched,220.575
T2_divergence_L1_count_matched,197.857
T2_divergence_L1_count_matched,183.17
T2_divergence_L1_count_matched,200.244
T2_divergence_L1_count_matched,182.153
T2_divergence_L1_count_matched,186.667
T2_divergence_L1_count_matched,206.2
T2_divergence_L1_count_matched,190.473
T2_divergence_L1_count_matched,172.049
T2_divergence_L1_count_matched,183.907
T2_divergence_L1_count_matched,194.213
T2_divergence_L1_count_matched,177.571
T2_divergence_L1_count_matched,197.023
T2_divergence_L1_count_matched,185.875
T2_divergence_L1_count_matched,182.839
T2_divergence_L1_count_matched,188.907
T2_divergence_L1_count_matched,164.726
T2_divergence_L1_count_matched,178.314
T2_divergence_L1_count_matched,193.136
T2_divergence_L1_count_matched,209.143
T2_divergence_L1_count_matched,193.75
T2_divergence_L1_count_matched,175.647
T2_divergence_L1_count_matched,183.822
T2_divergence_L1_count_matched,185.628
T2_divergence_L1_count_matched,171.593
T2_divergence_L1_count_matched,191.163
T2_divergence_L1_count_matched,195.0
T2_divergence_L1_count_matched,183.953
T2_divergence_L1_count_matched,179.2
T2_divergence_L1_count_matched,211.825
T2_divergence_L1_count_matched,205.152
T2_divergence_L1_count_matched,202.604
T2_divergence_L1_count_matched,207.608
T2_divergence_L1_count_matched,185.339
T2_divergence_L1_count_matched,181.604
T2_divergence_L1_count_matched,203.76
T2_divergence_L1_count_matched,188.679
T2_divergence_L1_count_matched,236.881
T2_divergence_L1_count_matched,204.898
T2_divergence_L1_count_matched,192.442
T2_divergence_L1_count_matched,183.725
T2_divergence_L1_count_matched,202.333
T2_divergence_L1_count_matched,159.983
T2_divergence_L1_count_matched,165.968
T2_divergence_L1_count_matched,236.048
T2_divergence_L1_count_matched,211.905
T2_divergence_L1_count_matched,183.583
T2_divergence_L1_count_matched,195.422
T2_divergence_L1_count_matched,169.54
T2_divergence_L1_count_matched,192.407
T2_divergence_L1_count_matched,171.962
T2_divergence_L1_count_matched,218.535
T2_divergence_L1_count_matched,167.02
T2_divergence_L1_count_matched,183.709
T2_divergence_L1_count_matched,194.459
T2_divergence_L1_count_matched,198.319
T2_divergence_L1_count_matched,185.174
T2_divergence_L1_count_matched,165.268
T2_divergence_L1_count_matched,185.511
T2_divergence_L1_count_matched,204.356
T2_divergence_L1_count_matched,202.373
T2_divergence_L1_count_matched,205.286
T2_divergence_L1_count_matched,208.676
T2_divergence_L1_count_matched,211.508
T2_divergence_L1_count_matched,189.318
T2_divergence_L1_count_matched,187.558
T2_divergence_L1_count_matched,210.6
T2_divergence_L1_count_matched,159.417
T2_divergence_L1_count_matched,183.898
T2_divergence_L1_count_matched,222.649
T2_divergence_L1_count_matched,168.551
T2_divergence_L1_count_matched,212.065
T2_divergence_L1_count_matched,199.444
T2_divergence_L1_count_matched,197.911
T2_divergence_L1_count_matched,214.522
T2_divergence_L1_count_matched,190.906
T2_divergence_L1_count_matched,195.196
T2_divergence_L1_count_matched,221.556
T2_divergence_L1_count_matched,177.017
T2_divergence_L1_count_matched,190.791
T2_divergence_L1_count_matched,211.75
T2_divergence_L1_count_matched,174.519
T2_divergence_L1_count_matched,190.769
T2_divergence_L1_count_matched,202.506
T2_divergence_L1_count_matched,179.318
T2_divergence_L1_count_matched,188.021
T2_divergence_L1_count_matched,214.783
T2_divergence_L1_count_matched,187.739
T2_divergence_L1_count_matched,175.433
T2_divergence_L1_count_matched,200.774
T2_divergence_L1_count_matched,194.915
T2_divergence_L1_count_matched,181.348
T2_divergence_L1_count_matched,197.136
T2_divergence_L1_count_matched,185.831
T2_divergence_L1_count_matched,173.5
T2_divergence_L1_count_matched,188.521
T2_divergence_L1_count_matched,171.512
T2_divergence_L1_count_matched,198.65
T2_divergence_L1_count_matched,196.84
T2_divergence_L1_count_matched,172.338
T2_divergence_L1_count_matched,187.952
T2_divergence_L1_count_matched,189.731
T2_divergence_L1_count_matched,184.182
T2_divergence_L1_count_matched,197.439
T2_divergence_L1_count_matched,191.681
T2_divergence_L1_count_matched,174.529
T2_divergence_L1_count_matched,171.796
T2_divergence_L1_count_matched,198.872
T2_divergence_L1_count_matched,171.542
T2_divergence_L1_count_matched,186.535
T2_divergence_L1_count_matched,188.105
T2_divergence_L1_count_matched,169.211
T2_divergence_L1_count_matched,171.162
T2_divergence_L1_count_matched,183.057
T2_divergence_L1_count_matched,216.854
T2_divergence_L1_count_matched,168.89
T2_divergence_L1_count_matched,192.217
T2_divergence_L1_count_matched,167.87
T2_divergence_L1_count_matched,197.431
T2_divergence_L1_count_matched,193.519
T2_divergence_L1_count_matched,193.45
T2_divergence_L1_count_matched,188.625
T2_divergence_L1_count_matched,202.725
T2_divergence_L1_count_matched,212.304
T2_divergence_L1_count_matched,185.14
T2_divergence_L1_count_matched,227.24
T2_divergence_L1_count_matched,186.294
T2_divergence_L1_count_matched,177.8
T2_divergence_L1_count_matched,181.275
T2_divergence_L1_count_matched,182.38
T2_divergence_L1_count_matched,174.0
T2_divergence_L1_count_matched,179.978
T2_divergence_L1_count_matched,178.722
T2_divergence_L1_count_matched,190.827
T2_divergence_L1_count_matched,189.643
T2_divergence_L1_count_matched,199.889
T2_divergence_L1_count_matched,213.911
T2_divergence_L1_count_matched,199.059
T2_divergence_L1_count_matched,184.422
T2_divergence_L1_count_matched,190.982
T2_divergence_L1_count_matched,207.955
T2_divergence_L1_count_matched,184.432
T2_divergence_L1_count_matched,192.184
T2_divergence_L1_count_matched,157.667
T2_divergence_L1_count_matched,211.879
T2_divergence_L1_count_matched,167.25
T2_divergence_L1_count_matched,192.421
T2_divergence_L1_count_matched,188.067
T2_divergence_L1_count_matched,196.314
T2_divergence_L1_count_matched,210.84
T2_divergence_L1_count_matched,179.867
T2_divergence_L1_count_matched,184.387
T2_divergence_L1_count_matched,197.058
T2_divergence_L1_count_matched,203.531
T2_divergence_L1_count_matched,184.661
T2_divergence_L1_count_matched,206.254
T2_divergence_L1_count_matched,166.688
T2_divergence_L1_count_matched,191.183
T2_divergence_L1_count_matched,184.049
T2_divergence_L1_count_matched,193.933
T2_divergence_L1_count_matched,190.667
T2_divergence_L1_count_matched,205.224
T2_divergence_L1_count_matched,188.432
T2_divergence_L1_count_matched,191.061
T2_divergence_L1_count_matched,167.361
T2_divergence_L1_count_matched,179.137
T2_divergence_L1_count_matched,176.945
T2_divergence_L1_count_matched,184.373
T2_divergence_L1_count_matched,201.358
T2_divergence_L1_count_matched,197.475
T2_divergence_L1_count_matched,195.863
T2_divergence_L1_count_matched,172.214
T2_divergence_L1_count_matched,214.0
T2_divergence_L1_count_matched,175.409
T2_divergence_L1_count_matched,178.735
T2_divergence_L1_count_matched,135.688
T2_divergence_L1_count_matched,183.393
T2_divergence_L1_count_matched,234.267
T2_divergence_L1_count_matched,170.787
T2_divergence_L1_count_matched,178.609
T2_divergence_L1_count_matched,200.952
T2_divergence_L1_count_matched,206.914
T2_divergence_L1_count_matched,181.093
T2_divergence_L1_count_matched,171.875
T2_divergence_L1_count_matched,219.537
T2_divergence_L1_count_matched,195.073
T2_divergence_L1_count_matched,213.867
T2_divergence_L1_count_matched,163.105
T2_divergence_L1_count_matched,205.481
T2_divergence_L1_count_matched,207.864
T2_divergence_L1_count_matched,189.196
T2_divergence_L1_count_matched,185.333
T2_divergence_L1_count_matched,190.982
T2_divergence_L1_count_matched,189.986
T2_divergence_L1_count_matched,199.933
T2_divergence_L1_count_matched,181.449
T2_divergence_L1_count_matched,192.841
T2_divergence_L1_count_matched,177.36
T2_divergence_L1_count_matched,215.7
T2_divergence_L1_count_matched,169.558
T2_divergence_L1_count_matched,166.453
T2_divergence_L1_count_matched,163.929
T2_divergence_L1_count_matched,174.612
T2_divergence_L1_count_matched,192.439
T2_divergence_L1_count_matched,201.804
T2_divergence_L1_count_matched,174.476
T2_divergence_L1_count_matched,192.976
T2_divergence_L1_count_matched,197.976
T2_divergence_L1_count_matched,177.234
T2_divergence_L1_count_matched,206.446
T2_divergence_L1_count_matched,190.094
T2_divergence_L1_count_matched,187.488
T2_divergence_L1_count_matched,178.709
T2_divergence_L1_count_matched,182.48
T2_divergence_L1_count_matched,169.628
T2_divergence_L1_count_matched,199.907
T2_divergence_L1_count_matched,224.918
T2_divergence_L1_count_matched,182.045
T2_divergence_L1_count_matched,166.865
T2_divergence_L1_count_matched,193.647
T2_divergence_L1_count_matched,171.048
T2_divergence_L1_count_matched,201.554
T2_divergence_L1_count_matched,187.533
T2_divergence_L1_count_matched,181.111
T2_divergence_L1_count_matched,201.727
T2_divergence_L1_count_matched,193.328
T2_divergence_L1_count_matched,196.569
T2_divergence_L1_count_matched,160.738
T2_divergence_L1_count_matched,158.257
T2_divergence_L1_count_matched,225.364
T2_divergence_L1_count_matched,201.321
T2_divergence_L1_count_matched,179.188
T2_divergence_L1_count_matched,175.136
T2_divergence_L1_count_matched,198.828
T2_divergence_L1_count_matched,174.14
T2_divergence_L1_count_matched,202.6
T2_divergence_L1_count_matched,185.237
T2_divergence_L1_count_matched,143.095
T2_divergence_L1_count_matched,152.607
T2_divergence_L1_count_matched,189.377
T2_divergence_L1_count_matched,195.196
T2_divergence_L1_count_matched,188.286
T2_divergence_L1_count_matched,195.8
T2_divergence_L1_count_matched,184.565
T2_divergence_L1_count_matched,176.479
T2_divergence_L1_count_matched,211.074
T2_divergence_L1_count_matched,202.561
T2_divergence_L1_count_matched,167.604
T2_divergence_L1_count_matched,194.067
T2_divergence_L1_count_matched,178.205
T2_divergence_L1_count_matched,215.879
T2_divergence_L1_count_matched,186.98
T2_divergence_L1_count_matched,185.245
T2_divergence_L1_count_matched,179.719
T2_divergence_L1_count_matched,190.791
T2_divergence_L1_count_matched,188.261
T2_divergence_L1_count_matched,201.404
T2_divergence_L1_count_matched,185.907
T2_divergence_L1_count_matched,212.636
T2_divergence_L1_count_matched,191.512
T2_divergence_L1_count_matched,160.327
T2_divergence_L1_count_matched,186.159
T2_divergence_L1_count_matched,189.976
T2_divergence_L1_count_matched,187.222
T2_divergence_L1_count_matched,228.24
T2_divergence_L1_count_matched,189.171
T2_divergence_L1_count_matched,189.25
T2_divergence_L1_count_matched,192.957
T2_divergence_L1_count_matched,202.862
T2_divergence_L1_count_matched,187.949
T2_divergence_L1_count_matched,135.481
T2_divergence_L1_count_matched,184.085
T2_divergence_L1_count_matched,181.375
T2_divergence_L1_count_matched,169.625
T2_divergence_L1_count_matched,187.229
T2_divergence_L1_count_matched,166.413
T2_divergence_L1_count_matched,210.976
T2_divergence_L1_count_matched,183.213
T2_divergence_L1_count_matched,227.511
T2_divergence_L1_count_matched,169.25
T2_divergence_L1_count_matched,151.286
T2_divergence_L1_count_matched,194.878
T2_divergence_L1_count_matched,196.66
T2_divergence_L1_count_matched,193.75
T2_divergence_L1_count_matched,209.56
T2_divergence_L1_count_matched,177.969
T2_divergence_L1_count_matched,180.95
T2_divergence_L1_count_matched,265.727
T2_divergence_L1_count_matched,178.667
T2_divergence_L1_count_matched,201.941
T2_divergence_L1_count_matched,199.628
T2_divergence_L1_count_matched,205.288
T2_divergence_L1_count_matched,158.69
T2_divergence_L1_count_matched,159.773
T2_divergence_L1_count_matched,182.293
T2_divergence_L1_count_matched,188.736
T2_divergence_L1_count_matched,202.738
T2_divergence_L1_count_matched,176.394
T2_divergence_L1_count_matched,170.725
T2_divergence_L1_count_matched,190.375
T2_divergence_L1_count_matched,206.935
T2_divergence_L1_count_matched,176.881
T2_divergence_L1_count_matched,161.98
T2_divergence_L1_count_matched,199.791
T2_divergence_L1_count_matched,186.157
T2_divergence_L1_count_matched,202.3
T2_divergence_L1_count_matched,194.661
T2_divergence_L1_count_matched,202.844
T2_divergence_L1_count_matched,188.85
T2_divergence_L1_count_matched,184.039
T2_divergence_L1_count_matched,173.111
T2_divergence_L1_count_matched,197.556
T2_divergence_L1_count_matched,195.891
T2_divergence_L1_count_matched,194.744
T2_divergence_L1_count_matched,211.041
T2_divergence_L1_count_matched,201.154
T2_divergence_L1_count_matched,207.617
T2_divergence_L1_count_matched,189.04
T2_divergence_L1_count_matched,153.647
T2_divergence_L1_count_matched,181.811
T2_divergence_L1_count_matched,211.4
T2_divergence_L1_count_matched,181.535
T2_divergence_L1_count_matched,215.444
T2_divergence_L1_count_matched,168.295
T2_divergence_L1_count_matched,160.65
T2_divergence_L1_count_matched,183.208
T2_divergence_L1_count_matched,219.878
T2_divergence_L1_count_matched,196.635
T2_divergence_L1_count_matched,193.244
T2_divergence_L1_count_matched,214.317
T2_divergence_L1_count_matched,196.4
T2_divergence_L1_count_matched,216.308
T2_divergence_L1_count_matched,178.932
T2_divergence_L1_count_matched,187.208
T2_divergence_L1_count_matched,227.02
T2_divergence_L1_count_matched,193.652
T2_divergence_L1_count_matched,180.286
T2_divergence_L1_count_matched,196.639
T2_divergence_L1_count_matched,171.4
T2_divergence_L1_count_matched,192.159
T2_divergence_L1_count_matched,177.163
T2_divergence_L1_count_matched,212.577
T2_divergence_L1_count_matched,159.553
T2_divergence_L1_count_matched,197.217
T2_divergence_L1_count_matched,179.9
T2_divergence_L1_count_matched,192.231
T2_divergence_L1_count_matched,218.667
T2_divergence_L1_count_matched,180.3
T2_divergence_L1_count_matched,195.075
T2_divergence_L1_count_matched,194.773
T2_divergence_L1_count_matched,201.172
T2_divergence_L1_count_matched,180.785
T2_divergence_L1_count_matched,167.579
T2_divergence_L1_count_matched,214.591
T2_divergence_L1_count_matched,180.37
T2_divergence_L1_count_matched,155.451
T2_divergence_L1_count_matched,191.226
T2_divergence_L1_count_matched,212.5
T2_divergence_L1_count_matched,194.594
T2_divergence_L1_count_matched,202.34
T2_divergence_L1_count_matched,178.435
T2_divergence_L1_count_matched,190.239
T2_divergence_L1_count_matched,178.0
T2_divergence_L1_count_matched,188.667
T2_divergence_L1_count_matched,196.02
T2_divergence_L1_count_matched,177.415
T2_divergence_L1_count_matched,195.932
T2_divergence_L1_count_matched,193.884
T2_divergence_L1_count_matched,218.302
T2_divergence_L1_count_matched,194.829
T2_divergence_L1_count_matched,191.345
T2_divergence_L1_count_matched,181.0
T2_divergence_L1_count_matched,202.152
T2_divergence_L1_count_matched,198.902
T2_divergence_L1_count_matched,200.818
T2_divergence_L1_count_matched,172.585
T2_divergence_L1_count_matched,195.298
T2_divergence_L1_count_matched,186.429
T2_divergence_L1_count_matched,206.549
T2_divergence_L1_count_matched,185.846
T2_divergence_L1_count_matched,155.545
T2_divergence_L1_count_matched,206.873
T2_divergence_L1_count_matched,197.171
T2_divergence_L1_count_matched,201.766
T2_divergence_L1_count_matched,180.963
T2_divergence_L1_count_matched,178.234
T2_divergence_L1_count_matched,194.184
T2_divergence_L1_count_matched,181.923
T2_divergence_L1_count_matched,205.22
T2_divergence_L1_count_matched,180.2
T2_divergence_L1_count_matched,233.386
T2_divergence_L1_count_matched,182.742
T2_divergence_L1_count_matched,186.854
T2_divergence_L1_count_matched,206.387
T2_divergence_L1_count_matched,196.369
T2_divergence_L1_count_matched,195.12
T2_divergence_L1_count_matched,186.787
T2_divergence_L1_count_matched,203.905
T2_divergence_L1_count_matched,184.952
T2_divergence_L1_count_matched,186.653
T2_divergence_L1_count_matched,196.867
T2_divergence_L1_count_matched,190.667
T2_divergence_L1_count_matched,179.703
T2_divergence_L1_count_matched,160.592
T2_divergence_L1_count_matched,187.268
T2_divergence_L1_count_matched,188.729
T2_divergence_L1_count_matched,203.218
T2_divergence_L1_count_matched,201.886
T2_divergence_L1_count_matched,183.878
T2_divergence_L1_count_matched,169.131
T2_divergence_L1_count_matched,190.281
T2_divergence_L1_count_matched,180.977
T2_divergence_L1_count_matched,193.045
T2_divergence_L1_count_matched,198.452
T2_divergence_L1_count_matched,172.654
T2_divergence_L1_count_matched,196.259
T2_divergence_L1_count_matched,146.0
T2_divergence_L1_count_matched,184.349
T2_divergence_L1_count_matched,190.667
T2_divergence_L1_count_matched,182.54
T2_divergence_L1_count_matched,182.06
T2_divergence_L1_count_matched,213.302
T2_divergence_L1_count_matched,170.068
T2_divergence_L1_count_matched,177.942
T2_divergence_L1_count_matched,174.053
T2_divergence_L1_count_matched,193.551
T2_divergence_L1_count_matched,179.208
T2_divergence_L1_count_matched,204.898
T2_divergence_L1_count_matched,182.526
T2_divergence_L1_count_matched,231.929
T2_divergence_L1_count_matched,145.447
T2_divergence_L1_count_matched,181.927
T2_divergence_L1_count_matched,187.796
T2_divergence_L1_count_matched,198.509
T2_divergence_L1_count_matched,219.0
T2_divergence_L1_count_matched,199.561
T2_divergence_L1_count_matched,166.0
T2_divergence_L1_count_matched,194.733
T2_divergence_L1_count_matched,188.085
T2_divergence_L1_count_matched,175.911
T2_divergence_L1_count_matched,208.327
T2_divergence_L1_count_matched,185.125
T2_divergence_L1_count_matched,196.675
T2_divergence_L1_count_matched,198.381
T2_divergence_L1_count_matched,200.024
T2_divergence_L1_count_matched,201.84
T2_divergence_L1_count_matched,207.048
T2_divergence_L1_count_matched,253.054
T2_divergence_L1_count_matched,183.667
T2_divergence_L1_count_matched,184.143
T2_divergence_L1_count_matched,214.02
T2_divergence_L1_count_matched,207.984
T2_divergence_L1_count_matched,182.05
T2_divergence_L1_count_matched,153.537
T2_divergence_L1_count_matched,200.195
T2_divergence_L1_count_matched,191.966
T2_divergence_L1_count_matched,163.029
T2_divergence_L1_count_matched,170.024
T2_divergence_L1_count_matched,155.841
T2_divergence_L1_count_matched,194.077
T2_divergence_L1_count_matched,167.512
T2_divergence_L1_count_matched,155.043
T2_divergence_L1_count_matched,176.831
T2_divergence_L1_count_matched,197.481
T2_divergence_L1_count_matched,172.776
T2_divergence_L1_count_matched,176.07
T2_divergence_L1_count_matched,208.077
T2_divergence_L1_count_matched,186.302
T2_divergence_L1_count_matched,184.16
T2_divergence_L1_count_matched,175.383
T2_divergence_L1_count_matched,179.529
T2_divergence_L1_count_matched,196.389
T2_divergence_L1_count_matched,219.6
T2_divergence_L1_count_matched,188.0
T2_divergence_L1_count_matched,172.818
T2_divergence_L1_count_matched,240.204
T2_divergence_L1_count_matched,173.093
T2_divergence_L1_count_matched,183.683
T2_divergence_L1_count_matched,165.848
T2_divergence_L1_count_matched,172.158
T2_divergence_L1_count_matched,191.865
T2_divergence_L1_count_matched,157.537
T2_divergence_L1_count_matched,192.925
T2_divergence_L1_count_matched,219.676
T2_divergence_L1_count_matched,183.432
T2_divergence_L1_count_matched,152.978
T2_divergence_L1_count_matched,165.772
T2_divergence_L1_count_matched,189.93
T2_divergence_L1_count_matched,226.735
T2_divergence_L1_count_matched,164.544
T2_divergence_L1_count_matched,178.0
T2_divergence_L1_count_matched,208.097
T2_divergence_L1_count_matched,194.174
T2_divergence_L1_count_matched,172.469
T2_divergence_L1_count_matched,181.0
T2_divergence_L1_count_matched,194.484
T2_divergence_L1_count_matched,182.5
T2_divergence_L1_count_matched,172.327
T2_divergence_L1_count_matched,169.162
T2_divergence_L1_count_matched,209.422
T2_divergence_L1_count_matched,168.241
T2_divergence_L1_count_matched,182.688
T2_divergence_L1_count_matched,175.358
T2_divergence_L1_count_matched,179.809
T2_divergence_L1_count_matched,200.75
T2_divergence_L1_count_matched,211.271
T2_divergence_L1_count_matched,159.123
T2_divergence_L1_count_matched,183.957
T2_divergence_L1_count_matched,191.809
T2_divergence_L1_count_matched,201.07
T2_divergence_L1_count_matched,189.694
T2_divergence_L1_count_matched,185.571
T2_divergence_L1_count_matched,207.153
T2_divergence_L1_count_matched,199.346
T2_divergence_L1_count_matched,179.895
T2_divergence_L1_count_matched,188.85
T2_divergence_L1_count_matched,207.875
T2_divergence_L1_count_matched,192.404
T2_divergence_L1_count_matched,183.755
T2_divergence_L1_count_matched,202.744
T2_divergence_L1_count_matched,198.147
T2_divergence_L1_count_matched,195.618
T2_divergence_L1_count_matched,204.442
T2_divergence_L1_count_matched,183.737
T2_divergence_L1_count_matched,202.81
T2_divergence_L1_count_matched,170.457
T2_divergence_L1_count_matched,176.559
T2_divergence_L1_count_matched,190.302
T2_divergence_L1_count_matched,159.538
T2_divergence_L1_count_matched,177.259
T2_divergence_L1_count_matched,189.017
T2_divergence_L1_count_matched,217.373
T2_divergence_L1_count_matched,199.064
T2_divergence_L1_count_matched,177.558
T2_divergence_L1_count_matched,219.597
T2_divergence_L1_count_matched,152.817
T2_divergence_L1_count_matched,191.164
T2_divergence_L1_count_matched,204.153
T2_divergence_L1_count_matched,209.74
T2_divergence_L1_count_matched,169.604
T2_divergence_L1_count_matched,182.754
T2_divergence_L1_count_matched,140.562
T2_divergence_L1_count_matched,204.366
T2_divergence_L1_count_matched,154.208
T2_divergence_L1_count_matched,193.333
T2_divergence_L1_count_matched,184.675
T2_divergence_L1_count_matched,210.553
T2_divergence_L1_count_matched,200.114
T2_divergence_L1_count_matched,193.0
T2_divergence_L1_count_matched,217.756
T2_divergence_L1_count_matched,180.651
T2_divergence_L1_count_matched,149.745
T2_divergence_L1_count_matched,175.925
T2_divergence_L1_count_matched,207.545
T2_divergence_L1_count_matched,200.365
T2_divergence_L1_count_matched,183.84
T2_divergence_L1_count_matched,152.651
T2_divergence_L1_count_matched,233.837
T2_divergence_L1_count_matched,199.391
T2_divergence_L1_count_matched,173.341
T2_divergence_L1_count_matched,197.646
T2_divergence_L1_count_matched,167.14
T2_divergence_L1_count_matched,170.151
T2_divergence_L1_count_matched,197.674
T2_divergence_L1_count_matched,188.081
T2_divergence_L1_count_matched,189.667
T2_divergence_L1_count_matched,194.42
T2_divergence_L1_count_matched,177.707
T2_divergence_L1_count_matched,153.291
T2_divergence_L1_count_matched,212.22
T2_divergence_L1_count_matched,198.778
T2_divergence_L1_count_matched,188.452
T2_divergence_L1_count_matched,183.721
T2_divergence_L1_count_matched,170.944
T2_divergence_L1_count_matched,158.196
T2_divergence_L1_count_matched,216.102
T2_divergence_L1_count_matched,220.429
T2_divergence_L1_count_matched,194.434
T2_divergence_L1_count_matched,177.103
T2_divergence_L1_count_matched,160.787
T2_divergence_L1_count_matched,194.238
T2_divergence_L1_count_matched,202.25
T2_divergence_L1_count_matched,169.364
T2_divergence_L1_count_matched,159.4
T2_divergence_L1_count_matched,174.837
T2_divergence_L1_count_matched,174.018
T2_divergence_L1_count_matched,211.25
T2_divergence_L1_count_matched,189.545
T2_divergence_L1_count_matched,178.617
T2_divergence_L1_count_matched,197.26
T2_divergence_L1_count_matched,210.362
T2_divergence_L1_count_matched,174.973
T2_divergence_L1_count_matched,178.421
T2_divergence_L1_count_matched,223.963
T2_divergence_L1_count_matched,169.282
T2_divergence_L1_count_matched,216.143
T2_divergence_L1_count_matched,175.443
T2_divergence_L1_count_matched,220.936
T2_divergence_L1_count_matched,221.978
T2_divergence_L1_count_matched,212.883
T2_divergence_L1_count_matched,213.178
T2_divergence_L1_count_matched,182.345
T2_divergence_L1_count_matched,224.818
T2_divergence_L1_count_matched,199.067
T2_divergence_L1_count_matched,172.628
T2_divergence_L1_count_matched,177.0
T2_divergence_L1_count_matched,161.235
T2_divergence_L1_count_matched,211.333
T2_divergence_L1_count_matched,206.667
T2_divergence_L1_count_matched,166.028
T2_divergence_L1_count_matched,199.351
T2_divergence_L1_count_matched,198.225
T2_divergence_L1_count_matched,189.615
T2_divergence_L1_count_matched,195.133
T2_divergence_L1_count_matched,183.192
T2_divergence_L1_count_matched,203.294
T2_divergence_L1_count_matched,205.476
T2_divergence_L1_count_matched,180.409
T2_divergence_L1_count_matched,182.0
T2_divergence_L1_count_matched,185.511
T2_divergence_L1_count_matched,219.244
T2_divergence_L1_count_matched,190.8
T2_divergence_L1_count_matched,188.9
T2_divergence_L1_count_matched,200.881
T2_divergence_L1_count_matched,194.609
T2_divergence_L1_count_matched,175.909
T2_divergence_L1_count_matched,186.49
T2_divergence_L1_count_matched,190.125
T2_divergence_L1_count_matched,143.567
T2_divergence_L1_count_matched,171.052
T2_divergence_L1_count_matched,194.344
T2_divergence_L1_count_matched,226.833
T2_divergence_L1_count_matched,223.625
T2_divergence_L1_count_matched,236.884
T2_divergence_L1_count_matched,200.073
T2_divergence_L1_count_matched,187.441
T2_divergence_L1_count_matched,220.8
T2_divergence_L1_count_matched,182.421
T2_divergence_L1_count_matched,197.7
T2_divergence_L1_count_matched,207.489
T2_divergence_L1_count_matched,186.085
T2_divergence_L1_count_matched,168.0
T2_divergence_L1_count_matched,190.8
T2_divergence_L1_count_matched,171.607
T2_divergence_L1_count_matched,194.766
T2_divergence_L1_count_matched,195.315
T2_divergence_L1_count_matched,186.256
T2_divergence_L1_count_matched,167.143
T2_divergence_L1_count_matched,175.07
T2_divergence_L1_count_matched,190.224
T2_divergence_L1_count_matched,193.267
T2_divergence_L1_count_matched,209.473
T2_divergence_L1_count_matched,197.224
T2_divergence_L1_count_matched,185.078
T2_divergence_L1_count_matched,184.404
T2_divergence_L1_count_matched,161.067
T2_divergence_L1_count_matched,214.803
T2_divergence_L1_count_matched,195.9
T2_divergence_L1_count_matched,177.327
T2_divergence_L1_count_matched,218.806
T2_divergence_L1_count_matched,200.136
T2_divergence_L1_count_matched,177.942
T2_divergence_L1_count_matched,215.469
T2_divergence_L1_count_matched,194.193
T2_divergence_L1_count_matched,175.925
T2_divergence_L1_count_matched,192.61
T2_divergence_L1_count_matched,170.667
T2_divergence_L1_count_matched,203.372
T2_divergence_L1_count_matched,214.111
T2_divergence_L1_count_matched,172.741
T2_divergence_L1_count_matched,203.346
T2_divergence_L1_count_matched,203.826
T2_divergence_L1_count_matched,208.714
T2_divergence_L1_count_matched,188.184
T2_divergence_L1_count_matched,186.17
T2_divergence_L1_count_matched,215.327
T2_divergence_L1_count_matched,188.5
T2_divergence_L1_count_matched,193.209
T2_divergence_L1_count_matched,230.977
T2_divergence_L1_count_matched,188.739
T2_divergence_L1_count_matched,190.225
T2_divergence_L1_count_matched,127.295
T2_divergence_L1_count_matched,182.519
T2_divergence_L1_count_matched,197.701
T2_divergence_L1_count_matched,187.429
T2_divergence_L1_count_matched,201.885
T2_divergence_L1_count_matched,188.075
T2_divergence_L1_count_matched,188.829
T2_divergence_L1_count_matched,199.362
T2_divergence_L1_count_matched,187.444
T2_divergence_L1_count_matched,199.636
T2_divergence_L1_count_matched,189.04
T2_divergence_L1_count_matched,174.825
T2_divergence_L1_count_matched,214.694
T2_divergence_L1_count_matched,202.295
T2_divergence_L1_count_matched,156.072
T2_divergence_L1_count_matched,187.857
T2_divergence_L1_count_matched,177.024
T2_divergence_L1_count_matched,175.326
T2_divergence_L1_count_matched,212.459
T2_divergence_L1_count_matched,192.439
T2_divergence_L1_count_matched,214.333
T2_divergence_L1_count_matched,178.75
T2_divergence_L1_count_matched,188.791
T2_divergence_L1_count_matched,191.109
T2_divergence_L1_count_matched,202.204
T2_divergence_L1_count_matched,190.673
T2_divergence_L1_count_matched,198.235
T2_divergence_L1_count_matched,182.0
T2_divergence_L1_count_matched,207.886
T2_divergence_L1_count_matched,200.673
T2_divergence_L1_count_matched,178.116
T2_divergence_L1_count_matched,179.426
T2_divergence_L1_count_matched,188.48
T2_divergence_L1_count_matched,184.78
T2_divergence_L1_count_matched,194.883
T2_divergence_L1_count_matched,208.9
T2_divergence_L1_count_matched,199.033
T2_divergence_L1_count_matched,188.677
T2_divergence_L1_count_matched,184.704
T2_divergence_L1_count_matched,194.383
T2_divergence_L1_count_matched,165.341
T2_divergence_L1_count_matched,182.325
T2_divergence_L1_count_matched,185.02
T2_divergence_L1_count_matched,186.644
T2_divergence_L1_count_matched,222.35
T2_divergence_L1_count_matched,197.635
T2_divergence_L1_count_matched,169.891
T2_divergence_L1_count_matched,217.37
T2_divergence_L1_count_matched,166.984
T2_divergence_L1_count_matched,172.483
T2_divergence_L1_count_matched,196.93
T2_divergence_L1_count_matched,194.377
T2_divergence_L1_count_matched,198.812
T2_divergence_L1_count_matched,209.571
T2_divergence_L1_count_matched,197.44
T2_divergence_L1_count_matched,193.597
T2_divergence_L1_count_matched,168.575
T2_divergence_L1_count_matched,207.42
T2_divergence_L1_count_matched,129.191
T2_divergence_L1_count_matched,176.481
T2_divergence_L1_count_matched,215.19
T2_divergence_L1_count_matched,178.375
T2_divergence_L1_count_matched,196.039
T2_divergence_L1_count_matched,191.87
T2_divergence_L1_count_matched,180.111
T2_divergence_L1_count_matched,186.909
T2_divergence_L1_count_matched,176.824
T2_divergence_L1_count_matched,217.512
T2_divergence_L1_count_matched,243.721
T2_divergence_L1_count_matched,226.271
T2_divergence_L1_count_matched,199.137
T2_divergence_L1_count_matched,192.581
T2_divergence_L1_count_matched,213.377
T2_divergence_L1_count_matched,208.167
T2_divergence_L1_count_matched,183.962
T2_divergence_L1_count_matched,168.167
T2_divergence_L1_count_matched,197.045
T2_divergence_L1_count_matched,220.532
T2_divergence_L1_count_matched,204.234
T2_divergence_L1_count_matched,209.114
T2_divergence_L1_count_matched,201.827
T2_divergence_L1_count_matched,208.776
T2_divergence_L1_count_matched,205.378
T2_divergence_L1_count_matched,189.854
T2_divergence_L1_count_matched,186.807
T2_divergence_L1_count_matched,168.809
T2_divergence_L1_count_matched,179.818
T2_divergence_L1_count_matched,208.386
T2_divergence_L1_count_matched,172.822
T2_divergence_L1_count_matched,158.683
T2_divergence_L1_count_matched,211.984
T2_divergence_L1_count_matched,184.927
T2_divergence_L1_count_matched,192.438
T2_divergence_L1_count_matched,195.961
T2_divergence_L1_count_matched,207.875
T2_divergence_L1_count_matched,157.964
T2_divergence_L1_count_matched,184.585
T2_divergence_L1_count_matched,182.889
T2_divergence_L1_count_matched,205.536
T2_divergence_L1_count_matched,208.111
T2_divergence_L1_count_matched,189.32
T2_divergence_L1_count_matched,192.921
T2_divergence_L1_count_matched,210.214
T2_divergence_L1_count_matched,196.594
T2_divergence_L1_count_matched,186.5
T2_divergence_L1_count_matched,171.025
T2_divergence_L1_count_matched,179.682
T2_divergence_L1_count_matched,188.825
T2_divergence_L1_count_matched,177.778
T2_divergence_L1_count_matched,194.578
T2_divergence_L1_count_matched,166.0
T2_divergence_L1_count_matched,183.471
T2_divergence_L1_count_matched,221.578
T2_divergence_L1_count_matched,218.451
T2_divergence_L1_count_matched,195.245
T2_divergence_L1_count_matched,182.457
T2_divergence_L1_count_matched,171.862
T2_divergence_L1_count_matched,187.667
T2_divergence_L1_count_matched,210.426
T2_divergence_L1_count_matched,191.915
T2_divergence_L1_count_matched,205.617
T2_divergence_L1_count_matched,166.465
T2_divergence_L1_count_matched,210.582
T2_divergence_L1_count_matched,207.173
T2_divergence_L1_count_matched,183.093
T2_divergence_L1_count_matched,185.878
T2_divergence_L1_count_matched,198.127
T2_divergence_L1_count_matched,162.49
T2_divergence_L1_count_matched,191.286
T2_divergence_L1_count_matched,184.045
T2_divergence_L1_count_matched,176.488
T2_divergence_L1_count_matched,220.17
T2_divergence_L1_count_matched,195.333
T2_divergence_L1_count_matched,202.907
T2_divergence_L1_count_matched,181.23
T2_divergence_L1_count_matched,205.048
T2_divergence_L1_count_matched,214.932
T2_divergence_L1_count_matched,189.925
T2_divergence_L1_count_matched,193.652
T2_divergence_L1_count_matched,188.033
T2_divergence_L1_count_matched,206.545
T2_divergence_L1_count_matched,184.592
T2_divergence_L1_count_matched,175.233
T2_divergence_L1_count_matched,210.559
T2_divergence_L1_count_matched,203.109
T2_divergence_L1_count_matched,198.88
T2_divergence_L1_count_matched,147.474
T2_divergence_L1_count_matched,200.149
T2_divergence_L1_count_matched,187.39
T2_divergence_L1_count_matched,209.759
T2_divergence_L1_count_matched,175.98
T2_divergence_L1_count_matched,226.762
T2_divergence_L1_count_matched,192.675
T2_divergence_L1_count_matched,215.547
T2_divergence_L1_count_matched,193.652
T2_divergence_L1_count_matched,222.409
T2_divergence_L1_count_matched,191.635
T2_divergence_L1_count_matched,203.315
T2_divergence_L1_count_matched,197.156
T2_divergence_L1_count_matched,205.204
T2_divergence_L1_count_matched,164.463
T2_divergence_L1_count_matched,193.953
T2_divergence_L1_count_matched,193.13
T2_divergence_L1_count_matched,176.532
T2_divergence_L1_count_matched,183.185
T2_divergence_L1_count_matched,189.6
T2_divergence_L1_count_matched,178.222
T2_divergence_L1_count_matched,199.5
T2_divergence_L1_count_matched,182.25
T2_divergence_L1_count_matched,159.72
T2_divergence_L1_count_matched,194.603
T2_divergence_L1_count_matched,179.727
T2_divergence_L1_count_matched,168.683
T2_divergence_L1_count_matched,187.178
T2_divergence_L1_count_matched,214.286
T2_divergence_L1_count_matched,176.204
T2_divergence_L1_count_matched,169.064
T2_divergence_L1_count_matched,193.767
T2_divergence_L1_count_matched,183.791
T2_divergence_L1_count_matched,197.0
T2_divergence_L1_count_matched,180.244
T2_divergence_L1_count_matched,190.22
T2_divergence_L1_count_matched,178.091
T2_divergence_L1_count_matched,182.239
T2_divergence_L1_count_matched,201.323
T2_divergence_L1_count_matched,185.145
T2_divergence_L1_count_matched,180.837
T2_divergence_L1_count_matched,146.872
T2_divergence_L1_count_matched,170.521
T2_divergence_L1_count_matched,170.8
T2_divergence_L1_count_matched,196.714
T2_divergence_L1_count_matched,186.606
T2_divergence_L1_count_matched,194.804
T2_divergence_L1_count_matched,188.069
T2_divergence_L1_count_matched,206.419
T2_divergence_L1_count_matched,197.246
T2_divergence_L1_count_matched,193.064
T2_divergence_L1_count_matched,213.8
T2_divergence_L1_count_matched,190.159
T2_divergence_L1_count_matched,186.175
T2_divergence_L1_count_matched,198.276
T2_divergence_L1_count_matched,152.866
T2_divergence_L1_count_matched,165.532
T2_divergence_L1_count_matched,193.702
T2_divergence_L1_count_matched,154.955
T2_divergence_L1_count_matched,192.375
T2_divergence_L1_count_matched,177.536
T2_divergence_L1_count_matched,172.848
T2_divergence_L1_count_matched,199.825
T2_divergence_L1_count_matched,175.75
T2_divergence_L1_count_matched,201.958
T2_divergence_L1_count_matched,176.306
T2_divergence_L1_count_matched,201.537
T2_divergence_L1_count_matched,181.289
T2_divergence_L1_count_matched,189.377
T2_divergence_L1_count_matched,196.358
T2_divergence_L1_count_matched,197.881
T2_divergence_L1_count_matched,152.841
T2_divergence_L1_count_matched,172.558
T2_divergence_L1_count_matched,190.234
T2_divergence_L1_count_matched,203.304
T2_divergence_L1_count_matched,175.132
T2_divergence_L1_count_matched,161.02
T2_divergence_L1_count_matched,204.439
T2_divergence_L1_count_matched,191.391
T2_divergence_L1_count_matched,225.106
T2_divergence_L1_count_matched,219.727
T2_divergence_L1_count_matched,214.3
T2_divergence_L1_count_matched,191.952
T2_divergence_L1_count_matched,198.125
T2_divergence_L1_count_matched,148.558
T2_divergence_L1_count_matched,213.678
T2_divergence_L1_count_matched,181.283
T2_divergence_L1_count_matched,196.041
T2_divergence_L1_count_matched,195.86
T2_divergence_L1_count_matched,182.524
T2_divergence_L1_count_matched,200.404
T2_divergence_L1_count_matched,154.686
T2_divergence_L1_count_matched,207.568
T2_divergence_L1_count_matched,188.55
T2_divergence_L1_count_matched,169.146
T2_divergence_L1_count_matched,166.058
T2_divergence_L1_count_matched,173.0
T2_divergence_L1_count_matched,174.522
T2_divergence_L1_count_matched,194.125
T2_divergence_L1_count_matched,178.52
T2_divergence_L1_count_matched,193.441
T2_divergence_L1_count_matched,201.6
T2_divergence_L1_count_matched,189.639
T2_divergence_L1_count_matched,166.808
T2_divergence_L1_count_matched,185.395
T2_divergence_L1_count_matched,166.149
T2_divergence_L1_count_matched,201.268
T2_divergence_L1_count_matched,188.18
T2_divergence_L1_count_matched,188.362
T2_divergence_L1_count_matched,176.069
T2_divergence_L1_count_matched,212.654
T2_divergence_L1_count_matched,156.111
T2_divergence_L1_count_matched,169.068
T2_divergence_L1_count_matched,188.952
T2_divergence_L1_count_matched,175.255
T2_divergence_L1_count_matched,190.655
T2_divergence_L1_count_matched,189.906
T2_divergence_L1_count_matched,190.306
T2_divergence_L1_count_matched,181.114
T2_divergence_L1_count_matched,176.5
T2_divergence_L1_count_matched,177.034
T2_divergence_L1_count_matched,211.82
T2_divergence_L1_count_matched,207.233
T2_divergence_L1_count_matched,175.962
T2_divergence_L1_count_matched,162.537
T2_divergence_L1_count_matched,186.479
T2_divergence_L1_count_matched,219.887
T2_divergence_L1_count_matched,205.256
T2_divergence_L1_count_matched,186.408
T2_divergence_L1_count_matched,182.255
T2_divergence_L1_count_matched,199.378
T2_divergence_L1_count_matched,179.938
T2_divergence_L1_count_matched,183.034
T2_divergence_L1_count_matched,186.86
T2_divergence_L1_count_matched,165.766
T2_divergence_L1_count_matched,203.5
T2_divergence_L1_count_matched,177.167
T2_divergence_L1_count_matched,181.457
T2_divergence_L1_count_matched,171.707
T2_divergence_L1_count_matched,192.845
T2_divergence_L1_count_matched,213.746
T2_divergence_L1_count_matched,200.477
T2_divergence_L1_count_matched,188.341
T2_divergence_L1_count_matched,200.148
T2_divergence_L1_count_matched,198.836
T2_divergence_L1_count_matched,180.0
T2_divergence_L1_count_matched,192.463
T2_divergence_L1_count_matched,209.283
T2_divergence_L1_count_matched,172.683
T2_divergence_L1_count_matched,199.779
T2_divergence_L1_count_matched,159.682
T2_divergence_L1_count_matched,203.197
T2_divergence_L1_count_matched,173.053
T2_divergence_L1_count_matched,165.425
T2_divergence_L1_count_matched,202.562
T2_divergence_L1_count_matched,215.558
T2_divergence_L1_count_matched,209.707
T2_divergence_L1_count_matched,192.694
T2_divergence_L1_count_matched,182.22
T2_divergence_L1_count_matched,193.341
T2_divergence_L1_count_matched,187.729
T2_divergence_L1_count_matched,174.702
T2_divergence_L1_count_matched,179.467
T2_divergence_L1_count_matched,194.441
T2_divergence_L1_count_matched,198.0
T2_divergence_L1_count_matched,181.0
T2_divergence_L1_count_matched,202.468
T2_divergence_L1_count_matched,192.485
T2_divergence_L1_count_matched,173.732
T2_divergence_L1_count_matched,190.85
T2_divergence_L1_count_matched,183.03
T2_divergence_L1_count_matched,192.553
T2_divergence_L1_count_matched,189.982
T2_divergence_L1_count_matched,191.826
T2_divergence_L1_count_matched,193.021
T2_divergence_L1_count_matched,202.302
T2_divergence_L1_count_matched,156.593
T2_divergence_L1_count_matched,195.305
T2_divergence_L1_count_matched,191.511
T2_divergence_L1_count_matched,196.887
T2_divergence_L1_count_matched,196.254
T2_divergence_L1_count_matched,189.517
T2_divergence_L1_count_matched,207.867
T2_divergence_L1_count_matched,202.634
T2_divergence_L1_count_matched,154.625
T2_divergence_L1_count_matched,238.163
T2_divergence_L1_count_matched,197.364
T2_divergence_L1_count_matched,186.945
T2_divergence_L1_count_matched,209.225
T2_divergence_L1_count_matched,203.638
T2_divergence_L1_count_matched,206.639
T2_divergence_L1_count_matched,152.559
T2_divergence_L1_count_matched,179.706
T2_divergence_L1_count_matched,185.87
T2_divergence_L1_count_matched,193.6
T2_divergence_L1_count_matched,188.485
T2_divergence_L1_count_matched,199.125
T2_divergence_L1_count_matched,212.537
T2_divergence_L1_count_matched,167.909
T2_divergence_L1_count_matched,157.14
T2_divergence_L1_count_matched,178.857
T2_divergence_L1_count_matched,192.407
T2_divergence_L1_count_matched,180.812
T2_divergence_L1_count_matched,169.22
T2_divergence_L1_count_matched,187.81
T2_divergence_L1_count_matched,210.83
T2_divergence_L1_count_matched,176.239
T2_divergence_L1_count_matched,180.043
T2_divergence_L1_count_matched,183.932
T2_divergence_L1_count_matched,188.048
T2_divergence_L1_count_matched,186.279
T2_divergence_L1_count_matched,171.902
T2_divergence_L1_count_matched,174.508
T2_divergence_L1_count_matched,191.705
T2_divergence_L1_count_matched,196.467
T2_divergence_L1_count_matched,184.957
T2_divergence_L1_count_matched,194.592
T2_divergence_L1_count_matched,180.25
T2_divergence_L1_count_matched,175.317
T2_divergence_L1_count_matched,188.661
T2_divergence_L1_count_matched,162.154
T2_divergence_L1_count_matched,204.319
T2_divergence_L1_count_matched,188.385
T2_divergence_L1_count_matched,221.851
T2_divergence_L1_count_matched,190.775
T2_divergence_L1_count_matched,143.3
T2_divergence_L1_count_matched,164.125
T2_divergence_L1_count_matched,176.429
T2_divergence_L1_count_matched,213.357
T2_divergence_L1_count_matched,193.958
T2_divergence_L1_count_matched,187.558
T2_divergence_L1_count_matched,235.467
T2_divergence_L1_count_matched,193.31
T2_divergence_L1_count_matched,193.5
T2_divergence_L1_count_matched,200.65
T2_divergence_L1_count_matched,192.507
T2_divergence_L1_count_matched,190.163
T2_divergence_L1_count_matched,178.048
T2_divergence_L1_count_matched,201.415
T2_divergence_L1_count_matched,186.038
T2_divergence_L1_count_matched,163.674
T2_divergence_L1_count_matched,181.19
T2_divergence_L1_count_matched,175.512
T2_divergence_L1_count_matched,182.731
T2_divergence_L1_count_matched,234.725
T2_divergence_L1_count_matched,184.659
T2_divergence_L1_count_matched,152.962
T2_divergence_L1_count_matched,233.591
T2_divergence_L1_count_matched,182.333
T2_divergence_L1_count_matched,210.548
T2_divergence_L1_count_matched,185.14
T2_divergence_L1_count_matched,191.039
T2_divergence_L1_count_matched,169.671
T2_divergence_L1_count_matched,190.466
T2_divergence_L1_count_matched,228.707
T2_divergence_L1_count_matched,157.86
T2_divergence_L1_count_matched,194.2
T2_divergence_L1_count_matched,205.244
T2_divergence_L1_count_matched,186.375
T2_divergence_L1_count_matched,165.074
T2_divergence_L1_count_matched,182.263
T2_divergence_L1_count_matched,167.643
T2_divergence_L1_count_matched,227.638
T2_divergence_L1_count_matched,186.738
T2_divergence_L1_count_matched,183.053
T2_divergence_L1_count_matched,208.269
T2_divergence_L1_count_matched,178.471
T2_divergence_L1_count_matched,151.17
T2_divergence_L1_count_matched,181.786
T2_divergence_L1_count_matched,185.963
T2_divergence_L1_count_matched,206.723
T2_divergence_L1_count_matched,198.686
T2_divergence_L1_count_matched,188.51
T2_divergence_L1_count_matched,174.463
T2_divergence_L1_count_matched,173.688
T2_divergence_L1_count_matched,200.073
T2_divergence_L1_count_matched,179.046
T2_divergence_L1_count_matched,166.844
T2_divergence_L1_count_matched,196.889
T2_divergence_L1_count_matched,156.286
T2_divergence_L1_count_matched,168.796
T2_divergence_L1_count_matched,207.424
T2_divergence_L1_count_matched,188.469
T2_divergence_L1_count_matched,179.492
T2_divergence_L1_count_matched,219.571
T2_divergence_L1_count_matched,175.571
T2_divergence_L1_count_matched,153.022
T2_divergence_L1_count_matched,190.107
T2_divergence_L1_count_matched,191.111
T2_divergence_L1_count_matched,186.667
T2_divergence_L1_count_matched,181.098
T2_divergence_L1_count_matched,201.805
T2_divergence_L1_count_matched,175.118
T2_divergence_L1_count_matched,175.043
T2_divergence_L1_count_matched,192.679
T2_divergence_L1_count_matched,166.378
T2_divergence_L1_count_matched,158.6
T2_divergence_L1_count_matched,184.705
T2_divergence_L1_count_matched,216.48
T2_divergence_L1_count_matched,172.021
T2_divergence_L1_count_matched,194.561
T2_divergence_L1_count_matched,186.79
T2_divergence_L1_count_matched,188.022
T2_divergence_L1_count_matched,223.043
T2_divergence_L1_count_matched,187.634
T2_divergence_L1_count_matched,188.254
T2_divergence_L1_count_matched,187.267
T2_divergence_L1_count_matched,184.7
T2_divergence_L1_count_matched,204.825
T2_divergence_L1_count_matched,202.0
T2_divergence_L1_count_matched,196.488
T2_divergence_L1_count_matched,170.525
T2_divergence_L1_count_matched,165.558
T2_divergence_L1_count_matched,168.429
T2_divergence_L1_count_matched,209.119
T2_divergence_L1_count_matched,198.634
T2_divergence_L1_count_matched,193.109
T2_divergence_L1_count_matched,217.364
T2_divergence_L1_count_matched,204.87
T2_divergence_L1_count_matched,186.152
T2_divergence_L1_count_matched,190.884
T2_divergence_L1_count_matched,216.896
T2_divergence_L1_count_matched,188.883
T2_divergence_L1_count_matched,175.333
T2_divergence_L1_count_matched,195.327
T2_divergence_L1_count_matched,175.643
T2_divergence_L1_count_matched,202.286
T2_divergence_L1_count_matched,166.302
T2_divergence_L1_count_matched,195.113
T2_divergence_L1_count_matched,200.244
T2_divergence_L1_count_matched,206.019
T2_divergence_L1_count_matched,192.438
T2_divergence_L1_count_matched,152.61
T2_divergence_L1_count_matched,179.34
T2_divergence_L1_count_matched,198.2
T2_divergence_L1_count_matched,184.754
T2_divergence_L1_count_matched,174.468
T2_divergence_L1_count_matched,134.875
T2_divergence_L1_count_matched,181.448
T2_divergence_L1_count_matched,200.913
T2_divergence_L1_count_matched,193.237
T2_divergence_L1_count_matched,200.434
T2_divergence_L1_count_matched,186.429
T2_divergence_L1_count_matched,179.877
T2_divergence_L1_count_matched,176.317
T2_divergence_L1_count_matched,191.152
T2_divergence_L1_count_matched,182.02
T2_divergence_L1_count_matched,197.866
T2_divergence_L1_count_matched,224.952
T2_divergence_L1_count_matched,207.783
T2_divergence_L1_count_matched,185.591
T2_divergence_L1_count_matched,219.788
T2_divergence_L1_count_matched,195.825
T2_divergence_L1_count_matched,203.812
T2_divergence_L1_count_matched,210.773
T2_divergence_L1_count_matched,168.69
T2_divergence_L1_count_matched,242.925
T2_divergence_L1_count_matched,204.143
T2_divergence_L1_count_matched,177.057
T2_divergence_L1_count_matched,155.673
T2_divergence_L1_count_matched,175.673
T2_divergence_L1_count_matched,218.698
T2_divergence_L1_count_matched,206.0
T2_divergence_L1_count_matched,154.111
T2_divergence_L1_count_matched,193.364
T2_divergence_L1_count_matched,169.902
T2_divergence_L1_count_matched,190.488
T2_divergence_L1_count_matched,200.875
T2_divergence_L1_count_matched,184.7
T2_divergence_L1_count_matched,205.377
T2_divergence_L1_count_matched,190.286
T2_divergence_L1_count_matched,200.6
T2_divergence_L1_count_matched,184.18
T2_divergence_L1_count_matched,201.321
T2_divergence_L1_count_matched,211.849
T2_divergence_L1_count_matched,209.333
T2_divergence_L1_count_matched,197.981
T2_divergence_L1_count_matched,148.784
T2_divergence_L1_count_matched,215.25
T2_divergence_L1_count_matched,205.784
T2_divergence_L1_count_matched,186.271
T2_divergence_L1_count_matched,198.755
T2_divergence_L1_count_matched,183.1
T2_divergence_L1_count_matched,202.273
T2_divergence_L1_count_matched,194.391
T2_divergence_L1_count_matched,185.481
T2_divergence_L1_count_matched,209.731
T2_divergence_L1_count_matched,196.592
T2_divergence_L1_count_matched,185.685
T2_divergence_L1_count_matched,187.103
T2_divergence_L1_count_matched,180.196
T2_divergence_L1_count_matched,212.542
T2_divergence_L1_count_matched,191.968
T2_divergence_L1_count_matched,183.545
T2_divergence_L1_count_matched,184.862
T2_divergence_L1_count_matched,182.772
T2_divergence_L1_count_matched,185.4
T2_divergence_L1_count_matched,182.222
T2_divergence_L1_count_matched,175.646
T2_divergence_L1_count_matched,193.881
T2_divergence_L1_count_matched,213.061
T2_divergence_L1_count_matched,189.655
T2_divergence_L1_count_matched,165.452
T2_divergence_L1_count_matched,208.178
T2_divergence_L1_count_matched,214.478
T2_divergence_L1_count_matched,202.333
T2_divergence_L1_count_matched,176.463
T2_divergence_L1_count_matched,190.0
T2_divergence_L1_count_matched,182.536
T2_divergence_L1_count_matched,198.023
T2_divergence_L1_count_matched,200.87
T2_divergence_L1_count_matched,187.632
T2_divergence_L1_count_matched,185.732
T2_divergence_L1_count_matched,210.774
T2_divergence_L1_count_matched,199.981
T2_divergence_L1_count_matched,180.729
T2_divergence_L1_count_matched,168.711
T2_divergence_L1_count_matched,193.628
T2_divergence_L1_count_matched,235.576
T2_divergence_L1_count_matched,219.164
T2_divergence_L1_count_matched,184.61
T2_divergence_L1_count_matched,186.837
T2_divergence_L1_count_matched,185.808
T2_divergence_L1_count_matched,182.293
T2_divergence_L1_count_matched,225.127
T2_divergence_L1_count_matched,184.776
T2_divergence_L1_count_matched,189.082
T2_divergence_L1_count_matched,177.0
T2_divergence_L1_count_matched,154.089
T2_divergence_L1_count_matched,146.643
T2_divergence_L1_count_matched,203.339
T2_divergence_L1_count_matched,222.07
T2_divergence_L1_count_matched,174.604
T2_divergence_L1_count_matched,197.209
T2_divergence_L1_count_matched,224.87
T2_divergence_L1_count_matched,191.844
T2_divergence_L1_count_matched,177.048
T2_divergence_L1_count_matched,223.7
T2_divergence_L1_count_matched,201.961
T2_divergence_L1_count_matched,184.818
T2_divergence_L1_count_matched,183.167
T2_divergence_L1_count_matched,179.673
T2_divergence_L1_count_matched,211.333
T2_divergence_L1_count_matched,193.796
T2_divergence_L1_count_matched,154.708
T2_divergence_L1_count_matched,191.913
T2_divergence_L1_count_matched,202.979
T2_divergence_L1_count_matched,174.702
T2_divergence_L1_count_matched,205.375
T2_divergence_L1_count_matched,184.471
T2_divergence_L1_count_matched,197.926
T2_divergence_L1_count_matched,195.772
T2_divergence_L1_count_matched,176.113
T2_divergence_L1_count_matched,175.545
T2_divergence_L1_count_matched,190.556
T2_divergence_L1_count_matched,194.326
T2_divergence_L1_count_matched,185.706
T2_divergence_L1_count_matched,142.183
T2_divergence_L1_count_matched,153.471
T2_divergence_L1_count_matched,193.119
T2_divergence_L1_count_matched,174.733
T2_divergence_L1_count_matched,180.258
T2_divergence_L1_count_matched,183.235
T2_divergence_L1_count_matched,173.739
T2_divergence_L1_count_matched,211.843
T2_divergence_L1_count_matched,188.146
T2_divergence_L1_count_matched,188.12
T2_divergence_L1_count_matched,184.277
T2_divergence_L1_count_matched,202.738
T2_divergence_L1_count_matched,180.36
T2_divergence_L1_count_matched,195.862
T2_divergence_L1_count_matched,211.491
T2_divergence_L1_count_matched,181.476
T2_divergence_L1_count_matched,193.058
T2_divergence_L1_count_matched,184.104
T2_divergence_L1_count_matched,185.173
T2_divergence_L1_count_matched,184.545
T2_divergence_L1_count_matched,193.038
T2_divergence_L1_count_matched,194.111
T2_divergence_L1_count_matched,159.818
T2_divergence_L1_count_matched,177.109
T2_divergence_L1_count_matched,181.854
T2_divergence_L1_count_matched,197.25
T2_divergence_L1_count_matched,195.857
T2_divergence_L1_count_matched,166.983
T2_divergence_L1_count_matched,221.711
T2_divergence_L1_count_matched,200.174
T2_divergence_L1_count_matched,187.375
T2_divergence_L1_count_matched,213.312
T2_divergence_L1_count_matched,195.393
T2_divergence_L1_count_matched,175.114
T2_divergence_L1_count_matched,184.157
T2_divergence_L1_count_matched,159.558
T2_divergence_L1_count_matched,202.189
T2_divergence_L1_count_matched,173.793
T2_divergence_L1_count_matched,201.049
T2_divergence_L1_count_matched,117.644
T2_divergence_L1_count_matched,186.902
T2_divergence_L1_count_matched,180.341
T2_divergence_L1_count_matched,190.087
T2_divergence_L1_count_matched,193.119
T2_divergence_L1_count_matched,187.625
T2_divergence_L1_count_matched,167.585
T2_divergence_L1_count_matched,182.93
T2_divergence_L1_count_matched,195.702
T2_divergence_L1_count_matched,202.775
T2_divergence_L1_count_matched,171.714
T2_divergence_L1_count_matched,200.154
T2_divergence_L1_count_matched,204.678
T2_divergence_L1_count_matched,189.344
T2_divergence_L1_count_matched,212.25
T2_divergence_L1_count_matched,203.591
T2_divergence_L1_count_matched,177.786
T2_divergence_L1_count_matched,190.353
T2_divergence_L1_count_matched,196.409
T2_divergence_L1_count_matched,221.924
T2_divergence_L1_count_matched,196.905
T2_divergence_L1_count_matched,185.209
T2_divergence_L1_count_matched,180.712
T2_divergence_L1_count_matched,187.512
T2_divergence_L1_count_matched,174.119
T2_divergence_L1_count_matched,208.308
T2_divergence_L1_count_matched,177.797
T2_divergence_L1_count_matched,162.98
T2_divergence_L1_count_matched,197.855
T2_divergence_L1_count_matched,181.462
T2_divergence_L1_count_matched,218.075
T2_divergence_L1_count_matched,203.804
T2_divergence_L1_count_matched,183.442
T2_divergence_L1_count_matched,209.891
T2_divergence_L1_count_matched,165.178
T2_divergence_L1_count_matched,204.419
T2_divergence_L1_count_matched,159.0
T2_divergence_L1_count_matched,195.426
T2_divergence_L1_count_matched,197.756
T2_divergence_L1_count_matched,184.811
T2_divergence_L1_count_matched,212.333
T2_divergence_L1_count_matched,192.706
T2_divergence_L1_count_matched,197.067
T2_divergence_L1_count_matched,172.077
T2_divergence_L1_count_matched,181.738
T2_divergence_L1_count_matched,195.379
T2_divergence_L1_count_matched,185.316
T2_divergence_L1_count_matched,165.018
T2_divergence_L1_count_matched,187.308
T2_divergence_L1_count_matched,164.739
T2_divergence_L1_count_matched,205.419
T2_divergence_L1_count_matched,188.333
T2_divergence_L1_count_matched,205.245
T2_divergence_L1_count_matched,191.152
T2_divergence_L1_count_matched,204.156
T2_divergence_L1_count_matched,181.208
T2_divergence_L1_count_matched,190.266
T2_divergence_L1_count_matched,194.409
T2_divergence_L1_count_matched,184.594
T2_divergence_L1_count_matched,174.776
T2_divergence_L1_count_matched,173.7
T2_divergence_L1_count_matched,192.305
T2_divergence_L1_count_matched,197.855
T2_divergence_L1_count_matched,182.234
T2_divergence_L1_count_matched,191.673
T2_divergence_L1_count_matched,198.651
T2_divergence_L1_count_matched,190.964
T2_divergence_L1_count_matched,182.133
T2_divergence_L1_count_matched,200.706
T2_divergence_L1_count_matched,205.098
T2_divergence_L1_count_matched,186.562
T2_divergence_L1_count_matched,191.959
T2_divergence_L1_count_matched,170.333
T2_divergence_L1_count_matched,195.274
T2_divergence_L1_count_matched,188.696
T2_divergence_L1_count_matched,193.944
T2_divergence_L1_count_matched,189.86
T2_divergence_L1_count_matched,169.102
T2_divergence_L1_count_matched,179.0
T2_divergence_L1_count_matched,187.909
T2_divergence_L1_count_matched,221.211
T2_divergence_L1_count_matched,184.417
T2_divergence_L1_count_matched,205.909
T2_divergence_L1_count_matched,178.574
T2_divergence_L1_count_matched,189.444
T2_divergence_L1_count_matched,220.576
T2_divergence_L1_count_matched,185.1
T2_divergence_L1_count_matched,212.07
T2_divergence_L1_count_matched,175.433
T2_divergence_L1_count_matched,193.6
T2_divergence_L1_count_matched,225.033
T2_divergence_L1_count_matched,195.0
T2_divergence_L1_count_matched,190.903
T2_divergence_L1_count_matched,205.4
T2_divergence_L1_count_matched,189.125
T2_divergence_L1_count_matched,204.346
T2_divergence_L1_count_matched,171.397
T2_divergence_L1_count_matched,168.108
T2_divergence_L1_count_matched,204.28
T2_divergence_L1_count_matched,240.927
T2_divergence_L1_count_matched,189.522
T2_divergence_L1_count_matched,192.038
T2_divergence_L1_count_matched,206.932
T2_divergence_L1_count_matched,166.955
T2_divergence_L1_count_matched,167.511
T2_divergence_L1_count_matched,172.377
T2_divergence_L1_count_matched,193.565
T2_divergence_L1_count_matched,193.2
T2_divergence_L1_count_matched,197.938
T2_divergence_L1_count_matched,168.809
T2_divergence_L1_count_matched,194.267
T2_divergence_L1_count_matched,187.739
T2_divergence_L1_count_matched,192.685
T2_divergence_L1_count_matched,175.833
T2_divergence_L1_count_matched,200.452
T2_divergence_L1_count_matched,201.036
T2_divergence_L1_count_matched,205.098
T2_divergence_L1_count_matched,220.409
T2_divergence_L1_count_matched,167.524
T2_divergence_L1_count_matched,182.984
T2_divergence_L1_count_matched,185.032
T2_divergence_L1_count_matched,224.567
T2_divergence_L1_count_matched,197.409
T2_divergence_L1_count_matched,161.911
T2_divergence_L1_count_matched,181.167
T2_divergence_L1_count_matched,172.984
T2_divergence_L1_count_matched,202.642
T2_divergence_L1_count_matched,198.511
T2_divergence_L1_count_matched,195.333
T2_divergence_L1_count_matched,196.822
T2_divergence_L1_count_matched,158.5
T2_divergence_L1_count_matched,241.275
T2_divergence_L1_count_matched,217.587
T2_divergence_L1_count_matched,221.9
T2_divergence_L1_count_matched,164.18
T2_divergence_L1_count_matched,202.353
T2_divergence_L1_count_matched,190.136
T2_divergence_L1_count_matched,188.436
T2_divergence_L1_count_matched,210.881
T2_divergence_L1_count_matched,231.0
T2_divergence_L1_count_matched,171.529
T2_divergence_L1_count_matched,163.46
T2_divergence_L1_count_matched,189.0
T2_divergence_L1_count_matched,171.292
T2_divergence_L1_count_matched,223.938
T2_divergence_L1_count_matched,201.065
T2_divergence_L1_count_matched,174.847
T2_divergence_L1_count_matched,220.213
T2_divergence_L1_count_matched,160.234
T2_divergence_L1_count_matched,168.83
T2_divergence_L1_count_matched,187.0
T2_divergence_L1_count_matched,166.825
T2_divergence_L1_count_matched,183.741
T2_divergence_L1_count_matched,179.726
T2_divergence_L1_count_matched,183.818
T2_divergence_L1_count_matched,196.556
T2_divergence_L1_count_matched,205.933
T2_divergence_L1_count_matched,186.078
T2_divergence_L1_count_matched,190.091
T2_divergence_L1_count_matched,168.644
T2_divergence_L1_count_matched,199.681
T2_divergence_L1_count_matched,185.863
T2_divergence_L1_count_matched,203.133
T2_divergence_L1_count_matched,210.471
T2_divergence_L1_count_matched,180.176
T2_divergence_L1_count_matched,188.39
T2_divergence_L1_count_matched,184.415
T2_divergence_L1_count_matched,184.915
T2_divergence_L1_count_matched,150.788
T2_divergence_L1_count_matched,201.81
T2_divergence_L1_count_matched,204.75
T2_divergence_L1_count_matched,217.227
T2_divergence_L1_count_matched,210.525
T2_divergence_L1_count_matched,230.732
T2_divergence_L1_count_matched,209.345
T2_divergence_L1_count_matched,186.854
T2_divergence_L1_count_matched,157.673
T2_divergence_L1_count_matched,211.534
T2_divergence_L1_count_matched,188.674
T2_divergence_L1_count_matched,191.133
T2_divergence_L1_count_matched,189.867
T2_divergence_L1_count_matched,200.7
T2_divergence_L1_count_matched,192.465
T2_divergence_L1_count_matched,171.396
T2_divergence_L1_count_matched,169.333
T2_divergence_L1_count_matched,223.52
T2_divergence_L1_count_matched,192.815
T2_divergence_L1_count_matched,186.732
T2_divergence_L1_count_matched,184.981
T2_divergence_L1_count_matched,159.359
T2_divergence_L1_count_matched,180.685
T2_divergence_L1_count_matched,180.255
T2_divergence_L1_count_matched,191.714
T2_divergence_L1_count_matched,179.392
T2_divergence_L1_count_matched,192.409
T2_divergence_L1_count_matched,175.167
T2_divergence_L1_count_matched,185.527
T3_divergence_gene_density_matched,246.706
T3_divergence_gene_density_matched,224.75
T3_divergence_gene_density_matched,196.0
T3_divergence_gene_density_matched,254.032
T3_divergence_gene_density_matched,241.706
T3_divergence_gene_density_matched,177.261
T3_divergence_gene_density_matched,189.396
T3_divergence_gene_density_matched,181.423
T3_divergence_gene_density_matched,185.353
T3_divergence_gene_density_matched,141.974
T3_divergence_gene_density_matched,201.721
T3_divergence_gene_density_matched,175.2
T3_divergence_gene_density_matched,224.096
T3_divergence_gene_density_matched,213.393
T3_divergence_gene_density_matched,185.925
T3_divergence_gene_density_matched,180.769
T3_divergence_gene_density_matched,195.449
T3_divergence_gene_density_matched,176.133
T3_divergence_gene_density_matched,197.206
T3_divergence_gene_density_matched,212.0
T3_divergence_gene_density_matched,185.545
T3_divergence_gene_density_matched,219.077
T3_divergence_gene_density_matched,176.318
T3_divergence_gene_density_matched,198.0
T3_divergence_gene_density_matched,214.758
T3_divergence_gene_density_matched,212.25
T3_divergence_gene_density_matched,197.13
T3_divergence_gene_density_matched,248.29
T3_divergence_gene_density_matched,211.182
T3_divergence_gene_density_matched,171.963
T3_divergence_gene_density_matched,207.56
T3_divergence_gene_density_matched,216.318
T3_divergence_gene_density_matched,170.122
T3_divergence_gene_density_matched,166.158
T3_divergence_gene_density_matched,194.833
T3_divergence_gene_density_matched,198.436
T3_divergence_gene_density_matched,204.625
T3_divergence_gene_density_matched,195.826
T3_divergence_gene_density_matched,188.423
T3_divergence_gene_density_matched,172.036
T3_divergence_gene_density_matched,188.519
T3_divergence_gene_density_matched,201.333
T3_divergence_gene_density_matched,207.739
T3_divergence_gene_density_matched,186.478
T3_divergence_gene_density_matched,230.829
T3_divergence_gene_density_matched,177.22
T3_divergence_gene_density_matched,190.928
T3_divergence_gene_density_matched,172.308
T3_divergence_gene_density_matched,214.905
T3_divergence_gene_density_matched,202.125
T3_divergence_gene_density_matched,189.387
T3_divergence_gene_density_matched,201.163
T3_divergence_gene_density_matched,178.792
T3_divergence_gene_density_matched,208.5
T3_divergence_gene_density_matched,191.793
T3_divergence_gene_density_matched,212.657
T3_divergence_gene_density_matched,187.129
T3_divergence_gene_density_matched,199.917
T3_divergence_gene_density_matched,192.371
T3_divergence_gene_density_matched,199.394
T3_divergence_gene_density_matched,209.25
T3_divergence_gene_density_matched,210.211
T3_divergence_gene_density_matched,213.273
T3_divergence_gene_density_matched,200.875
T3_divergence_gene_density_matched,190.0
T3_divergence_gene_density_matched,201.947
T3_divergence_gene_density_matched,239.783
T3_divergence_gene_density_matched,234.565
T3_divergence_gene_density_matched,205.16
T3_divergence_gene_density_matched,213.725
T3_divergence_gene_density_matched,228.714
T3_divergence_gene_density_matched,207.875
T3_divergence_gene_density_matched,197.781
T3_divergence_gene_density_matched,189.722
T3_divergence_gene_density_matched,193.095
T3_divergence_gene_density_matched,180.902
T3_divergence_gene_density_matched,228.0
T3_divergence_gene_density_matched,184.875
T3_divergence_gene_density_matched,194.04
T3_divergence_gene_density_matched,202.727
T3_divergence_gene_density_matched,193.246
T3_divergence_gene_density_matched,188.24
T3_divergence_gene_density_matched,181.3
T3_divergence_gene_density_matched,194.75
T3_divergence_gene_density_matched,254.889
T3_divergence_gene_density_matched,209.667
T3_divergence_gene_density_matched,209.957
T3_divergence_gene_density_matched,210.028
T3_divergence_gene_density_matched,177.417
T3_divergence_gene_density_matched,179.319
T3_divergence_gene_density_matched,186.84
T3_divergence_gene_density_matched,211.714
T3_divergence_gene_density_matched,205.548
T3_divergence_gene_density_matched,193.579
T3_divergence_gene_density_matched,202.03
T3_divergence_gene_density_matched,187.404
T3_divergence_gene_density_matched,217.714
T3_divergence_gene_density_matched,215.273
T3_divergence_gene_density_matched,253.625
T3_divergence_gene_density_matched,217.158
T3_divergence_gene_density_matched,174.792
T3_divergence_gene_density_matched,233.294
T3_divergence_gene_density_matched,182.0
T3_divergence_gene_density_matched,199.889
T3_divergence_gene_density_matched,193.474
T3_divergence_gene_density_matched,192.0
T3_divergence_gene_density_matched,178.864
T3_divergence_gene_density_matched,238.296
T3_divergence_gene_density_matched,223.5
T3_divergence_gene_density_matched,208.528
T3_divergence_gene_density_matched,197.625
T3_divergence_gene_density_matched,190.605
T3_divergence_gene_density_matched,207.206
T3_divergence_gene_density_matched,214.724
T3_divergence_gene_density_matched,219.789
T3_divergence_gene_density_matched,160.0
T3_divergence_gene_density_matched,173.667
T3_divergence_gene_density_matched,192.579
T3_divergence_gene_density_matched,201.957
T3_divergence_gene_density_matched,210.133
T3_divergence_gene_density_matched,194.143
T3_divergence_gene_density_matched,211.625
T3_divergence_gene_density_matched,171.943
T3_divergence_gene_density_matched,205.538
T3_divergence_gene_density_matched,184.769
T3_divergence_gene_density_matched,192.371
T3_divergence_gene_density_matched,206.722
T3_divergence_gene_density_matched,193.765
T3_divergence_gene_density_matched,171.167
T3_divergence_gene_density_matched,219.389
T3_divergence_gene_density_matched,201.333
T3_divergence_gene_density_matched,180.75
T3_divergence_gene_density_matched,232.882
T3_divergence_gene_density_matched,217.433
T3_divergence_gene_density_matched,198.909
T3_divergence_gene_density_matched,245.714
T3_divergence_gene_density_matched,172.528
T3_divergence_gene_density_matched,218.882
T3_divergence_gene_density_matched,197.455
T3_divergence_gene_density_matched,205.857
T3_divergence_gene_density_matched,206.387
T3_divergence_gene_density_matched,191.25
T3_divergence_gene_density_matched,199.792
T3_divergence_gene_density_matched,156.705
T3_divergence_gene_density_matched,196.938
T3_divergence_gene_density_matched,209.37
T3_divergence_gene_density_matched,244.438
T3_divergence_gene_density_matched,190.976
T3_divergence_gene_density_matched,179.496
T3_divergence_gene_density_matched,240.19
T3_divergence_gene_density_matched,167.302
T3_divergence_gene_density_matched,234.176
T3_divergence_gene_density_matched,213.872
T3_divergence_gene_density_matched,186.229
T3_divergence_gene_density_matched,199.226
T3_divergence_gene_density_matched,192.609
T3_divergence_gene_density_matched,221.75
T3_divergence_gene_density_matched,208.456
T3_divergence_gene_density_matched,184.649
T3_divergence_gene_density_matched,242.973
T3_divergence_gene_density_matched,217.864
T3_divergence_gene_density_matched,209.0
T3_divergence_gene_density_matched,210.938
T3_divergence_gene_density_matched,253.158
T3_divergence_gene_density_matched,210.267
T3_divergence_gene_density_matched,194.485
T3_divergence_gene_density_matched,185.708
T3_divergence_gene_density_matched,213.903
T3_divergence_gene_density_matched,193.5
T3_divergence_gene_density_matched,202.275
T3_divergence_gene_density_matched,185.432
T3_divergence_gene_density_matched,201.375
T3_divergence_gene_density_matched,191.448
T3_divergence_gene_density_matched,230.25
T3_divergence_gene_density_matched,223.087
T3_divergence_gene_density_matched,210.667
T3_divergence_gene_density_matched,163.133
T3_divergence_gene_density_matched,221.474
T3_divergence_gene_density_matched,190.353
T3_divergence_gene_density_matched,231.8
T3_divergence_gene_density_matched,182.923
T3_divergence_gene_density_matched,186.545
T3_divergence_gene_density_matched,223.745
T3_divergence_gene_density_matched,232.438
T3_divergence_gene_density_matched,193.667
T3_divergence_gene_density_matched,216.031
T3_divergence_gene_density_matched,220.746
T3_divergence_gene_density_matched,217.595
T3_divergence_gene_density_matched,212.409
T3_divergence_gene_density_matched,202.633
T3_divergence_gene_density_matched,197.0
T3_divergence_gene_density_matched,199.192
T3_divergence_gene_density_matched,199.0
T3_divergence_gene_density_matched,219.931
T3_divergence_gene_density_matched,204.481
T3_divergence_gene_density_matched,195.293
T3_divergence_gene_density_matched,220.5
T3_divergence_gene_density_matched,236.923
T3_divergence_gene_density_matched,207.481
T3_divergence_gene_density_matched,223.786
T3_divergence_gene_density_matched,208.786
T3_divergence_gene_density_matched,224.0
T3_divergence_gene_density_matched,191.974
T3_divergence_gene_density_matched,179.02
T3_divergence_gene_density_matched,188.2
T3_divergence_gene_density_matched,233.095
T3_divergence_gene_density_matched,201.76
T3_divergence_gene_density_matched,183.703
T3_divergence_gene_density_matched,222.259
T3_divergence_gene_density_matched,212.0
T3_divergence_gene_density_matched,210.913
T3_divergence_gene_density_matched,210.923
T3_divergence_gene_density_matched,205.875
T3_divergence_gene_density_matched,190.842
T3_divergence_gene_density_matched,220.0
T3_divergence_gene_density_matched,204.8
T3_divergence_gene_density_matched,166.158
T3_divergence_gene_density_matched,224.138
T3_divergence_gene_density_matched,213.594
T3_divergence_gene_density_matched,180.387
T3_divergence_gene_density_matched,213.792
T3_divergence_gene_density_matched,208.682
T3_divergence_gene_density_matched,218.391
T3_divergence_gene_density_matched,209.957
T3_divergence_gene_density_matched,251.2
T3_divergence_gene_density_matched,192.906
T3_divergence_gene_density_matched,220.727
T3_divergence_gene_density_matched,202.034
T3_divergence_gene_density_matched,178.444
T3_divergence_gene_density_matched,195.235
T3_divergence_gene_density_matched,179.308
T3_divergence_gene_density_matched,210.913
T3_divergence_gene_density_matched,240.808
T3_divergence_gene_density_matched,219.135
T3_divergence_gene_density_matched,254.931
T3_divergence_gene_density_matched,226.32
T3_divergence_gene_density_matched,217.105
T3_divergence_gene_density_matched,247.964
T3_divergence_gene_density_matched,209.0
T3_divergence_gene_density_matched,142.306
T3_divergence_gene_density_matched,181.824
T3_divergence_gene_density_matched,232.467
T3_divergence_gene_density_matched,186.818
T3_divergence_gene_density_matched,192.182
T3_divergence_gene_density_matched,182.327
T3_divergence_gene_density_matched,211.45
T3_divergence_gene_density_matched,204.923
T3_divergence_gene_density_matched,187.0
T3_divergence_gene_density_matched,214.233
T3_divergence_gene_density_matched,199.706
T3_divergence_gene_density_matched,196.071
T3_divergence_gene_density_matched,210.657
T3_divergence_gene_density_matched,251.444
T3_divergence_gene_density_matched,219.5
T3_divergence_gene_density_matched,231.571
T3_divergence_gene_density_matched,191.333
T3_divergence_gene_density_matched,193.583
T3_divergence_gene_density_matched,222.088
T3_divergence_gene_density_matched,186.7
T3_divergence_gene_density_matched,210.083
T3_divergence_gene_density_matched,208.286
T3_divergence_gene_density_matched,188.103
T3_divergence_gene_density_matched,201.036
T3_divergence_gene_density_matched,179.4
T3_divergence_gene_density_matched,185.15
T3_divergence_gene_density_matched,214.0
T3_divergence_gene_density_matched,180.0
T3_divergence_gene_density_matched,173.364
T3_divergence_gene_density_matched,138.714
T3_divergence_gene_density_matched,201.76
T3_divergence_gene_density_matched,193.957
T3_divergence_gene_density_matched,207.182
T3_divergence_gene_density_matched,175.784
T3_divergence_gene_density_matched,225.286
T3_divergence_gene_density_matched,248.556
T3_divergence_gene_density_matched,206.435
T3_divergence_gene_density_matched,177.47
T3_divergence_gene_density_matched,197.636
T3_divergence_gene_density_matched,186.897
T3_divergence_gene_density_matched,217.111
T3_divergence_gene_density_matched,235.929
T3_divergence_gene_density_matched,198.349
T3_divergence_gene_density_matched,224.0
T3_divergence_gene_density_matched,205.222
T3_divergence_gene_density_matched,257.706
T3_divergence_gene_density_matched,203.263
T3_divergence_gene_density_matched,213.083
T3_divergence_gene_density_matched,207.061
T3_divergence_gene_density_matched,219.0
T3_divergence_gene_density_matched,212.154
T3_divergence_gene_density_matched,215.857
T3_divergence_gene_density_matched,200.273
T3_divergence_gene_density_matched,199.737
T3_divergence_gene_density_matched,255.318
T3_divergence_gene_density_matched,236.233
T3_divergence_gene_density_matched,218.444
T3_divergence_gene_density_matched,179.08
T3_divergence_gene_density_matched,187.162
T3_divergence_gene_density_matched,218.741
T3_divergence_gene_density_matched,176.213
T3_divergence_gene_density_matched,184.034
T3_divergence_gene_density_matched,190.828
T3_divergence_gene_density_matched,220.714
T3_divergence_gene_density_matched,235.867
T3_divergence_gene_density_matched,221.842
T3_divergence_gene_density_matched,214.312
T3_divergence_gene_density_matched,191.0
T3_divergence_gene_density_matched,212.062
T3_divergence_gene_density_matched,237.357
T3_divergence_gene_density_matched,194.304
T3_divergence_gene_density_matched,166.478
T3_divergence_gene_density_matched,192.182
T3_divergence_gene_density_matched,212.692
T3_divergence_gene_density_matched,179.318
T3_divergence_gene_density_matched,226.342
T3_divergence_gene_density_matched,212.429
T3_divergence_gene_density_matched,205.875
T3_divergence_gene_density_matched,193.121
T3_divergence_gene_density_matched,174.273
T3_divergence_gene_density_matched,196.732
T3_divergence_gene_density_matched,211.423
T3_divergence_gene_density_matched,204.0
T3_divergence_gene_density_matched,233.979
T3_divergence_gene_density_matched,246.226
T3_divergence_gene_density_matched,195.871
T3_divergence_gene_density_matched,205.857
T3_divergence_gene_density_matched,219.0
T3_divergence_gene_density_matched,208.65
T3_divergence_gene_density_matched,196.312
T3_divergence_gene_density_matched,253.913
T3_divergence_gene_density_matched,196.808
T3_divergence_gene_density_matched,233.611
T3_divergence_gene_density_matched,198.543
T3_divergence_gene_density_matched,184.652
T3_divergence_gene_density_matched,255.75
T3_divergence_gene_density_matched,201.286
T3_divergence_gene_density_matched,198.184
T3_divergence_gene_density_matched,207.353
T3_divergence_gene_density_matched,256.267
T3_divergence_gene_density_matched,230.034
T3_divergence_gene_density_matched,239.154
T3_divergence_gene_density_matched,180.529
T3_divergence_gene_density_matched,211.462
T3_divergence_gene_density_matched,197.143
T3_divergence_gene_density_matched,224.25
T3_divergence_gene_density_matched,221.0
T3_divergence_gene_density_matched,242.583
T3_divergence_gene_density_matched,209.062
T3_divergence_gene_density_matched,216.515
T3_divergence_gene_density_matched,247.409
T3_divergence_gene_density_matched,196.0
T3_divergence_gene_density_matched,205.579
T3_divergence_gene_density_matched,191.447
T3_divergence_gene_density_matched,198.833
T3_divergence_gene_density_matched,216.6
T3_divergence_gene_density_matched,187.545
T3_divergence_gene_density_matched,230.579
T3_divergence_gene_density_matched,186.557
T3_divergence_gene_density_matched,158.72
T3_divergence_gene_density_matched,229.356
T3_divergence_gene_density_matched,212.735
T3_divergence_gene_density_matched,178.444
T3_divergence_gene_density_matched,241.385
T3_divergence_gene_density_matched,222.364
T3_divergence_gene_density_matched,159.375
T3_divergence_gene_density_matched,196.489
T3_divergence_gene_density_matched,227.682
T3_divergence_gene_density_matched,237.214
T3_divergence_gene_density_matched,180.867
T3_divergence_gene_density_matched,209.389
T3_divergence_gene_density_matched,221.786
T3_divergence_gene_density_matched,234.2
T3_divergence_gene_density_matched,163.208
T3_divergence_gene_density_matched,222.632
T3_divergence_gene_density_matched,195.698
T3_divergence_gene_density_matched,177.2
T3_divergence_gene_density_matched,228.621
T3_divergence_gene_density_matched,256.259
T3_divergence_gene_density_matched,220.833
T3_divergence_gene_density_matched,198.0
T3_divergence_gene_density_matched,191.667
T3_divergence_gene_density_matched,213.903
T3_divergence_gene_density_matched,190.4
T3_divergence_gene_density_matched,189.37
T3_divergence_gene_density_matched,238.93
T3_divergence_gene_density_matched,192.167
T3_divergence_gene_density_matched,192.121
T3_divergence_gene_density_matched,188.962
T3_divergence_gene_density_matched,179.542
T3_divergence_gene_density_matched,196.259
T3_divergence_gene_density_matched,208.44
T3_divergence_gene_density_matched,138.581
T3_divergence_gene_density_matched,178.371
T3_divergence_gene_density_matched,175.182
T3_divergence_gene_density_matched,255.75
T3_divergence_gene_density_matched,195.955
T3_divergence_gene_density_matched,248.091
T3_divergence_gene_density_matched,187.214
T3_divergence_gene_density_matched,189.2
T3_divergence_gene_density_matched,179.4
T3_divergence_gene_density_matched,221.579
T3_divergence_gene_density_matched,215.757
T3_divergence_gene_density_matched,182.474
T3_divergence_gene_density_matched,258.5
T3_divergence_gene_density_matched,202.882
T3_divergence_gene_density_matched,210.0
T3_divergence_gene_density_matched,227.81
T3_divergence_gene_density_matched,221.45
T3_divergence_gene_density_matched,190.898
T3_divergence_gene_density_matched,223.6
T3_divergence_gene_density_matched,211.0
T3_divergence_gene_density_matched,181.216
T3_divergence_gene_density_matched,205.171
T3_divergence_gene_density_matched,192.0
T3_divergence_gene_density_matched,217.708
T3_divergence_gene_density_matched,210.857
T3_divergence_gene_density_matched,191.69
T3_divergence_gene_density_matched,213.545
T3_divergence_gene_density_matched,221.265
T3_divergence_gene_density_matched,194.75
T3_divergence_gene_density_matched,163.667
T3_divergence_gene_density_matched,215.833
T3_divergence_gene_density_matched,235.919
T3_divergence_gene_density_matched,198.179
T3_divergence_gene_density_matched,180.0
T3_divergence_gene_density_matched,185.75
T3_divergence_gene_density_matched,159.968
T3_divergence_gene_density_matched,232.653
T3_divergence_gene_density_matched,179.44
T3_divergence_gene_density_matched,226.429
T3_divergence_gene_density_matched,198.625
T3_divergence_gene_density_matched,204.194
T3_divergence_gene_density_matched,190.538
T3_divergence_gene_density_matched,194.55
T3_divergence_gene_density_matched,218.737
T3_divergence_gene_density_matched,205.125
T3_divergence_gene_density_matched,216.72
T3_divergence_gene_density_matched,193.258
T3_divergence_gene_density_matched,229.552
T3_divergence_gene_density_matched,224.091
T3_divergence_gene_density_matched,199.333
T3_divergence_gene_density_matched,172.792
T3_divergence_gene_density_matched,183.625
T3_divergence_gene_density_matched,189.762
T3_divergence_gene_density_matched,177.8
T3_divergence_gene_density_matched,210.292
T3_divergence_gene_density_matched,182.683
T3_divergence_gene_density_matched,198.0
T3_divergence_gene_density_matched,196.261
T3_divergence_gene_density_matched,189.931
T3_divergence_gene_density_matched,226.125
T3_divergence_gene_density_matched,226.933
T3_divergence_gene_density_matched,220.875
T3_divergence_gene_density_matched,186.557
T3_divergence_gene_density_matched,222.191
T3_divergence_gene_density_matched,191.286
T3_divergence_gene_density_matched,218.815
T3_divergence_gene_density_matched,222.478
T3_divergence_gene_density_matched,192.325
T3_divergence_gene_density_matched,199.842
T3_divergence_gene_density_matched,196.071
T3_divergence_gene_density_matched,190.062
T3_divergence_gene_density_matched,240.833
T3_divergence_gene_density_matched,186.955
T3_divergence_gene_density_matched,224.0
T3_divergence_gene_density_matched,159.846
T3_divergence_gene_density_matched,188.909
T3_divergence_gene_density_matched,252.048
T3_divergence_gene_density_matched,175.867
T3_divergence_gene_density_matched,147.955
T3_divergence_gene_density_matched,208.846
T3_divergence_gene_density_matched,194.062
T3_divergence_gene_density_matched,184.595
T3_divergence_gene_density_matched,191.75
T3_divergence_gene_density_matched,177.536
T3_divergence_gene_density_matched,202.556
T3_divergence_gene_density_matched,200.545
T3_divergence_gene_density_matched,198.333
T3_divergence_gene_density_matched,175.941
T3_divergence_gene_density_matched,196.0
T3_divergence_gene_density_matched,182.923
T3_divergence_gene_density_matched,212.0
T3_divergence_gene_density_matched,182.327
T3_divergence_gene_density_matched,146.897
T3_divergence_gene_density_matched,238.167
T3_divergence_gene_density_matched,179.259
T3_divergence_gene_density_matched,226.741
T3_divergence_gene_density_matched,231.611
T3_divergence_gene_density_matched,194.79
T3_divergence_gene_density_matched,207.814
T3_divergence_gene_density_matched,176.111
T3_divergence_gene_density_matched,254.909
T3_divergence_gene_density_matched,194.37
T3_divergence_gene_density_matched,195.421
T3_divergence_gene_density_matched,198.864
T3_divergence_gene_density_matched,206.161
T3_divergence_gene_density_matched,192.826
T3_divergence_gene_density_matched,223.286
T3_divergence_gene_density_matched,215.32
T3_divergence_gene_density_matched,195.455
T3_divergence_gene_density_matched,204.0
T3_divergence_gene_density_matched,232.567
T3_divergence_gene_density_matched,209.512
T3_divergence_gene_density_matched,252.923
T3_divergence_gene_density_matched,211.419
T3_divergence_gene_density_matched,200.128
T3_divergence_gene_density_matched,209.217
T3_divergence_gene_density_matched,217.316
T3_divergence_gene_density_matched,212.1
T3_divergence_gene_density_matched,190.435
T3_divergence_gene_density_matched,203.5
T3_divergence_gene_density_matched,198.719
T3_divergence_gene_density_matched,231.0
T3_divergence_gene_density_matched,254.889
T3_divergence_gene_density_matched,183.69
T3_divergence_gene_density_matched,196.409
T3_divergence_gene_density_matched,213.885
T3_divergence_gene_density_matched,224.25
T3_divergence_gene_density_matched,229.27
T3_divergence_gene_density_matched,188.117
T3_divergence_gene_density_matched,211.607
T3_divergence_gene_density_matched,210.854
T3_divergence_gene_density_matched,148.5
T3_divergence_gene_density_matched,188.939
T3_divergence_gene_density_matched,237.357
T3_divergence_gene_density_matched,195.966
T3_divergence_gene_density_matched,211.55
T3_divergence_gene_density_matched,240.765
T3_divergence_gene_density_matched,210.873
T3_divergence_gene_density_matched,207.771
T3_divergence_gene_density_matched,163.273
T3_divergence_gene_density_matched,169.176
T3_divergence_gene_density_matched,179.02
T3_divergence_gene_density_matched,197.867
T3_divergence_gene_density_matched,257.625
T3_divergence_gene_density_matched,199.222
T3_divergence_gene_density_matched,247.409
T3_divergence_gene_density_matched,178.318
T3_divergence_gene_density_matched,208.348
T3_divergence_gene_density_matched,226.967
T3_divergence_gene_density_matched,216.179
T3_divergence_gene_density_matched,187.906
T3_divergence_gene_density_matched,168.524
T3_divergence_gene_density_matched,199.412
T3_divergence_gene_density_matched,170.043
T3_divergence_gene_density_matched,176.091
T3_divergence_gene_density_matched,212.48
T3_divergence_gene_density_matched,184.327
T3_divergence_gene_density_matched,191.048
T3_divergence_gene_density_matched,192.792
T3_divergence_gene_density_matched,186.061
T3_divergence_gene_density_matched,192.37
T3_divergence_gene_density_matched,184.6
T3_divergence_gene_density_matched,174.0
T3_divergence_gene_density_matched,176.943
T3_divergence_gene_density_matched,213.583
T3_divergence_gene_density_matched,198.355
T3_divergence_gene_density_matched,171.571
T3_divergence_gene_density_matched,190.391
T3_divergence_gene_density_matched,210.133
T3_divergence_gene_density_matched,213.389
T3_divergence_gene_density_matched,199.364
T3_divergence_gene_density_matched,201.409
T3_divergence_gene_density_matched,188.76
T3_divergence_gene_density_matched,187.147
T3_divergence_gene_density_matched,184.588
T3_divergence_gene_density_matched,184.867
T3_divergence_gene_density_matched,185.0
T3_divergence_gene_density_matched,214.828
T3_divergence_gene_density_matched,192.941
T3_divergence_gene_density_matched,235.778
T3_divergence_gene_density_matched,163.905
T3_divergence_gene_density_matched,216.13
T3_divergence_gene_density_matched,199.849
T3_divergence_gene_density_matched,204.943
T3_divergence_gene_density_matched,209.875
T3_divergence_gene_density_matched,220.5
T3_divergence_gene_density_matched,220.692
T3_divergence_gene_density_matched,201.696
T3_divergence_gene_density_matched,223.7
T3_divergence_gene_density_matched,191.282
T3_divergence_gene_density_matched,209.0
T3_divergence_gene_density_matched,191.941
T3_divergence_gene_density_matched,209.439
T3_divergence_gene_density_matched,206.719
T3_divergence_gene_density_matched,237.763
T3_divergence_gene_density_matched,197.1
T3_divergence_gene_density_matched,207.108
T3_divergence_gene_density_matched,218.591
T3_divergence_gene_density_matched,203.292
T3_divergence_gene_density_matched,242.615
T3_divergence_gene_density_matched,216.179
T3_divergence_gene_density_matched,230.0
T3_divergence_gene_density_matched,216.179
T3_divergence_gene_density_matched,190.036
T3_divergence_gene_density_matched,171.714
T3_divergence_gene_density_matched,215.364
T3_divergence_gene_density_matched,219.722
T3_divergence_gene_density_matched,158.136
T3_divergence_gene_density_matched,167.062
T3_divergence_gene_density_matched,187.5
T3_divergence_gene_density_matched,207.353
T3_divergence_gene_density_matched,206.87
T3_divergence_gene_density_matched,209.271
T3_divergence_gene_density_matched,228.278
T3_divergence_gene_density_matched,180.7
T3_divergence_gene_density_matched,185.353
T3_divergence_gene_density_matched,172.836
T3_divergence_gene_density_matched,198.071
T3_divergence_gene_density_matched,243.774
T3_divergence_gene_density_matched,163.806
T3_divergence_gene_density_matched,192.568
T3_divergence_gene_density_matched,178.0
T3_divergence_gene_density_matched,173.667
T3_divergence_gene_density_matched,218.737
T3_divergence_gene_density_matched,159.687
T3_divergence_gene_density_matched,192.609
T3_divergence_gene_density_matched,186.083
T3_divergence_gene_density_matched,177.182
T3_divergence_gene_density_matched,232.688
T3_divergence_gene_density_matched,230.0
T3_divergence_gene_density_matched,194.077
T3_divergence_gene_density_matched,250.312
T3_divergence_gene_density_matched,188.118
T3_divergence_gene_density_matched,183.04
T3_divergence_gene_density_matched,197.219
T3_divergence_gene_density_matched,211.278
T3_divergence_gene_density_matched,186.28
T3_divergence_gene_density_matched,205.735
T3_divergence_gene_density_matched,214.375
T3_divergence_gene_density_matched,165.929
T3_divergence_gene_density_matched,183.733
T3_divergence_gene_density_matched,206.375
T3_divergence_gene_density_matched,208.475
T3_divergence_gene_density_matched,190.571
T3_divergence_gene_density_matched,204.621
T3_divergence_gene_density_matched,240.227
T3_divergence_gene_density_matched,189.433
T3_divergence_gene_density_matched,175.231
T3_divergence_gene_density_matched,241.143
T3_divergence_gene_density_matched,138.583
T3_divergence_gene_density_matched,234.263
T3_divergence_gene_density_matched,229.6
T3_divergence_gene_density_matched,242.44
T3_divergence_gene_density_matched,206.585
T3_divergence_gene_density_matched,186.316
T3_divergence_gene_density_matched,164.391
T3_divergence_gene_density_matched,224.625
T3_divergence_gene_density_matched,218.98
T3_divergence_gene_density_matched,187.391
T3_divergence_gene_density_matched,219.125
T3_divergence_gene_density_matched,146.897
T3_divergence_gene_density_matched,199.167
T3_divergence_gene_density_matched,212.794
T3_divergence_gene_density_matched,233.235
T3_divergence_gene_density_matched,241.5
T3_divergence_gene_density_matched,186.176
T3_divergence_gene_density_matched,245.2
T3_divergence_gene_density_matched,208.472
T3_divergence_gene_density_matched,232.846
T3_divergence_gene_density_matched,212.449
T3_divergence_gene_density_matched,175.528
T3_divergence_gene_density_matched,229.214
T3_divergence_gene_density_matched,215.156
T3_divergence_gene_density_matched,248.091
T3_divergence_gene_density_matched,142.52
T3_divergence_gene_density_matched,176.486
T3_divergence_gene_density_matched,182.256
T3_divergence_gene_density_matched,173.655
T3_divergence_gene_density_matched,197.323
T3_divergence_gene_density_matched,214.531
T3_divergence_gene_density_matched,189.976
T3_divergence_gene_density_matched,226.125
T3_divergence_gene_density_matched,203.286
T3_divergence_gene_density_matched,240.591
T3_divergence_gene_density_matched,231.19
T3_divergence_gene_density_matched,169.75
T3_divergence_gene_density_matched,186.556
T3_divergence_gene_density_matched,210.7
T3_divergence_gene_density_matched,200.038
T3_divergence_gene_density_matched,175.733
T3_divergence_gene_density_matched,222.273
T3_divergence_gene_density_matched,178.412
T3_divergence_gene_density_matched,226.793
T3_divergence_gene_density_matched,212.471
T3_divergence_gene_density_matched,199.55
T3_divergence_gene_density_matched,220.273
T3_divergence_gene_density_matched,223.265
T3_divergence_gene_density_matched,214.375
T3_divergence_gene_density_matched,255.318
T3_divergence_gene_density_matched,153.355
T3_divergence_gene_density_matched,198.24
T3_divergence_gene_density_matched,221.217
T3_divergence_gene_density_matched,190.791
T3_divergence_gene_density_matched,213.207
T3_divergence_gene_density_matched,190.778
T3_divergence_gene_density_matched,208.4
T3_divergence_gene_density_matched,208.528
T3_divergence_gene_density_matched,192.37
T3_divergence_gene_density_matched,175.857
T3_divergence_gene_density_matched,165.188
T3_divergence_gene_density_matched,180.867
T3_divergence_gene_density_matched,176.5
T3_divergence_gene_density_matched,195.947
T3_divergence_gene_density_matched,177.143
T3_divergence_gene_density_matched,173.34
T3_divergence_gene_density_matched,209.957
T3_divergence_gene_density_matched,219.069
T3_divergence_gene_density_matched,230.833
T3_divergence_gene_density_matched,187.424
T3_divergence_gene_density_matched,210.37
T3_divergence_gene_density_matched,264.156
T3_divergence_gene_density_matched,197.321
T3_divergence_gene_density_matched,247.923
T3_divergence_gene_density_matched,190.286
T3_divergence_gene_density_matched,231.667
T3_divergence_gene_density_matched,208.516
T3_divergence_gene_density_matched,226.667
T3_divergence_gene_density_matched,189.082
T3_divergence_gene_density_matched,214.542
T3_divergence_gene_density_matched,221.485
T3_divergence_gene_density_matched,183.905
T3_divergence_gene_density_matched,217.071
T3_divergence_gene_density_matched,204.875
T3_divergence_gene_density_matched,188.815
T3_divergence_gene_density_matched,212.958
T3_divergence_gene_density_matched,162.889
T3_divergence_gene_density_matched,221.833
T3_divergence_gene_density_matched,240.808
T3_divergence_gene_density_matched,193.222
T3_divergence_gene_density_matched,217.152
T3_divergence_gene_density_matched,178.347
T3_divergence_gene_density_matched,232.059
T3_divergence_gene_density_matched,183.364
T3_divergence_gene_density_matched,203.471
T3_divergence_gene_density_matched,211.515
T3_divergence_gene_density_matched,163.042
T3_divergence_gene_density_matched,155.476
T3_divergence_gene_density_matched,221.679
T3_divergence_gene_density_matched,190.947
T3_divergence_gene_density_matched,234.083
T3_divergence_gene_density_matched,197.056
T3_divergence_gene_density_matched,169.75
T3_divergence_gene_density_matched,205.222
T3_divergence_gene_density_matched,190.793
T3_divergence_gene_density_matched,199.844
T3_divergence_gene_density_matched,190.048
T3_divergence_gene_density_matched,194.788
T3_divergence_gene_density_matched,197.8
T3_divergence_gene_density_matched,169.098
T3_divergence_gene_density_matched,213.438
T3_divergence_gene_density_matched,197.48
T3_divergence_gene_density_matched,221.421
T3_divergence_gene_density_matched,190.045
T3_divergence_gene_density_matched,211.0
T3_divergence_gene_density_matched,159.333
T3_divergence_gene_density_matched,208.077
T3_divergence_gene_density_matched,202.486
T3_divergence_gene_density_matched,179.319
T3_divergence_gene_density_matched,188.833
T3_divergence_gene_density_matched,210.083
T3_divergence_gene_density_matched,185.5
T3_divergence_gene_density_matched,235.778
T3_divergence_gene_density_matched,194.742
T3_divergence_gene_density_matched,191.4
T3_divergence_gene_density_matched,181.958
T3_divergence_gene_density_matched,270.056
T3_divergence_gene_density_matched,186.5
T3_divergence_gene_density_matched,246.879
T3_divergence_gene_density_matched,202.133
T3_divergence_gene_density_matched,218.703
T3_divergence_gene_density_matched,196.238
T3_divergence_gene_density_matched,212.25
T3_divergence_gene_density_matched,174.0
T3_divergence_gene_density_matched,214.6
T3_divergence_gene_density_matched,197.182
T3_divergence_gene_density_matched,230.788
T3_divergence_gene_density_matched,228.059
T3_divergence_gene_density_matched,231.294
T3_divergence_gene_density_matched,218.441
T3_divergence_gene_density_matched,192.595
T3_divergence_gene_density_matched,189.778
T3_divergence_gene_density_matched,231.778
T3_divergence_gene_density_matched,221.818
T3_divergence_gene_density_matched,186.571
T3_divergence_gene_density_matched,205.04
T3_divergence_gene_density_matched,199.397
T3_divergence_gene_density_matched,200.391
T3_divergence_gene_density_matched,215.684
T3_divergence_gene_density_matched,207.6
T3_divergence_gene_density_matched,185.432
T3_divergence_gene_density_matched,176.943
T3_divergence_gene_density_matched,201.375
T3_divergence_gene_density_matched,250.0
T3_divergence_gene_density_matched,191.75
T3_divergence_gene_density_matched,211.676
T3_divergence_gene_density_matched,233.294
T3_divergence_gene_density_matched,174.017
T3_divergence_gene_density_matched,197.103
T3_divergence_gene_density_matched,197.571
T3_divergence_gene_density_matched,220.143
T3_divergence_gene_density_matched,179.2
T3_divergence_gene_density_matched,213.951
T3_divergence_gene_density_matched,211.611
T3_divergence_gene_density_matched,197.609
T3_divergence_gene_density_matched,191.933
T3_divergence_gene_density_matched,218.04
T3_divergence_gene_density_matched,220.273
T3_divergence_gene_density_matched,212.692
T3_divergence_gene_density_matched,196.54
T3_divergence_gene_density_matched,207.275
T3_divergence_gene_density_matched,185.806
T3_divergence_gene_density_matched,189.868
T3_divergence_gene_density_matched,190.795
T3_divergence_gene_density_matched,171.048
T3_divergence_gene_density_matched,203.385
T3_divergence_gene_density_matched,204.895
T3_divergence_gene_density_matched,160.882
T3_divergence_gene_density_matched,206.292
T3_divergence_gene_density_matched,211.359
T3_divergence_gene_density_matched,213.083
T3_divergence_gene_density_matched,239.283
T3_divergence_gene_density_matched,193.083
T3_divergence_gene_density_matched,213.4
T3_divergence_gene_density_matched,184.424
T3_divergence_gene_density_matched,171.633
T3_divergence_gene_density_matched,176.4
T3_divergence_gene_density_matched,223.059
T3_divergence_gene_density_matched,184.054
T3_divergence_gene_density_matched,244.875
T3_divergence_gene_density_matched,204.15
T3_divergence_gene_density_matched,228.05
T3_divergence_gene_density_matched,211.955
T3_divergence_gene_density_matched,162.208
T3_divergence_gene_density_matched,196.761
T3_divergence_gene_density_matched,197.214
T3_divergence_gene_density_matched,219.774
T3_divergence_gene_density_matched,163.167
T3_divergence_gene_density_matched,164.391
T3_divergence_gene_density_matched,180.426
T3_divergence_gene_density_matched,179.75
T3_divergence_gene_density_matched,226.261
T3_divergence_gene_density_matched,201.268
T3_divergence_gene_density_matched,227.316
T3_divergence_gene_density_matched,212.65
T3_divergence_gene_density_matched,199.95
T3_divergence_gene_density_matched,217.667
T3_divergence_gene_density_matched,182.667
T3_divergence_gene_density_matched,222.167
T3_divergence_gene_density_matched,209.636
T3_divergence_gene_density_matched,200.103
T3_divergence_gene_density_matched,220.793
T3_divergence_gene_density_matched,198.917
T3_divergence_gene_density_matched,183.375
T3_divergence_gene_density_matched,224.0
T3_divergence_gene_density_matched,210.583
T3_divergence_gene_density_matched,204.238
T3_divergence_gene_density_matched,201.931
T3_divergence_gene_density_matched,240.133
T3_divergence_gene_density_matched,214.6
T3_divergence_gene_density_matched,224.889
T3_divergence_gene_density_matched,180.364
T3_divergence_gene_density_matched,190.778
T3_divergence_gene_density_matched,211.231
T3_divergence_gene_density_matched,213.184
T3_divergence_gene_density_matched,151.609
T3_divergence_gene_density_matched,203.296
T3_divergence_gene_density_matched,208.44
T3_divergence_gene_density_matched,234.889
T3_divergence_gene_density_matched,207.8
T3_divergence_gene_density_matched,233.611
T3_divergence_gene_density_matched,158.923
T3_divergence_gene_density_matched,217.879
T3_divergence_gene_density_matched,163.512
T3_divergence_gene_density_matched,208.909
T3_divergence_gene_density_matched,204.789
T3_divergence_gene_density_matched,187.381
T3_divergence_gene_density_matched,231.045
T3_divergence_gene_density_matched,190.235
T3_divergence_gene_density_matched,206.412
T3_divergence_gene_density_matched,248.261
T3_divergence_gene_density_matched,217.971
T3_divergence_gene_density_matched,184.056
T3_divergence_gene_density_matched,189.25
T3_divergence_gene_density_matched,244.3
T3_divergence_gene_density_matched,218.556
T3_divergence_gene_density_matched,209.667
T3_divergence_gene_density_matched,182.171
T3_divergence_gene_density_matched,179.75
T3_divergence_gene_density_matched,263.312
T3_divergence_gene_density_matched,223.152
T3_divergence_gene_density_matched,179.75
T3_divergence_gene_density_matched,169.75
T3_divergence_gene_density_matched,210.556
T3_divergence_gene_density_matched,204.0
T3_divergence_gene_density_matched,223.167
T3_divergence_gene_density_matched,183.507
T3_divergence_gene_density_matched,192.667
T3_divergence_gene_density_matched,218.882
T3_divergence_gene_density_matched,250.5
T3_divergence_gene_density_matched,164.58
T3_divergence_gene_density_matched,226.63
T3_divergence_gene_density_matched,199.95
T3_divergence_gene_density_matched,218.065
T3_divergence_gene_density_matched,212.735
T3_divergence_gene_density_matched,168.875
T3_divergence_gene_density_matched,249.381
T3_divergence_gene_density_matched,206.833
T3_divergence_gene_density_matched,215.773
T3_divergence_gene_density_matched,193.375
T3_divergence_gene_density_matched,204.688
T3_divergence_gene_density_matched,181.214
T3_divergence_gene_density_matched,192.783
T3_divergence_gene_density_matched,199.08
T3_divergence_gene_density_matched,245.394
T3_divergence_gene_density_matched,234.571
T3_divergence_gene_density_matched,152.5
T3_divergence_gene_density_matched,229.647
T3_divergence_gene_density_matched,244.857
T3_divergence_gene_density_matched,178.947
T3_divergence_gene_density_matched,206.312
T3_divergence_gene_density_matched,143.125
T3_divergence_gene_density_matched,211.043
T3_divergence_gene_density_matched,202.473
T3_divergence_gene_density_matched,214.222
T3_divergence_gene_density_matched,219.395
T3_divergence_gene_density_matched,198.529
T3_divergence_gene_density_matched,219.069
T3_divergence_gene_density_matched,172.944
T3_divergence_gene_density_matched,249.789
T3_divergence_gene_density_matched,238.423
T3_divergence_gene_density_matched,251.147
T3_divergence_gene_density_matched,240.138
T3_divergence_gene_density_matched,216.042
T3_divergence_gene_density_matched,199.75
T3_divergence_gene_density_matched,212.907
T3_divergence_gene_density_matched,215.636
T3_divergence_gene_density_matched,210.2
T3_divergence_gene_density_matched,218.231
T3_divergence_gene_density_matched,197.179
T3_divergence_gene_density_matched,194.062
T3_divergence_gene_density_matched,183.507
T3_divergence_gene_density_matched,198.274
T3_divergence_gene_density_matched,199.259
T3_divergence_gene_density_matched,222.091
T3_divergence_gene_density_matched,178.093
T3_divergence_gene_density_matched,169.319
T3_divergence_gene_density_matched,199.522
T3_divergence_gene_density_matched,181.448
T3_divergence_gene_density_matched,229.647
T3_divergence_gene_density_matched,217.188
T3_divergence_gene_density_matched,207.636
T3_divergence_gene_density_matched,194.731
T3_divergence_gene_density_matched,157.211
T3_divergence_gene_density_matched,189.433
T3_divergence_gene_density_matched,193.061
T3_divergence_gene_density_matched,239.024
T3_divergence_gene_density_matched,190.727
T3_divergence_gene_density_matched,241.077
T3_divergence_gene_density_matched,211.423
T3_divergence_gene_density_matched,224.296
T3_divergence_gene_density_matched,226.25
T3_divergence_gene_density_matched,153.471
T3_divergence_gene_density_matched,228.444
T3_divergence_gene_density_matched,214.395
T3_divergence_gene_density_matched,181.707
T3_divergence_gene_density_matched,197.538
T3_divergence_gene_density_matched,210.577
T3_divergence_gene_density_matched,183.324
T3_divergence_gene_density_matched,232.421
T3_divergence_gene_density_matched,213.061
T3_divergence_gene_density_matched,205.75
T3_divergence_gene_density_matched,188.56
T3_divergence_gene_density_matched,220.214
T3_divergence_gene_density_matched,236.333
T3_divergence_gene_density_matched,196.594
T3_divergence_gene_density_matched,196.138
T3_divergence_gene_density_matched,204.19
T3_divergence_gene_density_matched,180.361
T3_divergence_gene_density_matched,227.0
T3_divergence_gene_density_matched,201.365
T3_divergence_gene_density_matched,247.409
T3_divergence_gene_density_matched,228.296
T3_divergence_gene_density_matched,209.421
T3_divergence_gene_density_matched,184.485
T3_divergence_gene_density_matched,185.208
T3_divergence_gene_density_matched,164.1
T3_divergence_gene_density_matched,205.742
T3_divergence_gene_density_matched,213.667
T3_divergence_gene_density_matched,195.031
T3_divergence_gene_density_matched,251.2
T3_divergence_gene_density_matched,234.826
T3_divergence_gene_density_matched,173.329
T3_divergence_gene_density_matched,185.767
T3_divergence_gene_density_matched,189.302
T3_divergence_gene_density_matched,228.516
T3_divergence_gene_density_matched,240.037
T3_divergence_gene_density_matched,251.857
T3_divergence_gene_density_matched,184.667
T3_divergence_gene_density_matched,252.323
T3_divergence_gene_density_matched,201.645
T3_divergence_gene_density_matched,178.941
T3_divergence_gene_density_matched,211.882
T3_divergence_gene_density_matched,210.273
T3_divergence_gene_density_matched,214.81
T3_divergence_gene_density_matched,220.833
T3_divergence_gene_density_matched,229.9
T3_divergence_gene_density_matched,241.395
T3_divergence_gene_density_matched,239.028
T3_divergence_gene_density_matched,205.811
T3_divergence_gene_density_matched,205.133
T3_divergence_gene_density_matched,197.333
T3_divergence_gene_density_matched,201.903
T3_divergence_gene_density_matched,214.241
T3_divergence_gene_density_matched,191.342
T3_divergence_gene_density_matched,214.457
T3_divergence_gene_density_matched,230.45
T3_divergence_gene_density_matched,202.435
T3_divergence_gene_density_matched,227.462
T3_divergence_gene_density_matched,221.167
T3_divergence_gene_density_matched,220.368
T3_divergence_gene_density_matched,185.048
T3_divergence_gene_density_matched,231.333
T3_divergence_gene_density_matched,214.95
T3_divergence_gene_density_matched,259.6
T3_divergence_gene_density_matched,207.5
T3_divergence_gene_density_matched,169.889
T3_divergence_gene_density_matched,204.111
T3_divergence_gene_density_matched,213.839
T3_divergence_gene_density_matched,207.737
T3_divergence_gene_density_matched,230.667
T3_divergence_gene_density_matched,207.75
T3_divergence_gene_density_matched,199.035
T3_divergence_gene_density_matched,209.846
T3_divergence_gene_density_matched,195.641
T3_divergence_gene_density_matched,209.047
T3_divergence_gene_density_matched,176.964
T3_divergence_gene_density_matched,216.12
T3_divergence_gene_density_matched,223.512
T3_divergence_gene_density_matched,211.118
T3_divergence_gene_density_matched,194.1
T3_divergence_gene_density_matched,222.125
T3_divergence_gene_density_matched,224.549
T3_divergence_gene_density_matched,206.909
T3_divergence_gene_density_matched,210.219
T3_divergence_gene_density_matched,210.468
T3_divergence_gene_density_matched,230.625
T3_divergence_gene_density_matched,202.911
T3_divergence_gene_density_matched,203.915
T3_divergence_gene_density_matched,201.235
T3_divergence_gene_density_matched,172.897
T3_divergence_gene_density_matched,197.786
T3_divergence_gene_density_matched,204.038
T3_divergence_gene_density_matched,187.667
T3_divergence_gene_density_matched,215.167
T3_divergence_gene_density_matched,197.179
T3_divergence_gene_density_matched,218.943
T3_divergence_gene_density_matched,217.02
T3_divergence_gene_density_matched,213.739
T3_divergence_gene_density_matched,183.955
T3_divergence_gene_density_matched,177.909
T3_divergence_gene_density_matched,240.857
T3_divergence_gene_density_matched,217.533
T3_divergence_gene_density_matched,178.364
T3_divergence_gene_density_matched,235.312
T3_divergence_gene_density_matched,158.781
T3_divergence_gene_density_matched,208.475
T3_divergence_gene_density_matched,208.4
T3_divergence_gene_density_matched,198.056
T3_divergence_gene_density_matched,222.08
T3_divergence_gene_density_matched,219.19
T3_divergence_gene_density_matched,179.542
T3_divergence_gene_density_matched,205.6
T3_divergence_gene_density_matched,198.387
T3_divergence_gene_density_matched,170.615
T3_divergence_gene_density_matched,211.423
T3_divergence_gene_density_matched,184.895
T3_divergence_gene_density_matched,216.158
T3_divergence_gene_density_matched,202.583
T3_divergence_gene_density_matched,191.0
T3_divergence_gene_density_matched,185.65
T3_divergence_gene_density_matched,196.138
T3_divergence_gene_density_matched,225.909
T3_divergence_gene_density_matched,182.414
T3_divergence_gene_density_matched,209.769
T3_divergence_gene_density_matched,205.125
T3_divergence_gene_density_matched,256.212
T3_divergence_gene_density_matched,200.476
T3_divergence_gene_density_matched,200.938
T3_divergence_gene_density_matched,209.471
T3_divergence_gene_density_matched,188.7
T3_divergence_gene_density_matched,214.6
T3_divergence_gene_density_matched,229.174
T3_divergence_gene_density_matched,220.143
T3_divergence_gene_density_matched,234.438
T3_divergence_gene_density_matched,206.385
T3_divergence_gene_density_matched,192.719
T3_divergence_gene_density_matched,161.533
T3_divergence_gene_density_matched,208.941
T3_divergence_gene_density_matched,233.354
T3_divergence_gene_density_matched,215.667
T3_divergence_gene_density_matched,210.211
T3_divergence_gene_density_matched,196.333
T3_divergence_gene_density_matched,154.444
T3_divergence_gene_density_matched,222.75
T3_divergence_gene_density_matched,211.607
T3_divergence_gene_density_matched,196.212
T3_divergence_gene_density_matched,256.658
T3_divergence_gene_density_matched,190.517
T3_divergence_gene_density_matched,231.826
T3_divergence_gene_density_matched,201.943
T3_divergence_gene_density_matched,181.058
T3_divergence_gene_density_matched,241.85
T3_divergence_gene_density_matched,229.75
T3_divergence_gene_density_matched,231.087
T3_divergence_gene_density_matched,219.593
T3_divergence_gene_density_matched,200.471
T3_divergence_gene_density_matched,232.789
T3_divergence_gene_density_matched,224.25
T3_divergence_gene_density_matched,160.21
T3_divergence_gene_density_matched,215.133
T3_divergence_gene_density_matched,184.54
T3_divergence_gene_density_matched,184.808
T3_divergence_gene_density_matched,190.316
T3_divergence_gene_density_matched,248.188
T3_divergence_gene_density_matched,181.825
T3_divergence_gene_density_matched,211.121
T3_divergence_gene_density_matched,206.929
T3_divergence_gene_density_matched,181.457
T3_divergence_gene_density_matched,228.1
T3_divergence_gene_density_matched,180.114
T3_divergence_gene_density_matched,205.795
T3_divergence_gene_density_matched,207.5
T3_divergence_gene_density_matched,219.148
T3_divergence_gene_density_matched,234.895
T3_divergence_gene_density_matched,180.804
T3_divergence_gene_density_matched,158.88
T3_divergence_gene_density_matched,198.5
T3_divergence_gene_density_matched,171.111
T3_divergence_gene_density_matched,210.913
T3_divergence_gene_density_matched,209.25
T3_divergence_gene_density_matched,198.75
T3_divergence_gene_density_matched,218.645
T3_divergence_gene_density_matched,168.058
T3_divergence_gene_density_matched,210.865
T3_divergence_gene_density_matched,212.68
T3_divergence_gene_density_matched,234.2
T3_divergence_gene_density_matched,218.828
T3_divergence_gene_density_matched,218.429
T3_divergence_gene_density_matched,182.25
T3_divergence_gene_density_matched,193.75
T3_divergence_gene_density_matched,198.419
T3_divergence_gene_density_matched,214.056
T3_divergence_gene_density_matched,241.412
T3_divergence_gene_density_matched,177.738
T3_divergence_gene_density_matched,220.118
T3_divergence_gene_density_matched,218.882
T3_divergence_gene_density_matched,240.625
T3_divergence_gene_density_matched,205.909
T3_divergence_gene_density_matched,203.955
T3_divergence_gene_density_matched,211.216
T3_divergence_gene_density_matched,171.048
T3_divergence_gene_density_matched,144.792
T3_divergence_gene_density_matched,170.255
T3_divergence_gene_density_matched,202.456
T3_divergence_gene_density_matched,233.52
T3_divergence_gene_density_matched,195.529
T3_divergence_gene_density_matched,211.48
T3_divergence_gene_density_matched,218.075
T3_divergence_gene_density_matched,194.744
T3_divergence_gene_density_matched,195.355
T3_divergence_gene_density_matched,217.318
T3_divergence_gene_density_matched,216.625
T3_divergence_gene_density_matched,175.323
T3_divergence_gene_density_matched,188.447
T3_divergence_gene_density_matched,211.562
T3_divergence_gene_density_matched,156.395
T3_divergence_gene_density_matched,235.897
T3_divergence_gene_density_matched,227.0
T3_divergence_gene_density_matched,201.581
T3_divergence_gene_density_matched,227.644
T3_divergence_gene_density_matched,179.213
T3_divergence_gene_density_matched,175.857
T3_divergence_gene_density_matched,196.54
T3_divergence_gene_density_matched,245.471
T3_divergence_gene_density_matched,216.458
T3_divergence_gene_density_matched,168.038
T3_divergence_gene_density_matched,174.773
T3_divergence_gene_density_matched,183.0
T3_divergence_gene_density_matched,224.25
T3_divergence_gene_density_matched,234.32
T3_divergence_gene_density_matched,205.818
T3_divergence_gene_density_matched,206.077
T3_divergence_gene_density_matched,215.688
T3_divergence_gene_density_matched,248.188
T3_divergence_gene_density_matched,178.882
T3_divergence_gene_density_matched,221.548
T3_divergence_gene_density_matched,201.131
T3_divergence_gene_density_matched,179.333
T3_divergence_gene_density_matched,215.959
T3_divergence_gene_density_matched,228.167
T3_divergence_gene_density_matched,182.563
T3_divergence_gene_density_matched,234.652
T3_divergence_gene_density_matched,210.353
T3_divergence_gene_density_matched,242.684
T3_divergence_gene_density_matched,172.855
T3_divergence_gene_density_matched,192.643
T3_divergence_gene_density_matched,199.091
T3_divergence_gene_density_matched,210.5
T3_divergence_gene_density_matched,168.167
T3_divergence_gene_density_matched,174.0
T3_divergence_gene_density_matched,191.928
T3_divergence_gene_density_matched,195.788
T3_divergence_gene_density_matched,204.625
T3_divergence_gene_density_matched,201.458
T3_divergence_gene_density_matched,215.197
T3_divergence_gene_density_matched,204.875
T3_divergence_gene_density_matched,225.4
T3_divergence_gene_density_matched,207.267
T3_divergence_gene_density_matched,220.824
T3_divergence_gene_density_matched,253.158
T3_divergence_gene_density_matched,191.541
T3_divergence_gene_density_matched,196.393
T3_divergence_gene_density_matched,193.556
T3_divergence_gene_density_matched,217.708
T3_divergence_gene_density_matched,156.375
T3_divergence_gene_density_matched,197.27
T3_divergence_gene_density_matched,211.5
T3_divergence_gene_density_matched,222.636
T3_divergence_gene_density_matched,243.471
T3_divergence_gene_density_matched,226.304
T3_divergence_gene_density_matched,181.364
T3_divergence_gene_density_matched,180.75
T3_divergence_gene_density_matched,201.237
T3_divergence_gene_density_matched,182.579
T3_divergence_gene_density_matched,219.0
T3_divergence_gene_density_matched,198.143
T3_divergence_gene_density_matched,195.714
T3_divergence_gene_density_matched,195.083
T3_divergence_gene_density_matched,219.737
T3_divergence_gene_density_matched,223.35
T3_divergence_gene_density_matched,179.6
T3_divergence_gene_density_matched,203.391
T3_divergence_gene_density_matched,176.613
T3_divergence_gene_density_matched,162.5
T3_divergence_gene_density_matched,180.426
T3_divergence_gene_density_matched,245.2
T3_divergence_gene_density_matched,202.436
T3_divergence_gene_density_matched,235.432
T3_divergence_gene_density_matched,186.842
T3_divergence_gene_density_matched,262.067
T3_divergence_gene_density_matched,204.486
T3_divergence_gene_density_matched,212.593
T3_divergence_gene_density_matched,142.5
T3_divergence_gene_density_matched,199.65
T3_divergence_gene_density_matched,241.564
T3_divergence_gene_density_matched,179.75
T3_divergence_gene_density_matched,138.081
T3_divergence_gene_density_matched,193.812
T3_divergence_gene_density_matched,215.735
T3_divergence_gene_density_matched,207.029
T3_divergence_gene_density_matched,197.556
T3_divergence_gene_density_matched,239.692
T3_divergence_gene_density_matched,197.2
T3_divergence_gene_density_matched,233.926
T3_divergence_gene_density_matched,200.606
T3_divergence_gene_density_matched,260.2
T3_divergence_gene_density_matched,215.968
T3_divergence_gene_density_matched,208.08
T3_divergence_gene_density_matched,184.595
T3_divergence_gene_density_matched,210.0
T3_divergence_gene_density_matched,204.344
T3_divergence_gene_density_matched,187.739
T3_divergence_gene_density_matched,225.712
T3_divergence_gene_density_matched,217.435
T3_divergence_gene_density_matched,223.565
T3_divergence_gene_density_matched,143.779
T3_divergence_gene_density_matched,185.421
T3_divergence_gene_density_matched,208.348
T3_divergence_gene_density_matched,228.1
T3_divergence_gene_density_matched,169.911
T3_divergence_gene_density_matched,210.786
T3_divergence_gene_density_matched,218.69
T3_divergence_gene_density_matched,193.618
T3_divergence_gene_density_matched,194.625
T3_divergence_gene_density_matched,186.842
T3_divergence_gene_density_matched,192.906
T3_divergence_gene_density_matched,153.471
T3_divergence_gene_density_matched,211.242
T3_divergence_gene_density_matched,223.914
T3_divergence_gene_density_matched,238.452
T3_divergence_gene_density_matched,186.881
T3_divergence_gene_density_matched,224.389
T3_divergence_gene_density_matched,202.622
T3_divergence_gene_density_matched,206.4
T3_divergence_gene_density_matched,183.644
T3_divergence_gene_density_matched,244.704
T3_divergence_gene_density_matched,178.212
T3_divergence_gene_density_matched,195.05
T3_divergence_gene_density_matched,186.116
T3_divergence_gene_density_matched,197.071
T3_divergence_gene_density_matched,199.0
T3_divergence_gene_density_matched,206.667
T3_divergence_gene_density_matched,198.83
T3_divergence_gene_density_matched,236.19
T3_divergence_gene_density_matched,211.389
T3_divergence_gene_density_matched,208.75
T3_divergence_gene_density_matched,286.333
T3_divergence_gene_density_matched,215.469
T3_divergence_gene_density_matched,211.9
T3_divergence_gene_density_matched,217.808
T3_divergence_gene_density_matched,211.824
T3_divergence_gene_density_matched,185.811
T3_divergence_gene_density_matched,260.895
T3_divergence_gene_density_matched,192.395
T3_divergence_gene_density_matched,195.743
T3_divergence_gene_density_matched,206.385
T3_divergence_gene_density_matched,191.818
T3_divergence_gene_density_matched,250.5
T3_divergence_gene_density_matched,237.455
T3_divergence_gene_density_matched,218.882
T3_divergence_gene_density_matched,188.481
T3_divergence_gene_density_matched,189.387
T3_divergence_gene_density_matched,204.176
T3_divergence_gene_density_matched,237.25
T3_divergence_gene_density_matched,188.815
T3_divergence_gene_density_matched,177.909
T3_divergence_gene_density_matched,179.143
T3_divergence_gene_density_matched,229.769
T3_divergence_gene_density_matched,186.083
T3_divergence_gene_density_matched,190.346
T3_divergence_gene_density_matched,192.744
T3_divergence_gene_density_matched,161.25
T3_divergence_gene_density_matched,234.368
T3_divergence_gene_density_matched,178.964
T3_divergence_gene_density_matched,208.333
T3_divergence_gene_density_matched,192.5
T3_divergence_gene_density_matched,197.067
T3_divergence_gene_density_matched,177.091
T3_divergence_gene_density_matched,169.815
T3_divergence_gene_density_matched,158.6
T3_divergence_gene_density_matched,186.323
T3_divergence_gene_density_matched,194.1
T3_divergence_gene_density_matched,203.263
T3_divergence_gene_density_matched,201.833
T3_divergence_gene_density_matched,218.143
T3_divergence_gene_density_matched,217.071
T3_divergence_gene_density_matched,154.226
T3_divergence_gene_density_matched,182.147
T3_divergence_gene_density_matched,243.387
T3_divergence_gene_density_matched,180.667
T3_divergence_gene_density_matched,219.0
T3_divergence_gene_density_matched,246.774
T3_divergence_gene_density_matched,198.551
T3_divergence_gene_density_matched,161.533
T3_divergence_gene_density_matched,91.5
T3_divergence_gene_density_matched,188.913
T3_divergence_gene_density_matched,224.108
T3_divergence_gene_density_matched,176.706
T3_divergence_gene_density_matched,193.667
T3_divergence_gene_density_matched,200.653
T3_divergence_gene_density_matched,198.0
T3_divergence_gene_density_matched,199.6
T3_divergence_gene_density_matched,190.302
T3_divergence_gene_density_matched,219.826
T3_divergence_gene_density_matched,198.143
T3_divergence_gene_density_matched,200.312
T3_divergence_gene_density_matched,181.828
T3_divergence_gene_density_matched,199.792
T3_divergence_gene_density_matched,222.3
T3_divergence_gene_density_matched,204.2
T3_divergence_gene_density_matched,179.542
T3_divergence_gene_density_matched,212.04
T3_divergence_gene_density_matched,192.5
T3_divergence_gene_density_matched,173.373
T3_divergence_gene_density_matched,219.435
T3_divergence_gene_density_matched,222.75
T3_divergence_gene_density_matched,171.133
T3_divergence_gene_density_matched,212.871
T3_divergence_gene_density_matched,190.389
T3_divergence_gene_density_matched,184.4
T3_divergence_gene_density_matched,155.476
T3_divergence_gene_density_matched,207.778
T3_divergence_gene_density_matched,247.8
T3_divergence_gene_density_matched,191.941
T3_divergence_gene_density_matched,208.395
T3_divergence_gene_density_matched,157.739
T3_divergence_gene_density_matched,220.327
T3_divergence_gene_density_matched,261.5
T3_divergence_gene_density_matched,233.095
T3_divergence_gene_density_matched,220.938
T3_divergence_gene_density_matched,189.0
T3_divergence_gene_density_matched,182.957
T3_divergence_gene_density_matched,249.4
T3_divergence_gene_density_matched,173.464
T3_divergence_gene_density_matched,173.818
T3_divergence_gene_density_matched,138.351
T3_divergence_gene_density_matched,200.773
T3_divergence_gene_density_matched,206.55
T3_divergence_gene_density_matched,231.75
T3_divergence_gene_density_matched,204.156
T3_divergence_gene_density_matched,188.707
T3_divergence_gene_density_matched,175.686
T3_divergence_gene_density_matched,231.179
T3_divergence_gene_density_matched,236.0
T3_divergence_gene_density_matched,228.808
T3_divergence_gene_density_matched,239.028
T3_divergence_gene_density_matched,209.5
T3_divergence_gene_density_matched,211.833
T3_divergence_gene_density_matched,224.062
T3_divergence_gene_density_matched,186.083
T3_divergence_gene_density_matched,270.056
T3_divergence_gene_density_matched,248.292
T3_divergence_gene_density_matched,220.8
T3_divergence_gene_density_matched,206.091
T3_divergence_gene_density_matched,154.333
T3_divergence_gene_density_matched,213.0
T3_divergence_gene_density_matched,215.12
T3_divergence_gene_density_matched,207.167
T3_divergence_gene_density_matched,191.49
T3_divergence_gene_density_matched,230.435
T3_divergence_gene_density_matched,220.857
T3_divergence_gene_density_matched,200.25
T3_divergence_gene_density_matched,201.0
T3_divergence_gene_density_matched,227.8
T3_divergence_gene_density_matched,198.2
T3_divergence_gene_density_matched,237.87
T3_divergence_gene_density_matched,154.625
T3_divergence_gene_density_matched,197.857
T3_divergence_gene_density_matched,213.405
T3_divergence_gene_density_matched,180.273
T3_divergence_gene_density_matched,170.292
T3_divergence_gene_density_matched,208.077
T3_divergence_gene_density_matched,197.095
T3_divergence_gene_density_matched,211.941
T3_divergence_gene_density_matched,201.125
T3_divergence_gene_density_matched,194.485
T3_divergence_gene_density_matched,175.34
T3_divergence_gene_density_matched,172.548
T3_divergence_gene_density_matched,223.2
T3_divergence_gene_density_matched,215.938
T3_divergence_gene_density_matched,221.048
T3_divergence_gene_density_matched,205.706
T3_divergence_gene_density_matched,178.308
T3_divergence_gene_density_matched,199.92
T3_divergence_gene_density_matched,192.5
T3_divergence_gene_density_matched,247.409
T3_divergence_gene_density_matched,205.524
T3_divergence_gene_density_matched,199.25
T3_divergence_gene_density_matched,210.211
T3_divergence_gene_density_matched,187.282
T3_divergence_gene_density_matched,204.683
T3_divergence_gene_density_matched,184.844
T3_divergence_gene_density_matched,220.632
T3_divergence_gene_density_matched,199.48
T3_divergence_gene_density_matched,157.25
T3_divergence_gene_density_matched,206.048
T3_divergence_gene_density_matched,216.783
T3_divergence_gene_density_matched,220.81
T3_divergence_gene_density_matched,238.385
T3_divergence_gene_density_matched,214.333
T3_divergence_gene_density_matched,189.52
T3_divergence_gene_density_matched,197.636
T3_divergence_gene_density_matched,202.769
T3_divergence_gene_density_matched,233.235
T3_divergence_gene_density_matched,233.565
T3_divergence_gene_density_matched,213.633
T3_divergence_gene_density_matched,239.556
T3_divergence_gene_density_matched,215.833
T3_divergence_gene_density_matched,202.615
T3_divergence_gene_density_matched,211.0
T3_divergence_gene_density_matched,233.103
T3_divergence_gene_density_matched,221.45
T3_divergence_gene_density_matched,255.318
T3_divergence_gene_density_matched,199.849
T3_divergence_gene_density_matched,187.882
T3_divergence_gene_density_matched,197.2
T3_divergence_gene_density_matched,174.08
T3_divergence_gene_density_matched,216.833
T3_divergence_gene_density_matched,196.39
T3_divergence_gene_density_matched,195.8
T3_divergence_gene_density_matched,217.0
T3_divergence_gene_density_matched,208.326
T3_divergence_gene_density_matched,194.737
T3_divergence_gene_density_matched,183.875
T3_divergence_gene_density_matched,191.25
T3_divergence_gene_density_matched,138.581
T3_divergence_gene_density_matched,192.148
T3_divergence_gene_density_matched,226.057
T3_divergence_gene_density_matched,253.379
T3_divergence_gene_density_matched,199.368
T3_divergence_gene_density_matched,210.481
T3_divergence_gene_density_matched,227.538
T3_divergence_gene_density_matched,224.69
T3_divergence_gene_density_matched,207.844
T3_divergence_gene_density_matched,235.778
T3_divergence_gene_density_matched,214.333
T3_divergence_gene_density_matched,206.0
T3_divergence_gene_density_matched,177.861
T3_divergence_gene_density_matched,210.356
T3_divergence_gene_density_matched,179.048
T3_divergence_gene_density_matched,231.828
T3_divergence_gene_density_matched,235.0
T3_divergence_gene_density_matched,185.692
T3_divergence_gene_density_matched,173.169
T3_divergence_gene_density_matched,231.862
T3_divergence_gene_density_matched,221.081
T3_divergence_gene_density_matched,181.08
T3_divergence_gene_density_matched,207.511
T3_divergence_gene_density_matched,255.654
T3_divergence_gene_density_matched,233.263
T3_divergence_gene_density_matched,184.75
T3_divergence_gene_density_matched,191.562
T3_divergence_gene_density_matched,196.333
T3_divergence_gene_density_matched,242.536
T3_divergence_gene_density_matched,236.591
T3_divergence_gene_density_matched,226.8
T3_divergence_gene_density_matched,207.979
T3_divergence_gene_density_matched,211.875
T3_divergence_gene_density_matched,229.256
T3_divergence_gene_density_matched,178.188
T3_divergence_gene_density_matched,234.812
T3_divergence_gene_density_matched,254.353
T3_divergence_gene_density_matched,200.476
T3_divergence_gene_density_matched,153.889
T3_divergence_gene_density_matched,224.273
T3_divergence_gene_density_matched,214.364
T3_divergence_gene_density_matched,237.389
T3_divergence_gene_density_matched,189.578
T3_divergence_gene_density_matched,198.387
T3_divergence_gene_density_matched,203.176
T3_divergence_gene_density_matched,196.606
T3_divergence_gene_density_matched,201.19
T3_divergence_gene_density_matched,160.013
T3_divergence_gene_density_matched,212.88
T3_divergence_gene_density_matched,182.853
T3_divergence_gene_density_matched,196.089
T3_divergence_gene_density_matched,155.529
T3_divergence_gene_density_matched,229.667
T3_divergence_gene_density_matched,211.043
T3_divergence_gene_density_matched,205.088
T3_divergence_gene_density_matched,218.231
T3_divergence_gene_density_matched,217.857
T3_divergence_gene_density_matched,211.579
T3_divergence_gene_density_matched,205.358
T3_divergence_gene_density_matched,158.389
T3_divergence_gene_density_matched,254.316
T3_divergence_gene_density_matched,219.76
T3_divergence_gene_density_matched,194.52
T3_divergence_gene_density_matched,193.375
T3_divergence_gene_density_matched,203.14
T3_divergence_gene_density_matched,213.053
T3_divergence_gene_density_matched,185.103
T3_divergence_gene_density_matched,190.321
T3_divergence_gene_density_matched,191.75
T3_divergence_gene_density_matched,213.655
T3_divergence_gene_density_matched,212.0
T3_divergence_gene_density_matched,218.429
T3_divergence_gene_density_matched,240.118
T3_divergence_gene_density_matched,228.6
T3_divergence_gene_density_matched,186.7
T3_divergence_gene_density_matched,203.538
T3_divergence_gene_density_matched,234.327
T3_divergence_gene_density_matched,181.654
T3_divergence_gene_density_matched,187.467
T3_divergence_gene_density_matched,226.5
T3_divergence_gene_density_matched,183.05
T3_divergence_gene_density_matched,210.211
T3_divergence_gene_density_matched,186.571
T3_divergence_gene_density_matched,226.867
T3_divergence_gene_density_matched,227.6
T3_divergence_gene_density_matched,170.37
T3_divergence_gene_density_matched,187.75
T3_divergence_gene_density_matched,186.842
T3_divergence_gene_density_matched,237.375
T3_divergence_gene_density_matched,224.885
T3_divergence_gene_density_matched,162.76
T3_divergence_gene_density_matched,184.759
T3_divergence_gene_density_matched,197.711
T3_divergence_gene_density_matched,223.188
T3_divergence_gene_density_matched,211.562
T3_divergence_gene_density_matched,191.661
T3_divergence_gene_density_matched,191.367
T3_divergence_gene_density_matched,208.625
T3_divergence_gene_density_matched,279.667
T3_divergence_gene_density_matched,234.357
T3_divergence_gene_density_matched,208.931
T3_divergence_gene_density_matched,163.933
T3_divergence_gene_density_matched,196.588
T3_divergence_gene_density_matched,186.446
T3_divergence_gene_density_matched,156.681
T3_divergence_gene_density_matched,203.407
T3_divergence_gene_density_matched,180.667
T3_divergence_gene_density_matched,161.452
T3_divergence_gene_density_matched,188.963
T3_divergence_gene_density_matched,205.429
T3_divergence_gene_density_matched,207.542
T3_divergence_gene_density_matched,200.423
T3_divergence_gene_density_matched,214.68
T3_divergence_gene_density_matched,174.0
T3_divergence_gene_density_matched,186.323
T3_divergence_gene_density_matched,180.6
T3_divergence_gene_density_matched,188.0
T3_divergence_gene_density_matched,250.19
T3_divergence_gene_density_matched,203.667
T3_divergence_gene_density_matched,243.714
T3_divergence_gene_density_matched,188.842
T3_divergence_gene_density_matched,227.714
T3_divergence_gene_density_matched,185.415
T3_divergence_gene_density_matched,208.062
T3_divergence_gene_density_matched,224.389
T3_divergence_gene_density_matched,184.278
T3_divergence_gene_density_matched,167.0
T3_divergence_gene_density_matched,154.875
T3_divergence_gene_density_matched,227.0
T3_divergence_gene_density_matched,212.632
T3_divergence_gene_density_matched,214.059
T3_divergence_gene_density_matched,191.887
T3_divergence_gene_density_matched,142.5
T3_divergence_gene_density_matched,186.692
T3_divergence_gene_density_matched,194.731
T3_divergence_gene_density_matched,205.091
T3_divergence_gene_density_matched,169.056
T3_divergence_gene_density_matched,207.564
T3_divergence_gene_density_matched,214.316
T3_divergence_gene_density_matched,212.1
T3_divergence_gene_density_matched,199.958
T3_divergence_gene_density_matched,199.706
T3_divergence_gene_density_matched,207.542
T3_divergence_gene_density_matched,225.375
T3_divergence_gene_density_matched,195.769
T3_divergence_gene_density_matched,214.419
T3_divergence_gene_density_matched,222.207
T3_divergence_gene_density_matched,260.722
T3_divergence_gene_density_matched,206.158
T3_divergence_gene_density_matched,217.255
T3_divergence_gene_density_matched,254.889
T3_divergence_gene_density_matched,195.57
T3_divergence_gene_density_matched,223.536
T3_divergence_gene_density_matched,263.895
T3_divergence_gene_density_matched,237.77
T3_divergence_gene_density_matched,228.0
T3_divergence_gene_density_matched,233.556
T3_divergence_gene_density_matched,213.409
T3_divergence_gene_density_matched,228.0
T3_divergence_gene_density_matched,155.263
T3_divergence_gene_density_matched,220.875
T3_divergence_gene_density_matched,198.551
T3_divergence_gene_density_matched,197.762
T3_divergence_gene_density_matched,198.8
T3_divergence_gene_density_matched,206.333
T3_divergence_gene_density_matched,204.2
T3_divergence_gene_density_matched,197.206
T3_divergence_gene_density_matched,243.481
T3_divergence_gene_density_matched,220.0
T3_divergence_gene_density_matched,202.265
T3_divergence_gene_density_matched,177.766
T3_divergence_gene_density_matched,230.364
T3_divergence_gene_density_matched,176.179
T3_divergence_gene_density_matched,183.75
T3_divergence_gene_density_matched,177.541
T3_divergence_gene_density_matched,191.906
T3_divergence_gene_density_matched,179.538
T3_divergence_gene_density_matched,222.235
T3_divergence_gene_density_matched,188.786
T3_divergence_gene_density_matched,198.833
T3_divergence_gene_density_matched,239.733
T3_divergence_gene_density_matched,193.765
T3_divergence_gene_density_matched,218.882
T3_divergence_gene_density_matched,181.273
T3_divergence_gene_density_matched,192.095
T3_divergence_gene_density_matched,205.214
T3_divergence_gene_density_matched,201.053
T3_divergence_gene_density_matched,194.263
T3_divergence_gene_density_matched,163.667
T3_divergence_gene_density_matched,202.214
T3_divergence_gene_density_matched,174.0
T3_divergence_gene_density_matched,195.808
T3_divergence_gene_density_matched,198.968
T3_divergence_gene_density_matched,191.71
T3_divergence_gene_density_matched,185.652
T3_divergence_gene_density_matched,209.333
T3_divergence_gene_density_matched,213.121
T3_divergence_gene_density_matched,220.314
T3_divergence_gene_density_matched,215.837
T3_divergence_gene_density_matched,227.439
T3_divergence_gene_density_matched,207.656
T3_divergence_gene_density_matched,210.824
T3_divergence_gene_density_matched,202.636
T3_divergence_gene_density_matched,221.045
T3_divergence_gene_density_matched,194.4
T3_divergence_gene_density_matched,183.639
T3_divergence_gene_density_matched,223.4
T3_divergence_gene_density_matched,202.083
T3_divergence_gene_density_matched,221.0
T3_divergence_gene_density_matched,193.25
T3_divergence_gene_density_matched,187.312
T3_divergence_gene_density_matched,218.9
T3_divergence_gene_density_matched,193.433
T3_divergence_gene_density_matched,170.696
T3_divergence_gene_density_matched,161.885
T3_divergence_gene_density_matched,212.568
T3_divergence_gene_density_matched,159.268
T3_divergence_gene_density_matched,255.857
T3_divergence_gene_density_matched,212.286
T3_divergence_gene_density_matched,196.5
T3_divergence_gene_density_matched,195.5
T3_divergence_gene_density_matched,181.957
T3_divergence_gene_density_matched,217.625
T3_divergence_gene_density_matched,185.0
T3_divergence_gene_density_matched,207.667
T3_divergence_gene_density_matched,213.059
T3_divergence_gene_density_matched,170.0
T3_divergence_gene_density_matched,194.312
T3_divergence_gene_density_matched,183.955
T3_divergence_gene_density_matched,220.08
T3_divergence_gene_density_matched,204.5
T3_divergence_gene_density_matched,217.02
T3_divergence_gene_density_matched,220.467
T3_divergence_gene_density_matched,223.033
T3_divergence_gene_density_matched,172.429
T3_divergence_gene_density_matched,187.882
T3_divergence_gene_density_matched,222.583
T3_divergence_gene_density_matched,225.2
T3_divergence_gene_density_matched,230.067
T3_divergence_gene_density_matched,210.972
T3_divergence_gene_density_matched,204.45
T3_divergence_gene_density_matched,173.333
T3_divergence_gene_density_matched,158.533
T3_divergence_gene_density_matched,218.792
T3_divergence_gene_density_matched,226.8
T3_divergence_gene_density_matched,184.111
T3_divergence_gene_density_matched,245.231
T3_divergence_gene_density_matched,215.292
T3_divergence_gene_density_matched,219.774
T3_divergence_gene_density_matched,216.947
T3_divergence_gene_density_matched,239.235
T3_divergence_gene_density_matched,208.933
T3_divergence_gene_density_matched,211.607
T3_divergence_gene_density_matched,188.585
T3_divergence_gene_density_matched,174.184
T3_divergence_gene_density_matched,227.682
T3_divergence_gene_density_matched,223.565
T3_divergence_gene_density_matched,191.486
T3_divergence_gene_density_matched,166.14
T3_divergence_gene_density_matched,188.679
T3_divergence_gene_density_matched,179.974
T3_divergence_gene_density_matched,174.0
T3_divergence_gene_density_matched,170.429
T3_divergence_gene_density_matched,201.122
T3_divergence_gene_density_matched,225.711
T3_divergence_gene_density_matched,209.957
T3_divergence_gene_density_matched,185.679
T3_divergence_gene_density_matched,184.048
T3_divergence_gene_density_matched,231.75
T3_divergence_gene_density_matched,200.464
T3_divergence_gene_density_matched,212.82
T3_divergence_gene_density_matched,192.677
T3_divergence_gene_density_matched,209.75
T3_divergence_gene_density_matched,187.314
T3_divergence_gene_density_matched,234.812
T3_divergence_gene_density_matched,183.667
T3_divergence_gene_density_matched,210.353
T3_divergence_gene_density_matched,195.029
T3_divergence_gene_density_matched,221.188
T3_divergence_gene_density_matched,210.714
T3_divergence_gene_density_matched,186.478
T3_divergence_gene_density_matched,186.258
T3_divergence_gene_density_matched,223.646
T3_divergence_gene_density_matched,194.776
T3_divergence_gene_density_matched,184.2
T3_divergence_gene_density_matched,159.72
T3_divergence_gene_density_matched,208.682
T3_divergence_gene_density_matched,172.0
T3_divergence_gene_density_matched,182.061
T3_divergence_gene_density_matched,184.424
T3_divergence_gene_density_matched,137.068
T3_divergence_gene_density_matched,206.087
T3_divergence_gene_density_matched,179.02
T3_divergence_gene_density_matched,236.952
T3_divergence_gene_density_matched,204.118
T3_divergence_gene_density_matched,217.0
T3_divergence_gene_density_matched,200.722
T3_divergence_gene_density_matched,230.05
T3_divergence_gene_density_matched,219.167
T3_divergence_gene_density_matched,219.821
T3_divergence_gene_density_matched,193.8
T3_divergence_gene_density_matched,169.059
T3_divergence_gene_density_matched,192.371
T3_divergence_gene_density_matched,232.653
T3_divergence_gene_density_matched,202.729
T3_divergence_gene_density_matched,169.383
T3_divergence_gene_density_matched,203.446
T3_divergence_gene_density_matched,180.125
T3_divergence_gene_density_matched,173.784
T3_divergence_gene_density_matched,210.319
T3_divergence_gene_density_matched,159.071
T3_divergence_gene_density_matched,203.222
T3_divergence_gene_density_matched,189.644
T3_divergence_gene_density_matched,213.25
T3_divergence_gene_density_matched,198.065
T3_divergence_gene_density_matched,217.844
T3_divergence_gene_density_matched,194.611
T3_divergence_gene_density_matched,155.647
T3_divergence_gene_density_matched,185.889
T3_divergence_gene_density_matched,176.586
T3_divergence_gene_density_matched,184.023
T3_divergence_gene_density_matched,230.05
T3_divergence_gene_density_matched,207.556
T3_divergence_gene_density_matched,221.167
T3_divergence_gene_density_matched,240.433
T3_divergence_gene_density_matched,202.9
T3_divergence_gene_density_matched,211.64
T3_divergence_gene_density_matched,176.562
T3_divergence_gene_density_matched,203.4
T3_divergence_gene_density_matched,198.078
T3_divergence_gene_density_matched,194.833
T3_divergence_gene_density_matched,227.263
T3_divergence_gene_density_matched,218.088
T3_divergence_gene_density_matched,218.075
T3_divergence_gene_density_matched,211.911
T3_divergence_gene_density_matched,202.05
T3_divergence_gene_density_matched,169.947
T3_divergence_gene_density_matched,227.846
T3_divergence_gene_density_matched,148.409
T3_divergence_gene_density_matched,203.377
T3_divergence_gene_density_matched,187.156
T3_divergence_gene_density_matched,214.897
T3_divergence_gene_density_matched,167.972
T3_divergence_gene_density_matched,193.316
T3_divergence_gene_density_matched,229.552
T3_divergence_gene_density_matched,211.029
T3_divergence_gene_density_matched,190.1
T3_divergence_gene_density_matched,190.4
T3_divergence_gene_density_matched,178.375
T3_divergence_gene_density_matched,198.82
T3_divergence_gene_density_matched,189.842
T3_divergence_gene_density_matched,183.158
T3_divergence_gene_density_matched,192.159
T3_divergence_gene_density_matched,207.265
T3_divergence_gene_density_matched,157.438
T3_divergence_gene_density_matched,192.07
T3_divergence_gene_density_matched,178.444
T3_divergence_gene_density_matched,198.419
T3_divergence_gene_density_matched,209.741
T3_divergence_gene_density_matched,200.077
T3_divergence_gene_density_matched,219.885
T3_divergence_gene_density_matched,198.059
T3_divergence_gene_density_matched,254.903
T3_divergence_gene_density_matched,183.347
T3_divergence_gene_density_matched,197.444
T3_divergence_gene_density_matched,226.125
T3_divergence_gene_density_matched,251.0
T3_divergence_gene_density_matched,227.0
T3_divergence_gene_density_matched,196.071
T3_divergence_gene_density_matched,196.3
T3_divergence_gene_density_matched,234.821
T3_divergence_gene_density_matched,183.73
T3_divergence_gene_density_matched,212.429
T3_divergence_gene_density_matched,228.727
T3_divergence_gene_density_matched,182.103
T3_divergence_gene_density_matched,207.8
T3_divergence_gene_density_matched,201.61
T3_divergence_gene_density_matched,204.3
T3_divergence_gene_density_matched,186.123
T3_divergence_gene_density_matched,205.875
T3_divergence_gene_density_matched,211.647
T3_divergence_gene_density_matched,209.955
T3_divergence_gene_density_matched,231.9
T3_divergence_gene_density_matched,180.523
T3_divergence_gene_density_matched,202.571
T3_divergence_gene_density_matched,241.85
T3_divergence_gene_density_matched,211.881
T3_divergence_gene_density_matched,184.667
T3_divergence_gene_density_matched,161.403
T3_divergence_gene_density_matched,268.417
T3_divergence_gene_density_matched,221.083
T3_divergence_gene_density_matched,227.667
T3_divergence_gene_density_matched,208.343
T3_divergence_gene_density_matched,209.435
T3_divergence_gene_density_matched,198.0
T3_divergence_gene_density_matched,183.978
T3_divergence_gene_density_matched,202.95
T3_divergence_gene_density_matched,198.891
T3_divergence_gene_density_matched,151.19
T3_divergence_gene_density_matched,219.733
T3_divergence_gene_density_matched,169.947
T3_divergence_gene_density_matched,202.957
T3_divergence_gene_density_matched,219.0
T3_divergence_gene_density_matched,234.111
T3_divergence_gene_density_matched,171.857
T3_divergence_gene_density_matched,197.824
T3_divergence_gene_density_matched,186.51
T3_divergence_gene_density_matched,233.278
T3_divergence_gene_density_matched,199.071
T3_divergence_gene_density_matched,176.833
T3_divergence_gene_density_matched,230.276
T3_divergence_gene_density_matched,220.074
T3_divergence_gene_density_matched,197.966
T3_divergence_gene_density_matched,225.5
T3_divergence_gene_density_matched,213.207
T3_divergence_gene_density_matched,165.0
T3_divergence_gene_density_matched,184.35
T3_divergence_gene_density_matched,184.458
T3_divergence_gene_density_matched,257.625
T3_divergence_gene_density_matched,185.679
T3_divergence_gene_density_matched,147.133
T3_divergence_gene_density_matched,241.85
T3_divergence_gene_density_matched,186.323
T3_divergence_gene_density_matched,210.896
T3_divergence_gene_density_matched,144.375
T3_divergence_gene_density_matched,152.333
T3_divergence_gene_density_matched,195.053
T3_divergence_gene_density_matched,207.889
T3_divergence_gene_density_matched,224.2
T3_divergence_gene_density_matched,222.25
T3_divergence_gene_density_matched,239.552
T3_divergence_gene_density_matched,242.824
T3_divergence_gene_density_matched,203.346
T3_divergence_gene_density_matched,180.056
T3_divergence_gene_density_matched,215.0
T3_divergence_gene_density_matched,177.0
T3_divergence_gene_density_matched,201.027
T3_divergence_gene_density_matched,179.089
T3_divergence_gene_density_matched,155.4
T3_divergence_gene_density_matched,210.923
T3_divergence_gene_density_matched,292.586
T3_divergence_gene_density_matched,209.609
T3_divergence_gene_density_matched,197.75
T3_divergence_gene_density_matched,211.214
T3_divergence_gene_density_matched,244.0
T3_divergence_gene_density_matched,193.702
T3_divergence_gene_density_matched,201.429
T3_divergence_gene_density_matched,219.421
T3_divergence_gene_density_matched,209.848
T3_divergence_gene_density_matched,154.875
T3_divergence_gene_density_matched,166.958
T3_divergence_gene_density_matched,238.708
T3_divergence_gene_density_matched,218.833
T3_divergence_gene_density_matched,217.208
T3_divergence_gene_density_matched,240.5
T3_divergence_gene_density_matched,199.55
T3_divergence_gene_density_matched,211.286
T3_divergence_gene_density_matched,166.324
T3_divergence_gene_density_matched,198.842
T3_divergence_gene_density_matched,220.667
T3_divergence_gene_density_matched,189.433
T3_divergence_gene_density_matched,191.243
T3_divergence_gene_density_matched,228.72
T3_divergence_gene_density_matched,222.143
T3_divergence_gene_density_matched,210.481
T3_divergence_gene_density_matched,159.308
T3_divergence_gene_density_matched,229.588
T3_divergence_gene_density_matched,245.842
T3_divergence_gene_density_matched,193.024
T3_divergence_gene_density_matched,155.8
T3_divergence_gene_density_matched,184.595
T3_divergence_gene_density_matched,232.318
T3_divergence_gene_density_matched,188.407
T3_divergence_gene_density_matched,207.646
T3_divergence_gene_density_matched,235.0
T3_divergence_gene_density_matched,197.362
T3_divergence_gene_density_matched,173.981
T3_divergence_gene_density_matched,212.44
T3_divergence_gene_density_matched,199.15
T3_divergence_gene_density_matched,211.55
T3_divergence_gene_density_matched,194.833
T3_divergence_gene_density_matched,209.174
T3_divergence_gene_density_matched,205.133
T3_divergence_gene_density_matched,161.714
T3_divergence_gene_density_matched,211.833
T3_divergence_gene_density_matched,183.905
T3_divergence_gene_density_matched,238.077
T3_divergence_gene_density_matched,188.6
T3_divergence_gene_density_matched,202.75
T3_divergence_gene_density_matched,190.381
T3_divergence_gene_density_matched,209.047
T3_divergence_gene_density_matched,257.375
T3_divergence_gene_density_matched,201.867
T3_divergence_gene_density_matched,181.273
T3_divergence_gene_density_matched,209.462
T3_divergence_gene_density_matched,188.0
T3_divergence_gene_density_matched,240.045
T3_divergence_gene_density_matched,204.842
T3_divergence_gene_density_matched,218.2
T3_divergence_gene_density_matched,224.0
T3_divergence_gene_density_matched,200.767
T3_divergence_gene_density_matched,204.061
T3_divergence_gene_density_matched,193.878
T3_divergence_gene_density_matched,198.733
T3_divergence_gene_density_matched,219.211
T3_divergence_gene_density_matched,237.5
T3_divergence_gene_density_matched,178.143
T3_divergence_gene_density_matched,236.973
T3_divergence_gene_density_matched,209.047
T3_divergence_gene_density_matched,187.346
T3_divergence_gene_density_matched,208.5
T3_divergence_gene_density_matched,162.189
T3_divergence_gene_density_matched,234.565
T3_divergence_gene_density_matched,207.353
T3_divergence_gene_density_matched,200.96
T3_divergence_gene_density_matched,233.095
T3_divergence_gene_density_matched,186.083
T3_divergence_gene_density_matched,198.83
T3_divergence_gene_density_matched,199.529
T3_divergence_gene_density_matched,202.333
T3_divergence_gene_density_matched,203.944
T3_divergence_gene_density_matched,198.7
T3_divergence_gene_density_matched,204.849
T3_divergence_gene_density_matched,250.913
T3_divergence_gene_density_matched,215.647
T3_divergence_gene_density_matched,173.375
T3_divergence_gene_density_matched,241.043
T3_divergence_gene_density_matched,218.56
T3_divergence_gene_density_matched,210.083
T3_divergence_gene_density_matched,212.154
T3_divergence_gene_density_matched,211.509
T3_divergence_gene_density_matched,237.938
T3_divergence_gene_density_matched,245.231
T3_divergence_gene_density_matched,242.424
T3_divergence_gene_density_matched,209.917
T3_divergence_gene_density_matched,173.667
T3_divergence_gene_density_matched,181.35
T3_divergence_gene_density_matched,219.75
T3_divergence_gene_density_matched,221.455
T3_divergence_gene_density_matched,224.75
T3_divergence_gene_density_matched,174.0
T3_divergence_gene_density_matched,236.333
T3_divergence_gene_density_matched,224.805
T3_divergence_gene_density_matched,169.455
T3_divergence_gene_density_matched,227.864
T3_divergence_gene_density_matched,173.364
T3_divergence_gene_density_matched,185.708
T3_divergence_gene_density_matched,197.864
T3_divergence_gene_density_matched,209.775
T3_divergence_gene_density_matched,219.75
T3_divergence_gene_density_matched,219.833
T3_divergence_gene_density_matched,243.296
T3_divergence_gene_density_matched,209.119
T3_divergence_gene_density_matched,242.973
T3_divergence_gene_density_matched,185.267
T3_divergence_gene_density_matched,203.688
T3_divergence_gene_density_matched,187.386
T3_divergence_gene_density_matched,180.7
T3_divergence_gene_density_matched,211.231
T3_divergence_gene_density_matched,194.824
T3_divergence_gene_density_matched,170.492
T3_divergence_gene_density_matched,209.473
T3_divergence_gene_density_matched,190.615
T3_divergence_gene_density_matched,209.574
T3_divergence_gene_density_matched,232.935
T3_divergence_gene_density_matched,187.704
T3_divergence_gene_density_matched,208.837
T3_divergence_gene_density_matched,158.286
T3_divergence_gene_density_matched,212.0
T3_divergence_gene_density_matched,212.062
T3_divergence_gene_density_matched,162.315
T3_divergence_gene_density_matched,185.615
T3_divergence_gene_density_matched,191.541
T3_divergence_gene_density_matched,221.414
T3_divergence_gene_density_matched,213.29
T3_divergence_gene_density_matched,202.684
T3_divergence_gene_density_matched,174.744
T3_divergence_gene_density_matched,213.0
T3_divergence_gene_density_matched,220.622
T3_divergence_gene_density_matched,240.133
T3_divergence_gene_density_matched,189.724
T3_divergence_gene_density_matched,230.529
T3_divergence_gene_density_matched,197.609
T3_divergence_gene_density_matched,193.683
T3_divergence_gene_density_matched,188.6
T3_divergence_gene_density_matched,216.851
T3_divergence_gene_density_matched,221.5
T3_divergence_gene_density_matched,204.2
T3_divergence_gene_density_matched,221.679
T3_divergence_gene_density_matched,210.133
T3_divergence_gene_density_matched,203.677
T3_divergence_gene_density_matched,202.615
T3_divergence_gene_density_matched,177.474
T3_divergence_gene_density_matched,198.273
T3_divergence_gene_density_matched,155.771
T3_divergence_gene_density_matched,250.316
T3_divergence_gene_density_matched,192.708
T3_divergence_gene_density_matched,185.158
T3_divergence_gene_density_matched,186.279
T3_divergence_gene_density_matched,185.872
T3_divergence_gene_density_matched,207.75
T3_divergence_gene_density_matched,202.755
T3_divergence_gene_density_matched,169.431
T3_divergence_gene_density_matched,199.048
T3_divergence_gene_density_matched,179.704
T3_divergence_gene_density_matched,149.967
T3_divergence_gene_density_matched,208.941
T3_divergence_gene_density_matched,192.7
T3_divergence_gene_density_matched,233.103
T3_divergence_gene_density_matched,224.179
T3_divergence_gene_density_matched,264.2
T3_divergence_gene_density_matched,189.143
T3_divergence_gene_density_matched,162.524
T3_divergence_gene_density_matched,214.897
T3_divergence_gene_density_matched,201.068
T3_divergence_gene_density_matched,229.356
T3_divergence_gene_density_matched,177.8
T3_divergence_gene_density_matched,208.824
T3_divergence_gene_density_matched,166.9
T3_divergence_gene_density_matched,218.737
T3_divergence_gene_density_matched,193.964
T3_divergence_gene_density_matched,207.909
T3_divergence_gene_density_matched,179.974
T3_divergence_gene_density_matched,177.214
T3_divergence_gene_density_matched,194.571
T3_divergence_gene_density_matched,177.091
T3_divergence_gene_density_matched,172.556
T3_divergence_gene_density_matched,253.348
T3_divergence_gene_density_matched,203.222
T3_divergence_gene_density_matched,194.045
T3_divergence_gene_density_matched,191.298
T3_divergence_gene_density_matched,182.556
T3_divergence_gene_density_matched,179.02
T3_divergence_gene_density_matched,248.091
T3_divergence_gene_density_matched,219.412
T3_divergence_gene_density_matched,209.043
T3_divergence_gene_density_matched,211.619
T3_divergence_gene_density_matched,173.841
T3_divergence_gene_density_matched,238.565
T3_divergence_gene_density_matched,227.0
T3_divergence_gene_density_matched,226.611
T3_divergence_gene_density_matched,169.859
T3_divergence_gene_density_matched,185.267
T3_divergence_gene_density_matched,178.275
T3_divergence_gene_density_matched,208.5
T3_divergence_gene_density_matched,185.081
T3_divergence_gene_density_matched,201.818
T3_divergence_gene_density_matched,265.9
T3_divergence_gene_density_matched,219.571
T3_divergence_gene_density_matched,205.538
T3_divergence_gene_density_matched,203.485
T3_divergence_gene_density_matched,176.133
T3_divergence_gene_density_matched,181.838
T3_divergence_gene_density_matched,256.731
T3_divergence_gene_density_matched,201.431
T3_divergence_gene_density_matched,173.266
T3_divergence_gene_density_matched,209.783
T3_divergence_gene_density_matched,223.059
T3_divergence_gene_density_matched,187.286
T3_divergence_gene_density_matched,190.778
T3_divergence_gene_density_matched,183.462
T3_divergence_gene_density_matched,197.219
T3_divergence_gene_density_matched,219.094
T3_divergence_gene_density_matched,210.8
T3_divergence_gene_density_matched,237.214
T3_divergence_gene_density_matched,190.083
T3_divergence_gene_density_matched,212.583
T3_divergence_gene_density_matched,238.167
T3_divergence_gene_density_matched,207.12
T3_divergence_gene_density_matched,198.05
T3_divergence_gene_density_matched,208.023
T3_divergence_gene_density_matched,227.286
T3_divergence_gene_density_matched,222.941
T3_divergence_gene_density_matched,213.5
T3_divergence_gene_density_matched,228.762
T3_divergence_gene_density_matched,208.222
T3_divergence_gene_density_matched,155.771
T3_divergence_gene_density_matched,159.6
T3_divergence_gene_density_matched,183.65
T3_divergence_gene_density_matched,199.885
T3_divergence_gene_density_matched,212.48
T3_divergence_gene_density_matched,240.222
T3_divergence_gene_density_matched,191.2
T3_divergence_gene_density_matched,174.409
T3_divergence_gene_density_matched,233.294
T3_divergence_gene_density_matched,185.767
T3_divergence_gene_density_matched,243.471
T3_divergence_gene_density_matched,153.421
T3_divergence_gene_density_matched,223.222
T3_divergence_gene_density_matched,224.062
T3_divergence_gene_density_matched,201.263
T3_divergence_gene_density_matched,196.167
T3_divergence_gene_density_matched,207.652
T3_divergence_gene_density_matched,201.41
T3_divergence_gene_density_matched,196.103
T3_divergence_gene_density_matched,223.2
T3_divergence_gene_density_matched,175.712
T3_divergence_gene_density_matched,206.375
T3_divergence_gene_density_matched,199.51
T3_divergence_gene_density_matched,205.0
T3_divergence_gene_density_matched,183.8
T3_divergence_gene_density_matched,205.089
T3_divergence_gene_density_matched,247.684
T3_divergence_gene_density_matched,204.034
T3_divergence_gene_density_matched,190.574
T3_divergence_gene_density_matched,168.692
T3_divergence_gene_density_matched,206.45
T3_divergence_gene_density_matched,187.923
T3_divergence_gene_density_matched,163.273
T3_divergence_gene_density_matched,178.606
T3_divergence_gene_density_matched,195.5
T3_divergence_gene_density_matched,213.103
T3_divergence_gene_density_matched,206.806
T3_divergence_gene_density_matched,200.371
T3_divergence_gene_density_matched,158.857
T3_divergence_gene_density_matched,191.928
T3_divergence_gene_density_matched,178.706
T3_divergence_gene_density_matched,181.344
T3_divergence_gene_density_matched,187.286
T3_divergence_gene_density_matched,186.607
T3_divergence_gene_density_matched,174.13
T3_divergence_gene_density_matched,186.077
T3_divergence_gene_density_matched,217.125
T3_divergence_gene_density_matched,251.2
T3_divergence_gene_density_matched,232.765
T3_divergence_gene_density_matched,199.125
T3_divergence_gene_density_matched,238.414
T3_divergence_gene_density_matched,198.0
T3_divergence_gene_density_matched,193.5
T3_divergence_gene_density_matched,179.966
T3_divergence_gene_density_matched,192.5
T3_divergence_gene_density_matched,197.233
T3_divergence_gene_density_matched,243.905
T3_divergence_gene_density_matched,202.833
T3_divergence_gene_density_matched,198.694
T3_divergence_gene_density_matched,177.517
T3_divergence_gene_density_matched,201.69
T3_divergence_gene_density_matched,185.206
T3_divergence_gene_density_matched,232.641
T3_divergence_gene_density_matched,201.235
T3_divergence_gene_density_matched,226.143
T3_divergence_gene_density_matched,183.516
T3_divergence_gene_density_matched,210.455
T3_divergence_gene_density_matched,173.92
T3_divergence_gene_density_matched,190.68
T3_divergence_gene_density_matched,203.231
T3_divergence_gene_density_matched,248.091
T3_divergence_gene_density_matched,207.464
T3_divergence_gene_density_matched,187.147
T3_divergence_gene_density_matched,196.826
T3_divergence_gene_density_matched,208.536
T3_divergence_gene_density_matched,193.0
T3_divergence_gene_density_matched,216.842
T3_divergence_gene_density_matched,181.296
T3_divergence_gene_density_matched,210.286
T3_divergence_gene_density_matched,257.75
T3_divergence_gene_density_matched,187.75
T3_divergence_gene_density_matched,173.364
T3_divergence_gene_density_matched,197.362
T3_divergence_gene_density_matched,213.3
T3_divergence_gene_density_matched,239.692
T3_divergence_gene_density_matched,198.417
T3_divergence_gene_density_matched,188.952
T3_divergence_gene_density_matched,241.444
T3_divergence_gene_density_matched,248.29
T3_divergence_gene_density_matched,200.733
T3_divergence_gene_density_matched,216.643
T3_divergence_gene_density_matched,218.591
T3_divergence_gene_density_matched,186.837
T3_divergence_gene_density_matched,194.8
T3_divergence_gene_density_matched,234.667
T3_divergence_gene_density_matched,210.487
T3_divergence_gene_density_matched,208.655
T3_divergence_gene_density_matched,238.316
T3_divergence_gene_density_matched,215.667
T3_divergence_gene_density_matched,219.368
T3_divergence_gene_density_matched,210.211
T3_divergence_gene_density_matched,179.727
T3_divergence_gene_density_matched,218.2
T3_divergence_gene_density_matched,256.286
T3_divergence_gene_density_matched,169.947
T3_divergence_gene_density_matched,215.789
T3_divergence_gene_density_matched,244.13
T3_divergence_gene_density_matched,226.417
T3_divergence_gene_density_matched,179.434
T3_divergence_gene_density_matched,215.273
T3_divergence_gene_density_matched,222.719
T3_divergence_gene_density_matched,170.0
T3_divergence_gene_density_matched,163.779
T3_divergence_gene_density_matched,197.762
T3_divergence_gene_density_matched,152.357
T3_divergence_gene_density_matched,209.957
T3_divergence_gene_density_matched,166.478
T3_divergence_gene_density_matched,201.833
T3_divergence_gene_density_matched,207.48
T3_divergence_gene_density_matched,238.087
T3_divergence_gene_density_matched,190.359
T3_divergence_gene_density_matched,164.34
T3_divergence_gene_density_matched,212.688
T3_divergence_gene_density_matched,211.636
T3_divergence_gene_density_matched,180.19
T3_divergence_gene_density_matched,198.53
T3_divergence_gene_density_matched,181.053
T3_divergence_gene_density_matched,169.6
T3_divergence_gene_density_matched,181.323
T3_divergence_gene_density_matched,199.375
T3_divergence_gene_density_matched,189.364
T3_divergence_gene_density_matched,217.781
T3_divergence_gene_density_matched,246.071
T3_divergence_gene_density_matched,221.455
T3_divergence_gene_density_matched,205.615
T3_divergence_gene_density_matched,225.167
T3_divergence_gene_density_matched,206.0
T3_divergence_gene_density_matched,206.92
T3_divergence_gene_density_matched,220.905
T3_divergence_gene_density_matched,177.571
T3_divergence_gene_density_matched,141.632
T3_divergence_gene_density_matched,225.741
T3_divergence_gene_density_matched,213.533
T3_divergence_gene_density_matched,210.48
T3_divergence_gene_density_matched,197.514
T3_divergence_gene_density_matched,197.636
T3_divergence_gene_density_matched,208.111
T3_divergence_gene_density_matched,187.812
T3_divergence_gene_density_matched,178.552
T3_divergence_gene_density_matched,180.0
T3_divergence_gene_density_matched,206.754
T3_divergence_gene_density_matched,216.667
T3_divergence_gene_density_matched,225.712
T3_divergence_gene_density_matched,198.82
T3_divergence_gene_density_matched,217.194
T3_divergence_gene_density_matched,220.154
T3_divergence_gene_density_matched,205.125
T3_divergence_gene_density_matched,208.676
T3_divergence_gene_density_matched,231.294
T3_divergence_gene_density_matched,249.125
T3_divergence_gene_density_matched,193.881
T3_divergence_gene_density_matched,195.741
T3_divergence_gene_density_matched,173.791
T3_divergence_gene_density_matched,197.067
T3_divergence_gene_density_matched,237.125
T3_divergence_gene_density_matched,193.72
T3_divergence_gene_density_matched,254.889
T3_divergence_gene_density_matched,217.864
T3_divergence_gene_density_matched,179.341
T3_divergence_gene_density_matched,219.842
T3_divergence_gene_density_matched,210.667
T3_divergence_gene_density_matched,231.2
T3_divergence_gene_density_matched,197.239
T3_divergence_gene_density_matched,215.5
T3_divergence_gene_density_matched,172.571
T3_divergence_gene_density_matched,221.231
T3_divergence_gene_density_matched,174.0
T3_divergence_gene_density_matched,200.885
T3_divergence_gene_density_matched,172.244
T3_divergence_gene_density_matched,219.826
T3_divergence_gene_density_matched,216.524
T3_divergence_gene_density_matched,182.938
T3_divergence_gene_density_matched,205.397
T3_divergence_gene_density_matched,188.652
T3_divergence_gene_density_matched,177.632
T3_divergence_gene_density_matched,219.318
T3_divergence_gene_density_matched,169.917
T3_divergence_gene_density_matched,198.909
T3_divergence_gene_density_matched,217.897
T3_divergence_gene_density_matched,236.973
T3_divergence_gene_density_matched,205.083
T3_divergence_gene_density_matched,188.13
T3_divergence_gene_density_matched,218.348
T3_divergence_gene_density_matched,209.773
T3_divergence_gene_density_matched,205.161
T3_divergence_gene_density_matched,231.444
T3_divergence_gene_density_matched,221.727
T3_divergence_gene_density_matched,224.533
T3_divergence_gene_density_matched,183.0
T3_divergence_gene_density_matched,227.538
T3_divergence_gene_density_matched,211.424
T3_divergence_gene_density_matched,191.667
T3_divergence_gene_density_matched,201.2
T3_divergence_gene_density_matched,237.952
T3_divergence_gene_density_matched,199.0
T3_divergence_gene_density_matched,263.846
T3_divergence_gene_density_matched,238.5
T3_divergence_gene_density_matched,197.675
T3_divergence_gene_density_matched,215.517
T3_divergence_gene_density_matched,228.167
T3_divergence_gene_density_matched,232.905
T3_divergence_gene_density_matched,248.406
T3_divergence_gene_density_matched,217.667
T3_divergence_gene_density_matched,173.423
T3_divergence_gene_density_matched,211.818
T3_divergence_gene_density_matched,214.783
T3_divergence_gene_density_matched,203.261
T3_divergence_gene_density_matched,228.036
T3_divergence_gene_density_matched,212.212
T3_divergence_gene_density_matched,191.073
T3_divergence_gene_density_matched,191.919
T3_divergence_gene_density_matched,194.571
T3_divergence_gene_density_matched,233.565
T3_divergence_gene_density_matched,207.353
T3_divergence_gene_density_matched,215.742
T3_divergence_gene_density_matched,183.613
T3_divergence_gene_density_matched,182.683
T3_divergence_gene_density_matched,221.31
T3_divergence_gene_density_matched,217.714
T3_divergence_gene_density_matched,201.76
T3_divergence_gene_density_matched,240.909
T3_divergence_gene_density_matched,188.895
T3_divergence_gene_density_matched,195.72
T3_divergence_gene_density_matched,200.182
T3_divergence_gene_density_matched,202.091
T3_divergence_gene_density_matched,223.839
T3_divergence_gene_density_matched,217.708
T3_divergence_gene_density_matched,179.611
T3_divergence_gene_density_matched,222.821
T3_divergence_gene_density_matched,216.528
T3_divergence_gene_density_matched,178.233
T3_divergence_gene_density_matched,197.59
T3_divergence_gene_density_matched,215.755
T3_divergence_gene_density_matched,217.121
T3_divergence_gene_density_matched,204.5
T3_divergence_gene_density_matched,204.24
T3_divergence_gene_density_matched,215.889
T3_divergence_gene_density_matched,236.917
T3_divergence_gene_density_matched,183.757
T3_divergence_gene_density_matched,190.107
T3_divergence_gene_density_matched,194.333
T3_divergence_gene_density_matched,193.647
T3_divergence_gene_density_matched,204.19
T3_divergence_gene_density_matched,187.314
T3_divergence_gene_density_matched,219.0
T3_divergence_gene_density_matched,193.258
T3_divergence_gene_density_matched,198.333
T3_divergence_gene_density_matched,178.444
T3_divergence_gene_density_matched,235.5
T3_divergence_gene_density_matched,226.211
T3_divergence_gene_density_matched,195.083
T3_divergence_gene_density_matched,187.667
T3_divergence_gene_density_matched,194.12
T3_divergence_gene_density_matched,176.571
T3_divergence_gene_density_matched,135.85
T3_divergence_gene_density_matched,160.306
T3_divergence_gene_density_matched,235.167
T3_divergence_gene_density_matched,191.562
T3_divergence_gene_density_matched,209.067
T3_divergence_gene_density_matched,223.195
T3_divergence_gene_density_matched,209.318
T3_divergence_gene_density_matched,206.385
T3_divergence_gene_density_matched,173.357
T3_divergence_gene_density_matched,176.415
T3_divergence_gene_density_matched,231.8
T3_divergence_gene_density_matched,207.379
T3_divergence_gene_density_matched,191.0
T3_divergence_gene_density_matched,245.368
T3_divergence_gene_density_matched,222.933
T3_divergence_gene_density_matched,224.25
T3_divergence_gene_density_matched,220.727
T3_divergence_gene_density_matched,198.111
T3_divergence_gene_density_matched,221.586
T3_divergence_gene_density_matched,213.667
T3_divergence_gene_density_matched,209.704
T3_divergence_gene_density_matched,168.609
T3_divergence_gene_density_matched,187.833
T3_divergence_gene_density_matched,188.931
T3_divergence_gene_density_matched,188.125
T3_divergence_gene_density_matched,219.815
T3_divergence_gene_density_matched,212.733
T3_divergence_gene_density_matched,219.0
T3_divergence_gene_density_matched,152.622
T3_divergence_gene_density_matched,227.789
T3_divergence_gene_density_matched,222.267
T3_divergence_gene_density_matched,217.297
T3_divergence_gene_density_matched,237.909
T3_divergence_gene_density_matched,218.444
T3_divergence_gene_density_matched,222.636
T3_divergence_gene_density_matched,239.053
T3_divergence_gene_density_matched,221.579
T3_divergence_gene_density_matched,203.5
T3_divergence_gene_density_matched,196.214
T3_divergence_gene_density_matched,207.511
T3_divergence_gene_density_matched,194.333
T3_divergence_gene_density_matched,179.726
T3_divergence_gene_density_matched,218.467
T3_divergence_gene_density_matched,210.0
T3_divergence_gene_density_matched,209.439
T3_divergence_gene_density_matched,198.25
T3_divergence_gene_density_matched,204.636
T3_divergence_gene_density_matched,215.457
T3_divergence_gene_density_matched,184.854
T3_divergence_gene_density_matched,202.633
T3_divergence_gene_density_matched,209.621
T3_divergence_gene_density_matched,172.0
T3_divergence_gene_density_matched,183.458
T3_divergence_gene_density_matched,215.889
T3_divergence_gene_density_matched,211.0
T3_divergence_gene_density_matched,186.323
T3_divergence_gene_density_matched,218.207
T3_divergence_gene_density_matched,204.158
T3_divergence_gene_density_matched,208.172
T3_divergence_gene_density_matched,189.789
T3_divergence_gene_density_matched,189.433
T3_divergence_gene_density_matched,189.348
T3_divergence_gene_density_matched,221.5
T3_divergence_gene_density_matched,169.75
T3_divergence_gene_density_matched,204.186
T3_divergence_gene_density_matched,243.6
T3_divergence_gene_density_matched,214.065
T3_divergence_gene_density_matched,185.167
T3_divergence_gene_density_matched,196.964
T3_divergence_gene_density_matched,218.118
T3_divergence_gene_density_matched,169.4
T3_divergence_gene_density_matched,235.76
T3_divergence_gene_density_matched,206.92
T3_divergence_gene_density_matched,207.355
T3_divergence_gene_density_matched,233.933
T3_divergence_gene_density_matched,187.348
T3_divergence_gene_density_matched,209.632
T3_divergence_gene_density_matched,208.049
T3_divergence_gene_density_matched,187.891
T3_divergence_gene_density_matched,206.875
T3_divergence_gene_density_matched,217.071
T3_divergence_gene_density_matched,220.294
T3_divergence_gene_density_matched,213.4
T3_divergence_gene_density_matched,179.278
T3_divergence_gene_density_matched,179.75
T3_divergence_gene_density_matched,213.467
T3_divergence_gene_density_matched,202.333
T3_divergence_gene_density_matched,209.269
T3_divergence_gene_density_matched,194.684
T3_divergence_gene_density_matched,213.5
T3_divergence_gene_density_matched,223.152
T3_divergence_gene_density_matched,218.927
T3_divergence_gene_density_matched,186.446
T3_divergence_gene_density_matched,227.569
T3_divergence_gene_density_matched,226.25
T3_divergence_gene_density_matched,205.484
T3_divergence_gene_density_matched,180.755
T3_divergence_gene_density_matched,251.059
T3_divergence_gene_density_matched,242.118
T3_divergence_gene_density_matched,196.367
T3_divergence_gene_density_matched,219.069
T3_divergence_gene_density_matched,256.345
T3_divergence_gene_density_matched,194.471
T3_divergence_gene_density_matched,179.839
T3_divergence_gene_density_matched,222.952
T3_divergence_gene_density_matched,212.5
T3_divergence_gene_density_matched,252.048
T3_divergence_gene_density_matched,248.406
T3_divergence_gene_density_matched,245.2
T3_divergence_gene_density_matched,205.667
T3_divergence_gene_density_matched,189.143
T3_divergence_gene_density_matched,168.591
T3_divergence_gene_density_matched,200.261
T3_divergence_gene_density_matched,193.8
T3_divergence_gene_density_matched,205.0
T3_divergence_gene_density_matched,212.48
T3_divergence_gene_density_matched,215.517
T3_divergence_gene_density_matched,195.071
T3_divergence_gene_density_matched,169.471
T3_divergence_gene_density_matched,189.471
T3_divergence_gene_density_matched,205.371
T3_divergence_gene_density_matched,158.136
T3_divergence_gene_density_matched,212.5
T3_divergence_gene_density_matched,183.905
T3_divergence_gene_density_matched,217.231
T3_divergence_gene_density_matched,184.24
T3_divergence_gene_density_matched,171.182
T3_divergence_gene_density_matched,173.077
T3_divergence_gene_density_matched,227.0
T3_divergence_gene_density_matched,197.857
T3_divergence_gene_density_matched,255.714
T3_divergence_gene_density_matched,195.28
T3_divergence_gene_density_matched,227.556
T3_divergence_gene_density_matched,197.219
T3_divergence_gene_density_matched,219.727
T3_divergence_gene_density_matched,209.25
T3_divergence_gene_density_matched,224.0
T3_divergence_gene_density_matched,209.891
T3_divergence_gene_density_matched,169.989
T3_divergence_gene_density_matched,202.433
T3_divergence_gene_density_matched,217.209
T3_divergence_gene_density_matched,194.638
T3_divergence_gene_density_matched,215.469
T3_divergence_gene_density_matched,202.957
T3_divergence_gene_density_matched,207.947
T3_divergence_gene_density_matched,216.034
T3_divergence_gene_density_matched,199.667
T3_divergence_gene_density_matched,219.148
T3_divergence_gene_density_matched,212.038
T3_divergence_gene_density_matched,212.85
T3_divergence_gene_density_matched,238.875
T3_divergence_gene_density_matched,228.296
T3_divergence_gene_density_matched,197.609
T3_divergence_gene_density_matched,219.0
T3_divergence_gene_density_matched,182.714
T3_divergence_gene_density_matched,199.905
T3_divergence_gene_density_matched,200.105
T3_divergence_gene_density_matched,189.818
T3_divergence_gene_density_matched,176.25
T3_divergence_gene_density_matched,204.0
T3_divergence_gene_density_matched,229.9
T3_divergence_gene_density_matched,194.0
T3_divergence_gene_density_matched,205.114
T3_divergence_gene_density_matched,239.541
T3_divergence_gene_density_matched,246.29
T3_divergence_gene_density_matched,178.089
T3_divergence_gene_density_matched,208.6
T3_divergence_gene_density_matched,168.091
T3_divergence_gene_density_matched,193.467
T3_divergence_gene_density_matched,222.087
T3_divergence_gene_density_matched,211.625
T3_divergence_gene_density_matched,206.133
T3_divergence_gene_density_matched,228.29
T3_divergence_gene_density_matched,229.667
T3_divergence_gene_density_matched,197.667
T3_divergence_gene_density_matched,243.6
T3_divergence_gene_density_matched,185.206
T3_divergence_gene_density_matched,192.333
T3_divergence_gene_density_matched,213.2
T3_divergence_gene_density_matched,206.357
T3_divergence_gene_density_matched,219.069
T3_divergence_gene_density_matched,250.312
T3_divergence_gene_density_matched,217.667
T3_divergence_gene_density_matched,201.351
T3_divergence_gene_density_matched,212.958
T3_divergence_gene_density_matched,176.529
T3_divergence_gene_density_matched,168.524
T3_divergence_gene_density_matched,279.667
T3_divergence_gene_density_matched,211.326
T3_divergence_gene_density_matched,229.95
T3_divergence_gene_density_matched,210.906
T3_divergence_gene_density_matched,191.182
T3_divergence_gene_density_matched,201.19
T3_divergence_gene_density_matched,209.083
T3_divergence_gene_density_matched,213.121
T3_divergence_gene_density_matched,218.261
T3_divergence_gene_density_matched,195.788
T3_divergence_gene_density_matched,196.071
T3_divergence_gene_density_matched,176.507
T3_divergence_gene_density_matched,244.526
T3_divergence_gene_density_matched,201.079
T3_divergence_gene_density_matched,156.244
T3_divergence_gene_density_matched,190.265
T3_divergence_gene_density_matched,198.441
T3_divergence_gene_density_matched,225.075
T3_divergence_gene_density_matched,194.576
T3_divergence_gene_density_matched,202.769
T3_divergence_gene_density_matched,186.323
T3_divergence_gene_density_matched,219.069
T3_divergence_gene_density_matched,212.825
T3_divergence_gene_density_matched,160.348
T3_divergence_gene_density_matched,234.895
T3_divergence_gene_density_matched,194.963
T3_divergence_gene_density_matched,166.4
T3_divergence_gene_density_matched,219.84
T3_divergence_gene_density_matched,195.314
T3_divergence_gene_density_matched,181.517
T3_divergence_gene_density_matched,197.508
T3_divergence_gene_density_matched,165.0
T3_divergence_gene_density_matched,191.842
T3_divergence_gene_density_matched,219.64
T3_divergence_gene_density_matched,231.0
T3_divergence_gene_density_matched,204.636
T3_divergence_gene_density_matched,203.25
T3_divergence_gene_density_matched,225.846
T3_divergence_gene_density_matched,185.515
T3_divergence_gene_density_matched,194.737
T3_divergence_gene_density_matched,228.647
T3_divergence_gene_density_matched,202.636
T3_divergence_gene_density_matched,200.8
T3_divergence_gene_density_matched,175.857
T3_divergence_gene_density_matched,179.25
T3_divergence_gene_density_matched,191.514
T3_divergence_gene_density_matched,202.25
T3_divergence_gene_density_matched,197.016
T3_divergence_gene_density_matched,240.242
T3_divergence_gene_density_matched,206.881
T3_divergence_gene_density_matched,227.263
T3_divergence_gene_density_matched,222.261
T3_divergence_gene_density_matched,198.326
T3_divergence_gene_density_matched,162.223
T3_divergence_gene_density_matched,185.381
T3_divergence_gene_density_matched,194.217
T3_divergence_gene_density_matched,183.567
T3_divergence_gene_density_matched,198.143
T3_divergence_gene_density_matched,239.588
T3_divergence_gene_density_matched,198.364
T3_divergence_gene_density_matched,198.179
T3_divergence_gene_density_matched,186.0
T3_divergence_gene_density_matched,173.174
T3_divergence_gene_density_matched,161.667
T3_divergence_gene_density_matched,191.373
T3_divergence_gene_density_matched,196.333
T3_divergence_gene_density_matched,225.909
T3_divergence_gene_density_matched,181.318
T3_divergence_gene_density_matched,209.268
T3_divergence_gene_density_matched,199.107
T3_divergence_gene_density_matched,187.452
T3_divergence_gene_density_matched,192.63
T3_divergence_gene_density_matched,180.5
T3_divergence_gene_density_matched,209.875
T3_divergence_gene_density_matched,207.381
T3_divergence_gene_density_matched,216.0
T3_divergence_gene_density_matched,210.9
T3_divergence_gene_density_matched,162.441
T3_divergence_gene_density_matched,219.115
T3_divergence_gene_density_matched,180.867
T3_divergence_gene_density_matched,228.85
T3_divergence_gene_density_matched,181.568
T3_divergence_gene_density_matched,250.263
T3_divergence_gene_density_matched,231.333
T3_divergence_gene_density_matched,255.714
T3_divergence_gene_density_matched,203.455
T3_divergence_gene_density_matched,236.364
T3_divergence_gene_density_matched,257.914
T3_divergence_gene_density_matched,212.88
T3_divergence_gene_density_matched,206.419
T3_divergence_gene_density_matched,173.824
T3_divergence_gene_density_matched,255.769
T3_divergence_gene_density_matched,203.091
T3_divergence_gene_density_matched,179.976
T3_divergence_gene_density_matched,185.02
T3_divergence_gene_density_matched,214.778
T3_divergence_gene_density_matched,232.571
T3_divergence_gene_density_matched,230.647
T3_divergence_gene_density_matched,187.938
T3_divergence_gene_density_matched,206.706
T3_divergence_gene_density_matched,156.593
T3_divergence_gene_density_matched,217.562
T3_divergence_gene_density_matched,182.361
T3_divergence_gene_density_matched,211.607
T3_divergence_gene_density_matched,196.071
T3_divergence_gene_density_matched,242.828
T3_divergence_gene_density_matched,222.091
T3_divergence_gene_density_matched,223.194
T3_divergence_gene_density_matched,214.966
T3_divergence_gene_density_matched,218.231
T3_divergence_gene_density_matched,201.016
T3_divergence_gene_density_matched,188.679
T3_divergence_gene_density_matched,187.3
T3_divergence_gene_density_matched,246.5
T3_divergence_gene_density_matched,172.792
T3_divergence_gene_density_matched,207.393
T3_divergence_gene_density_matched,219.19
T3_divergence_gene_density_matched,179.9
T3_divergence_gene_density_matched,184.46
T3_divergence_gene_density_matched,207.656
T3_divergence_gene_density_matched,196.0
T3_divergence_gene_density_matched,202.737
T3_divergence_gene_density_matched,153.889
T3_divergence_gene_density_matched,210.75
T3_divergence_gene_density_matched,179.95
T3_divergence_gene_density_matched,183.786
T3_divergence_gene_density_matched,218.467
T3_divergence_gene_density_matched,213.043
T3_divergence_gene_density_matched,189.859
T3_divergence_gene_density_matched,223.216
T3_divergence_gene_density_matched,224.108
T3_divergence_gene_density_matched,157.421
T3_divergence_gene_density_matched,228.375
T3_divergence_gene_density_matched,211.619
T3_divergence_gene_density_matched,219.654
T3_divergence_gene_density_matched,206.794
T3_divergence_gene_density_matched,177.091
T3_divergence_gene_density_matched,217.082
T3_divergence_gene_density_matched,223.646
T3_divergence_gene_density_matched,170.105
T3_divergence_gene_density_matched,234.379
T3_divergence_gene_density_matched,198.349
T3_divergence_gene_density_matched,191.0
T3_divergence_gene_density_matched,204.683
T3_divergence_gene_density_matched,152.944
T3_divergence_gene_density_matched,229.81
T3_divergence_gene_density_matched,234.821
T3_divergence_gene_density_matched,180.5
T3_divergence_gene_density_matched,180.333
T3_divergence_gene_density_matched,186.119
T3_divergence_gene_density_matched,208.444
T3_divergence_gene_density_matched,191.875
T3_divergence_gene_density_matched,199.792
T3_divergence_gene_density_matched,212.185
T3_divergence_gene_density_matched,155.4
T3_divergence_gene_density_matched,227.292
T3_divergence_gene_density_matched,182.273
T3_divergence_gene_density_matched,188.292
T3_divergence_gene_density_matched,186.955
T3_divergence_gene_density_matched,208.17
T3_divergence_gene_density_matched,203.548
T3_divergence_gene_density_matched,202.435
T3_divergence_gene_density_matched,221.083
T3_divergence_gene_density_matched,235.36
T3_divergence_gene_density_matched,240.12
T3_divergence_gene_density_matched,223.25
T3_divergence_gene_density_matched,203.842
T3_divergence_gene_density_matched,208.741
T3_divergence_gene_density_matched,219.86
T3_divergence_gene_density_matched,177.842
T3_divergence_gene_density_matched,188.519
T3_divergence_gene_density_matched,209.667
T3_divergence_gene_density_matched,246.5
T3_divergence_gene_density_matched,191.917
T3_divergence_gene_density_matched,215.889
T3_divergence_gene_density_matched,183.744
T3_divergence_gene_density_matched,175.333
T3_divergence_gene_density_matched,224.0
T3_divergence_gene_density_matched,265.9
T3_divergence_gene_density_matched,210.738
T3_divergence_gene_density_matched,188.019
T3_divergence_gene_density_matched,208.093
T3_divergence_gene_density_matched,211.242
T3_divergence_gene_density_matched,191.941
T3_divergence_gene_density_matched,213.207
T3_divergence_gene_density_matched,212.756
T3_divergence_gene_density_matched,206.235
T3_divergence_gene_density_matched,202.911
T3_divergence_gene_density_matched,214.652
T3_divergence_gene_density_matched,192.389
T3_divergence_gene_density_matched,210.667
T3_divergence_gene_density_matched,221.178
T3_divergence_gene_density_matched,177.958
T3_divergence_gene_density_matched,221.636
T3_divergence_gene_density_matched,215.889
T3_divergence_gene_density_matched,248.188
T3_divergence_gene_density_matched,238.1
T3_divergence_gene_density_matched,182.077
T3_divergence_gene_density_matched,154.933
T3_divergence_gene_density_matched,223.235
T3_divergence_gene_density_matched,192.159
T3_divergence_gene_density_matched,195.196
T3_divergence_gene_density_matched,238.792
T3_divergence_gene_density_matched,186.328
T3_divergence_gene_density_matched,218.348
T3_divergence_gene_density_matched,222.952
T3_divergence_gene_density_matched,225.304
T3_divergence_gene_density_matched,211.909
T3_divergence_gene_density_matched,222.273
T3_divergence_gene_density_matched,200.083
T3_divergence_gene_density_matched,212.632
T3_divergence_gene_density_matched,213.0
T3_divergence_gene_density_matched,201.125
T3_divergence_gene_density_matched,220.2
T3_divergence_gene_density_matched,216.0
T3_divergence_gene_density_matched,213.667
T3_divergence_gene_density_matched,224.549
T3_divergence_gene_density_matched,244.0
T3_divergence_gene_density_matched,193.8
T3_divergence_gene_density_matched,177.347
T3_divergence_gene_density_matched,188.826
T3_divergence_gene_density_matched,240.643
T3_divergence_gene_density_matched,206.111
T3_divergence_gene_density_matched,190.72
T3_divergence_gene_density_matched,212.267
T3_divergence_gene_density_matched,173.524
T3_divergence_gene_density_matched,226.667
T3_divergence_gene_density_matched,200.019
T3_divergence_gene_density_matched,226.25
T3_divergence_gene_density_matched,247.684
T3_divergence_gene_density_matched,220.833
T3_divergence_gene_density_matched,185.852
T3_divergence_gene_density_matched,207.484
T3_divergence_gene_density_matched,222.611
T3_divergence_gene_density_matched,167.5
T3_divergence_gene_density_matched,187.833
T3_divergence_gene_density_matched,184.909
T3_divergence_gene_density_matched,240.0
T3_divergence_gene_density_matched,197.581
T3_divergence_gene_density_matched,213.207
T3_divergence_gene_density_matched,198.591
T3_divergence_gene_density_matched,208.789
T3_divergence_gene_density_matched,235.778
T3_divergence_gene_density_matched,170.522
T3_divergence_gene_density_matched,200.224
T3_divergence_gene_density_matched,196.316
T3_divergence_gene_density_matched,214.182
T3_divergence_gene_density_matched,213.053
T3_divergence_gene_density_matched,221.974
T3_divergence_gene_density_matched,205.432
T3_divergence_gene_density_matched,265.053
T3_divergence_gene_density_matched,212.6
T3_divergence_gene_density_matched,223.033
T3_divergence_gene_density_matched,222.75
T3_divergence_gene_density_matched,213.7
T3_divergence_gene_density_matched,201.146
T3_divergence_gene_density_matched,190.938
T3_divergence_gene_density_matched,189.568
T3_divergence_gene_density_matched,179.023
T3_divergence_gene_density_matched,244.4
T3_divergence_gene_density_matched,201.176
T3_divergence_gene_density_matched,247.542
T3_divergence_gene_density_matched,204.519
T3_divergence_gene_density_matched,217.667
T3_divergence_gene_density_matched,175.286
T3_divergence_gene_density_matched,204.222
T3_divergence_gene_density_matched,179.903
T3_divergence_gene_density_matched,197.2
T3_divergence_gene_density_matched,154.765
T3_divergence_gene_density_matched,238.68
T3_divergence_gene_density_matched,181.14
T3_divergence_gene_density_matched,232.467
T3_divergence_gene_density_matched,224.471
T3_divergence_gene_density_matched,193.759
T3_divergence_gene_density_matched,183.878
T3_divergence_gene_density_matched,206.385
T3_divergence_gene_density_matched,204.276
T3_divergence_gene_density_matched,201.909
T3_divergence_gene_density_matched,233.381
T3_divergence_gene_density_matched,236.537
T3_divergence_gene_density_matched,188.333
T3_divergence_gene_density_matched,158.964
T3_divergence_gene_density_matched,154.667
T3_divergence_gene_density_matched,170.889
T3_divergence_gene_density_matched,197.887
T3_divergence_gene_density_matched,201.794
T3_divergence_gene_density_matched,200.778
T3_divergence_gene_density_matched,253.913
T3_divergence_gene_density_matched,183.347
T3_divergence_gene_density_matched,183.0
T3_divergence_gene_density_matched,240.045
T3_divergence_gene_density_matched,206.585
T3_divergence_gene_density_matched,204.958
T3_divergence_gene_density_matched,207.658
T3_divergence_gene_density_matched,200.05
T3_divergence_gene_density_matched,191.833
T3_divergence_gene_density_matched,219.0
T3_divergence_gene_density_matched,226.65
T3_divergence_gene_density_matched,172.591
T3_divergence_gene_density_matched,226.64
T3_divergence_gene_density_matched,199.633
T3_divergence_gene_density_matched,154.625
T3_divergence_gene_density_matched,199.0
T3_divergence_gene_density_matched,202.286
T3_divergence_gene_density_matched,237.909
T3_divergence_gene_density_matched,227.846
T3_divergence_gene_density_matched,205.615
T3_divergence_gene_density_matched,232.688
T3_divergence_gene_density_matched,249.0
T3_divergence_gene_density_matched,181.607
T3_divergence_gene_density_matched,224.609
T3_divergence_gene_density_matched,180.433
T3_divergence_gene_density_matched,201.625
T3_divergence_gene_density_matched,204.909
T3_divergence_gene_density_matched,225.27
T3_divergence_gene_density_matched,254.037
T3_divergence_gene_density_matched,197.057
T3_divergence_gene_density_matched,198.765
T3_divergence_gene_density_matched,194.235
T3_divergence_gene_density_matched,193.344
T3_divergence_gene_density_matched,202.803
T3_divergence_gene_density_matched,216.75
T3_divergence_gene_density_matched,175.231
T3_divergence_gene_density_matched,213.167
T3_divergence_gene_density_matched,174.13
T3_divergence_gene_density_matched,230.067
T3_divergence_gene_density_matched,222.214
T3_divergence_gene_density_matched,213.586
T3_divergence_gene_density_matched,245.583
T3_divergence_gene_density_matched,196.0
T3_divergence_gene_density_matched,230.067
T3_divergence_gene_density_matched,192.182
T3_divergence_gene_density_matched,214.6
T3_divergence_gene_density_matched,221.842
T3_divergence_gene_density_matched,193.5
T3_divergence_gene_density_matched,233.536
T3_divergence_gene_density_matched,230.607
T3_divergence_gene_density_matched,217.961
T3_divergence_gene_density_matched,199.633
T3_divergence_gene_density_matched,192.417
T3_divergence_gene_density_matched,187.923
T3_divergence_gene_density_matched,245.583
T3_divergence_gene_density_matched,224.0
T3_divergence_gene_density_matched,218.233
T3_divergence_gene_density_matched,150.048
T3_divergence_gene_density_matched,246.065
T3_divergence_gene_density_matched,200.733
T3_divergence_gene_density_matched,243.471
T3_divergence_gene_density_matched,208.222
T3_divergence_gene_density_matched,207.0
T3_divergence_gene_density_matched,191.479
T3_divergence_gene_density_matched,174.0
T3_divergence_gene_density_matched,177.0
T3_divergence_gene_density_matched,200.762
T3_divergence_gene_density_matched,218.441
T3_divergence_gene_density_matched,226.857
T3_divergence_gene_density_matched,221.581
T3_divergence_gene_density_matched,215.5
T3_divergence_gene_density_matched,204.3
T3_divergence_gene_density_matched,230.217
T3_divergence_gene_density_matched,178.318
T3_divergence_gene_density_matched,196.125
T3_divergence_gene_density_matched,195.324
T3_divergence_gene_density_matched,211.565
T3_divergence_gene_density_matched,176.25
T3_divergence_gene_density_matched,241.483
T3_divergence_gene_density_matched,252.115
T3_divergence_gene_density_matched,208.5
T3_divergence_gene_density_matched,187.875
T3_divergence_gene_density_matched,237.609
T3_divergence_gene_density_matched,186.444
T3_divergence_gene_density_matched,236.567
T3_divergence_gene_density_matched,186.976
T3_divergence_gene_density_matched,210.258
T3_divergence_gene_density_matched,254.933
T3_divergence_gene_density_matched,188.5
T3_divergence_gene_density_matched,197.074
T3_divergence_gene_density_matched,185.71
T3_divergence_gene_density_matched,176.917
T3_divergence_gene_density_matched,215.4
T3_divergence_gene_density_matched,140.773
T3_divergence_gene_density_matched,179.048
T3_divergence_gene_density_matched,190.0
T3_divergence_gene_density_matched,236.78
T3_divergence_gene_density_matched,186.119
T3_divergence_gene_density_matched,214.167
T3_divergence_gene_density_matched,257.457
T3_divergence_gene_density_matched,196.611
T3_divergence_gene_density_matched,209.0
T3_divergence_gene_density_matched,208.4
T3_divergence_gene_density_matched,254.903
T3_divergence_gene_density_matched,251.036
T3_divergence_gene_density_matched,189.931
T3_divergence_gene_density_matched,221.7
T3_divergence_gene_density_matched,193.425
T3_divergence_gene_density_matched,214.828
T3_divergence_gene_density_matched,188.0
T3_divergence_gene_density_matched,229.667
T3_divergence_gene_density_matched,216.138
T3_divergence_gene_density_matched,206.161
T3_divergence_gene_density_matched,225.375
T3_divergence_gene_density_matched,170.941
T3_divergence_gene_density_matched,186.455
T3_divergence_gene_density_matched,205.118
T3_divergence_gene_density_matched,197.6
T3_divergence_gene_density_matched,207.212
T3_divergence_gene_density_matched,238.786
T3_divergence_gene_density_matched,209.698
T3_divergence_gene_density_matched,170.789
T3_divergence_gene_density_matched,209.957
T3_divergence_gene_density_matched,192.286
T3_divergence_gene_density_matched,218.882
T3_divergence_gene_density_matched,218.231
T3_divergence_gene_density_matched,176.65
T3_divergence_gene_density_matched,192.609
T3_divergence_gene_density_matched,209.891
T3_divergence_gene_density_matched,196.611
T3_divergence_gene_density_matched,199.571
T3_divergence_gene_density_matched,225.28
T3_divergence_gene_density_matched,216.111
T3_divergence_gene_density_matched,208.824
T3_divergence_gene_density_matched,230.926
T3_divergence_gene_density_matched,201.263
T3_divergence_gene_density_matched,204.273
T3_divergence_gene_density_matched,189.348
T3_divergence_gene_density_matched,196.232
T3_divergence_gene_density_matched,197.179
T3_divergence_gene_density_matched,228.318
T3_divergence_gene_density_matched,197.63
T3_divergence_gene_density_matched,185.647
T3_divergence_gene_density_matched,179.6
T3_divergence_gene_density_matched,191.321
T3_divergence_gene_density_matched,212.944
T3_divergence_gene_density_matched,236.452
T3_divergence_gene_density_matched,238.188
T3_divergence_gene_density_matched,199.5
T3_divergence_gene_density_matched,247.842
T3_divergence_gene_density_matched,189.609
T3_divergence_gene_density_matched,222.696
T3_divergence_gene_density_matched,180.273
T3_divergence_gene_density_matched,199.333
T3_divergence_gene_density_matched,226.938
T3_divergence_gene_density_matched,217.784
T3_divergence_gene_density_matched,191.71
T3_divergence_gene_density_matched,201.429
T3_divergence_gene_density_matched,154.875
T3_divergence_gene_density_matched,209.439
T3_divergence_gene_density_matched,196.45
T3_divergence_gene_density_matched,193.727
T3_divergence_gene_density_matched,202.159
T3_divergence_gene_density_matched,222.217
T3_divergence_gene_density_matched,209.083
T3_divergence_gene_density_matched,183.108
T3_divergence_gene_density_matched,213.839
T3_divergence_gene_density_matched,218.333
T3_divergence_gene_density_matched,188.449
T3_divergence_gene_density_matched,183.507
T3_divergence_gene_density_matched,191.171
T3_divergence_gene_density_matched,243.36
T3_divergence_gene_density_matched,230.833
T3_divergence_gene_density_matched,205.429
T3_divergence_gene_density_matched,238.667
T3_divergence_gene_density_matched,208.667
T3_divergence_gene_density_matched,205.966
T3_divergence_gene_density_matched,202.562
T3_divergence_gene_density_matched,182.667
T3_divergence_gene_density_matched,218.226
T3_divergence_gene_density_matched,218.571
T3_divergence_gene_density_matched,217.318
T3_divergence_gene_density_matched,208.5
T3_divergence_gene_density_matched,233.31
T3_divergence_gene_density_matched,216.179
T3_divergence_gene_density_matched,186.871
T3_divergence_gene_density_matched,205.615
T3_divergence_gene_density_matched,216.515
T3_divergence_gene_density_matched,184.342
T3_divergence_gene_density_matched,197.806
T3_divergence_gene_density_matched,195.436
T3_divergence_gene_density_matched,197.538
T3_divergence_gene_density_matched,226.188
T3_divergence_gene_density_matched,228.72
T3_divergence_gene_density_matched,221.722
T3_divergence_gene_density_matched,209.333
T3_divergence_gene_density_matched,196.556
T3_divergence_gene_density_matched,208.722
T3_divergence_gene_density_matched,220.294
T3_divergence_gene_density_matched,219.781
T3_divergence_gene_density_matched,170.056
T3_divergence_gene_density_matched,177.417
T3_divergence_gene_density_matched,218.333
T3_divergence_gene_density_matched,253.158
T3_divergence_gene_density_matched,175.8
T3_divergence_gene_density_matched,195.667
T3_divergence_gene_density_matched,215.457
T3_divergence_gene_density_matched,208.222
T3_divergence_gene_density_matched,207.48
T3_divergence_gene_density_matched,154.682
T3_divergence_gene_density_matched,201.667
T3_divergence_gene_density_matched,188.974
T3_divergence_gene_density_matched,181.783
T3_divergence_gene_density_matched,162.062
T3_divergence_gene_density_matched,236.917
T3_divergence_gene_density_matched,205.929
T3_divergence_gene_density_matched,212.0
T3_divergence_gene_density_matched,236.884
T3_divergence_gene_density_matched,190.605
T3_divergence_gene_density_matched,204.974
T3_divergence_gene_density_matched,160.882
T3_divergence_gene_density_matched,162.395
T3_divergence_gene_density_matched,206.5
T3_divergence_gene_density_matched,187.5
T3_divergence_gene_density_matched,176.5
T3_divergence_gene_density_matched,186.545
T3_divergence_gene_density_matched,211.676
T3_divergence_gene_density_matched,213.667
T3_divergence_gene_density_matched,212.632
T3_divergence_gene_density_matched,208.346
T3_divergence_gene_density_matched,184.522
T3_divergence_gene_density_matched,194.484
T3_divergence_gene_density_matched,202.205
T3_divergence_gene_density_matched,144.792
T3_divergence_gene_density_matched,196.057
T3_divergence_gene_density_matched,207.208
T3_divergence_gene_density_matched,232.289
T3_divergence_gene_density_matched,206.344
T3_divergence_gene_density_matched,179.583
T3_divergence_gene_density_matched,214.636
T3_divergence_gene_density_matched,185.615
T3_divergence_gene_density_matched,221.087
T3_divergence_gene_density_matched,193.8
T3_divergence_gene_density_matched,195.824
T3_divergence_gene_density_matched,226.8
T3_divergence_gene_density_matched,197.824
T3_divergence_gene_density_matched,227.2
T3_divergence_gene_density_matched,211.045
T3_divergence_gene_density_matched,201.216
T3_divergence_gene_density_matched,251.737
T3_divergence_gene_density_matched,206.161
T3_divergence_gene_density_matched,217.667
T3_divergence_gene_density_matched,227.81
T3_divergence_gene_density_matched,202.216
T3_divergence_gene_density_matched,212.227
T3_divergence_gene_density_matched,218.98
T3_divergence_gene_density_matched,166.578
T3_divergence_gene_density_matched,200.308
T3_divergence_gene_density_matched,204.25
T3_divergence_gene_density_matched,206.227
T3_divergence_gene_density_matched,181.344
T3_divergence_gene_density_matched,199.026
T3_divergence_gene_density_matched,238.241
T3_divergence_gene_density_matched,218.226
T3_divergence_gene_density_matched,219.76
T3_divergence_gene_density_matched,235.84
T3_divergence_gene_density_matched,202.294
T3_divergence_gene_density_matched,192.327
T3_divergence_gene_density_matched,186.328
T3_divergence_gene_density_matched,198.213
T3_divergence_gene_density_matched,185.037
T3_divergence_gene_density_matched,199.771
T3_divergence_gene_density_matched,187.786
T3_divergence_gene_density_matched,187.836
T3_divergence_gene_density_matched,214.19
T3_divergence_gene_density_matched,176.243
T3_divergence_gene_density_matched,205.04
T3_divergence_gene_density_matched,201.645
T3_divergence_gene_density_matched,222.536
T3_divergence_gene_density_matched,188.16
T3_divergence_gene_density_matched,218.548
T3_divergence_gene_density_matched,218.9
T3_divergence_gene_density_matched,235.593
T3_divergence_gene_density_matched,236.926
T3_divergence_gene_density_matched,201.0
T3_divergence_gene_density_matched,224.2
T3_divergence_gene_density_matched,216.824
T3_divergence_gene_density_matched,218.927
T3_divergence_gene_density_matched,234.8
T3_divergence_gene_density_matched,224.889
T3_divergence_gene_density_matched,199.457
T3_divergence_gene_density_matched,208.172
T3_divergence_gene_density_matched,208.705
T3_divergence_gene_density_matched,182.895
T3_divergence_gene_density_matched,205.581
T3_divergence_gene_density_matched,206.537
T3_divergence_gene_density_matched,179.074
T3_divergence_gene_density_matched,225.962
T3_divergence_gene_density_matched,228.889
T3_divergence_gene_density_matched,199.107
T3_divergence_gene_density_matched,203.409
T3_divergence_gene_density_matched,209.619
T3_divergence_gene_density_matched,228.516
T3_divergence_gene_density_matched,191.0
T3_divergence_gene_density_matched,231.907
T3_divergence_gene_density_matched,182.806
T3_divergence_gene_density_matched,224.609
T3_divergence_gene_density_matched,197.375
T3_divergence_gene_density_matched,195.571
T3_divergence_gene_density_matched,188.883
T3_divergence_gene_density_matched,169.676
T3_divergence_gene_density_matched,206.875
T3_divergence_gene_density_matched,174.0
T3_divergence_gene_density_matched,179.042
T3_divergence_gene_density_matched,209.229
T3_divergence_gene_density_matched,238.708
T3_divergence_gene_density_matched,188.056
T3_divergence_gene_density_matched,247.7
T3_divergence_gene_density_matched,169.75
T3_divergence_gene_density_matched,201.907
T3_divergence_gene_density_matched,193.618
T3_divergence_gene_density_matched,211.821
T3_divergence_gene_density_matched,206.0
T3_divergence_gene_density_matched,189.161
T3_divergence_gene_density_matched,208.31
T3_divergence_gene_density_matched,230.3
T3_divergence_gene_density_matched,252.5
T3_divergence_gene_density_matched,222.273
T3_divergence_gene_density_matched,214.0
T3_divergence_gene_density_matched,212.571
T3_divergence_gene_density_matched,207.293
T3_divergence_gene_density_matched,195.824
T3_divergence_gene_density_matched,171.55
T3_divergence_gene_density_matched,187.882
T3_divergence_gene_density_matched,194.711
T3_divergence_gene_density_matched,202.833
T3_divergence_gene_density_matched,225.075
T3_divergence_gene_density_matched,189.833
T3_divergence_gene_density_matched,200.769
T3_divergence_gene_density_matched,201.211
T3_divergence_gene_density_matched,187.275
T3_divergence_gene_density_matched,213.077
T3_divergence_gene_density_matched,208.615
T3_divergence_gene_density_matched,205.577
T3_divergence_gene_density_matched,206.63
T3_divergence_gene_density_matched,237.938
T3_divergence_gene_density_matched,194.667
T3_divergence_gene_density_matched,197.28
T3_divergence_gene_density_matched,212.471
T3_divergence_gene_density_matched,205.184
T3_divergence_gene_density_matched,188.875
T3_divergence_gene_density_matched,256.658
T3_divergence_gene_density_matched,211.048
T3_divergence_gene_density_matched,226.083
T3_divergence_gene_density_matched,215.038
T3_divergence_gene_density_matched,213.864
T3_divergence_gene_density_matched,216.562
T3_divergence_gene_density_matched,180.606
T3_divergence_gene_density_matched,212.5
T3_divergence_gene_density_matched,246.111
T3_divergence_gene_density_matched,178.75
T3_divergence_gene_density_matched,165.392
T3_divergence_gene_density_matched,218.771
T3_divergence_gene_density_matched,181.45
T3_divergence_gene_density_matched,266.409
T3_divergence_gene_density_matched,194.118
T3_divergence_gene_density_matched,205.696
T3_divergence_gene_density_matched,227.667
T3_divergence_gene_density_matched,186.696
T3_divergence_gene_density_matched,187.842
T3_divergence_gene_density_matched,237.588
T3_divergence_gene_density_matched,219.793
T3_divergence_gene_density_matched,189.825
T3_divergence_gene_density_matched,179.4
T3_divergence_gene_density_matched,223.684
T3_divergence_gene_density_matched,195.757
T3_divergence_gene_density_matched,247.409
T3_divergence_gene_density_matched,225.822
T3_divergence_gene_density_matched,183.222
T3_divergence_gene_density_matched,208.158
T3_divergence_gene_density_matched,205.05
T3_divergence_gene_density_matched,206.92
T3_divergence_gene_density_matched,169.737
T3_divergence_gene_density_matched,187.167
T3_divergence_gene_density_matched,216.552
T3_divergence_gene_density_matched,148.045
T3_divergence_gene_density_matched,234.64
T3_divergence_gene_density_matched,195.855
T3_divergence_gene_density_matched,203.167
T3_divergence_gene_density_matched,238.65
T3_divergence_gene_density_matched,195.826
T3_divergence_gene_density_matched,225.5
T3_divergence_gene_density_matched,234.586
T3_divergence_gene_density_matched,193.556
T3_divergence_gene_density_matched,190.795
T3_divergence_gene_density_matched,139.942
T3_divergence_gene_density_matched,195.304
T3_divergence_gene_density_matched,183.905
T3_divergence_gene_density_matched,209.462
T3_divergence_gene_density_matched,229.667
T3_divergence_gene_density_matched,223.367
T3_divergence_gene_density_matched,205.966
T3_divergence_gene_density_matched,211.219
T3_divergence_gene_density_matched,179.5
T3_divergence_gene_density_matched,217.0
T3_divergence_gene_density_matched,172.029
T3_divergence_gene_density_matched,198.531
T3_divergence_gene_density_matched,201.458
T3_divergence_gene_density_matched,231.417
T3_divergence_gene_density_matched,194.222
T3_divergence_gene_density_matched,251.6
T3_divergence_gene_density_matched,180.348
T3_divergence_gene_density_matched,186.577
T3_divergence_gene_density_matched,196.429
T3_divergence_gene_density_matched,203.949
T3_divergence_gene_density_matched,207.739
T3_divergence_gene_density_matched,217.4
T3_divergence_gene_density_matched,163.837
T3_divergence_gene_density_matched,190.391
T3_divergence_gene_density_matched,184.031
T3_divergence_gene_density_matched,208.477
T3_divergence_gene_density_matched,194.654
T3_divergence_gene_density_matched,166.158
T3_divergence_gene_density_matched,198.636
T3_divergence_gene_density_matched,202.03
T3_divergence_gene_density_matched,243.348
T3_divergence_gene_density_matched,201.0
T3_divergence_gene_density_matched,188.9
T3_divergence_gene_density_matched,219.108
T3_divergence_gene_density_matched,191.48
T3_divergence_gene_density_matched,207.096
T3_divergence_gene_density_matched,227.0
T3_divergence_gene_density_matched,200.795
T3_divergence_gene_density_matched,189.429
T3_divergence_gene_density_matched,197.074
T3_divergence_gene_density_matched,203.485
T3_divergence_gene_density_matched,195.5
T3_divergence_gene_density_matched,229.0
T3_divergence_gene_density_matched,172.6
T3_divergence_gene_density_matched,212.667
T3_divergence_gene_density_matched,212.967
T3_divergence_gene_density_matched,219.579
T3_divergence_gene_density_matched,218.467
T3_divergence_gene_density_matched,179.556
T3_divergence_gene_density_matched,216.56
T3_divergence_gene_density_matched,216.531
T3_divergence_gene_density_matched,206.658
T3_divergence_gene_density_matched,183.857
T3_divergence_gene_density_matched,225.5
T3_divergence_gene_density_matched,179.44
T3_divergence_gene_density_matched,191.842
T3_divergence_gene_density_matched,195.931
T3_divergence_gene_density_matched,224.412
T3_divergence_gene_density_matched,195.938
T3_divergence_gene_density_matched,169.75
T3_divergence_gene_density_matched,169.75
T3_divergence_gene_density_matched,233.067
T3_divergence_gene_density_matched,185.895
T3_divergence_gene_density_matched,198.609
T3_divergence_gene_density_matched,186.421
T3_divergence_gene_density_matched,200.368
T3_divergence_gene_density_matched,155.455
T3_divergence_gene_density_matched,186.059
T3_divergence_gene_density_matched,227.667
T3_divergence_gene_density_matched,186.667
T3_divergence_gene_density_matched,165.524
T3_divergence_gene_density_matched,234.826
T3_divergence_gene_density_matched,214.6
T3_divergence_gene_density_matched,208.632
T3_divergence_gene_density_matched,193.429
T3_divergence_gene_density_matched,202.509
T3_divergence_gene_density_matched,192.486
T3_divergence_gene_density_matched,209.769
T3_divergence_gene_density_matched,214.724
T3_divergence_gene_density_matched,197.421
T3_divergence_gene_density_matched,183.606
T3_divergence_gene_density_matched,181.35
T3_divergence_gene_density_matched,212.925
T3_divergence_gene_density_matched,248.0
T3_divergence_gene_density_matched,166.062
T3_divergence_gene_density_matched,216.797
T3_divergence_gene_density_matched,211.743
T3_divergence_gene_density_matched,180.867
T3_divergence_gene_density_matched,216.643
T3_divergence_gene_density_matched,206.15
T3_divergence_gene_density_matched,222.041
T3_divergence_gene_density_matched,215.273
T3_divergence_gene_density_matched,196.692
T3_divergence_gene_density_matched,207.452
T3_divergence_gene_density_matched,253.158
T3_divergence_gene_density_matched,217.0
T3_divergence_gene_density_matched,215.636
T3_divergence_gene_density_matched,201.318
T3_divergence_gene_density_matched,232.56
T3_divergence_gene_density_matched,228.167
T3_divergence_gene_density_matched,136.896
T3_divergence_gene_density_matched,196.839
T3_divergence_gene_density_matched,203.593
T3_divergence_gene_density_matched,226.667
T3_divergence_gene_density_matched,254.903
T3_divergence_gene_density_matched,223.4
T3_divergence_gene_density_matched,177.091
T3_divergence_gene_density_matched,215.29
T3_divergence_gene_density_matched,243.5
T3_divergence_gene_density_matched,234.815
T3_divergence_gene_density_matched,176.213
T3_divergence_gene_density_matched,190.605
T3_divergence_gene_density_matched,220.857
T3_divergence_gene_density_matched,183.125
T3_divergence_gene_density_matched,224.36
T3_divergence_gene_density_matched,205.538
T3_divergence_gene_density_matched,197.16
T3_divergence_gene_density_matched,194.258
T3_divergence_gene_density_matched,192.194
T3_divergence_gene_density_matched,242.125
T3_divergence_gene_density_matched,222.3
T3_divergence_gene_density_matched,252.367
T3_divergence_gene_density_matched,176.603
T3_divergence_gene_density_matched,246.389
T3_divergence_gene_density_matched,225.818
T3_divergence_gene_density_matched,191.5
T3_divergence_gene_density_matched,203.88
T3_divergence_gene_density_matched,185.872
T3_divergence_gene_density_matched,201.417
T3_divergence_gene_density_matched,209.271
T3_divergence_gene_density_matched,214.429
T3_divergence_gene_density_matched,201.143
T3_divergence_gene_density_matched,217.615
T3_divergence_gene_density_matched,207.882
T3_divergence_gene_density_matched,174.0
T3_divergence_gene_density_matched,272.913
T3_divergence_gene_density_matched,200.36
T3_divergence_gene_density_matched,209.062
T3_divergence_gene_density_matched,229.167
T3_divergence_gene_density_matched,189.683
T3_divergence_gene_density_matched,252.35
T3_divergence_gene_density_matched,181.6
T3_divergence_gene_density_matched,181.167
T3_divergence_gene_density_matched,229.552
T3_divergence_gene_density_matched,181.296
T3_divergence_gene_density_matched,265.053
T3_divergence_gene_density_matched,162.9
T3_divergence_gene_density_matched,191.635
T3_divergence_gene_density_matched,212.062
T3_divergence_gene_density_matched,199.36
T3_divergence_gene_density_matched,192.395
T3_divergence_gene_density_matched,201.833
T3_divergence_gene_density_matched,191.0
T3_divergence_gene_density_matched,214.464
T3_divergence_gene_density_matched,206.609
T3_divergence_gene_density_matched,211.565
T3_divergence_gene_density_matched,156.375
T3_divergence_gene_density_matched,177.074
T3_divergence_gene_density_matched,199.353
T3_divergence_gene_density_matched,182.462
T3_divergence_gene_density_matched,181.133
T3_divergence_gene_density_matched,225.0
T3_divergence_gene_density_matched,206.051
T3_divergence_gene_density_matched,208.875
T3_divergence_gene_density_matched,189.976
T3_divergence_gene_density_matched,216.333
T3_divergence_gene_density_matched,196.696
T3_divergence_gene_density_matched,202.28
T3_divergence_gene_density_matched,170.645
T3_divergence_gene_density_matched,182.895
T3_divergence_gene_density_matched,219.0
T3_divergence_gene_density_matched,152.944
T3_divergence_gene_density_matched,210.468
T3_divergence_gene_density_matched,201.622
T3_divergence_gene_density_matched,194.765
T3_divergence_gene_density_matched,217.667
T3_divergence_gene_density_matched,223.4
T3_divergence_gene_density_matched,250.647
T3_divergence_gene_density_matched,230.05
T3_divergence_gene_density_matched,177.5
T3_divergence_gene_density_matched,222.191
T3_divergence_gene_density_matched,232.675
T3_divergence_gene_density_matched,191.6
T3_divergence_gene_density_matched,204.816
T3_divergence_gene_density_matched,213.903
T3_divergence_gene_density_matched,208.462
T3_divergence_gene_density_matched,240.556
T3_divergence_gene_density_matched,235.905
T3_divergence_gene_density_matched,213.781
T3_divergence_gene_density_matched,185.692
T3_divergence_gene_density_matched,237.667
T3_divergence_gene_density_matched,231.75
T3_divergence_gene_density_matched,225.125
T3_divergence_gene_density_matched,186.926
T3_divergence_gene_density_matched,206.92
T3_divergence_gene_density_matched,204.625
T3_divergence_gene_density_matched,186.841
T3_divergence_gene_density_matched,197.959
T3_divergence_gene_density_matched,185.529
T3_divergence_gene_density_matched,192.37
T3_divergence_gene_density_matched,194.333
T3_divergence_gene_density_matched,189.061
T3_divergence_gene_density_matched,192.579
T3_divergence_gene_density_matched,208.966
T3_divergence_gene_density_matched,194.744
T3_divergence_gene_density_matched,218.98
T3_divergence_gene_density_matched,221.75
T3_divergence_gene_density_matched,226.0
T3_divergence_gene_density_matched,206.63
T3_divergence_gene_density_matched,212.471
T3_divergence_gene_density_matched,200.51
T3_divergence_gene_density_matched,222.933
T3_divergence_gene_density_matched,231.941
T3_divergence_gene_density_matched,181.571
T3_divergence_gene_density_matched,210.273
T3_divergence_gene_density_matched,207.838
T3_divergence_gene_density_matched,188.627
T3_divergence_gene_density_matched,196.75
T3_divergence_gene_density_matched,208.08
T3_divergence_gene_density_matched,203.804
T3_divergence_gene_density_matched,238.423
T3_divergence_gene_density_matched,187.2
T3_divergence_gene_density_matched,219.857
T3_divergence_gene_density_matched,203.5
T3_divergence_gene_density_matched,237.15
T3_divergence_gene_density_matched,241.85
T3_divergence_gene_density_matched,196.325
T3_divergence_gene_density_matched,222.84
T3_divergence_gene_density_matched,160.385
T3_divergence_gene_density_matched,215.943
T3_divergence_gene_density_matched,209.769
T3_divergence_gene_density_matched,183.795
T3_divergence_gene_density_matched,202.725
T3_divergence_gene_density_matched,236.926
T3_divergence_gene_density_matched,168.66
T3_divergence_gene_density_matched,214.178
T3_divergence_gene_density_matched,203.611
T3_divergence_gene_density_matched,196.039
T3_divergence_gene_density_matched,192.121
T3_divergence_gene_density_matched,193.276
T3_divergence_gene_density_matched,202.844
T3_divergence_gene_density_matched,210.875
T3_divergence_gene_density_matched,261.118
T3_divergence_gene_density_matched,220.043
T3_divergence_gene_density_matched,250.5
T3_divergence_gene_density_matched,176.091
T3_divergence_gene_density_matched,193.954
T3_divergence_gene_density_matched,207.364
T3_divergence_gene_density_matched,204.727
T3_divergence_gene_density_matched,197.318
T3_divergence_gene_density_matched,219.276
T3_divergence_gene_density_matched,191.941
T3_divergence_gene_density_matched,197.156
T3_divergence_gene_density_matched,178.684
T3_divergence_gene_density_matched,194.088
T3_divergence_gene_density_matched,227.682
T3_divergence_gene_density_matched,195.0
T3_divergence_gene_density_matched,205.133
T3_divergence_gene_density_matched,202.558
T3_divergence_gene_density_matched,216.474
T3_divergence_gene_density_matched,207.652
T3_divergence_gene_density_matched,164.435
T3_divergence_gene_density_matched,198.387
T3_divergence_gene_density_matched,177.933
T3_divergence_gene_density_matched,194.154
T3_divergence_gene_density_matched,198.714
T3_divergence_gene_density_matched,228.783
T3_divergence_gene_density_matched,178.448
T3_divergence_gene_density_matched,180.273
T3_divergence_gene_density_matched,202.854
T3_divergence_gene_density_matched,215.0
T3_divergence_gene_density_matched,203.968
T3_divergence_gene_density_matched,248.722
T3_divergence_gene_density_matched,240.789
T3_divergence_gene_density_matched,197.723
T3_divergence_gene_density_matched,236.459
T3_divergence_gene_density_matched,159.414
T3_divergence_gene_density_matched,224.0
T3_divergence_gene_density_matched,181.067
T3_divergence_gene_density_matched,204.03
T3_divergence_gene_density_matched,187.708
T3_divergence_gene_density_matched,226.684
T3_divergence_gene_density_matched,213.633
T3_divergence_gene_density_matched,207.136
T3_divergence_gene_density_matched,208.348
T3_divergence_gene_density_matched,207.655
T3_divergence_gene_density_matched,150.048
