category,mouse_symbol,human_symbol,mapping_path,in_our_background
L1-enriched genes,1110012L19Rik,,unmapped,False
L1-enriched genes,1700006A11Rik,,unmapped,False
L1-enriched genes,1700007B14Rik,,unmapped,False
L1-enriched genes,1700007G11Rik,,unmapped,False
L1-enriched genes,1700007K09Rik,,unmapped,False
L1-enriched genes,1700008P02Rik,,unmapped,False
L1-enriched genes,1700017D01Rik,,unmapped,False
L1-enriched genes,1700019D03Rik,,unmapped,False
L1-enriched genes,1700026D08Rik,,unmapped,False
L1-enriched genes,1700029J07Rik,,unmapped,False
L1-enriched genes,1700040F15Rik,,unmapped,False
L1-enriched genes,1700057G04Rik,,unmapped,False
L1-enriched genes,1700080E11Rik,,unmapped,False
L1-enriched genes,1700084M14Rik,,unmapped,False
L1-enriched genes,1810009J06Rik,,unmapped,False
L1-enriched genes,2010106E10Rik,,unmapped,False
L1-enriched genes,2210408I21Rik,KIAA0825,mgi_ortholog,True
L1-enriched genes,2310057J18Rik,C6orf58,mgi_ortholog,True
L1-enriched genes,2310061N02Rik,,unmapped,False
L1-enriched genes,3830403N18Rik,SYCP3,mgi_ortholog,True
L1-enriched genes,42257,,unmapped,False
L1-enriched genes,4921506M07Rik,,unmapped,False
L1-enriched genes,4921511H03Rik,,unmapped,False
L1-enriched genes,4921511M17Rik,,unmapped,False
L1-enriched genes,4930438A08Rik,,unmapped,False
L1-enriched genes,4930447F04Rik,,unmapped,False
L1-enriched genes,4930486L24Rik,,unmapped,False
L1-enriched genes,4930516K23Rik,,unmapped,False
L1-enriched genes,4930533K18Rik,,unmapped,False
L1-enriched genes,4930544G11Rik,,unmapped,False
L1-enriched genes,4930563M21Rik,,unmapped,False
L1-enriched genes,4930595M18Rik,,unmapped,False
L1-enriched genes,4932429P05Rik,,unmapped,False
L1-enriched genes,4933402N22Rik,,unmapped,False
L1-enriched genes,5430401F13Rik,,unmapped,False
L1-enriched genes,5430427O19Rik,,unmapped,False
L1-enriched genes,5530400C23Rik,,unmapped,False
L1-enriched genes,5830411N06Rik,,unmapped,False
L1-enriched genes,9230110F15Rik,,unmapped,False
L1-enriched genes,9430007A20Rik,,unmapped,False
L1-enriched genes,A630010A05Rik,,unmapped,False
L1-enriched genes,A630095E13Rik,,unmapped,False
L1-enriched genes,AI607873,,unmapped,False
L1-enriched genes,Aard,AARD,mgi_ortholog,True
L1-enriched genes,Abca16,,unmapped,False
L1-enriched genes,Abca4,ABCA4,mgi_ortholog,True
L1-enriched genes,Acap2,ACAP2,mgi_ortholog,True
L1-enriched genes,Acnat2,,unmapped,False
L1-enriched genes,Aco1,ACO1,mgi_ortholog,True
L1-enriched genes,Acsm1,ACSM1,mgi_ortholog,True
L1-enriched genes,Acss3,ACSS3,mgi_ortholog,True
L1-enriched genes,Adam22,ADAM22,mgi_ortholog,True
L1-enriched genes,Adam25,ADAM20,mgi_ortholog,True
L1-enriched genes,Adam26a,,unmapped,False
L1-enriched genes,Adam26b,,unmapped,False
L1-enriched genes,Adam29,ADAM29,mgi_ortholog,True
L1-enriched genes,Adam34,,unmapped,False
L1-enriched genes,Adam6b,,unmapped,False
L1-enriched genes,Adam7,ADAM7,mgi_ortholog,True
L1-enriched genes,Adamts3,ADAMTS3,mgi_ortholog,True
L1-enriched genes,Adamts6,ADAMTS6,mgi_ortholog,True
L1-enriched genes,Adamts9,ADAMTS9,mgi_ortholog,True
L1-enriched genes,Adgre1,ADGRE1,mgi_ortholog,True
L1-enriched genes,Adh7,ADH7,mgi_ortholog,True
L1-enriched genes,Adtrp,ADTRP,mgi_ortholog,True
L1-enriched genes,Afm,AFM,mgi_ortholog,True
L1-enriched genes,Agbl1,AGBL1,mgi_ortholog,True
L1-enriched genes,Agtr1b,AGTR1,mgi_ortholog,True
L1-enriched genes,Aifm1,AIFM1,mgi_ortholog,True
L1-enriched genes,Akap7,AKAP7,mgi_ortholog,True
L1-enriched genes,Akip1,AKIP1,mgi_ortholog,True
L1-enriched genes,Akr1c13,,unmapped,False
L1-enriched genes,Akr1c14,,unmapped,False
L1-enriched genes,Akr1c20,,unmapped,False
L1-enriched genes,Akr1c6,,unmapped,False
L1-enriched genes,Ambn,AMBN,mgi_ortholog,True
L1-enriched genes,Amd2,AMD1,mgi_ortholog,True
L1-enriched genes,Ang6,ANG,mgi_ortholog,True
L1-enriched genes,Ankar,ANKAR,mgi_ortholog,True
L1-enriched genes,Ankrd26,ANKRD26,mgi_ortholog,True
L1-enriched genes,Ankrd32,,unmapped,False
L1-enriched genes,Antxr2,ANTXR2,mgi_ortholog,True
L1-enriched genes,Anxa10,ANXA10,mgi_ortholog,True
L1-enriched genes,Apoo-ps,,unmapped,False
L1-enriched genes,Arhgap20,ARHGAP20,mgi_ortholog,True
L1-enriched genes,Arhgef4,ARHGEF4,mgi_ortholog,True
L1-enriched genes,Arhgef9,ARHGEF9,mgi_ortholog,True
L1-enriched genes,Arl6,ARL6,mgi_ortholog,True
L1-enriched genes,Armc1,ARMC1,mgi_ortholog,True
L1-enriched genes,Asb14,ASB14,mgi_ortholog,True
L1-enriched genes,Asb3,ASB3,symbol_upcase,True
L1-enriched genes,Asnsd1,ASNSD1,mgi_ortholog,True
L1-enriched genes,Atg16l1,ATG16L1,mgi_ortholog,True
L1-enriched genes,Atg3,ATG3,mgi_ortholog,True
L1-enriched genes,Atp8b4,ATP8B4,mgi_ortholog,True
L1-enriched genes,BC003331,,unmapped,False
L1-enriched genes,BC048679,,unmapped,False
L1-enriched genes,Bbs9,BBS9,mgi_ortholog,True
L1-enriched genes,Bcl2l14,BCL2L14,mgi_ortholog,True
L1-enriched genes,Bet1,BET1,mgi_ortholog,True
L1-enriched genes,Boll,BOLL,mgi_ortholog,True
L1-enriched genes,Brinp3,BRINP3,mgi_ortholog,True
L1-enriched genes,Brms1l,BRMS1L,mgi_ortholog,True
L1-enriched genes,Bsph1,BSPH1,mgi_ortholog,True
L1-enriched genes,Bsph2,,unmapped,False
L1-enriched genes,Bub1,BUB1,mgi_ortholog,True
L1-enriched genes,C330013J21Rik,,unmapped,False
L1-enriched genes,CN725425,,unmapped,False
L1-enriched genes,Cachd1,CACHD1,mgi_ortholog,True
L1-enriched genes,Cacna2d4,CACNA2D4,mgi_ortholog,True
L1-enriched genes,Caps2,CAPS2,mgi_ortholog,True
L1-enriched genes,Car13,,unmapped,False
L1-enriched genes,Casp12,CASP12,mgi_ortholog,True
L1-enriched genes,Casp4,CASP4,symbol_upcase,True
L1-enriched genes,Casp8,CASP8,mgi_ortholog,True
L1-enriched genes,Catsperb,CATSPERB,mgi_ortholog,True
L1-enriched genes,Cbr4,CBR4,mgi_ortholog,True
L1-enriched genes,Ccdc107,CCDC107,mgi_ortholog,True
L1-enriched genes,Ccdc150,CCDC150,mgi_ortholog,True
L1-enriched genes,Ccdc171,CCDC171,mgi_ortholog,True
L1-enriched genes,Ccdc68,CCDC68,mgi_ortholog,True
L1-enriched genes,Ccdc7b,CCDC7,mgi_ortholog,True
L1-enriched genes,Ccl21a,CCL21,mgi_ortholog,True
L1-enriched genes,Ccnh,CCNH,mgi_ortholog,True
L1-enriched genes,Ccr1,CCR1,mgi_ortholog,True
L1-enriched genes,Ccser1,CCSER1,mgi_ortholog,True
L1-enriched genes,Cd101,CD101,mgi_ortholog,True
L1-enriched genes,Cd1d2,CD1D,mgi_ortholog,True
L1-enriched genes,Cd200r1,CD200R1,symbol_upcase,True
L1-enriched genes,Cd200r3,,unmapped,False
L1-enriched genes,Cd200r4,,unmapped,False
L1-enriched genes,Cd209f,,unmapped,False
L1-enriched genes,Cd209g,,unmapped,False
L1-enriched genes,Cd226,CD226,mgi_ortholog,True
L1-enriched genes,Cd47,CD47,mgi_ortholog,True
L1-enriched genes,Cd48,CD48,mgi_ortholog,True
L1-enriched genes,Cd5l,CD5L,mgi_ortholog,True
L1-enriched genes,Cd86,CD86,mgi_ortholog,True
L1-enriched genes,Cdh12,CDH12,mgi_ortholog,True
L1-enriched genes,Cdh17,CDH17,mgi_ortholog,True
L1-enriched genes,Cdh19,CDH19,mgi_ortholog,True
L1-enriched genes,Cdh7,CDH7,mgi_ortholog,True
L1-enriched genes,Cdk17,CDK17,mgi_ortholog,True
L1-enriched genes,Ceacam5,CEACAM21,mgi_ortholog,True
L1-enriched genes,Cenpc1,CENPC,mgi_ortholog,True
L1-enriched genes,Cep112,CEP112,mgi_ortholog,True
L1-enriched genes,Cep126,CEP126,mgi_ortholog,True
L1-enriched genes,Ces1d,,unmapped,False
L1-enriched genes,Ces2d-ps,,unmapped,False
L1-enriched genes,Cfap69,CFAP69,mgi_ortholog,True
L1-enriched genes,Cfhr1,,unmapped,False
L1-enriched genes,Cgrrf1,CGRRF1,mgi_ortholog,True
L1-enriched genes,Chac2,CHAC2,mgi_ortholog,True
L1-enriched genes,Chia1,CHIA,mgi_ortholog,True
L1-enriched genes,Chil5,CHIA,mgi_ortholog,True
L1-enriched genes,Chil6,CHIA,mgi_ortholog,True
L1-enriched genes,Chst7,CHST7,mgi_ortholog,True
L1-enriched genes,Clca3a2,CLCA3P,mgi_ortholog,True
L1-enriched genes,Clca4b,CLCA4,mgi_ortholog,True
L1-enriched genes,Cldn12,CLDN12,mgi_ortholog,True
L1-enriched genes,Cldn34b4,CLDN34,mgi_ortholog,True
L1-enriched genes,Cldn34d,CLDN34,mgi_ortholog,True
L1-enriched genes,Clec1a,CLEC1A,mgi_ortholog,True
L1-enriched genes,Clec2h,CLEC2D,mgi_ortholog,True
L1-enriched genes,Clec4a4,CLEC4A,mgi_ortholog,True
L1-enriched genes,Clec4b1,CLEC4C,mgi_ortholog,True
L1-enriched genes,Clec4d,CLEC4D,mgi_ortholog,True
L1-enriched genes,Clec4n,CLEC6A,mgi_ortholog,True
L1-enriched genes,Cln3,CLN3,mgi_ortholog,True
L1-enriched genes,Cmbl,CMBL,mgi_ortholog,True
L1-enriched genes,Cmpk2,CMPK2,mgi_ortholog,True
L1-enriched genes,Cnbd1,CNBD1,mgi_ortholog,True
L1-enriched genes,Cndp1,CNDP1,mgi_ortholog,True
L1-enriched genes,Cntln,CNTLN,mgi_ortholog,True
L1-enriched genes,Cntn6,CNTN6,mgi_ortholog,True
L1-enriched genes,Cntnap5a,CNTNAP5,mgi_ortholog,True
L1-enriched genes,Col19a1,COL19A1,mgi_ortholog,True
L1-enriched genes,Col25a1,COL25A1,mgi_ortholog,True
L1-enriched genes,Col4a3bp,,unmapped,False
L1-enriched genes,Col4a5,COL4A5,mgi_ortholog,True
L1-enriched genes,Cops5,COPS5,mgi_ortholog,True
L1-enriched genes,Cox11,COX11,mgi_ortholog,True
L1-enriched genes,Cox16,COX16,mgi_ortholog,True
L1-enriched genes,Cpe,CPE,mgi_ortholog,True
L1-enriched genes,Cped1,CPED1,mgi_ortholog,True
L1-enriched genes,Cps1,CPS1,mgi_ortholog,True
L1-enriched genes,Cpxcr1,CPXCR1,mgi_ortholog,True
L1-enriched genes,Crisp3,CRISP3,symbol_upcase,True
L1-enriched genes,Crisp4,CRISP1,mgi_ortholog,True
L1-enriched genes,Cryga,CRYGA,mgi_ortholog,True
L1-enriched genes,Csgalnact2,CSGALNACT2,mgi_ortholog,True
L1-enriched genes,Csn1s2a,CSN1S2AP,mgi_ortholog,True
L1-enriched genes,Cts6,,unmapped,False
L1-enriched genes,Ctsll3,,unmapped,False
L1-enriched genes,Ctsr,,unmapped,False
L1-enriched genes,Cwh43,CWH43,mgi_ortholog,True
L1-enriched genes,Cyp2b13,CYP2B6,mgi_ortholog,True
L1-enriched genes,Cyp2b19,CYP2B6,mgi_ortholog,True
L1-enriched genes,Cyp2b9,CYP2B6,mgi_ortholog,True
L1-enriched genes,Cyp2c29,,unmapped,False
L1-enriched genes,Cyp2c37,,unmapped,False
L1-enriched genes,Cyp2c38,,unmapped,False
L1-enriched genes,Cyp2c39,,unmapped,False
L1-enriched genes,Cyp2c50,,unmapped,False
L1-enriched genes,Cyp2c54,CYP2C8,mgi_ortholog,True
L1-enriched genes,Cyp2c65,CYP2C8,mgi_ortholog,True
L1-enriched genes,Cyp2c66,CYP2C8,mgi_ortholog,True
L1-enriched genes,Cyp2c68,CYP2C8,mgi_ortholog,True
L1-enriched genes,Cyp2c70,,unmapped,False
L1-enriched genes,Cyp2j11,CYP2J2,mgi_ortholog,True
L1-enriched genes,Cyp2j8,CYP2J2,mgi_ortholog,True
L1-enriched genes,Cyp2j9,CYP2J2,mgi_ortholog,True
L1-enriched genes,Cyp2r1,CYP2R1,mgi_ortholog,True
L1-enriched genes,Cyp3a44,CYP3A5,mgi_ortholog,True
L1-enriched genes,Cyp4a12a,,unmapped,False
L1-enriched genes,Cyp4a12b,,unmapped,False
L1-enriched genes,Cyp4a29,,unmapped,False
L1-enriched genes,Cyp4a32,,unmapped,False
L1-enriched genes,Cypt14,,unmapped,False
L1-enriched genes,Cypt15,,unmapped,False
L1-enriched genes,Cypt4,,unmapped,False
L1-enriched genes,D3Ertd751e,C4orf33,mgi_ortholog,True
L1-enriched genes,D830013O20Rik,,unmapped,False
L1-enriched genes,Dcun1d1,DCUN1D1,mgi_ortholog,True
L1-enriched genes,Dcx,DCX,mgi_ortholog,True
L1-enriched genes,Ddx4,DDX4,mgi_ortholog,True
L1-enriched genes,Ddx58,,unmapped,False
L1-enriched genes,Defa25,DEFA5,mgi_ortholog,True
L1-enriched genes,Defb34,,unmapped,False
L1-enriched genes,Defb37,,unmapped,False
L1-enriched genes,Defb47,,unmapped,False
L1-enriched genes,Degs2,DEGS2,mgi_ortholog,True
L1-enriched genes,Dgkb,DGKB,mgi_ortholog,True
L1-enriched genes,Dip2c,DIP2C,mgi_ortholog,True
L1-enriched genes,Disp1,DISP1,mgi_ortholog,True
L1-enriched genes,Dlgap2,DLGAP2,mgi_ortholog,True
L1-enriched genes,Dmrta1,DMRTA1,mgi_ortholog,True
L1-enriched genes,Dnah14,DNAH14,mgi_ortholog,True
L1-enriched genes,Dnah7c,DNAH7,mgi_ortholog,True
L1-enriched genes,Dnah9,DNAH9,mgi_ortholog,True
L1-enriched genes,Dnajc13,DNAJC13,mgi_ortholog,True
L1-enriched genes,Dnajc2,DNAJC2,mgi_ortholog,True
L1-enriched genes,Dnajc25,DNAJC25,symbol_upcase,True
L1-enriched genes,Dnm1l,DNM1L,mgi_ortholog,True
L1-enriched genes,Dok6,DOK6,mgi_ortholog,True
L1-enriched genes,Dtx4,DTX4,mgi_ortholog,True
L1-enriched genes,Dynap,DYNAP,mgi_ortholog,True
L1-enriched genes,E2f5,E2F5,mgi_ortholog,True
L1-enriched genes,Ect2,ECT2,mgi_ortholog,True
L1-enriched genes,Ect2l,ECT2L,mgi_ortholog,True
L1-enriched genes,Eda,EDA,mgi_ortholog,True
L1-enriched genes,Edil3,EDIL3,mgi_ortholog,True
L1-enriched genes,Egfem1,EGFEM1P,mgi_ortholog,True
L1-enriched genes,Elk4,ELK4,mgi_ortholog,True
L1-enriched genes,Emc2,EMC2,mgi_ortholog,True
L1-enriched genes,Emcn,EMCN,mgi_ortholog,True
L1-enriched genes,Epha6,EPHA6,mgi_ortholog,True
L1-enriched genes,Epyc,EPYC,mgi_ortholog,True
L1-enriched genes,Eqtn,EQTN,mgi_ortholog,True
L1-enriched genes,Ercc6l2,ERCC6L2,mgi_ortholog,True
L1-enriched genes,Esp3,,unmapped,False
L1-enriched genes,Esp31,,unmapped,False
L1-enriched genes,Esp34,,unmapped,False
L1-enriched genes,Exoc6b,EXOC6B,mgi_ortholog,True
L1-enriched genes,F11,F11,mgi_ortholog,True
L1-enriched genes,F830016B08Rik,,unmapped,False
L1-enriched genes,Fam111a,FAM111A,mgi_ortholog,True
L1-enriched genes,Fam124b,FAM124B,mgi_ortholog,True
L1-enriched genes,Fam19a1,,unmapped,False
L1-enriched genes,Fam47c,FAM47C,symbol_upcase,True
L1-enriched genes,Fas,FAS,mgi_ortholog,True
L1-enriched genes,Fetub,FETUB,mgi_ortholog,True
L1-enriched genes,Fgd4,FGD4,mgi_ortholog,True
L1-enriched genes,Fgg,FGG,mgi_ortholog,True
L1-enriched genes,Fhl5,FHL5,mgi_ortholog,True
L1-enriched genes,Fkbp14,FKBP14,mgi_ortholog,True
L1-enriched genes,Flg,FLG,symbol_upcase,True
L1-enriched genes,Flt4,FLT4,mgi_ortholog,True
L1-enriched genes,Fmo1,FMO1,mgi_ortholog,True
L1-enriched genes,Fmr1nb,FMR1NB,mgi_ortholog,True
L1-enriched genes,Fntb,FNTB,symbol_upcase,True
L1-enriched genes,Furin,FURIN,mgi_ortholog,True
L1-enriched genes,Fut10,FUT10,symbol_upcase,True
L1-enriched genes,Fut8,FUT8,mgi_ortholog,True
L1-enriched genes,G6pd2,G6PD,mgi_ortholog,True
L1-enriched genes,Gab2,GAB2,symbol_upcase,True
L1-enriched genes,Gabra2,GABRA2,mgi_ortholog,True
L1-enriched genes,Gabra3,GABRA3,mgi_ortholog,True
L1-enriched genes,Gabra4,GABRA4,mgi_ortholog,True
L1-enriched genes,Gabrb3,GABRB3,mgi_ortholog,True
L1-enriched genes,Gabrg3,GABRG3,mgi_ortholog,True
L1-enriched genes,Galntl6,GALNTL6,mgi_ortholog,True
L1-enriched genes,Gatad1,GATAD1,mgi_ortholog,True
L1-enriched genes,Gbp8,GBP6,mgi_ortholog,True
L1-enriched genes,Gch1,GCH1,mgi_ortholog,True
L1-enriched genes,Ghitm,GHITM,mgi_ortholog,True
L1-enriched genes,Gif,,unmapped,False
L1-enriched genes,Gk2,GK2,mgi_ortholog,True
L1-enriched genes,Glcci1,GLCCI1,mgi_ortholog,True
L1-enriched genes,Glipr1l1,GLIPR1L1,mgi_ortholog,True
L1-enriched genes,Glmn,GLMN,mgi_ortholog,True
L1-enriched genes,Glra3,GLRA3,mgi_ortholog,True
L1-enriched genes,Gm10057,,unmapped,False
L1-enriched genes,Gm10058,SYCP3,mgi_ortholog,True
L1-enriched genes,Gm10093,,unmapped,False
L1-enriched genes,Gm10096,SYCP3,mgi_ortholog,True
L1-enriched genes,Gm10112,,unmapped,False
L1-enriched genes,Gm10116,,unmapped,False
L1-enriched genes,Gm10130,,unmapped,False
L1-enriched genes,Gm10147,SYCP3,mgi_ortholog,True
L1-enriched genes,Gm10175,,unmapped,False
L1-enriched genes,Gm10230,SYCP3,mgi_ortholog,True
L1-enriched genes,Gm10378,,unmapped,False
L1-enriched genes,Gm10408,,unmapped,False
L1-enriched genes,Gm10486,SYCP3,mgi_ortholog,True
L1-enriched genes,Gm10487,SYCP3,mgi_ortholog,True
L1-enriched genes,Gm10488,SYCP3,mgi_ortholog,True
L1-enriched genes,Gm10542,,unmapped,False
L1-enriched genes,Gm10696,,unmapped,False
L1-enriched genes,Gm10697,,unmapped,False
L1-enriched genes,Gm11009,,unmapped,False
L1-enriched genes,Gm11146,,unmapped,False
L1-enriched genes,Gm11232,,unmapped,False
L1-enriched genes,Gm11236,,unmapped,False
L1-enriched genes,Gm11237,,unmapped,False
L1-enriched genes,Gm11238,,unmapped,False
L1-enriched genes,Gm11239,,unmapped,False
L1-enriched genes,Gm11360,,unmapped,False
L1-enriched genes,Gm11397,,unmapped,False
L1-enriched genes,Gm11487,,unmapped,False
L1-enriched genes,Gm11639,,unmapped,False
L1-enriched genes,Gm11756,,unmapped,False
L1-enriched genes,Gm11757,,unmapped,False
L1-enriched genes,Gm11758,,unmapped,False
L1-enriched genes,Gm12845,,unmapped,False
L1-enriched genes,Gm13023,,unmapped,False
L1-enriched genes,Gm13043,,unmapped,False
L1-enriched genes,Gm13078,,unmapped,False
L1-enriched genes,Gm13177,,unmapped,False
L1-enriched genes,Gm13741,,unmapped,False
L1-enriched genes,Gm13757,,unmapped,False
L1-enriched genes,Gm13762,,unmapped,False
L1-enriched genes,Gm13871,,unmapped,False
L1-enriched genes,Gm14408,,unmapped,False
L1-enriched genes,Gm14496,,unmapped,False
L1-enriched genes,Gm14525,SYCP3,mgi_ortholog,True
L1-enriched genes,Gm14548,,unmapped,False
L1-enriched genes,Gm14632,SYCP3,mgi_ortholog,True
L1-enriched genes,Gm14698,,unmapped,False
L1-enriched genes,Gm14819,SYCP3,mgi_ortholog,True
L1-enriched genes,Gm14851,,unmapped,False
L1-enriched genes,Gm15091,,unmapped,False
L1-enriched genes,Gm15140,,unmapped,False
L1-enriched genes,Gm156,,unmapped,False
L1-enriched genes,Gm16405,,unmapped,False
L1-enriched genes,Gm16430,,unmapped,False
L1-enriched genes,Gm16440,,unmapped,False
L1-enriched genes,Gm17252,,unmapped,False
L1-enriched genes,Gm17359,,unmapped,False
L1-enriched genes,Gm17430,,unmapped,False
L1-enriched genes,Gm17521,,unmapped,False
L1-enriched genes,Gm17689,,unmapped,False
L1-enriched genes,Gm17727,,unmapped,False
L1-enriched genes,Gm1818,,unmapped,False
L1-enriched genes,Gm1840,,unmapped,False
L1-enriched genes,Gm2012,SYCP3,mgi_ortholog,True
L1-enriched genes,Gm2030,SYCP3,mgi_ortholog,True
L1-enriched genes,Gm2035,,unmapped,False
L1-enriched genes,Gm2042,,unmapped,False
L1-enriched genes,Gm20441,,unmapped,False
L1-enriched genes,Gm2046,,unmapped,False
L1-enriched genes,Gm20509,,unmapped,False
L1-enriched genes,Gm20594,,unmapped,False
L1-enriched genes,Gm20736,SYCP3,mgi_ortholog,True
L1-enriched genes,Gm2075,,unmapped,False
L1-enriched genes,Gm20765,,unmapped,False
L1-enriched genes,Gm20767,,unmapped,False
L1-enriched genes,Gm20782,,unmapped,False
L1-enriched genes,Gm20792,SYCP3,mgi_ortholog,True
L1-enriched genes,Gm20814,,unmapped,False
L1-enriched genes,Gm20817,SYCP3,mgi_ortholog,True
L1-enriched genes,Gm20820,SYCP3,mgi_ortholog,True
L1-enriched genes,Gm20824,SYCP3,mgi_ortholog,True
L1-enriched genes,Gm20831,,unmapped,False
L1-enriched genes,Gm20835,,unmapped,False
L1-enriched genes,Gm20837,,unmapped,False
L1-enriched genes,Gm20838,SYCP3,mgi_ortholog,True
L1-enriched genes,Gm20843,SYCP3,mgi_ortholog,True
L1-enriched genes,Gm20850,,unmapped,False
L1-enriched genes,Gm20855,,unmapped,False
L1-enriched genes,Gm20869,,unmapped,False
L1-enriched genes,Gm20870,,unmapped,False
L1-enriched genes,Gm20883,,unmapped,False
L1-enriched genes,Gm20888,SYCP3,mgi_ortholog,True
L1-enriched genes,Gm20890,SYCP3,mgi_ortholog,True
L1-enriched genes,Gm20894,,unmapped,False
L1-enriched genes,Gm20896,,unmapped,False
L1-enriched genes,Gm20897,,unmapped,False
L1-enriched genes,Gm20903,,unmapped,False
L1-enriched genes,Gm20905,,unmapped,False
L1-enriched genes,Gm20906,,unmapped,False
L1-enriched genes,Gm20908,,unmapped,False
L1-enriched genes,Gm20911,SYCP3,mgi_ortholog,True
L1-enriched genes,Gm20916,,unmapped,False
L1-enriched genes,Gm20920,,unmapped,False
L1-enriched genes,Gm20929,,unmapped,False
L1-enriched genes,Gm20931,,unmapped,False
L1-enriched genes,Gm20937,SYCP3,mgi_ortholog,True
L1-enriched genes,Gm21094,SYCP3,mgi_ortholog,True
L1-enriched genes,Gm21095,SYCP3,mgi_ortholog,True
L1-enriched genes,Gm21117,SYCP3,mgi_ortholog,True
L1-enriched genes,Gm21173,SYCP3,mgi_ortholog,True
L1-enriched genes,Gm21209,SYCP3,mgi_ortholog,True
L1-enriched genes,Gm21256,SYCP3,mgi_ortholog,True
L1-enriched genes,Gm21258,SYCP3,mgi_ortholog,True
L1-enriched genes,Gm21294,SYCP3,mgi_ortholog,True
L1-enriched genes,Gm21304,,unmapped,False
L1-enriched genes,Gm21312,,unmapped,False
L1-enriched genes,Gm21317,,unmapped,False
L1-enriched genes,Gm21366,,unmapped,False
L1-enriched genes,Gm21409,,unmapped,False
L1-enriched genes,Gm21454,,unmapped,False
L1-enriched genes,Gm21477,,unmapped,False
L1-enriched genes,Gm21488,SYCP3,mgi_ortholog,True
L1-enriched genes,Gm21497,SYCP3,mgi_ortholog,True
L1-enriched genes,Gm21518,SYCP3,mgi_ortholog,True
L1-enriched genes,Gm21627,,unmapped,False
L1-enriched genes,Gm21650,,unmapped,False
L1-enriched genes,Gm21739,SYCP3,mgi_ortholog,True
L1-enriched genes,Gm21760,SYCP3,mgi_ortholog,True
L1-enriched genes,Gm21761,,unmapped,False
L1-enriched genes,Gm21789,,unmapped,False
L1-enriched genes,Gm21858,SYCP3,mgi_ortholog,True
L1-enriched genes,Gm21861,SYCP3,mgi_ortholog,True
L1-enriched genes,Gm21865,SYCP3,mgi_ortholog,True
L1-enriched genes,Gm21870,,unmapped,False
L1-enriched genes,Gm21883,,unmapped,False
L1-enriched genes,Gm21973,,unmapped,False
L1-enriched genes,Gm21994,,unmapped,False
L1-enriched genes,Gm21996,SYCP3,mgi_ortholog,True
L1-enriched genes,Gm27235,,unmapped,False
L1-enriched genes,Gm28053,,unmapped,False
L1-enriched genes,Gm28102,SYCP3,mgi_ortholog,True
L1-enriched genes,Gm28490,,unmapped,False
L1-enriched genes,Gm28551,,unmapped,False
L1-enriched genes,Gm28553,SYCP3,mgi_ortholog,True
L1-enriched genes,Gm28576,SYCP3,mgi_ortholog,True
L1-enriched genes,Gm28827,SYCP3,mgi_ortholog,True
L1-enriched genes,Gm28870,SYCP3,mgi_ortholog,True
L1-enriched genes,Gm28891,SYCP3,mgi_ortholog,True
L1-enriched genes,Gm28897,SYCP3,mgi_ortholog,True
L1-enriched genes,Gm28961,SYCP3,mgi_ortholog,True
L1-enriched genes,Gm28998,SYCP3,mgi_ortholog,True
L1-enriched genes,Gm29110,SYCP3,mgi_ortholog,True
L1-enriched genes,Gm29276,SYCP3,mgi_ortholog,True
L1-enriched genes,Gm29394,,unmapped,False
L1-enriched genes,Gm29564,SYCP3,mgi_ortholog,True
L1-enriched genes,Gm29582,SYCP3,mgi_ortholog,True
L1-enriched genes,Gm29866,SYCP3,mgi_ortholog,True
L1-enriched genes,Gm3043,,unmapped,False
L1-enriched genes,Gm30737,SYCP3,mgi_ortholog,True
L1-enriched genes,Gm31571,SYCP3,mgi_ortholog,True
L1-enriched genes,Gm3194,,unmapped,False
L1-enriched genes,Gm3278,,unmapped,False
L1-enriched genes,Gm3383,,unmapped,False
L1-enriched genes,Gm3411,,unmapped,False
L1-enriched genes,Gm35134,SYCP3,mgi_ortholog,True
L1-enriched genes,Gm3532,,unmapped,False
L1-enriched genes,Gm364,,unmapped,False
L1-enriched genes,Gm3755,,unmapped,False
L1-enriched genes,Gm379,,unmapped,False
L1-enriched genes,Gm3952,,unmapped,False
L1-enriched genes,Gm428,,unmapped,False
L1-enriched genes,Gm4340,,unmapped,False
L1-enriched genes,Gm436,,unmapped,False
L1-enriched genes,Gm438,,unmapped,False
L1-enriched genes,Gm4778,,unmapped,False
L1-enriched genes,Gm4781,,unmapped,False
L1-enriched genes,Gm4836,SYCP3,mgi_ortholog,True
L1-enriched genes,Gm4884,C2orf78,mgi_ortholog,True
L1-enriched genes,Gm4907,,unmapped,False
L1-enriched genes,Gm4950,,unmapped,False
L1-enriched genes,Gm4985,,unmapped,False
L1-enriched genes,Gm5117,,unmapped,False
L1-enriched genes,Gm5142,,unmapped,False
L1-enriched genes,Gm5155,,unmapped,False
L1-enriched genes,Gm5168,SYCP3,mgi_ortholog,True
L1-enriched genes,Gm5169,SYCP3,mgi_ortholog,True
L1-enriched genes,Gm5218,,unmapped,False
L1-enriched genes,Gm5346,,unmapped,False
L1-enriched genes,Gm5422,,unmapped,False
L1-enriched genes,Gm5426,,unmapped,False
L1-enriched genes,Gm5519,,unmapped,False
L1-enriched genes,Gm5580,,unmapped,False
L1-enriched genes,Gm5689,,unmapped,False
L1-enriched genes,Gm5751,,unmapped,False
L1-enriched genes,Gm5771,,unmapped,False
L1-enriched genes,Gm5800,,unmapped,False
L1-enriched genes,Gm5849,S100A9,mgi_ortholog,True
L1-enriched genes,Gm5900,,unmapped,False
L1-enriched genes,Gm5935,SYCP3,mgi_ortholog,True
L1-enriched genes,Gm5938,,unmapped,False
L1-enriched genes,Gm5941,,unmapped,False
L1-enriched genes,Gm6121,SYCP3,mgi_ortholog,True
L1-enriched genes,Gm6358,,unmapped,False
L1-enriched genes,Gm6434,,unmapped,False
L1-enriched genes,Gm6460,,unmapped,False
L1-enriched genes,Gm6465,,unmapped,False
L1-enriched genes,Gm6576,,unmapped,False
L1-enriched genes,Gm6592,,unmapped,False
L1-enriched genes,Gm6763,,unmapped,False
L1-enriched genes,Gm6803,,unmapped,False
L1-enriched genes,Gm7120,,unmapped,False
L1-enriched genes,Gm7137,,unmapped,False
L1-enriched genes,Gm7247,,unmapped,False
L1-enriched genes,Gm7257,,unmapped,False
L1-enriched genes,Gm7293,,unmapped,False
L1-enriched genes,Gm7334,,unmapped,False
L1-enriched genes,Gm7714,,unmapped,False
L1-enriched genes,Gm7964,,unmapped,False
L1-enriched genes,Gm7995,,unmapped,False
L1-enriched genes,Gm8050,,unmapped,False
L1-enriched genes,Gm8265,,unmapped,False
L1-enriched genes,Gm8271,,unmapped,False
L1-enriched genes,Gm8857,,unmapped,False
L1-enriched genes,Gm8879,,unmapped,False
L1-enriched genes,Gm8922,,unmapped,False
L1-enriched genes,Gm8975,,unmapped,False
L1-enriched genes,Gm8994,,unmapped,False
L1-enriched genes,Gm94,C5orf46,mgi_ortholog,True
L1-enriched genes,Gm9493,,unmapped,False
L1-enriched genes,Gm9637,,unmapped,False
L1-enriched genes,Gm9726,,unmapped,False
L1-enriched genes,Gm9733,,unmapped,False
L1-enriched genes,Gm9774,,unmapped,False
L1-enriched genes,Gm9843,,unmapped,False
L1-enriched genes,Gm9847,,unmapped,False
L1-enriched genes,Gmnc,GMNC,mgi_ortholog,True
L1-enriched genes,Gnai1,GNAI1,mgi_ortholog,True
L1-enriched genes,Gp6,GP6,mgi_ortholog,True
L1-enriched genes,Gpm6a,GPM6A,mgi_ortholog,True
L1-enriched genes,Gpr174,GPR174,mgi_ortholog,True
L1-enriched genes,Gpr34,GPR34,mgi_ortholog,True
L1-enriched genes,Gpr89,,unmapped,False
L1-enriched genes,Grik2,GRIK2,mgi_ortholog,True
L1-enriched genes,Grip1,GRIP1,mgi_ortholog,True
L1-enriched genes,Grm5,GRM5,mgi_ortholog,True
L1-enriched genes,Grxcr1,GRXCR1,mgi_ortholog,True
L1-enriched genes,Gsdmc,GSDMC,mgi_ortholog,True
L1-enriched genes,Gsdmc3,GSDMC,mgi_ortholog,True
L1-enriched genes,Gstcd,GSTCD,mgi_ortholog,True
L1-enriched genes,Gstm2,,unmapped,False
L1-enriched genes,Gucy1a2,GUCY1A2,mgi_ortholog,True
L1-enriched genes,Gucy1a3,,unmapped,False
L1-enriched genes,Gzmf,,unmapped,False
L1-enriched genes,H2-M1,,unmapped,False
L1-enriched genes,H2-M9,,unmapped,False
L1-enriched genes,H2afb2,,unmapped,False
L1-enriched genes,H2afb3,,unmapped,False
L1-enriched genes,Haus3,HAUS3,mgi_ortholog,True
L1-enriched genes,Hcrtr2,HCRTR2,mgi_ortholog,True
L1-enriched genes,Hdhd1a,,unmapped,False
L1-enriched genes,Heatr1,HEATR1,mgi_ortholog,True
L1-enriched genes,Heph,HEPH,mgi_ortholog,True
L1-enriched genes,Hhla1,HHLA1,mgi_ortholog,True
L1-enriched genes,Hint3,HINT3,mgi_ortholog,True
L1-enriched genes,Hmcn1,HMCN1,mgi_ortholog,True
L1-enriched genes,Hook1,HOOK1,mgi_ortholog,True
L1-enriched genes,Hps3,HPS3,mgi_ortholog,True
L1-enriched genes,Hsf3,,unmapped,False
L1-enriched genes,Hspb3,HSPB3,mgi_ortholog,True
L1-enriched genes,Htr2c,HTR2C,mgi_ortholog,True
L1-enriched genes,Htr7,HTR7,mgi_ortholog,True
L1-enriched genes,Hyal6,HYAL6P,mgi_ortholog,True
L1-enriched genes,Ifi47,,unmapped,False
L1-enriched genes,Ifna4,IFNA4,symbol_upcase,True
L1-enriched genes,Ifnar1,IFNAR1,mgi_ortholog,True
L1-enriched genes,Ighv1-11,,unmapped,False
L1-enriched genes,Ighv1-12,,unmapped,False
L1-enriched genes,Ighv1-13,,unmapped,False
L1-enriched genes,Ighv1-16,,unmapped,False
L1-enriched genes,Ighv1-18,,unmapped,False
L1-enriched genes,Ighv1-19,,unmapped,False
L1-enriched genes,Ighv1-20,,unmapped,False
L1-enriched genes,Ighv1-22,,unmapped,False
L1-enriched genes,Ighv1-24,,unmapped,False
L1-enriched genes,Ighv1-34,,unmapped,False
L1-enriched genes,Ighv1-36,,unmapped,False
L1-enriched genes,Ighv1-37,,unmapped,False
L1-enriched genes,Ighv1-39,,unmapped,False
L1-enriched genes,Ighv1-42,,unmapped,False
L1-enriched genes,Ighv1-5,,unmapped,False
L1-enriched genes,Ighv1-54,,unmapped,False
L1-enriched genes,Ighv1-62-2,,unmapped,False
L1-enriched genes,Ighv1-63,,unmapped,False
L1-enriched genes,Ighv1-7,,unmapped,False
L1-enriched genes,Ighv1-71,,unmapped,False
L1-enriched genes,Ighv1-77,,unmapped,False
L1-enriched genes,Ighv1-81,,unmapped,False
L1-enriched genes,Ighv1-82,,unmapped,False
L1-enriched genes,Ighv1-84,,unmapped,False
L1-enriched genes,Ighv1-9,,unmapped,False
L1-enriched genes,Ighv10-1,IGHV3-73,mgi_ortholog,False
L1-enriched genes,Ighv11-1,,unmapped,False
L1-enriched genes,Ighv13-2,,unmapped,False
L1-enriched genes,Ighv2-2,,unmapped,False
L1-enriched genes,Ighv2-4,,unmapped,False
L1-enriched genes,Ighv2-5,,unmapped,False
L1-enriched genes,Ighv3-1,,unmapped,False
L1-enriched genes,Ighv3-4,,unmapped,False
L1-enriched genes,Ighv3-5,,unmapped,False
L1-enriched genes,Ighv5-12,,unmapped,False
L1-enriched genes,Ighv5-12-4,,unmapped,False
L1-enriched genes,Ighv5-4,,unmapped,False
L1-enriched genes,Ighv5-6,,unmapped,False
L1-enriched genes,Ighv5-9,,unmapped,False
L1-enriched genes,Ighv6-4,,unmapped,False
L1-enriched genes,Ighv6-5,,unmapped,False
L1-enriched genes,Ighv7-2,,unmapped,False
L1-enriched genes,Ighv8-11,,unmapped,False
L1-enriched genes,Ighv8-5,,unmapped,False
L1-enriched genes,Ighv8-8,,unmapped,False
L1-enriched genes,Igkv1-110,,unmapped,False
L1-enriched genes,Igkv1-117,,unmapped,False
L1-enriched genes,Igkv1-122,,unmapped,False
L1-enriched genes,Igkv1-132,,unmapped,False
L1-enriched genes,Igkv1-35,,unmapped,False
L1-enriched genes,Igkv1-88,,unmapped,False
L1-enriched genes,Igkv10-95,,unmapped,False
L1-enriched genes,Igkv12-38,IGKV1-27,mgi_ortholog,False
L1-enriched genes,Igkv12-44,,unmapped,False
L1-enriched genes,Igkv12-89,IGKV1-27,mgi_ortholog,False
L1-enriched genes,Igkv14-100,,unmapped,False
L1-enriched genes,Igkv17-121,IGKV5-2,mgi_ortholog,False
L1-enriched genes,Igkv17-127,IGKV5-2,mgi_ortholog,False
L1-enriched genes,Igkv2-112,,unmapped,False
L1-enriched genes,Igkv3-1,,unmapped,False
L1-enriched genes,Igkv3-4,,unmapped,False
L1-enriched genes,Igkv3-9,,unmapped,False
L1-enriched genes,Igkv4-53,,unmapped,False
L1-enriched genes,Igkv4-54,,unmapped,False
L1-enriched genes,Igkv4-55,,unmapped,False
L1-enriched genes,Igkv4-57,,unmapped,False
L1-enriched genes,Igkv4-57-1,,unmapped,False
L1-enriched genes,Igkv4-59,,unmapped,False
L1-enriched genes,Igkv4-61,,unmapped,False
L1-enriched genes,Igkv4-62,,unmapped,False
L1-enriched genes,Igkv4-63,,unmapped,False
L1-enriched genes,Igkv4-68,,unmapped,False
L1-enriched genes,Igkv4-69,IGKV1-27,mgi_ortholog,False
L1-enriched genes,Igkv4-70,IGKV1-27,mgi_ortholog,False
L1-enriched genes,Igkv4-71,,unmapped,False
L1-enriched genes,Igkv4-72,,unmapped,False
L1-enriched genes,Igkv4-74,,unmapped,False
L1-enriched genes,Igkv4-78,,unmapped,False
L1-enriched genes,Igkv4-79,,unmapped,False
L1-enriched genes,Igkv4-80,,unmapped,False
L1-enriched genes,Igkv4-86,,unmapped,False
L1-enriched genes,Igkv4-92,,unmapped,False
L1-enriched genes,Igkv5-37,IGKV6D-41,mgi_ortholog,False
L1-enriched genes,Igkv5-39,IGKV6D-41,mgi_ortholog,False
L1-enriched genes,Igkv5-45,,unmapped,False
L1-enriched genes,Igkv6-13,IGKV4-1,mgi_ortholog,False
L1-enriched genes,Igkv6-17,IGKV4-1,mgi_ortholog,False
L1-enriched genes,Igkv6-25,IGKV4-1,mgi_ortholog,False
L1-enriched genes,Igkv8-19,IGKV4-1,mgi_ortholog,False
L1-enriched genes,Igkv8-21,IGKV4-1,mgi_ortholog,False
L1-enriched genes,Igkv8-26,IGKV4-1,mgi_ortholog,False
L1-enriched genes,Igkv8-27,IGKV4-1,mgi_ortholog,False
L1-enriched genes,Igkv8-28,IGKV4-1,mgi_ortholog,False
L1-enriched genes,Igkv9-123,,unmapped,False
L1-enriched genes,Igkv9-129,,unmapped,False
L1-enriched genes,Iglj3,,unmapped,False
L1-enriched genes,Iglj3p,,unmapped,False
L1-enriched genes,Il12rb2,IL12RB2,mgi_ortholog,True
L1-enriched genes,Il1rap,IL1RAP,mgi_ortholog,True
L1-enriched genes,Il22ra2,IL22RA2,mgi_ortholog,True
L1-enriched genes,Immp2l,IMMP2L,mgi_ortholog,True
L1-enriched genes,Impact,IMPACT,mgi_ortholog,True
L1-enriched genes,Impg2,IMPG2,mgi_ortholog,True
L1-enriched genes,Inpp4b,INPP4B,mgi_ortholog,True
L1-enriched genes,Insl5,INSL5,mgi_ortholog,True
L1-enriched genes,Itln1,ITLN1,symbol_upcase,True
L1-enriched genes,Jade3,JADE3,mgi_ortholog,True
L1-enriched genes,Kap,,unmapped,False
L1-enriched genes,Katna1,KATNA1,mgi_ortholog,True
L1-enriched genes,Kbtbd3,KBTBD3,mgi_ortholog,True
L1-enriched genes,Kcnb2,KCNB2,mgi_ortholog,True
L1-enriched genes,Kcnmb2,KCNMB2,mgi_ortholog,True
L1-enriched genes,Kdm5d,KDM5D,mgi_ortholog,True
L1-enriched genes,Khdrbs2,KHDRBS2,mgi_ortholog,True
L1-enriched genes,Kir3dl1,KIR3DL1,symbol_upcase,True
L1-enriched genes,Klf12,KLF12,mgi_ortholog,True
L1-enriched genes,Klhl13,KLHL13,mgi_ortholog,True
L1-enriched genes,Klhl32,KLHL32,mgi_ortholog,True
L1-enriched genes,Klra17,,unmapped,False
L1-enriched genes,Klra2,,unmapped,False
L1-enriched genes,Klra8,,unmapped,False
L1-enriched genes,Klrd1,KLRD1,mgi_ortholog,True
L1-enriched genes,Krcc1,KRCC1,mgi_ortholog,True
L1-enriched genes,Krit1,KRIT1,mgi_ortholog,True
L1-enriched genes,Krt25,KRT25,mgi_ortholog,True
L1-enriched genes,Krtap19-2,KRTAP19-5,mgi_ortholog,True
L1-enriched genes,Krtap19-4,KRTAP19-3,mgi_ortholog,True
L1-enriched genes,Krtap31-1,,unmapped,False
L1-enriched genes,Krtap7-1,KRTAP7-1,mgi_ortholog,True
L1-enriched genes,Kynu,KYNU,mgi_ortholog,True
L1-enriched genes,L3mbtl4,L3MBTL4,mgi_ortholog,True
L1-enriched genes,Lair1,LAIR1,symbol_upcase,True
L1-enriched genes,Lamp3,LAMP3,mgi_ortholog,True
L1-enriched genes,Lce3a,LCE3A,symbol_upcase,True
L1-enriched genes,Lce3c,LCE3C,symbol_upcase,True
L1-enriched genes,Lce3d,LCE3D,symbol_upcase,True
L1-enriched genes,Lce3e,LCE3E,symbol_upcase,True
L1-enriched genes,Lce3f,,unmapped,False
L1-enriched genes,Lingo2,LINGO2,mgi_ortholog,True
L1-enriched genes,Lipi,LIPI,mgi_ortholog,True
L1-enriched genes,Lipk,LIPK,mgi_ortholog,True
L1-enriched genes,Lipo1,,unmapped,False
L1-enriched genes,Lipo4,,unmapped,False
L1-enriched genes,Lpar1,LPAR1,mgi_ortholog,True
L1-enriched genes,Lrfn5,LRFN5,mgi_ortholog,True
L1-enriched genes,Lrif1,LRIF1,mgi_ortholog,True
L1-enriched genes,Lrig2,LRIG2,mgi_ortholog,True
L1-enriched genes,Lrrcc1,LRRCC1,mgi_ortholog,True
L1-enriched genes,Lsmem1,LSMEM1,mgi_ortholog,True
L1-enriched genes,Luzp2,LUZP2,mgi_ortholog,True
L1-enriched genes,Ly6h,LY6H,mgi_ortholog,True
L1-enriched genes,Lyrm1,LYRM1,mgi_ortholog,True
L1-enriched genes,Macc1,MACC1,mgi_ortholog,True
L1-enriched genes,Magea1,MAGEA10,mgi_ortholog,True
L1-enriched genes,Magea2,MAGEA2,symbol_upcase,True
L1-enriched genes,Magea3,MAGEA10,mgi_ortholog,True
L1-enriched genes,Magea4,MAGEA4,symbol_upcase,True
L1-enriched genes,Magea5,,unmapped,False
L1-enriched genes,Magea8,MAGEA10,mgi_ortholog,True
L1-enriched genes,Mageb2,MAGEB2,symbol_upcase,True
L1-enriched genes,Magi2,MAGI2,mgi_ortholog,True
L1-enriched genes,Mbd5,MBD5,mgi_ortholog,True
L1-enriched genes,Mcee,MCEE,mgi_ortholog,True
L1-enriched genes,Mcf2,MCF2,mgi_ortholog,True
L1-enriched genes,Mcpt8,,unmapped,False
L1-enriched genes,Med30,MED30,mgi_ortholog,True
L1-enriched genes,Mef2a,MEF2A,mgi_ortholog,True
L1-enriched genes,Mettl14,METTL14,mgi_ortholog,True
L1-enriched genes,Mettl15,METTL15,symbol_upcase,True
L1-enriched genes,Mfap3l,MFAP3L,mgi_ortholog,True
L1-enriched genes,Mfsd6,MFSD6,mgi_ortholog,True
L1-enriched genes,Mib1,MIB1,mgi_ortholog,True
L1-enriched genes,Mkl2,,unmapped,False
L1-enriched genes,Mlip,MLIP,mgi_ortholog,True
L1-enriched genes,Mmp1a,MMP1,mgi_ortholog,True
L1-enriched genes,Mmp27,MMP27,mgi_ortholog,True
L1-enriched genes,Mmp7,MMP7,mgi_ortholog,True
L1-enriched genes,Mndal,,unmapped,False
L1-enriched genes,Mptx1,MPTX1,mgi_ortholog,False
L1-enriched genes,Mptx2,,unmapped,False
L1-enriched genes,Mrgpra1,,unmapped,False
L1-enriched genes,Mrgpra2a,,unmapped,False
L1-enriched genes,Mrgpra2b,,unmapped,False
L1-enriched genes,Mrgpra3,,unmapped,False
L1-enriched genes,Mrgpra6,,unmapped,False
L1-enriched genes,Mrgpra9,,unmapped,False
L1-enriched genes,Mrgprb1,MRGPRX2,mgi_ortholog,True
L1-enriched genes,Mrgprb2,MRGPRX2,mgi_ortholog,True
L1-enriched genes,Mrgprb3,,unmapped,False
L1-enriched genes,Mroh2b,MROH2B,mgi_ortholog,True
L1-enriched genes,Ms4a1,MS4A1,mgi_ortholog,True
L1-enriched genes,Ms4a12,MS4A12,mgi_ortholog,True
L1-enriched genes,Ms4a6d,,unmapped,False
L1-enriched genes,Ms4a8a,MS4A8,mgi_ortholog,True
L1-enriched genes,Mtmr10,MTMR10,mgi_ortholog,True
L1-enriched genes,Muc16,MUC16,mgi_ortholog,True
L1-enriched genes,Mug2,PZP,mgi_ortholog,True
L1-enriched genes,Mup1,,unmapped,False
L1-enriched genes,Mup12,,unmapped,False
L1-enriched genes,Mup21,,unmapped,False
L1-enriched genes,Mycs,MYCN,mgi_ortholog,True
L1-enriched genes,Myot,MYOT,mgi_ortholog,True
L1-enriched genes,Naaladl2,NAALADL2,mgi_ortholog,True
L1-enriched genes,Narfl,,unmapped,False
L1-enriched genes,Ndufa4,NDUFA4,symbol_upcase,True
L1-enriched genes,Nell1,NELL1,mgi_ortholog,True
L1-enriched genes,Nfu1,NFU1,mgi_ortholog,True
L1-enriched genes,Nkap,NKAP,mgi_ortholog,True
L1-enriched genes,Nlrp1b,NLRP1,mgi_ortholog,True
L1-enriched genes,Nlrp2,NLRP2,symbol_upcase,True
L1-enriched genes,Nlrp4b,NLRP4,mgi_ortholog,True
L1-enriched genes,Nlrp4c,NLRP4,mgi_ortholog,True
L1-enriched genes,Nlrp9a,NLRP9,mgi_ortholog,True
L1-enriched genes,Nlrp9b,NLRP9,mgi_ortholog,True
L1-enriched genes,Nox4,NOX4,mgi_ortholog,True
L1-enriched genes,Npsr1,NPSR1,mgi_ortholog,True
L1-enriched genes,Nrf1,NRF1,mgi_ortholog,True
L1-enriched genes,Nsun7,NSUN7,mgi_ortholog,True
L1-enriched genes,Nuf2,NUF2,mgi_ortholog,True
L1-enriched genes,Nxf7,,unmapped,False
L1-enriched genes,Nxph2,NXPH2,mgi_ortholog,True
L1-enriched genes,Nxt2,NXT2,mgi_ortholog,True
L1-enriched genes,Obox2,,unmapped,False
L1-enriched genes,Obox3,,unmapped,False
L1-enriched genes,Obp1a,,unmapped,False
L1-enriched genes,Ocrl,OCRL,mgi_ortholog,True
L1-enriched genes,Odf3b,ODF3B,symbol_upcase,True
L1-enriched genes,Olfr10,,unmapped,False
L1-enriched genes,Olfr1008,,unmapped,False
L1-enriched genes,Olfr1012,,unmapped,False
L1-enriched genes,Olfr1015,,unmapped,False
L1-enriched genes,Olfr1023,,unmapped,False
L1-enriched genes,Olfr1026,,unmapped,False
L1-enriched genes,Olfr1028,,unmapped,False
L1-enriched genes,Olfr103,,unmapped,False
L1-enriched genes,Olfr1031,,unmapped,False
L1-enriched genes,Olfr1032,,unmapped,False
L1-enriched genes,Olfr1048,,unmapped,False
L1-enriched genes,Olfr1053,,unmapped,False
L1-enriched genes,Olfr1054,,unmapped,False
L1-enriched genes,Olfr1066,,unmapped,False
L1-enriched genes,Olfr107,,unmapped,False
L1-enriched genes,Olfr1079,,unmapped,False
L1-enriched genes,Olfr108,,unmapped,False
L1-enriched genes,Olfr1082,,unmapped,False
L1-enriched genes,Olfr1084,,unmapped,False
L1-enriched genes,Olfr1089,,unmapped,False
L1-enriched genes,Olfr11,,unmapped,False
L1-enriched genes,Olfr1101,,unmapped,False
L1-enriched genes,Olfr1107,,unmapped,False
L1-enriched genes,Olfr1109,,unmapped,False
L1-enriched genes,Olfr1110,,unmapped,False
L1-enriched genes,Olfr1111,,unmapped,False
L1-enriched genes,Olfr1134,,unmapped,False
L1-enriched genes,Olfr115,,unmapped,False
L1-enriched genes,Olfr1157,,unmapped,False
L1-enriched genes,Olfr1158,,unmapped,False
L1-enriched genes,Olfr1166,,unmapped,False
L1-enriched genes,Olfr1168,,unmapped,False
L1-enriched genes,Olfr1178,,unmapped,False
L1-enriched genes,Olfr118,,unmapped,False
L1-enriched genes,Olfr1187-ps1,,unmapped,False
L1-enriched genes,Olfr1189,,unmapped,False
L1-enriched genes,Olfr120,,unmapped,False
L1-enriched genes,Olfr1208,,unmapped,False
L1-enriched genes,Olfr1219,,unmapped,False
L1-enriched genes,Olfr1226,,unmapped,False
L1-enriched genes,Olfr1232,,unmapped,False
L1-enriched genes,Olfr1239,,unmapped,False
L1-enriched genes,Olfr1241,,unmapped,False
L1-enriched genes,Olfr1247,,unmapped,False
L1-enriched genes,Olfr1250,,unmapped,False
L1-enriched genes,Olfr1257,,unmapped,False
L1-enriched genes,Olfr1258,,unmapped,False
L1-enriched genes,Olfr1261,,unmapped,False
L1-enriched genes,Olfr1262,,unmapped,False
L1-enriched genes,Olfr1272,,unmapped,False
L1-enriched genes,Olfr1290,,unmapped,False
L1-enriched genes,Olfr1294,,unmapped,False
L1-enriched genes,Olfr1298,,unmapped,False
L1-enriched genes,Olfr1306,,unmapped,False
L1-enriched genes,Olfr1307,,unmapped,False
L1-enriched genes,Olfr1308,,unmapped,False
L1-enriched genes,Olfr1313,,unmapped,False
L1-enriched genes,Olfr1314,,unmapped,False
L1-enriched genes,Olfr1316,,unmapped,False
L1-enriched genes,Olfr1320,,unmapped,False
L1-enriched genes,Olfr1335,,unmapped,False
L1-enriched genes,Olfr1336,,unmapped,False
L1-enriched genes,Olfr1348,,unmapped,False
L1-enriched genes,Olfr1351,,unmapped,False
L1-enriched genes,Olfr1354,,unmapped,False
L1-enriched genes,Olfr1355,,unmapped,False
L1-enriched genes,Olfr1357,,unmapped,False
L1-enriched genes,Olfr1383,,unmapped,False
L1-enriched genes,Olfr1385,,unmapped,False
L1-enriched genes,Olfr1386,,unmapped,False
L1-enriched genes,Olfr139,,unmapped,False
L1-enriched genes,Olfr1390,,unmapped,False
L1-enriched genes,Olfr1406,,unmapped,False
L1-enriched genes,Olfr1408,,unmapped,False
L1-enriched genes,Olfr1431,,unmapped,False
L1-enriched genes,Olfr1444,,unmapped,False
L1-enriched genes,Olfr1448,,unmapped,False
L1-enriched genes,Olfr1451,,unmapped,False
L1-enriched genes,Olfr1453,,unmapped,False
L1-enriched genes,Olfr146,,unmapped,False
L1-enriched genes,Olfr1465,,unmapped,False
L1-enriched genes,Olfr1491,,unmapped,False
L1-enriched genes,Olfr1495,,unmapped,False
L1-enriched genes,Olfr1501,,unmapped,False
L1-enriched genes,Olfr1502,,unmapped,False
L1-enriched genes,Olfr1504,,unmapped,False
L1-enriched genes,Olfr1509,,unmapped,False
L1-enriched genes,Olfr1513,,unmapped,False
L1-enriched genes,Olfr1537,,unmapped,False
L1-enriched genes,Olfr167,,unmapped,False
L1-enriched genes,Olfr170,,unmapped,False
L1-enriched genes,Olfr175-ps1,,unmapped,False
L1-enriched genes,Olfr18,,unmapped,False
L1-enriched genes,Olfr180,,unmapped,False
L1-enriched genes,Olfr181,,unmapped,False
L1-enriched genes,Olfr187,,unmapped,False
L1-enriched genes,Olfr198,,unmapped,False
L1-enriched genes,Olfr211,,unmapped,False
L1-enriched genes,Olfr218,,unmapped,False
L1-enriched genes,Olfr228,,unmapped,False
L1-enriched genes,Olfr235,,unmapped,False
L1-enriched genes,Olfr250,,unmapped,False
L1-enriched genes,Olfr262,,unmapped,False
L1-enriched genes,Olfr266,,unmapped,False
L1-enriched genes,Olfr290,,unmapped,False
L1-enriched genes,Olfr291,,unmapped,False
L1-enriched genes,Olfr293,,unmapped,False
L1-enriched genes,Olfr294,,unmapped,False
L1-enriched genes,Olfr295,,unmapped,False
L1-enriched genes,Olfr297,,unmapped,False
L1-enriched genes,Olfr299,,unmapped,False
L1-enriched genes,Olfr303,,unmapped,False
L1-enriched genes,Olfr304,,unmapped,False
L1-enriched genes,Olfr319,,unmapped,False
L1-enriched genes,Olfr328,,unmapped,False
L1-enriched genes,Olfr344,,unmapped,False
L1-enriched genes,Olfr350,,unmapped,False
L1-enriched genes,Olfr371,,unmapped,False
L1-enriched genes,Olfr38,,unmapped,False
L1-enriched genes,Olfr380,,unmapped,False
L1-enriched genes,Olfr381,,unmapped,False
L1-enriched genes,Olfr382,,unmapped,False
L1-enriched genes,Olfr384,,unmapped,False
L1-enriched genes,Olfr385,,unmapped,False
L1-enriched genes,Olfr39,,unmapped,False
L1-enriched genes,Olfr390,,unmapped,False
L1-enriched genes,Olfr401,,unmapped,False
L1-enriched genes,Olfr417,,unmapped,False
L1-enriched genes,Olfr437,,unmapped,False
L1-enriched genes,Olfr444,,unmapped,False
L1-enriched genes,Olfr448,,unmapped,False
L1-enriched genes,Olfr457,,unmapped,False
L1-enriched genes,Olfr474,,unmapped,False
L1-enriched genes,Olfr486,,unmapped,False
L1-enriched genes,Olfr487,,unmapped,False
L1-enriched genes,Olfr488,,unmapped,False
L1-enriched genes,Olfr494,,unmapped,False
L1-enriched genes,Olfr497,,unmapped,False
L1-enriched genes,Olfr503,,unmapped,False
L1-enriched genes,Olfr504,,unmapped,False
L1-enriched genes,Olfr507,,unmapped,False
L1-enriched genes,Olfr509,,unmapped,False
L1-enriched genes,Olfr510,,unmapped,False
L1-enriched genes,Olfr512,,unmapped,False
L1-enriched genes,Olfr527,,unmapped,False
L1-enriched genes,Olfr53,,unmapped,False
L1-enriched genes,Olfr533,,unmapped,False
L1-enriched genes,Olfr536,,unmapped,False
L1-enriched genes,Olfr549,,unmapped,False
L1-enriched genes,Olfr550,,unmapped,False
L1-enriched genes,Olfr555,,unmapped,False
L1-enriched genes,Olfr561,,unmapped,False
L1-enriched genes,Olfr57,,unmapped,False
L1-enriched genes,Olfr571,,unmapped,False
L1-enriched genes,Olfr572,,unmapped,False
L1-enriched genes,Olfr585,,unmapped,False
L1-enriched genes,Olfr593,,unmapped,False
L1-enriched genes,Olfr596,,unmapped,False
L1-enriched genes,Olfr600,,unmapped,False
L1-enriched genes,Olfr603,,unmapped,False
L1-enriched genes,Olfr609,,unmapped,False
L1-enriched genes,Olfr61,,unmapped,False
L1-enriched genes,Olfr612,,unmapped,False
L1-enriched genes,Olfr62,,unmapped,False
L1-enriched genes,Olfr631,,unmapped,False
L1-enriched genes,Olfr635,,unmapped,False
L1-enriched genes,Olfr638,,unmapped,False
L1-enriched genes,Olfr639,,unmapped,False
L1-enriched genes,Olfr657,,unmapped,False
L1-enriched genes,Olfr659,,unmapped,False
L1-enriched genes,Olfr667,,unmapped,False
L1-enriched genes,Olfr671,,unmapped,False
L1-enriched genes,Olfr697,,unmapped,False
L1-enriched genes,Olfr700,,unmapped,False
L1-enriched genes,Olfr709-ps1,,unmapped,False
L1-enriched genes,Olfr710,,unmapped,False
L1-enriched genes,Olfr721-ps1,,unmapped,False
L1-enriched genes,Olfr726,,unmapped,False
L1-enriched genes,Olfr736,,unmapped,False
L1-enriched genes,Olfr740,,unmapped,False
L1-enriched genes,Olfr743,,unmapped,False
L1-enriched genes,Olfr746,,unmapped,False
L1-enriched genes,Olfr747,,unmapped,False
L1-enriched genes,Olfr76,,unmapped,False
L1-enriched genes,Olfr770,,unmapped,False
L1-enriched genes,Olfr771,,unmapped,False
L1-enriched genes,Olfr773,,unmapped,False
L1-enriched genes,Olfr777,,unmapped,False
L1-enriched genes,Olfr781,,unmapped,False
L1-enriched genes,Olfr786,,unmapped,False
L1-enriched genes,Olfr787,,unmapped,False
L1-enriched genes,Olfr799,,unmapped,False
L1-enriched genes,Olfr8,,unmapped,False
L1-enriched genes,Olfr801,,unmapped,False
L1-enriched genes,Olfr804,,unmapped,False
L1-enriched genes,Olfr844,,unmapped,False
L1-enriched genes,Olfr846,,unmapped,False
L1-enriched genes,Olfr850,,unmapped,False
L1-enriched genes,Olfr853,,unmapped,False
L1-enriched genes,Olfr854,,unmapped,False
L1-enriched genes,Olfr855,,unmapped,False
L1-enriched genes,Olfr866,,unmapped,False
L1-enriched genes,Olfr869,,unmapped,False
L1-enriched genes,Olfr872,,unmapped,False
L1-enriched genes,Olfr881,,unmapped,False
L1-enriched genes,Olfr883,,unmapped,False
L1-enriched genes,Olfr884,,unmapped,False
L1-enriched genes,Olfr885,,unmapped,False
L1-enriched genes,Olfr888,,unmapped,False
L1-enriched genes,Olfr890,,unmapped,False
L1-enriched genes,Olfr912,,unmapped,False
L1-enriched genes,Olfr919,,unmapped,False
L1-enriched genes,Olfr93,,unmapped,False
L1-enriched genes,Olfr934,,unmapped,False
L1-enriched genes,Olfr935,,unmapped,False
L1-enriched genes,Olfr937,,unmapped,False
L1-enriched genes,Olfr938,,unmapped,False
L1-enriched genes,Olfr943,,unmapped,False
L1-enriched genes,Olfr944,,unmapped,False
L1-enriched genes,Olfr948,,unmapped,False
L1-enriched genes,Olfr951,,unmapped,False
L1-enriched genes,Olfr954,,unmapped,False
L1-enriched genes,Olfr957,,unmapped,False
L1-enriched genes,Olfr970,,unmapped,False
L1-enriched genes,Olfr98,,unmapped,False
L1-enriched genes,Olfr993,,unmapped,False
L1-enriched genes,Oosp1,OOSP1,mgi_ortholog,True
L1-enriched genes,Oosp2,OOSP2,mgi_ortholog,True
L1-enriched genes,Opn5,OPN5,mgi_ortholog,True
L1-enriched genes,Oprk1,OPRK1,mgi_ortholog,True
L1-enriched genes,Orc4,ORC4,mgi_ortholog,True
L1-enriched genes,Otc,OTC,mgi_ortholog,True
L1-enriched genes,Oxct1,OXCT1,mgi_ortholog,True
L1-enriched genes,Park2,,unmapped,False
L1-enriched genes,Parpbp,PARPBP,mgi_ortholog,True
L1-enriched genes,Pate2,PATE2,mgi_ortholog,True
L1-enriched genes,Pbp2,PEBP1,mgi_ortholog,True
L1-enriched genes,Pbsn,,unmapped,False
L1-enriched genes,Pcca,PCCA,mgi_ortholog,True
L1-enriched genes,Pcdh11x,PCDH11X,symbol_upcase,True
L1-enriched genes,Pcdh15,PCDH15,mgi_ortholog,True
L1-enriched genes,Pcdha4,PCDHA4,mgi_ortholog,True
L1-enriched genes,Pcdhb15,PCDHB7,mgi_ortholog,True
L1-enriched genes,Pcdhb8,PCDHB5,mgi_ortholog,True
L1-enriched genes,Pcdhga2,PCDHGA2,mgi_ortholog,True
L1-enriched genes,Pcna-ps2,,unmapped,False
L1-enriched genes,Pcp4,PCP4,mgi_ortholog,True
L1-enriched genes,Pdcd6ip,PDCD6IP,mgi_ortholog,True
L1-enriched genes,Pde1c,PDE1C,mgi_ortholog,True
L1-enriched genes,Pde3b,PDE3B,mgi_ortholog,True
L1-enriched genes,Pde6c,PDE6C,mgi_ortholog,True
L1-enriched genes,Pdzph1,PDZPH1P,mgi_ortholog,False
L1-enriched genes,Pex1,PEX1,mgi_ortholog,True
L1-enriched genes,Pex13,PEX13,mgi_ortholog,True
L1-enriched genes,Pfkfb1,PFKFB1,mgi_ortholog,True
L1-enriched genes,Pgk2,PGK2,mgi_ortholog,True
L1-enriched genes,Pglyrp3,PGLYRP3,mgi_ortholog,True
L1-enriched genes,Phf8,PHF8,mgi_ortholog,True
L1-enriched genes,Phka1,PHKA1,mgi_ortholog,True
L1-enriched genes,Phkb,PHKB,mgi_ortholog,True
L1-enriched genes,Picalm,PICALM,mgi_ortholog,True
L1-enriched genes,Pifo,PIFO,symbol_upcase,True
L1-enriched genes,Pira2,,unmapped,False
L1-enriched genes,Pmpcb,PMPCB,mgi_ortholog,True
L1-enriched genes,Pms1,PMS1,mgi_ortholog,True
L1-enriched genes,Pnpla8,PNPLA8,mgi_ortholog,True
L1-enriched genes,Pof1b,POF1B,mgi_ortholog,True
L1-enriched genes,Poli,POLI,mgi_ortholog,True
L1-enriched genes,Polk,POLK,mgi_ortholog,True
L1-enriched genes,Pomgnt2,POMGNT2,mgi_ortholog,True
L1-enriched genes,Pou5f2,POU5F2,mgi_ortholog,True
L1-enriched genes,Ppp1r3g,PPP1R3G,mgi_ortholog,True
L1-enriched genes,Pramef6,PRAMEF6,symbol_upcase,True
L1-enriched genes,Pramel3,,unmapped,False
L1-enriched genes,Pramel5,,unmapped,False
L1-enriched genes,Prcp,PRCP,mgi_ortholog,True
L1-enriched genes,Prelid2,PRELID2,mgi_ortholog,True
L1-enriched genes,Prkacb,PRKACB,mgi_ortholog,True
L1-enriched genes,Prkag2,PRKAG2,mgi_ortholog,True
L1-enriched genes,Prl2c2,,unmapped,False
L1-enriched genes,Prl2c3,,unmapped,False
L1-enriched genes,Prl2c5,,unmapped,False
L1-enriched genes,Prl7d1,,unmapped,False
L1-enriched genes,Prl8a1,,unmapped,False
L1-enriched genes,Prlr,PRLR,mgi_ortholog,True
L1-enriched genes,Prr5l,PRR5L,mgi_ortholog,True
L1-enriched genes,Prss1,PRSS1,symbol_upcase,True
L1-enriched genes,Prss12,PRSS12,mgi_ortholog,True
L1-enriched genes,Psg18,,unmapped,False
L1-enriched genes,Psg28,CEACAM21,mgi_ortholog,True
L1-enriched genes,Psma1,PSMA1,mgi_ortholog,True
L1-enriched genes,Pstk,PSTK,mgi_ortholog,True
L1-enriched genes,Ptar1,PTAR1,mgi_ortholog,True
L1-enriched genes,Ptcd3,PTCD3,mgi_ortholog,True
L1-enriched genes,Ptpn20,PTPN20,mgi_ortholog,True
L1-enriched genes,Ptx3,PTX3,mgi_ortholog,True
L1-enriched genes,Pwp1,PWP1,mgi_ortholog,True
L1-enriched genes,Pydc4,,unmapped,False
L1-enriched genes,Rab32,RAB32,mgi_ortholog,True
L1-enriched genes,Rbm11,RBM11,mgi_ortholog,True
L1-enriched genes,Rc3h1,RC3H1,mgi_ortholog,True
L1-enriched genes,Rcn2,RCN2,mgi_ortholog,True
L1-enriched genes,Rdh12,RDH12,mgi_ortholog,True
L1-enriched genes,Rdh9,RDH16,mgi_ortholog,True
L1-enriched genes,Reg3b,,unmapped,False
L1-enriched genes,Rftn1,RFTN1,mgi_ortholog,True
L1-enriched genes,Rfx8,RFX8,mgi_ortholog,True
L1-enriched genes,Rgs13,RGS13,mgi_ortholog,True
L1-enriched genes,Rgs6,RGS6,mgi_ortholog,True
L1-enriched genes,Rgs7bp,RGS7BP,mgi_ortholog,True
L1-enriched genes,Rhox10,RHOXF1,mgi_ortholog,True
L1-enriched genes,Rhox2e,,unmapped,False
L1-enriched genes,Rhox3c,RHOXF2B,mgi_ortholog,True
L1-enriched genes,Rhox7a,,unmapped,False
L1-enriched genes,Rhox7b,,unmapped,False
L1-enriched genes,Rit2,RIT2,mgi_ortholog,True
L1-enriched genes,Rmdn2,RMDN2,mgi_ortholog,True
L1-enriched genes,Rnf112,RNF112,mgi_ortholog,True
L1-enriched genes,Rnf13,RNF13,mgi_ortholog,True
L1-enriched genes,Rnf212,RNF212,mgi_ortholog,True
L1-enriched genes,Rnf24,RNF24,mgi_ortholog,True
L1-enriched genes,Rnls,RNLS,mgi_ortholog,True
L1-enriched genes,Rnmt,RNMT,mgi_ortholog,True
L1-enriched genes,Rp1,RP1,mgi_ortholog,True
L1-enriched genes,Rp2h,,unmapped,False
L1-enriched genes,Rpap2,RPAP2,mgi_ortholog,True
L1-enriched genes,Rpl13-ps3,,unmapped,False
L1-enriched genes,Rpl7a-ps3,,unmapped,False
L1-enriched genes,Rttn,RTTN,mgi_ortholog,True
L1-enriched genes,Samt1,,unmapped,False
L1-enriched genes,Samt4,,unmapped,False
L1-enriched genes,Scaper,SCAPER,mgi_ortholog,True
L1-enriched genes,Scgb1b2,,unmapped,False
L1-enriched genes,Scgb2a2,SCGB2A2,symbol_upcase,True
L1-enriched genes,Scin,SCIN,mgi_ortholog,True
L1-enriched genes,Scn7a,SCN7A,mgi_ortholog,True
L1-enriched genes,Sdr16c5,SDR16C5,mgi_ortholog,True
L1-enriched genes,Serpina10,SERPINA10,mgi_ortholog,True
L1-enriched genes,Serpinb3a,,unmapped,False
L1-enriched genes,Serpinb3b,,unmapped,False
L1-enriched genes,Serpinb3c,,unmapped,False
L1-enriched genes,Serpinb3d,,unmapped,False
L1-enriched genes,Serpinb9c,SERPINB9,mgi_ortholog,True
L1-enriched genes,Sgol2a,,unmapped,False
L1-enriched genes,Sh3bgrl,SH3BGRL,mgi_ortholog,True
L1-enriched genes,Sh3rf3,SH3RF3,mgi_ortholog,True
L1-enriched genes,Sim1,SIM1,mgi_ortholog,True
L1-enriched genes,Sirpb1c,,unmapped,False
L1-enriched genes,Sis,SI,mgi_ortholog,True
L1-enriched genes,Skint1,,unmapped,False
L1-enriched genes,Skint11,,unmapped,False
L1-enriched genes,Skint7,,unmapped,False
L1-enriched genes,Skint8,,unmapped,False
L1-enriched genes,Slc16a7,SLC16A7,mgi_ortholog,True
L1-enriched genes,Slc22a22,,unmapped,False
L1-enriched genes,Slc22a27,,unmapped,False
L1-enriched genes,Slc25a2,SLC25A2,mgi_ortholog,True
L1-enriched genes,Slc35a5,SLC35A5,mgi_ortholog,True
L1-enriched genes,Slc35f1,SLC35F1,mgi_ortholog,True
L1-enriched genes,Slc39a12,SLC39A12,mgi_ortholog,True
L1-enriched genes,Slc4a10,SLC4A10,mgi_ortholog,True
L1-enriched genes,Slc5a2,SLC5A2,mgi_ortholog,True
L1-enriched genes,Slc5a4a,SLC5A4,mgi_ortholog,True
L1-enriched genes,Slc7a12,,unmapped,False
L1-enriched genes,Slc7a2,SLC7A2,mgi_ortholog,True
L1-enriched genes,Slco1b2,,unmapped,False
L1-enriched genes,Slco6c1,SLCO6A1,mgi_ortholog,True
L1-enriched genes,Slco6d1,SLCO6A1,mgi_ortholog,True
L1-enriched genes,Slfn14,SLFN14,mgi_ortholog,True
L1-enriched genes,Slfn9,,unmapped,False
L1-enriched genes,Slx,SYCP3,mgi_ortholog,True
L1-enriched genes,Slxl1,,unmapped,False
L1-enriched genes,Sly,SYCP3,mgi_ortholog,True
L1-enriched genes,Smim10l2a,SMIM10L2A,symbol_upcase,True
L1-enriched genes,Smim8,SMIM8,mgi_ortholog,True
L1-enriched genes,Smn1,SMN1,symbol_upcase,True
L1-enriched genes,Smok2a,,unmapped,False
L1-enriched genes,Smok2b,,unmapped,False
L1-enriched genes,Smok3a,,unmapped,False
L1-enriched genes,Smok3b,,unmapped,False
L1-enriched genes,Smok3c,,unmapped,False
L1-enriched genes,Smr2,SMR3B,mgi_ortholog,True
L1-enriched genes,Smr3a,SMR3A,mgi_ortholog,True
L1-enriched genes,Sntg1,SNTG1,mgi_ortholog,True
L1-enriched genes,Snx13,SNX13,mgi_ortholog,True
L1-enriched genes,Soga3,SOGA3,symbol_upcase,True
L1-enriched genes,Spaca1,SPACA1,mgi_ortholog,True
L1-enriched genes,Spag6l,SPAG6,mgi_ortholog,True
L1-enriched genes,Spanxn4,SPANXN4,symbol_upcase,True
L1-enriched genes,Spata16,SPATA16,mgi_ortholog,True
L1-enriched genes,Spata22,SPATA22,mgi_ortholog,True
L1-enriched genes,Speer1,,unmapped,False
L1-enriched genes,Speer4b,,unmapped,False
L1-enriched genes,Spidr,SPIDR,mgi_ortholog,True
L1-enriched genes,Spin2d,,unmapped,False
L1-enriched genes,Spin4,SPIN4,mgi_ortholog,True
L1-enriched genes,Spink14,SPINK14,mgi_ortholog,True
L1-enriched genes,Spinkl,,unmapped,False
L1-enriched genes,Sprr2a2,,unmapped,False
L1-enriched genes,Sprr2a3,,unmapped,False
L1-enriched genes,Sprr2e,SPRR2E,symbol_upcase,True
L1-enriched genes,Sprr2g,SPRR2G,symbol_upcase,True
L1-enriched genes,Sprr2k,,unmapped,False
L1-enriched genes,Sprr3,SPRR3,mgi_ortholog,False
L1-enriched genes,Spt1,,unmapped,False
L1-enriched genes,Sptlc3,SPTLC3,mgi_ortholog,True
L1-enriched genes,Sri,SRI,mgi_ortholog,True
L1-enriched genes,Srsf7,SRSF7,mgi_ortholog,True
L1-enriched genes,Ssfa2,,unmapped,False
L1-enriched genes,Ssx9,,unmapped,False
L1-enriched genes,Ssxb5,,unmapped,False
L1-enriched genes,Stam,STAM,mgi_ortholog,True
L1-enriched genes,Stard6,STARD6,mgi_ortholog,True
L1-enriched genes,Stfa3,CSTA,mgi_ortholog,True
L1-enriched genes,Stk17b,STK17B,mgi_ortholog,True
L1-enriched genes,Stk33,STK33,mgi_ortholog,True
L1-enriched genes,Strn,STRN,mgi_ortholog,True
L1-enriched genes,Stxbp5l,STXBP5L,mgi_ortholog,True
L1-enriched genes,Sult1c2,SULT1C2,mgi_ortholog,True
L1-enriched genes,Sult2a1,SULT2A1,mgi_ortholog,True
L1-enriched genes,Sult2a3,SULT2A1,mgi_ortholog,True
L1-enriched genes,Sult2a4,SULT2A1,mgi_ortholog,True
L1-enriched genes,Sult2a5,SULT2A1,mgi_ortholog,True
L1-enriched genes,Sval1,,unmapped,False
L1-enriched genes,Sval3,,unmapped,False
L1-enriched genes,Svs2,,unmapped,False
L1-enriched genes,Svs3b,,unmapped,False
L1-enriched genes,Svs4,,unmapped,False
L1-enriched genes,Svs6,,unmapped,False
L1-enriched genes,Syce1,SYCE1,mgi_ortholog,True
L1-enriched genes,Sycp1,SYCP1,mgi_ortholog,True
L1-enriched genes,Sycp2,SYCP2,mgi_ortholog,True
L1-enriched genes,Syne2,SYNE2,mgi_ortholog,True
L1-enriched genes,Synpr,SYNPR,mgi_ortholog,True
L1-enriched genes,Syt10,SYT10,mgi_ortholog,True
L1-enriched genes,Taar7b,TAAR7P,mgi_ortholog,False
L1-enriched genes,Taar7f,TAAR7P,mgi_ortholog,False
L1-enriched genes,Taar8b,TAAR8,mgi_ortholog,True
L1-enriched genes,Tab3,TAB3,mgi_ortholog,True
L1-enriched genes,Tacr3,TACR3,mgi_ortholog,True
L1-enriched genes,Tars,,unmapped,False
L1-enriched genes,Tas2r107,TAS2R10,mgi_ortholog,True
L1-enriched genes,Tas2r113,TAS2R14,mgi_ortholog,True
L1-enriched genes,Tas2r114,TAS2R10,mgi_ortholog,True
L1-enriched genes,Tas2r115,TAS2R14,mgi_ortholog,True
L1-enriched genes,Tas2r122,,unmapped,False
L1-enriched genes,Tas2r123,TAS2R14,mgi_ortholog,True
L1-enriched genes,Tas2r136,,unmapped,False
L1-enriched genes,Tas2r144,TAS2R40,mgi_ortholog,True
L1-enriched genes,Tbpl2,TBPL2,mgi_ortholog,True
L1-enriched genes,Tc2n,TC2N,mgi_ortholog,True
L1-enriched genes,Tcaf2,TCAF2,symbol_upcase,True
L1-enriched genes,Tceal6,TCEAL6,symbol_upcase,True
L1-enriched genes,Tdpoz5,SPOP,mgi_ortholog,True
L1-enriched genes,Tek,TEK,mgi_ortholog,True
L1-enriched genes,Tex16,TEX16P,mgi_ortholog,False
L1-enriched genes,Tex28,TEX28,mgi_ortholog,True
L1-enriched genes,Tex30,TEX30,mgi_ortholog,True
L1-enriched genes,Tex9,TEX9,mgi_ortholog,True
L1-enriched genes,Tfpi2,TFPI2,mgi_ortholog,True
L1-enriched genes,Them4,THEM4,mgi_ortholog,True
L1-enriched genes,Tle1,TLE1,mgi_ortholog,True
L1-enriched genes,Tm2d3,TM2D3,mgi_ortholog,True
L1-enriched genes,Tmc2,TMC2,mgi_ortholog,True
L1-enriched genes,Tmco5b,TMCO5B,mgi_ortholog,True
L1-enriched genes,Tmem126a,TMEM126A,mgi_ortholog,True
L1-enriched genes,Tmem140,TMEM140,mgi_ortholog,True
L1-enriched genes,Tmem161b,TMEM161B,mgi_ortholog,True
L1-enriched genes,Tmem18,TMEM18,mgi_ortholog,True
L1-enriched genes,Tmem196,TMEM196,mgi_ortholog,True
L1-enriched genes,Tmem232,TMEM232,mgi_ortholog,True
L1-enriched genes,Tmem41a,TMEM41A,mgi_ortholog,True
L1-enriched genes,Tmem45a,TMEM45A,mgi_ortholog,True
L1-enriched genes,Tmem5,,unmapped,False
L1-enriched genes,Tmem52b,TMEM52B,mgi_ortholog,True
L1-enriched genes,Tmem68,TMEM68,mgi_ortholog,True
L1-enriched genes,Tmprss11d,TMPRSS11D,mgi_ortholog,True
L1-enriched genes,Tmprss11g,TMPRSS11GP,mgi_ortholog,True
L1-enriched genes,Tmprss15,TMPRSS15,mgi_ortholog,True
L1-enriched genes,Tmsb15b1,,unmapped,False
L1-enriched genes,Tmsb15l,,unmapped,False
L1-enriched genes,Tmx1,TMX1,mgi_ortholog,True
L1-enriched genes,Tor3a,TOR3A,mgi_ortholog,True
L1-enriched genes,Tpbpb,,unmapped,False
L1-enriched genes,Tpo,TPO,mgi_ortholog,True
L1-enriched genes,Tpsab1,TPSAB1,symbol_upcase,True
L1-enriched genes,Tpte,TPTE,symbol_upcase,True
L1-enriched genes,Trat1,TRAT1,mgi_ortholog,True
L1-enriched genes,Trav10d,,unmapped,False
L1-enriched genes,Trav10n,,unmapped,False
L1-enriched genes,Trav11,TRAV10,mgi_ortholog,False
L1-enriched genes,Trav11d,TRAV10,mgi_ortholog,False
L1-enriched genes,Trav12-1,TRAV18,mgi_ortholog,False
L1-enriched genes,Trav13n-4,TRAV22,mgi_ortholog,False
L1-enriched genes,Trav2,TRAV4,mgi_ortholog,False
L1-enriched genes,Trav3-3,TRAV5,mgi_ortholog,False
L1-enriched genes,Trav3d-3,TRAV5,mgi_ortholog,False
L1-enriched genes,Trav3n-3,TRAV5,mgi_ortholog,False
L1-enriched genes,Trav4-3,,unmapped,False
L1-enriched genes,Trav4d-3,,unmapped,False
L1-enriched genes,Trav4d-4,,unmapped,False
L1-enriched genes,Trav4n-3,,unmapped,False
L1-enriched genes,Trav4n-4,,unmapped,False
L1-enriched genes,Trav5-1,,unmapped,False
L1-enriched genes,Trav6-4,TRAV9-2,mgi_ortholog,False
L1-enriched genes,Trav6d-4,TRAV9-2,mgi_ortholog,False
L1-enriched genes,Trav7-2,,unmapped,False
L1-enriched genes,Trav7-3,,unmapped,False
L1-enriched genes,Trav7d-2,,unmapped,False
L1-enriched genes,Trav7d-3,,unmapped,False
L1-enriched genes,Trav7n-6,,unmapped,False
L1-enriched genes,Trav8-1,TRAV17,mgi_ortholog,False
L1-enriched genes,Trbv26,TRBV23-1,mgi_ortholog,False
L1-enriched genes,Trbv29,TRBV28,mgi_ortholog,False
L1-enriched genes,Trbv3,TRBV2,mgi_ortholog,False
L1-enriched genes,Trdj2,TRDJ3,mgi_ortholog,False
L1-enriched genes,Trdn,TRDN,mgi_ortholog,True
L1-enriched genes,Trdv2-1,,unmapped,False
L1-enriched genes,Trdv2-2,,unmapped,False
L1-enriched genes,Trim21,TRIM21,mgi_ortholog,True
L1-enriched genes,Trim30a,TRIM5,mgi_ortholog,True
L1-enriched genes,Trim30d,TRIM5,mgi_ortholog,True
L1-enriched genes,Trim34a,TRIM34,mgi_ortholog,True
L1-enriched genes,Triml1,TRIML1,mgi_ortholog,True
L1-enriched genes,Triqk,TRIQK,mgi_ortholog,True
L1-enriched genes,Trmt5,TRMT5,mgi_ortholog,True
L1-enriched genes,Trpc6,TRPC6,mgi_ortholog,True
L1-enriched genes,Trpv5,TRPV5,mgi_ortholog,True
L1-enriched genes,Try5,,unmapped,False
L1-enriched genes,Tsga10,TSGA10,mgi_ortholog,True
L1-enriched genes,Tshr,TSHR,mgi_ortholog,True
L1-enriched genes,Ttc19,TTC19,mgi_ortholog,True
L1-enriched genes,Txk,TXK,mgi_ortholog,True
L1-enriched genes,Tyr,TYR,mgi_ortholog,True
L1-enriched genes,Uba1y,,unmapped,False
L1-enriched genes,Ube2cbp,,unmapped,False
L1-enriched genes,Ube2d2b,,unmapped,False
L1-enriched genes,Ube3a,UBE3A,mgi_ortholog,True
L1-enriched genes,Ugt2a3,UGT2A3,mgi_ortholog,True
L1-enriched genes,Ugt2b1,,unmapped,False
L1-enriched genes,Ugt2b36,,unmapped,False
L1-enriched genes,Ugt3a1,UGT3A1,symbol_upcase,True
L1-enriched genes,Uqcrc2,UQCRC2,mgi_ortholog,True
L1-enriched genes,Urah,URAHP,mgi_ortholog,True
L1-enriched genes,Uty,UTY,mgi_ortholog,True
L1-enriched genes,V1rd19,,unmapped,False
L1-enriched genes,Vim,VIM,mgi_ortholog,True
L1-enriched genes,Vma21-ps,,unmapped,False
L1-enriched genes,Vmn1r12,VN1R5,mgi_ortholog,True
L1-enriched genes,Vmn1r126,,unmapped,False
L1-enriched genes,Vmn1r13,,unmapped,False
L1-enriched genes,Vmn1r168,,unmapped,False
L1-enriched genes,Vmn1r172,,unmapped,False
L1-enriched genes,Vmn1r173,,unmapped,False
L1-enriched genes,Vmn1r174,,unmapped,False
L1-enriched genes,Vmn1r177,,unmapped,False
L1-enriched genes,Vmn1r179,,unmapped,False
L1-enriched genes,Vmn1r18,VN1R5,mgi_ortholog,True
L1-enriched genes,Vmn1r180,,unmapped,False
L1-enriched genes,Vmn1r181,,unmapped,False
L1-enriched genes,Vmn1r183,,unmapped,False
L1-enriched genes,Vmn1r184,VN1R4,mgi_ortholog,True
L1-enriched genes,Vmn1r185,,unmapped,False
L1-enriched genes,Vmn1r200,,unmapped,False
L1-enriched genes,Vmn1r203,,unmapped,False
L1-enriched genes,Vmn1r215,,unmapped,False
L1-enriched genes,Vmn1r22,,unmapped,False
L1-enriched genes,Vmn1r226,,unmapped,False
L1-enriched genes,Vmn1r23,,unmapped,False
L1-enriched genes,Vmn1r230,VN1R4,mgi_ortholog,True
L1-enriched genes,Vmn1r231,VN1R3,mgi_ortholog,True
L1-enriched genes,Vmn1r232,,unmapped,False
L1-enriched genes,Vmn1r236,VN1R4,mgi_ortholog,True
L1-enriched genes,Vmn1r24,,unmapped,False
L1-enriched genes,Vmn1r26,VN1R5,mgi_ortholog,True
L1-enriched genes,Vmn1r28,VN1R5,mgi_ortholog,True
L1-enriched genes,Vmn1r48,VN1R17P,mgi_ortholog,False
L1-enriched genes,Vmn1r50,VN1R17P,mgi_ortholog,False
L1-enriched genes,Vmn1r53,VN1R17P,mgi_ortholog,False
L1-enriched genes,Vmn1r56,,unmapped,False
L1-enriched genes,Vmn1r67,,unmapped,False
L1-enriched genes,Vmn1r68,,unmapped,False
L1-enriched genes,Vmn1r69,,unmapped,False
L1-enriched genes,Vmn1r7,,unmapped,False
L1-enriched genes,Vmn1r72,,unmapped,False
L1-enriched genes,Vmn1r75,,unmapped,False
L1-enriched genes,Vmn1r76,,unmapped,False
L1-enriched genes,Vmn1r81,,unmapped,False
L1-enriched genes,Vmn1r86,,unmapped,False
L1-enriched genes,Vmn1r87,,unmapped,False
L1-enriched genes,Vmn1r89,,unmapped,False
L1-enriched genes,Vmn1r90,,unmapped,False
L1-enriched genes,Vmn2r-ps130,,unmapped,False
L1-enriched genes,Vmn2r10,,unmapped,False
L1-enriched genes,Vmn2r106,,unmapped,False
L1-enriched genes,Vmn2r113,,unmapped,False
L1-enriched genes,Vmn2r114,,unmapped,False
L1-enriched genes,Vmn2r115,,unmapped,False
L1-enriched genes,Vmn2r117,,unmapped,False
L1-enriched genes,Vmn2r118,,unmapped,False
L1-enriched genes,Vmn2r13,,unmapped,False
L1-enriched genes,Vmn2r15,,unmapped,False
L1-enriched genes,Vmn2r17,,unmapped,False
L1-enriched genes,Vmn2r18,,unmapped,False
L1-enriched genes,Vmn2r25,,unmapped,False
L1-enriched genes,Vmn2r26,,unmapped,False
L1-enriched genes,Vmn2r27,,unmapped,False
L1-enriched genes,Vmn2r28,,unmapped,False
L1-enriched genes,Vmn2r3,,unmapped,False
L1-enriched genes,Vmn2r30,,unmapped,False
L1-enriched genes,Vmn2r36,,unmapped,False
L1-enriched genes,Vmn2r39,,unmapped,False
L1-enriched genes,Vmn2r4,,unmapped,False
L1-enriched genes,Vmn2r40,,unmapped,False
L1-enriched genes,Vmn2r47,,unmapped,False
L1-enriched genes,Vmn2r48,,unmapped,False
L1-enriched genes,Vmn2r53,,unmapped,False
L1-enriched genes,Vmn2r55,,unmapped,False
L1-enriched genes,Vmn2r56,,unmapped,False
L1-enriched genes,Vmn2r57,,unmapped,False
L1-enriched genes,Vmn2r58,,unmapped,False
L1-enriched genes,Vmn2r59,,unmapped,False
L1-enriched genes,Vmn2r6,,unmapped,False
L1-enriched genes,Vmn2r60,,unmapped,False
L1-enriched genes,Vmn2r61,,unmapped,False
L1-enriched genes,Vmn2r65,,unmapped,False
L1-enriched genes,Vmn2r66,,unmapped,False
L1-enriched genes,Vmn2r67,,unmapped,False
L1-enriched genes,Vmn2r68,,unmapped,False
L1-enriched genes,Vmn2r69,,unmapped,False
L1-enriched genes,Vmn2r7,,unmapped,False
L1-enriched genes,Vmn2r72,,unmapped,False
L1-enriched genes,Vmn2r73,,unmapped,False
L1-enriched genes,Vmn2r77,,unmapped,False
L1-enriched genes,Vmn2r79,,unmapped,False
L1-enriched genes,Vmn2r80,,unmapped,False
L1-enriched genes,Vmn2r83,,unmapped,False
L1-enriched genes,Vmn2r90,,unmapped,False
L1-enriched genes,Vopp1,VOPP1,mgi_ortholog,True
L1-enriched genes,Vps4b,VPS4B,mgi_ortholog,True
L1-enriched genes,Vrk2,VRK2,mgi_ortholog,True
L1-enriched genes,Vsig4,VSIG4,mgi_ortholog,True
L1-enriched genes,Wdr3,WDR3,mgi_ortholog,True
L1-enriched genes,Wdr48,WDR48,mgi_ortholog,True
L1-enriched genes,Wdr49,WDR49,mgi_ortholog,True
L1-enriched genes,Wdr7,WDR7,mgi_ortholog,True
L1-enriched genes,Wdr78,,unmapped,False
L1-enriched genes,Wwp1,WWP1,mgi_ortholog,True
L1-enriched genes,Xlr,SYCP3,mgi_ortholog,True
L1-enriched genes,Xrcc4,XRCC4,mgi_ortholog,True
L1-enriched genes,Yars2,YARS2,mgi_ortholog,True
L1-enriched genes,Zbtb33,ZBTB33,mgi_ortholog,True
L1-enriched genes,Zc2hc1a,ZC2HC1A,mgi_ortholog,True
L1-enriched genes,Zc3h14,ZC3H14,mgi_ortholog,True
L1-enriched genes,Zc4h2,ZC4H2,mgi_ortholog,True
L1-enriched genes,Zdhhc15,ZDHHC15,mgi_ortholog,True
L1-enriched genes,Zfand4,ZFAND4,mgi_ortholog,True
L1-enriched genes,Zfp182,ZNF182,mgi_ortholog,True
L1-enriched genes,Zfp317,ZNF317,mgi_ortholog,True
L1-enriched genes,Zfp369,ZNF274,mgi_ortholog,True
L1-enriched genes,Zfp42,ZFP42,mgi_ortholog,True
L1-enriched genes,Zfp442,ZNF611,mgi_ortholog,True
L1-enriched genes,Zfp607,,unmapped,False
L1-enriched genes,Zfp626,,unmapped,False
L1-enriched genes,Zfp711,ZNF711,mgi_ortholog,True
L1-enriched genes,Zfp804b,ZNF804B,mgi_ortholog,True
L1-enriched genes,Zfp81,,unmapped,False
L1-enriched genes,Zfp850,ZNF780A,mgi_ortholog,True
L1-enriched genes,Zfp957,,unmapped,False
L1-enriched genes,Zfy1,,unmapped,False
L1-enriched genes,Zfy2,,unmapped,False
L1-enriched genes,Zhx1,ZHX1,mgi_ortholog,True
L1-enriched genes,Zpbp,ZPBP,mgi_ortholog,True
L1-enriched genes,Zscan18,ZSCAN18,mgi_ortholog,True
L1-enriched genes,Zscan30,ZSCAN30,mgi_ortholog,True
L1-enriched genes,Zufsp,,unmapped,False
Low-complexity-repeat-enriched genes,0610009L18Rik,,unmapped,False
Low-complexity-repeat-enriched genes,1110008F13Rik,,unmapped,False
Low-complexity-repeat-enriched genes,1110025L11Rik,,unmapped,False
Low-complexity-repeat-enriched genes,1110032F04Rik,C3orf80,mgi_ortholog,True
Low-complexity-repeat-enriched genes,1110037F02Rik,,unmapped,False
Low-complexity-repeat-enriched genes,1110059E24Rik,C9orf85,mgi_ortholog,True
Low-complexity-repeat-enriched genes,1190002N15Rik,,unmapped,False
Low-complexity-repeat-enriched genes,1190005I06Rik,,unmapped,False
Low-complexity-repeat-enriched genes,1700001L19Rik,,unmapped,False
Low-complexity-repeat-enriched genes,1700009N14Rik,RAN,mgi_ortholog,True
Low-complexity-repeat-enriched genes,1700025G04Rik,C1orf21,mgi_ortholog,True
Low-complexity-repeat-enriched genes,1700067K01Rik,C19orf67,mgi_ortholog,True
Low-complexity-repeat-enriched genes,1810049J17Rik,,unmapped,False
Low-complexity-repeat-enriched genes,2200002D01Rik,C19orf33,mgi_ortholog,True
Low-complexity-repeat-enriched genes,2310009B15Rik,C1orf53,mgi_ortholog,True
Low-complexity-repeat-enriched genes,2310022B05Rik,C1orf198,mgi_ortholog,True
Low-complexity-repeat-enriched genes,2310033P09Rik,C1orf35,mgi_ortholog,True
Low-complexity-repeat-enriched genes,2510009E07Rik,C3orf70,mgi_ortholog,True
Low-complexity-repeat-enriched genes,2700081O15Rik,,unmapped,False
Low-complexity-repeat-enriched genes,2810403A07Rik,,unmapped,False
Low-complexity-repeat-enriched genes,3110021N24Rik,,unmapped,False
Low-complexity-repeat-enriched genes,42069,,unmapped,False
Low-complexity-repeat-enriched genes,42070,,unmapped,False
Low-complexity-repeat-enriched genes,42072,,unmapped,False
Low-complexity-repeat-enriched genes,42074,,unmapped,False
Low-complexity-repeat-enriched genes,42252,,unmapped,False
Low-complexity-repeat-enriched genes,42256,,unmapped,False
Low-complexity-repeat-enriched genes,42258,,unmapped,False
Low-complexity-repeat-enriched genes,4732456N10Rik,,unmapped,False
Low-complexity-repeat-enriched genes,4921511H03Rik,,unmapped,False
Low-complexity-repeat-enriched genes,4930402K13Rik,,unmapped,False
Low-complexity-repeat-enriched genes,4930415L06Rik,,unmapped,False
Low-complexity-repeat-enriched genes,4930452B06Rik,,unmapped,False
Low-complexity-repeat-enriched genes,4930507D05Rik,,unmapped,False
Low-complexity-repeat-enriched genes,4930523C07Rik,KIAA0040,mgi_ortholog,True
Low-complexity-repeat-enriched genes,4930535I16Rik,,unmapped,False
Low-complexity-repeat-enriched genes,4930567H17Rik,,unmapped,False
Low-complexity-repeat-enriched genes,4932431P20Rik,,unmapped,False
Low-complexity-repeat-enriched genes,4933402E13Rik,,unmapped,False
Low-complexity-repeat-enriched genes,4933408J17Rik,,unmapped,False
Low-complexity-repeat-enriched genes,4933409G03Rik,,unmapped,False
Low-complexity-repeat-enriched genes,4933416C03Rik,,unmapped,False
Low-complexity-repeat-enriched genes,4933428M09Rik,,unmapped,False
Low-complexity-repeat-enriched genes,5031439G07Rik,KIAA0930,mgi_ortholog,True
Low-complexity-repeat-enriched genes,5330417C22Rik,,unmapped,False
Low-complexity-repeat-enriched genes,5730508B09Rik,,unmapped,False
Low-complexity-repeat-enriched genes,6030445D17Rik,,unmapped,False
Low-complexity-repeat-enriched genes,6030498E09Rik,,unmapped,False
Low-complexity-repeat-enriched genes,6330403A02Rik,,unmapped,False
Low-complexity-repeat-enriched genes,A330017A19Rik,,unmapped,False
Low-complexity-repeat-enriched genes,A330050F15Rik,,unmapped,False
Low-complexity-repeat-enriched genes,A530084C06Rik,,unmapped,False
Low-complexity-repeat-enriched genes,A630073D07Rik,,unmapped,False
Low-complexity-repeat-enriched genes,A830080D01Rik,,unmapped,False
Low-complexity-repeat-enriched genes,AI118078,,unmapped,False
Low-complexity-repeat-enriched genes,AI593442,C11orf87,mgi_ortholog,True
Low-complexity-repeat-enriched genes,AI661453,C6orf132,mgi_ortholog,True
Low-complexity-repeat-enriched genes,Aak1,AAK1,mgi_ortholog,True
Low-complexity-repeat-enriched genes,Aamdc,AAMDC,mgi_ortholog,True
Low-complexity-repeat-enriched genes,Abca2,ABCA2,mgi_ortholog,True
Low-complexity-repeat-enriched genes,Abcc4,ABCC4,mgi_ortholog,True
Low-complexity-repeat-enriched genes,Abcc8,ABCC8,mgi_ortholog,True
Low-complexity-repeat-enriched genes,Abcg8,ABCG8,mgi_ortholog,True
Low-complexity-repeat-enriched genes,Abhd17a,ABHD17A,mgi_ortholog,True
Low-complexity-repeat-enriched genes,Abhd17b,ABHD17B,mgi_ortholog,True
Low-complexity-repeat-enriched genes,Abhd17c,ABHD17C,mgi_ortholog,True
Low-complexity-repeat-enriched genes,Abi2,ABI2,mgi_ortholog,True
Low-complexity-repeat-enriched genes,Acadl,ACADL,mgi_ortholog,True
Low-complexity-repeat-enriched genes,Acbd3,ACBD3,mgi_ortholog,True
Low-complexity-repeat-enriched genes,Ache,ACHE,mgi_ortholog,True
Low-complexity-repeat-enriched genes,Acin1,ACIN1,mgi_ortholog,True
Low-complexity-repeat-enriched genes,Acsl6,ACSL6,mgi_ortholog,True
Low-complexity-repeat-enriched genes,Acss3,ACSS3,mgi_ortholog,True
Low-complexity-repeat-enriched genes,Actg1,ACTG1,mgi_ortholog,True
Low-complexity-repeat-enriched genes,Actl6a,ACTL6A,mgi_ortholog,True
Low-complexity-repeat-enriched genes,Actn2,ACTN2,mgi_ortholog,True
Low-complexity-repeat-enriched genes,Actr10,ACTR10,mgi_ortholog,True
Low-complexity-repeat-enriched genes,Actr5,ACTR5,mgi_ortholog,True
Low-complexity-repeat-enriched genes,Acvr1,ACVR1,mgi_ortholog,True
Low-complexity-repeat-enriched genes,Acvr1b,ACVR1B,mgi_ortholog,True
Low-complexity-repeat-enriched genes,Acvr2a,ACVR2A,mgi_ortholog,True
Low-complexity-repeat-enriched genes,Acvr2b,ACVR2B,mgi_ortholog,True
Low-complexity-repeat-enriched genes,Adam11,ADAM11,mgi_ortholog,True
Low-complexity-repeat-enriched genes,Adam23,ADAM23,mgi_ortholog,True
Low-complexity-repeat-enriched genes,Adamts16,ADAMTS16,mgi_ortholog,True
Low-complexity-repeat-enriched genes,Adamts7,ADAMTS7,mgi_ortholog,True
Low-complexity-repeat-enriched genes,Adap1,ADAP1,mgi_ortholog,True
Low-complexity-repeat-enriched genes,Adcy2,ADCY2,mgi_ortholog,True
Low-complexity-repeat-enriched genes,Add2,ADD2,mgi_ortholog,True
Low-complexity-repeat-enriched genes,Adgra2,ADGRA2,mgi_ortholog,True
Low-complexity-repeat-enriched genes,Adgrb1,ADGRB1,mgi_ortholog,True
Low-complexity-repeat-enriched genes,Adgrg6,ADGRG6,mgi_ortholog,True
Low-complexity-repeat-enriched genes,Adgrl3,ADGRL3,mgi_ortholog,True
Low-complexity-repeat-enriched genes,Adipor2,ADIPOR2,mgi_ortholog,True
Low-complexity-repeat-enriched genes,Adnp,ADNP,mgi_ortholog,True
Low-complexity-repeat-enriched genes,Adprhl2,,unmapped,False
Low-complexity-repeat-enriched genes,Adra1a,ADRA1A,mgi_ortholog,True
Low-complexity-repeat-enriched genes,Adra2a,ADRA2A,mgi_ortholog,True
Low-complexity-repeat-enriched genes,Adra2c,ADRA2C,mgi_ortholog,True
Low-complexity-repeat-enriched genes,Adrbk1,,unmapped,False
Low-complexity-repeat-enriched genes,Aebp1,AEBP1,mgi_ortholog,True
Low-complexity-repeat-enriched genes,Aebp2,AEBP2,mgi_ortholog,True
Low-complexity-repeat-enriched genes,Aes,,unmapped,False
Low-complexity-repeat-enriched genes,Aff2,AFF2,mgi_ortholog,True
Low-complexity-repeat-enriched genes,Aff3,AFF3,mgi_ortholog,True
Low-complexity-repeat-enriched genes,Aftph,AFTPH,mgi_ortholog,True
Low-complexity-repeat-enriched genes,Agap3,AGAP3,mgi_ortholog,True
Low-complexity-repeat-enriched genes,Agfg1,AGFG1,mgi_ortholog,True
Low-complexity-repeat-enriched genes,Ago1,AGO1,mgi_ortholog,True
Low-complexity-repeat-enriched genes,Ago4,AGO4,mgi_ortholog,True
Low-complexity-repeat-enriched genes,Agpat2,AGPAT2,mgi_ortholog,True
Low-complexity-repeat-enriched genes,Agpat3,AGPAT3,mgi_ortholog,True
Low-complexity-repeat-enriched genes,Agpat5,AGPAT5,mgi_ortholog,True
Low-complexity-repeat-enriched genes,Agps,AGPS,mgi_ortholog,True
Low-complexity-repeat-enriched genes,Agtpbp1,AGTPBP1,mgi_ortholog,True
Low-complexity-repeat-enriched genes,Ahcyl1,AHCYL1,mgi_ortholog,True
Low-complexity-repeat-enriched genes,Ahcyl2,AHCYL2,mgi_ortholog,True
Low-complexity-repeat-enriched genes,Ahsa2,AHSA2P,mgi_ortholog,True
Low-complexity-repeat-enriched genes,Aifm3,AIFM3,mgi_ortholog,True
Low-complexity-repeat-enriched genes,Ajap1,AJAP1,mgi_ortholog,True
Low-complexity-repeat-enriched genes,Akap10,AKAP10,mgi_ortholog,True
Low-complexity-repeat-enriched genes,Akt1,AKT1,mgi_ortholog,True
Low-complexity-repeat-enriched genes,Akt3,AKT3,mgi_ortholog,True
Low-complexity-repeat-enriched genes,Aldh1a2,ALDH1A2,mgi_ortholog,True
Low-complexity-repeat-enriched genes,Aldh2,ALDH2,mgi_ortholog,True
Low-complexity-repeat-enriched genes,Alg1,ALG1,symbol_upcase,True
Low-complexity-repeat-enriched genes,Alpk3,ALPK3,mgi_ortholog,True
Low-complexity-repeat-enriched genes,Alx3,ALX3,mgi_ortholog,True
Low-complexity-repeat-enriched genes,Alyref,ALYREF,mgi_ortholog,True
Low-complexity-repeat-enriched genes,Amer1,AMER1,mgi_ortholog,True
Low-complexity-repeat-enriched genes,Amer2,AMER2,mgi_ortholog,True
Low-complexity-repeat-enriched genes,Amfr,AMFR,mgi_ortholog,True
Low-complexity-repeat-enriched genes,Amigo2,AMIGO2,mgi_ortholog,True
Low-complexity-repeat-enriched genes,Amph,AMPH,mgi_ortholog,True
Low-complexity-repeat-enriched genes,Angptl1,ANGPTL1,mgi_ortholog,True
Low-complexity-repeat-enriched genes,Ank,ANKH,mgi_ortholog,True
Low-complexity-repeat-enriched genes,Ank1,ANK1,mgi_ortholog,True
Low-complexity-repeat-enriched genes,Ank3,ANK3,mgi_ortholog,True
Low-complexity-repeat-enriched genes,Ankhd1,ANKHD1,symbol_upcase,True
Low-complexity-repeat-enriched genes,Ankle2,ANKLE2,mgi_ortholog,True
Low-complexity-repeat-enriched genes,Ankrd11,ANKRD11,mgi_ortholog,True
Low-complexity-repeat-enriched genes,Ankrd12,ANKRD12,mgi_ortholog,True
Low-complexity-repeat-enriched genes,Ankrd13a,ANKRD13A,mgi_ortholog,True
Low-complexity-repeat-enriched genes,Ankrd13b,ANKRD13B,mgi_ortholog,True
Low-complexity-repeat-enriched genes,Ankrd13c,ANKRD13C,mgi_ortholog,True
Low-complexity-repeat-enriched genes,Ankrd17,ANKRD17,mgi_ortholog,True
Low-complexity-repeat-enriched genes,Ankrd33b,ANKRD33B,mgi_ortholog,True
Low-complexity-repeat-enriched genes,Ankrd40,ANKRD40,mgi_ortholog,True
Low-complexity-repeat-enriched genes,Ankrd50,ANKRD50,mgi_ortholog,True
Low-complexity-repeat-enriched genes,Ankrd52,ANKRD52,mgi_ortholog,True
Low-complexity-repeat-enriched genes,Ankrd6,ANKRD6,mgi_ortholog,True
Low-complexity-repeat-enriched genes,Anks1b,ANKS1B,mgi_ortholog,True
Low-complexity-repeat-enriched genes,Anks6,ANKS6,mgi_ortholog,True
Low-complexity-repeat-enriched genes,Ano6,ANO6,mgi_ortholog,True
Low-complexity-repeat-enriched genes,Anp32a,ANP32A,symbol_upcase,True
Low-complexity-repeat-enriched genes,Anp32b,ANP32B,mgi_ortholog,True
Low-complexity-repeat-enriched genes,Anp32e,ANP32E,mgi_ortholog,True
Low-complexity-repeat-enriched genes,Antxrl,ANTXRL,mgi_ortholog,True
Low-complexity-repeat-enriched genes,Ap1s2,AP1S2,mgi_ortholog,True
Low-complexity-repeat-enriched genes,Ap2b1,AP2B1,mgi_ortholog,True
Low-complexity-repeat-enriched genes,Ap3b1,AP3B1,mgi_ortholog,True
Low-complexity-repeat-enriched genes,Ap3s1,AP3S1,mgi_ortholog,True
Low-complexity-repeat-enriched genes,Apba1,APBA1,mgi_ortholog,True
Low-complexity-repeat-enriched genes,Apcdd1,APCDD1,mgi_ortholog,True
Low-complexity-repeat-enriched genes,App,APP,mgi_ortholog,True
Low-complexity-repeat-enriched genes,Aqp2,AQP2,mgi_ortholog,True
Low-complexity-repeat-enriched genes,Aqp5,AQP5,mgi_ortholog,True
Low-complexity-repeat-enriched genes,Ar,AR,mgi_ortholog,True
Low-complexity-repeat-enriched genes,Arap1,ARAP1,mgi_ortholog,True
Low-complexity-repeat-enriched genes,Areg,AREG,mgi_ortholog,True
Low-complexity-repeat-enriched genes,Arf5,ARF5,mgi_ortholog,True
Low-complexity-repeat-enriched genes,Arfgef1,ARFGEF1,mgi_ortholog,True
Low-complexity-repeat-enriched genes,Arfgef2,ARFGEF2,mgi_ortholog,True
Low-complexity-repeat-enriched genes,Arfrp1,ARFRP1,mgi_ortholog,True
Low-complexity-repeat-enriched genes,Arglu1,ARGLU1,mgi_ortholog,True
Low-complexity-repeat-enriched genes,Arhgap17,ARHGAP17,mgi_ortholog,True
Low-complexity-repeat-enriched genes,Arhgap21,ARHGAP21,mgi_ortholog,True
Low-complexity-repeat-enriched genes,Arhgap23,ARHGAP23,mgi_ortholog,True
Low-complexity-repeat-enriched genes,Arhgap24,ARHGAP24,mgi_ortholog,True
Low-complexity-repeat-enriched genes,Arhgap29,ARHGAP29,mgi_ortholog,True
Low-complexity-repeat-enriched genes,Arhgap35,ARHGAP35,mgi_ortholog,True
Low-complexity-repeat-enriched genes,Arhgdia,ARHGDIA,mgi_ortholog,True
Low-complexity-repeat-enriched genes,Arhgdig,ARHGDIG,mgi_ortholog,True
Low-complexity-repeat-enriched genes,Arhgef1,ARHGEF1,mgi_ortholog,True
Low-complexity-repeat-enriched genes,Arhgef10,ARHGEF10,mgi_ortholog,True
Low-complexity-repeat-enriched genes,Arhgef2,ARHGEF2,mgi_ortholog,True
Low-complexity-repeat-enriched genes,Arhgef33,ARHGEF33,mgi_ortholog,True
Low-complexity-repeat-enriched genes,Arhgef40,ARHGEF40,mgi_ortholog,True
Low-complexity-repeat-enriched genes,Arhgef7,ARHGEF7,mgi_ortholog,True
Low-complexity-repeat-enriched genes,Arhgef9,ARHGEF9,mgi_ortholog,True
Low-complexity-repeat-enriched genes,Arid1a,ARID1A,mgi_ortholog,True
Low-complexity-repeat-enriched genes,Arid1b,ARID1B,mgi_ortholog,True
Low-complexity-repeat-enriched genes,Arid2,ARID2,mgi_ortholog,True
Low-complexity-repeat-enriched genes,Arid3b,ARID3B,mgi_ortholog,True
Low-complexity-repeat-enriched genes,Arid4b,ARID4B,mgi_ortholog,True
Low-complexity-repeat-enriched genes,Arih1,ARIH1,mgi_ortholog,True
Low-complexity-repeat-enriched genes,Arih2,ARIH2,mgi_ortholog,True
Low-complexity-repeat-enriched genes,Arl13b,ARL13B,mgi_ortholog,True
Low-complexity-repeat-enriched genes,Arl3,ARL3,mgi_ortholog,True
Low-complexity-repeat-enriched genes,Arl4a,ARL4A,mgi_ortholog,True
Low-complexity-repeat-enriched genes,Arl6ip4,ARL6IP4,mgi_ortholog,True
Low-complexity-repeat-enriched genes,Arl9,ARL9,mgi_ortholog,True
Low-complexity-repeat-enriched genes,Armcx4,ARMCX4,mgi_ortholog,True
Low-complexity-repeat-enriched genes,Armcx5,ARMCX5,mgi_ortholog,True
Low-complexity-repeat-enriched genes,Arxes1,,unmapped,False
Low-complexity-repeat-enriched genes,Arxes2,,unmapped,False
Low-complexity-repeat-enriched genes,Asap1,ASAP1,mgi_ortholog,True
Low-complexity-repeat-enriched genes,Ascc2,ASCC2,mgi_ortholog,True
Low-complexity-repeat-enriched genes,Asf1a,ASF1A,mgi_ortholog,True
Low-complexity-repeat-enriched genes,Asmt,ASMT,mgi_ortholog,True
Low-complexity-repeat-enriched genes,Aspa,ASPA,mgi_ortholog,True
Low-complexity-repeat-enriched genes,Aspscr1,ASPSCR1,mgi_ortholog,True
Low-complexity-repeat-enriched genes,Astn1,ASTN1,mgi_ortholog,True
Low-complexity-repeat-enriched genes,Ate1,ATE1,mgi_ortholog,True
Low-complexity-repeat-enriched genes,Atmin,ATMIN,mgi_ortholog,True
Low-complexity-repeat-enriched genes,Atn1,ATN1,mgi_ortholog,True
Low-complexity-repeat-enriched genes,Atoh7,ATOH7,mgi_ortholog,True
Low-complexity-repeat-enriched genes,Atp11a,ATP11A,mgi_ortholog,True
Low-complexity-repeat-enriched genes,Atp11c,ATP11C,mgi_ortholog,True
Low-complexity-repeat-enriched genes,Atp1a1,ATP1A1,mgi_ortholog,True
Low-complexity-repeat-enriched genes,Atp2a2,ATP2A2,mgi_ortholog,True
Low-complexity-repeat-enriched genes,Atp2b2,ATP2B2,mgi_ortholog,True
Low-complexity-repeat-enriched genes,Atp2b4,ATP2B4,mgi_ortholog,True
Low-complexity-repeat-enriched genes,Atp2c1,ATP2C1,mgi_ortholog,True
Low-complexity-repeat-enriched genes,Atp5h,,unmapped,False
Low-complexity-repeat-enriched genes,Atp6v0a2,ATP6V0A2,mgi_ortholog,True
Low-complexity-repeat-enriched genes,Atp8b2,ATP8B2,mgi_ortholog,True
Low-complexity-repeat-enriched genes,Atp9a,ATP9A,mgi_ortholog,True
Low-complexity-repeat-enriched genes,Atrx,ATRX,mgi_ortholog,True
Low-complexity-repeat-enriched genes,Atxn2,ATXN2,mgi_ortholog,True
Low-complexity-repeat-enriched genes,Atxn7,ATXN7,mgi_ortholog,True
Low-complexity-repeat-enriched genes,Atxn7l3,ATXN7L3,mgi_ortholog,True
Low-complexity-repeat-enriched genes,Atxn7l3b,ATXN7L3B,mgi_ortholog,True
Low-complexity-repeat-enriched genes,Aup1,AUP1,mgi_ortholog,True
Low-complexity-repeat-enriched genes,Auts2,AUTS2,mgi_ortholog,True
Low-complexity-repeat-enriched genes,Azin2,AZIN2,mgi_ortholog,True
Low-complexity-repeat-enriched genes,B3galnt1,B3GALNT1,mgi_ortholog,True
Low-complexity-repeat-enriched genes,B430203G13Rik,,unmapped,False
Low-complexity-repeat-enriched genes,B630005N14Rik,,unmapped,False
Low-complexity-repeat-enriched genes,B630019K06Rik,,unmapped,False
Low-complexity-repeat-enriched genes,B930041F14Rik,,unmapped,False
Low-complexity-repeat-enriched genes,B930094E09Rik,,unmapped,False
Low-complexity-repeat-enriched genes,BB019430,,unmapped,False
Low-complexity-repeat-enriched genes,BC005561,,unmapped,False
Low-complexity-repeat-enriched genes,BC022687,,unmapped,False
Low-complexity-repeat-enriched genes,BC027231,,unmapped,False
Low-complexity-repeat-enriched genes,BC030336,,unmapped,False
Low-complexity-repeat-enriched genes,Bach2,BACH2,mgi_ortholog,True
Low-complexity-repeat-enriched genes,Bahcc1,BAHCC1,mgi_ortholog,True
Low-complexity-repeat-enriched genes,Bahd1,BAHD1,mgi_ortholog,True
Low-complexity-repeat-enriched genes,Baiap2,BAIAP2,mgi_ortholog,True
Low-complexity-repeat-enriched genes,Bank1,BANK1,mgi_ortholog,True
Low-complexity-repeat-enriched genes,Barhl1,BARHL1,mgi_ortholog,True
Low-complexity-repeat-enriched genes,Barx1,BARX1,mgi_ortholog,True
Low-complexity-repeat-enriched genes,Basp1,BASP1,mgi_ortholog,True
Low-complexity-repeat-enriched genes,Batf3,BATF3,mgi_ortholog,True
Low-complexity-repeat-enriched genes,Baz1a,BAZ1A,mgi_ortholog,True
Low-complexity-repeat-enriched genes,Baz2a,BAZ2A,mgi_ortholog,True
Low-complexity-repeat-enriched genes,Bbc3,BBC3,mgi_ortholog,True
Low-complexity-repeat-enriched genes,Bbip1,BBIP1,mgi_ortholog,True
Low-complexity-repeat-enriched genes,Bbx,BBX,mgi_ortholog,True
Low-complexity-repeat-enriched genes,Bcap29,BCAP29,mgi_ortholog,True
Low-complexity-repeat-enriched genes,Bcar1,BCAR1,mgi_ortholog,True
Low-complexity-repeat-enriched genes,Bccip,BCCIP,mgi_ortholog,True
Low-complexity-repeat-enriched genes,Bcl11a,BCL11A,mgi_ortholog,True
Low-complexity-repeat-enriched genes,Bcl11b,BCL11B,mgi_ortholog,True
Low-complexity-repeat-enriched genes,Bcl2,BCL2,mgi_ortholog,True
Low-complexity-repeat-enriched genes,Bcorl1,BCORL1,mgi_ortholog,True
Low-complexity-repeat-enriched genes,Bean1,BEAN1,mgi_ortholog,True
Low-complexity-repeat-enriched genes,Begain,BEGAIN,mgi_ortholog,True
Low-complexity-repeat-enriched genes,Bend3,BEND3,mgi_ortholog,True
Low-complexity-repeat-enriched genes,Bend4,BEND4,mgi_ortholog,True
Low-complexity-repeat-enriched genes,Bend7,BEND7,mgi_ortholog,True
Low-complexity-repeat-enriched genes,Bhlhe22,BHLHE22,mgi_ortholog,True
Low-complexity-repeat-enriched genes,Bhlhe23,BHLHE23,mgi_ortholog,True
Low-complexity-repeat-enriched genes,Bhlhe41,BHLHE41,mgi_ortholog,True
Low-complexity-repeat-enriched genes,Bicc1,BICC1,mgi_ortholog,True
Low-complexity-repeat-enriched genes,Bicd2,BICD2,mgi_ortholog,True
Low-complexity-repeat-enriched genes,Birc6,BIRC6,mgi_ortholog,True
Low-complexity-repeat-enriched genes,Bmi1,BMI1,symbol_upcase,True
Low-complexity-repeat-enriched genes,Bmp1,BMP1,mgi_ortholog,True
Low-complexity-repeat-enriched genes,Bmp2,BMP2,mgi_ortholog,True
Low-complexity-repeat-enriched genes,Bmp6,BMP6,mgi_ortholog,True
Low-complexity-repeat-enriched genes,Bmpr1b,BMPR1B,mgi_ortholog,True
Low-complexity-repeat-enriched genes,Bnc2,BNC2,mgi_ortholog,True
Low-complexity-repeat-enriched genes,Bod1,BOD1,symbol_upcase,True
Low-complexity-repeat-enriched genes,Boll,BOLL,mgi_ortholog,True
Low-complexity-repeat-enriched genes,Bpifb2,BPIFB2,mgi_ortholog,True
Low-complexity-repeat-enriched genes,Bptf,BPTF,mgi_ortholog,True
Low-complexity-repeat-enriched genes,Brap,BRAP,mgi_ortholog,True
Low-complexity-repeat-enriched genes,Brd1,BRD1,mgi_ortholog,True
Low-complexity-repeat-enriched genes,Brd2,BRD2,mgi_ortholog,True
Low-complexity-repeat-enriched genes,Brd3,BRD3,mgi_ortholog,True
Low-complexity-repeat-enriched genes,Brd4,BRD4,mgi_ortholog,True
Low-complexity-repeat-enriched genes,Bri3,BRI3,mgi_ortholog,True
Low-complexity-repeat-enriched genes,Brpf3,BRPF3,mgi_ortholog,True
Low-complexity-repeat-enriched genes,Brsk2,BRSK2,mgi_ortholog,True
Low-complexity-repeat-enriched genes,Btbd2,BTBD2,mgi_ortholog,True
Low-complexity-repeat-enriched genes,Btbd9,BTBD9,mgi_ortholog,True
Low-complexity-repeat-enriched genes,Bzw1,BZW1,mgi_ortholog,True
Low-complexity-repeat-enriched genes,C1ql1,C1QL1,mgi_ortholog,True
Low-complexity-repeat-enriched genes,C1ql3,C1QL3,mgi_ortholog,True
Low-complexity-repeat-enriched genes,C1qtnf4,C1QTNF4,mgi_ortholog,True
Low-complexity-repeat-enriched genes,C2cd4b,C2CD4B,mgi_ortholog,True
Low-complexity-repeat-enriched genes,C77370,,unmapped,False
Low-complexity-repeat-enriched genes,Caap1,CAAP1,mgi_ortholog,True
Low-complexity-repeat-enriched genes,Cab39,CAB39,mgi_ortholog,True
Low-complexity-repeat-enriched genes,Cables1,CABLES1,mgi_ortholog,True
Low-complexity-repeat-enriched genes,Cables2,CABLES2,mgi_ortholog,True
Low-complexity-repeat-enriched genes,Cacfd1,CACFD1,mgi_ortholog,True
Low-complexity-repeat-enriched genes,Cacna1c,CACNA1C,mgi_ortholog,True
Low-complexity-repeat-enriched genes,Cacna1d,CACNA1D,mgi_ortholog,True
Low-complexity-repeat-enriched genes,Cacna1h,CACNA1H,mgi_ortholog,True
Low-complexity-repeat-enriched genes,Cacna2d1,CACNA2D1,mgi_ortholog,True
Low-complexity-repeat-enriched genes,Cacna2d2,CACNA2D2,mgi_ortholog,True
Low-complexity-repeat-enriched genes,Cacnb3,CACNB3,mgi_ortholog,True
Low-complexity-repeat-enriched genes,Cacnb4,CACNB4,mgi_ortholog,True
Low-complexity-repeat-enriched genes,Cacng4,CACNG4,mgi_ortholog,True
Low-complexity-repeat-enriched genes,Cacng8,CACNG8,mgi_ortholog,True
Low-complexity-repeat-enriched genes,Cactin,CACTIN,mgi_ortholog,True
Low-complexity-repeat-enriched genes,Cadm1,CADM1,mgi_ortholog,True
Low-complexity-repeat-enriched genes,Cadm2,CADM2,mgi_ortholog,True
Low-complexity-repeat-enriched genes,Cadm4,CADM4,mgi_ortholog,True
Low-complexity-repeat-enriched genes,Cadps,CADPS,mgi_ortholog,True
Low-complexity-repeat-enriched genes,Cadps2,CADPS2,mgi_ortholog,True
Low-complexity-repeat-enriched genes,Calm1,CALM1,mgi_ortholog,True
Low-complexity-repeat-enriched genes,Calr,CALR,mgi_ortholog,True
Low-complexity-repeat-enriched genes,Calr4,CALR4P,mgi_ortholog,True
Low-complexity-repeat-enriched genes,Camkk2,CAMKK2,mgi_ortholog,True
Low-complexity-repeat-enriched genes,Camkv,CAMKV,mgi_ortholog,True
Low-complexity-repeat-enriched genes,Camsap1,CAMSAP1,mgi_ortholog,True
Low-complexity-repeat-enriched genes,Canx,CANX,mgi_ortholog,True
Low-complexity-repeat-enriched genes,Capn15,CAPN15,mgi_ortholog,True
Low-complexity-repeat-enriched genes,Capn6,CAPN6,mgi_ortholog,True
Low-complexity-repeat-enriched genes,Capns1,CAPNS1,mgi_ortholog,True
Low-complexity-repeat-enriched genes,Caprin1,CAPRIN1,mgi_ortholog,True
Low-complexity-repeat-enriched genes,Capza2,CAPZA2,mgi_ortholog,True
Low-complexity-repeat-enriched genes,Car11,,unmapped,False
Low-complexity-repeat-enriched genes,Car14,,unmapped,False
Low-complexity-repeat-enriched genes,Carm1,CARM1,mgi_ortholog,True
Low-complexity-repeat-enriched genes,Casc4,,unmapped,False
Low-complexity-repeat-enriched genes,Casd1,CASD1,mgi_ortholog,True
Low-complexity-repeat-enriched genes,Caskin1,CASKIN1,mgi_ortholog,True
Low-complexity-repeat-enriched genes,Casp9,CASP9,mgi_ortholog,True
Low-complexity-repeat-enriched genes,Catip,CATIP,mgi_ortholog,True
Low-complexity-repeat-enriched genes,Cav1,CAV1,mgi_ortholog,True
Low-complexity-repeat-enriched genes,Cav2,CAV2,mgi_ortholog,True
Low-complexity-repeat-enriched genes,Cbln1,CBLN1,mgi_ortholog,True
Low-complexity-repeat-enriched genes,Cbx2,CBX2,mgi_ortholog,True
Low-complexity-repeat-enriched genes,Ccdc108,,unmapped,False
Low-complexity-repeat-enriched genes,Ccdc136,CCDC136,mgi_ortholog,True
Low-complexity-repeat-enriched genes,Ccdc146,CCDC146,mgi_ortholog,True
Low-complexity-repeat-enriched genes,Ccdc149,CCDC149,mgi_ortholog,True
Low-complexity-repeat-enriched genes,Ccdc158,CCDC158,mgi_ortholog,True
Low-complexity-repeat-enriched genes,Ccdc170,CCDC170,mgi_ortholog,True
Low-complexity-repeat-enriched genes,Ccdc177,CCDC177,mgi_ortholog,True
Low-complexity-repeat-enriched genes,Ccdc25,CCDC25,mgi_ortholog,True
Low-complexity-repeat-enriched genes,Ccdc28b,CCDC28B,mgi_ortholog,True
Low-complexity-repeat-enriched genes,Ccdc34,CCDC34,mgi_ortholog,True
Low-complexity-repeat-enriched genes,Ccdc37,,unmapped,False
Low-complexity-repeat-enriched genes,Ccdc59,CCDC59,mgi_ortholog,True
Low-complexity-repeat-enriched genes,Ccdc6,CCDC6,mgi_ortholog,True
Low-complexity-repeat-enriched genes,Ccdc64,,unmapped,False
Low-complexity-repeat-enriched genes,Ccdc71l,CCDC71L,mgi_ortholog,True
Low-complexity-repeat-enriched genes,Ccdc74a,CCDC74A,symbol_upcase,True
Low-complexity-repeat-enriched genes,Ccdc80,CCDC80,mgi_ortholog,True
Low-complexity-repeat-enriched genes,Ccdc85a,CCDC85A,mgi_ortholog,True
Low-complexity-repeat-enriched genes,Ccdc85b,CCDC85B,mgi_ortholog,True
Low-complexity-repeat-enriched genes,Ccdc85c,CCDC85C,mgi_ortholog,True
Low-complexity-repeat-enriched genes,Ccdc88c,CCDC88C,mgi_ortholog,True
Low-complexity-repeat-enriched genes,Ccdc9,CCDC9,mgi_ortholog,True
Low-complexity-repeat-enriched genes,Ccdc96,CCDC96,symbol_upcase,True
Low-complexity-repeat-enriched genes,Ccer1,CCER1,mgi_ortholog,True
Low-complexity-repeat-enriched genes,Ccl27a,CCL27,mgi_ortholog,True
Low-complexity-repeat-enriched genes,Ccl27b,CCL27,mgi_ortholog,True
Low-complexity-repeat-enriched genes,Ccm2,CCM2,mgi_ortholog,True
Low-complexity-repeat-enriched genes,Ccna1,CCNA1,mgi_ortholog,True
Low-complexity-repeat-enriched genes,Ccnd2,CCND2,mgi_ortholog,True
Low-complexity-repeat-enriched genes,Ccnd3,CCND3,mgi_ortholog,True
Low-complexity-repeat-enriched genes,Ccni,CCNI,mgi_ortholog,True
Low-complexity-repeat-enriched genes,Ccnk,CCNK,mgi_ortholog,True
Low-complexity-repeat-enriched genes,Ccnl1,CCNL1,mgi_ortholog,True
Low-complexity-repeat-enriched genes,Ccny,CCNY,mgi_ortholog,True
Low-complexity-repeat-enriched genes,Ccser1,CCSER1,mgi_ortholog,True
Low-complexity-repeat-enriched genes,Cct4,CCT4,mgi_ortholog,True
Low-complexity-repeat-enriched genes,Cd55,CD55,mgi_ortholog,True
Low-complexity-repeat-enriched genes,Cd74,CD74,mgi_ortholog,True
Low-complexity-repeat-enriched genes,Cd83,CD83,mgi_ortholog,True
Low-complexity-repeat-enriched genes,Cdc14a,CDC14A,mgi_ortholog,True
Low-complexity-repeat-enriched genes,Cdc42bpa,CDC42BPA,mgi_ortholog,True
Low-complexity-repeat-enriched genes,Cdc42bpb,CDC42BPB,mgi_ortholog,True
Low-complexity-repeat-enriched genes,Cdc73,CDC73,mgi_ortholog,True
Low-complexity-repeat-enriched genes,Cdh2,CDH2,mgi_ortholog,True
Low-complexity-repeat-enriched genes,Cdh24,CDH24,mgi_ortholog,True
Low-complexity-repeat-enriched genes,Cdh7,CDH7,mgi_ortholog,True
Low-complexity-repeat-enriched genes,Cdk11b,CDK11B,symbol_upcase,True
Low-complexity-repeat-enriched genes,Cdk13,CDK13,mgi_ortholog,True
Low-complexity-repeat-enriched genes,Cdk14,CDK14,mgi_ortholog,True
Low-complexity-repeat-enriched genes,Cdk5r2,CDK5R2,mgi_ortholog,True
Low-complexity-repeat-enriched genes,Cdkl2,CDKL2,mgi_ortholog,True
Low-complexity-repeat-enriched genes,Cdv3,CDV3,mgi_ortholog,True
Low-complexity-repeat-enriched genes,Cdx1,CDX1,mgi_ortholog,True
Low-complexity-repeat-enriched genes,Cdx2,CDX2,mgi_ortholog,True
Low-complexity-repeat-enriched genes,Cdyl,CDYL,mgi_ortholog,True
Low-complexity-repeat-enriched genes,Cdyl2,CDYL2,mgi_ortholog,True
Low-complexity-repeat-enriched genes,Cebpb,CEBPB,mgi_ortholog,True
Low-complexity-repeat-enriched genes,Cecr2,CECR2,mgi_ortholog,True
Low-complexity-repeat-enriched genes,Cecr6,,unmapped,False
Low-complexity-repeat-enriched genes,Celf1,CELF1,mgi_ortholog,True
Low-complexity-repeat-enriched genes,Celf2,CELF2,mgi_ortholog,True
Low-complexity-repeat-enriched genes,Celf4,CELF4,mgi_ortholog,True
Low-complexity-repeat-enriched genes,Celf5,CELF5,mgi_ortholog,True
Low-complexity-repeat-enriched genes,Celsr1,CELSR1,mgi_ortholog,True
Low-complexity-repeat-enriched genes,Celsr3,CELSR3,mgi_ortholog,True
Low-complexity-repeat-enriched genes,Cenpb,CENPB,mgi_ortholog,True
Low-complexity-repeat-enriched genes,Cenpv,CENPV,mgi_ortholog,True
Low-complexity-repeat-enriched genes,Cep170,CEP170,mgi_ortholog,True
Low-complexity-repeat-enriched genes,Cep170b,CEP170B,mgi_ortholog,True
Low-complexity-repeat-enriched genes,Cep250,CEP250,mgi_ortholog,True
Low-complexity-repeat-enriched genes,Cep350,CEP350,mgi_ortholog,True
Low-complexity-repeat-enriched genes,Cerk,CERK,mgi_ortholog,True
Low-complexity-repeat-enriched genes,Cers3,CERS3,mgi_ortholog,True
Low-complexity-repeat-enriched genes,Cfap46,CFAP46,mgi_ortholog,True
Low-complexity-repeat-enriched genes,Cggbp1,CGGBP1,mgi_ortholog,True
Low-complexity-repeat-enriched genes,Chaf1a,CHAF1A,mgi_ortholog,True
Low-complexity-repeat-enriched genes,Chchd7,CHCHD7,mgi_ortholog,True
Low-complexity-repeat-enriched genes,Chd1,CHD1,mgi_ortholog,True
Low-complexity-repeat-enriched genes,Chd3,CHD3,mgi_ortholog,True
Low-complexity-repeat-enriched genes,Chd4,CHD4,mgi_ortholog,True
Low-complexity-repeat-enriched genes,Chd7,CHD7,mgi_ortholog,True
Low-complexity-repeat-enriched genes,Chd8,CHD8,mgi_ortholog,True
Low-complexity-repeat-enriched genes,Cherp,CHERP,mgi_ortholog,True
Low-complexity-repeat-enriched genes,Chka,CHKA,mgi_ortholog,True
Low-complexity-repeat-enriched genes,Chmp2b,CHMP2B,mgi_ortholog,True
Low-complexity-repeat-enriched genes,Chmp4b,CHMP4B,symbol_upcase,True
Low-complexity-repeat-enriched genes,Chmp6,CHMP6,mgi_ortholog,True
Low-complexity-repeat-enriched genes,Chpt1,CHPT1,mgi_ortholog,True
Low-complexity-repeat-enriched genes,Chrd,CHRD,mgi_ortholog,True
Low-complexity-repeat-enriched genes,Chst14,CHST14,mgi_ortholog,True
Low-complexity-repeat-enriched genes,Chsy1,CHSY1,mgi_ortholog,True
Low-complexity-repeat-enriched genes,Chtf8,CHTF8,symbol_upcase,True
Low-complexity-repeat-enriched genes,Cic,CIC,mgi_ortholog,True
Low-complexity-repeat-enriched genes,Cir1,CIR1,symbol_upcase,True
Low-complexity-repeat-enriched genes,Cited2,CITED2,mgi_ortholog,True
Low-complexity-repeat-enriched genes,Clcn3,CLCN3,mgi_ortholog,True
Low-complexity-repeat-enriched genes,Cldn34c4,CLDN34,mgi_ortholog,True
Low-complexity-repeat-enriched genes,Clic5,CLIC5,mgi_ortholog,True
Low-complexity-repeat-enriched genes,Clint1,CLINT1,mgi_ortholog,True
Low-complexity-repeat-enriched genes,Clk2,CLK2,mgi_ortholog,True
Low-complexity-repeat-enriched genes,Clmn,CLMN,mgi_ortholog,True
Low-complexity-repeat-enriched genes,Cln6,CLN6,mgi_ortholog,True
Low-complexity-repeat-enriched genes,Clock,CLOCK,mgi_ortholog,True
Low-complexity-repeat-enriched genes,Clptm1,CLPTM1,mgi_ortholog,True
Low-complexity-repeat-enriched genes,Clptm1l,CLPTM1L,mgi_ortholog,True
Low-complexity-repeat-enriched genes,Clstn1,CLSTN1,mgi_ortholog,True
Low-complexity-repeat-enriched genes,Clstn2,CLSTN2,mgi_ortholog,True
Low-complexity-repeat-enriched genes,Clybl,CLYBL,mgi_ortholog,True
Low-complexity-repeat-enriched genes,Cmas,CMAS,mgi_ortholog,True
Low-complexity-repeat-enriched genes,Cmip,CMIP,mgi_ortholog,True
Low-complexity-repeat-enriched genes,Cmpk1,CMPK1,mgi_ortholog,True
Low-complexity-repeat-enriched genes,Cmtm4,CMTM4,mgi_ortholog,True
Low-complexity-repeat-enriched genes,Cmtr1,CMTR1,mgi_ortholog,True
Low-complexity-repeat-enriched genes,Cnga3,CNGA3,mgi_ortholog,True
Low-complexity-repeat-enriched genes,Cnnm4,CNNM4,mgi_ortholog,True
Low-complexity-repeat-enriched genes,Cnot6,CNOT6,mgi_ortholog,True
Low-complexity-repeat-enriched genes,Cnot6l,CNOT6L,mgi_ortholog,True
Low-complexity-repeat-enriched genes,Cntfr,CNTFR,mgi_ortholog,True
Low-complexity-repeat-enriched genes,Cntnap1,CNTNAP1,mgi_ortholog,True
Low-complexity-repeat-enriched genes,Cobl,COBL,mgi_ortholog,True
Low-complexity-repeat-enriched genes,Col4a3bp,,unmapped,False
Low-complexity-repeat-enriched genes,Col8a2,COL8A2,mgi_ortholog,True
Low-complexity-repeat-enriched genes,Coro1c,CORO1C,mgi_ortholog,True
Low-complexity-repeat-enriched genes,Cox7a2l,COX7A2L,mgi_ortholog,True
Low-complexity-repeat-enriched genes,Cpa2,CPA2,mgi_ortholog,True
Low-complexity-repeat-enriched genes,Cpeb1,CPEB1,mgi_ortholog,True
Low-complexity-repeat-enriched genes,Cpeb3,CPEB3,mgi_ortholog,True
Low-complexity-repeat-enriched genes,Cplx2,CPLX2,mgi_ortholog,True
Low-complexity-repeat-enriched genes,Cpne8,CPNE8,mgi_ortholog,True
Low-complexity-repeat-enriched genes,Cpped1,CPPED1,mgi_ortholog,True
Low-complexity-repeat-enriched genes,Crb2,CRB2,mgi_ortholog,True
Low-complexity-repeat-enriched genes,Crct1,CRCT1,mgi_ortholog,True
Low-complexity-repeat-enriched genes,Creb3l1,CREB3L1,mgi_ortholog,True
Low-complexity-repeat-enriched genes,Creb5,CREB5,mgi_ortholog,True
Low-complexity-repeat-enriched genes,Crebbp,CREBBP,mgi_ortholog,True
Low-complexity-repeat-enriched genes,Crebrf,CREBRF,mgi_ortholog,True
Low-complexity-repeat-enriched genes,Crebzf,CREBZF,mgi_ortholog,True
Low-complexity-repeat-enriched genes,Crh,CRH,mgi_ortholog,True
Low-complexity-repeat-enriched genes,Crlf2,CRLF2,mgi_ortholog,True
Low-complexity-repeat-enriched genes,Crtc1,CRTC1,mgi_ortholog,True
Low-complexity-repeat-enriched genes,Crtc2,CRTC2,mgi_ortholog,True
Low-complexity-repeat-enriched genes,Cry2,CRY2,mgi_ortholog,True
Low-complexity-repeat-enriched genes,Cryzl1,CRYZL1,mgi_ortholog,True
Low-complexity-repeat-enriched genes,Csdc2,CSDC2,mgi_ortholog,True
Low-complexity-repeat-enriched genes,Csnk2a2,CSNK2A2,mgi_ortholog,True
Low-complexity-repeat-enriched genes,Csnka2ip,CSNKA2IP,symbol_upcase,True
Low-complexity-repeat-enriched genes,Csrnp1,CSRNP1,mgi_ortholog,True
Low-complexity-repeat-enriched genes,Csrnp3,CSRNP3,mgi_ortholog,True
Low-complexity-repeat-enriched genes,Ctbp1,CTBP1,mgi_ortholog,True
Low-complexity-repeat-enriched genes,Ctbp2,CTBP2,mgi_ortholog,True
Low-complexity-repeat-enriched genes,Ctdp1,CTDP1,mgi_ortholog,True
Low-complexity-repeat-enriched genes,Ctdspl,CTDSPL,mgi_ortholog,True
Low-complexity-repeat-enriched genes,Ctnnd2,CTNND2,mgi_ortholog,True
Low-complexity-repeat-enriched genes,Ctu2,CTU2,mgi_ortholog,True
Low-complexity-repeat-enriched genes,Cul3,CUL3,mgi_ortholog,True
Low-complexity-repeat-enriched genes,Cul4a,CUL4A,mgi_ortholog,True
Low-complexity-repeat-enriched genes,Cul4b,CUL4B,mgi_ortholog,True
Low-complexity-repeat-enriched genes,Cul7,CUL7,mgi_ortholog,True
Low-complexity-repeat-enriched genes,Cuta,CUTA,mgi_ortholog,True
Low-complexity-repeat-enriched genes,Cxxc5,CXXC5,mgi_ortholog,True
Low-complexity-repeat-enriched genes,Cygb,CYGB,mgi_ortholog,True
Low-complexity-repeat-enriched genes,Cyhr1,,unmapped,False
Low-complexity-repeat-enriched genes,Cylc2,CYLC2,mgi_ortholog,True
Low-complexity-repeat-enriched genes,Cyp26b1,CYP26B1,mgi_ortholog,True
Low-complexity-repeat-enriched genes,Cypt1,,unmapped,False
Low-complexity-repeat-enriched genes,Cypt2,,unmapped,False
Low-complexity-repeat-enriched genes,Cypt3,,unmapped,False
Low-complexity-repeat-enriched genes,Cysrt1,CYSRT1,mgi_ortholog,True
Low-complexity-repeat-enriched genes,Cyth1,CYTH1,mgi_ortholog,True
Low-complexity-repeat-enriched genes,D030056L22Rik,C9orf40,mgi_ortholog,True
Low-complexity-repeat-enriched genes,D1Pas1,,unmapped,False
Low-complexity-repeat-enriched genes,D330045A20Rik,,unmapped,False
Low-complexity-repeat-enriched genes,D630045J12Rik,KIAA1549,mgi_ortholog,True
Low-complexity-repeat-enriched genes,D930007J09Rik,,unmapped,False
Low-complexity-repeat-enriched genes,D930015E06Rik,,unmapped,False
Low-complexity-repeat-enriched genes,Dab2,DAB2,mgi_ortholog,True
Low-complexity-repeat-enriched genes,Dab2ip,DAB2IP,mgi_ortholog,True
Low-complexity-repeat-enriched genes,Dach1,DACH1,mgi_ortholog,True
Low-complexity-repeat-enriched genes,Dazap2,DAZAP2,mgi_ortholog,True
Low-complexity-repeat-enriched genes,Dbf4,DBF4,mgi_ortholog,True
Low-complexity-repeat-enriched genes,Dbn1,DBN1,mgi_ortholog,True
Low-complexity-repeat-enriched genes,Dbndd1,DBNDD1,mgi_ortholog,True
Low-complexity-repeat-enriched genes,Dbp,DBP,mgi_ortholog,True
Low-complexity-repeat-enriched genes,Dbpht2,,unmapped,False
Low-complexity-repeat-enriched genes,Dcaf12l2,DCAF12L2,symbol_upcase,True
Low-complexity-repeat-enriched genes,Dcaf15,DCAF15,mgi_ortholog,True
Low-complexity-repeat-enriched genes,Dcaf5,DCAF5,mgi_ortholog,True
Low-complexity-repeat-enriched genes,Dctn1,DCTN1,mgi_ortholog,True
Low-complexity-repeat-enriched genes,Dcun1d1,DCUN1D1,mgi_ortholog,True
Low-complexity-repeat-enriched genes,Dcun1d3,DCUN1D3,mgi_ortholog,True
Low-complexity-repeat-enriched genes,Ddhd1,DDHD1,mgi_ortholog,True
Low-complexity-repeat-enriched genes,Deaf1,DEAF1,mgi_ortholog,True
Low-complexity-repeat-enriched genes,Dek,DEK,mgi_ortholog,True
Low-complexity-repeat-enriched genes,Dennd1b,DENND1B,mgi_ortholog,True
Low-complexity-repeat-enriched genes,Dennd5a,DENND5A,mgi_ortholog,True
Low-complexity-repeat-enriched genes,Dgcr6,DGCR6,symbol_upcase,True
Low-complexity-repeat-enriched genes,Dgke,DGKE,mgi_ortholog,True
Low-complexity-repeat-enriched genes,Dgki,DGKI,mgi_ortholog,True
Low-complexity-repeat-enriched genes,Dgkk,DGKK,mgi_ortholog,True
Low-complexity-repeat-enriched genes,Dgkz,DGKZ,mgi_ortholog,True
Low-complexity-repeat-enriched genes,Diap2,,unmapped,False
Low-complexity-repeat-enriched genes,Dicer1,DICER1,mgi_ortholog,True
Low-complexity-repeat-enriched genes,Diexf,,unmapped,False
Low-complexity-repeat-enriched genes,Dip2a,DIP2A,mgi_ortholog,True
Low-complexity-repeat-enriched genes,Disc1,DISC1,mgi_ortholog,True
Low-complexity-repeat-enriched genes,Dlg1,DLG1,mgi_ortholog,True
Low-complexity-repeat-enriched genes,Dlg4,DLG4,mgi_ortholog,True
Low-complexity-repeat-enriched genes,Dlgap1,DLGAP1,mgi_ortholog,True
Low-complexity-repeat-enriched genes,Dlgap2,DLGAP2,mgi_ortholog,True
Low-complexity-repeat-enriched genes,Dlx1,DLX1,mgi_ortholog,True
Low-complexity-repeat-enriched genes,Dlx2,DLX2,mgi_ortholog,True
Low-complexity-repeat-enriched genes,Dlx5,DLX5,mgi_ortholog,True
Low-complexity-repeat-enriched genes,Dlx6,DLX6,mgi_ortholog,True
Low-complexity-repeat-enriched genes,Dmrt2,DMRT2,mgi_ortholog,True
Low-complexity-repeat-enriched genes,Dmrt3,DMRT3,mgi_ortholog,True
Low-complexity-repeat-enriched genes,Dmrta2,DMRTA2,mgi_ortholog,True
Low-complexity-repeat-enriched genes,Dmrtb1,DMRTB1,mgi_ortholog,True
Low-complexity-repeat-enriched genes,Dmwd,DMWD,mgi_ortholog,True
Low-complexity-repeat-enriched genes,Dnaja4,DNAJA4,mgi_ortholog,True
Low-complexity-repeat-enriched genes,Dnajb14,DNAJB14,mgi_ortholog,True
Low-complexity-repeat-enriched genes,Dnajb6,DNAJB6,mgi_ortholog,True
Low-complexity-repeat-enriched genes,Dnajc5b,DNAJC5B,mgi_ortholog,True
Low-complexity-repeat-enriched genes,Dner,DNER,mgi_ortholog,True
Low-complexity-repeat-enriched genes,Dnlz,DNLZ,mgi_ortholog,True
Low-complexity-repeat-enriched genes,Dnmt3a,DNMT3A,mgi_ortholog,True
Low-complexity-repeat-enriched genes,Dock11,DOCK11,mgi_ortholog,True
Low-complexity-repeat-enriched genes,Dock3,DOCK3,mgi_ortholog,True
Low-complexity-repeat-enriched genes,Dock5,DOCK5,mgi_ortholog,True
Low-complexity-repeat-enriched genes,Donson,DONSON,mgi_ortholog,True
Low-complexity-repeat-enriched genes,Dot1l,DOT1L,mgi_ortholog,True
Low-complexity-repeat-enriched genes,Dph6,DPH6,mgi_ortholog,True
Low-complexity-repeat-enriched genes,Dpy19l1,DPY19L1,mgi_ortholog,True
Low-complexity-repeat-enriched genes,Dpysl3,DPYSL3,mgi_ortholog,True
Low-complexity-repeat-enriched genes,Drap1,DRAP1,mgi_ortholog,True
Low-complexity-repeat-enriched genes,Drd4,DRD4,mgi_ortholog,True
Low-complexity-repeat-enriched genes,Drp2,DRP2,mgi_ortholog,True
Low-complexity-repeat-enriched genes,Dspp,DSPP,mgi_ortholog,True
Low-complexity-repeat-enriched genes,Dtnb,DTNB,mgi_ortholog,True
Low-complexity-repeat-enriched genes,Dtnbp1,DTNBP1,mgi_ortholog,True
Low-complexity-repeat-enriched genes,Dtwd1,DTWD1,mgi_ortholog,True
Low-complexity-repeat-enriched genes,Dtx3,DTX3,mgi_ortholog,True
Low-complexity-repeat-enriched genes,Dusp28,DUSP28,mgi_ortholog,True
Low-complexity-repeat-enriched genes,Dusp5,DUSP5,mgi_ortholog,True
Low-complexity-repeat-enriched genes,Dusp7,DUSP7,mgi_ortholog,True
Low-complexity-repeat-enriched genes,Dusp8,DUSP8,mgi_ortholog,True
Low-complexity-repeat-enriched genes,Dusp9,DUSP9,mgi_ortholog,True
Low-complexity-repeat-enriched genes,Dvl1,DVL1,symbol_upcase,True
Low-complexity-repeat-enriched genes,Dync1h1,DYNC1H1,mgi_ortholog,True
Low-complexity-repeat-enriched genes,Dync1i2,DYNC1I2,mgi_ortholog,True
Low-complexity-repeat-enriched genes,Dync1li1,DYNC1LI1,mgi_ortholog,True
Low-complexity-repeat-enriched genes,Dyrk1b,DYRK1B,mgi_ortholog,True
Low-complexity-repeat-enriched genes,Dyrk2,DYRK2,mgi_ortholog,True
Low-complexity-repeat-enriched genes,Dzip1,DZIP1,mgi_ortholog,True
Low-complexity-repeat-enriched genes,E130309D14Rik,,unmapped,False
Low-complexity-repeat-enriched genes,E2f3,E2F3,mgi_ortholog,True
Low-complexity-repeat-enriched genes,E2f4,E2F4,mgi_ortholog,True
Low-complexity-repeat-enriched genes,Ebf1,EBF1,mgi_ortholog,True
Low-complexity-repeat-enriched genes,Ebf3,EBF3,mgi_ortholog,True
Low-complexity-repeat-enriched genes,Ebf4,EBF4,mgi_ortholog,True
Low-complexity-repeat-enriched genes,Ecel1,ECEL1,mgi_ortholog,True
Low-complexity-repeat-enriched genes,Ecm2,ECM2,mgi_ortholog,True
Low-complexity-repeat-enriched genes,Eef1d,EEF1D,mgi_ortholog,True
Low-complexity-repeat-enriched genes,Efemp2,EFEMP2,mgi_ortholog,True
Low-complexity-repeat-enriched genes,Efna2,EFNA2,mgi_ortholog,True
Low-complexity-repeat-enriched genes,Efna5,EFNA5,mgi_ortholog,True
Low-complexity-repeat-enriched genes,Efnb2,EFNB2,mgi_ortholog,True
Low-complexity-repeat-enriched genes,Egfl7,EGFL7,mgi_ortholog,True
Low-complexity-repeat-enriched genes,Egln1,EGLN1,mgi_ortholog,True
Low-complexity-repeat-enriched genes,Egr1,EGR1,mgi_ortholog,True
Low-complexity-repeat-enriched genes,Ehd1,EHD1,mgi_ortholog,True
Low-complexity-repeat-enriched genes,Ehf,EHF,mgi_ortholog,True
Low-complexity-repeat-enriched genes,Ehmt1,EHMT1,mgi_ortholog,True
Low-complexity-repeat-enriched genes,Ehmt2,EHMT2,mgi_ortholog,True
Low-complexity-repeat-enriched genes,Eid1,EID1,mgi_ortholog,True
Low-complexity-repeat-enriched genes,Eif3f,EIF3F,mgi_ortholog,True
Low-complexity-repeat-enriched genes,Eif3j1,EIF3J,mgi_ortholog,True
Low-complexity-repeat-enriched genes,Eif3j2,EIF3J,mgi_ortholog,True
Low-complexity-repeat-enriched genes,Eif4ebp2,EIF4EBP2,mgi_ortholog,True
Low-complexity-repeat-enriched genes,Eif4enif1,EIF4ENIF1,mgi_ortholog,True
Low-complexity-repeat-enriched genes,Eif4g2,EIF4G2,mgi_ortholog,True
Low-complexity-repeat-enriched genes,Eif5,EIF5,mgi_ortholog,True
Low-complexity-repeat-enriched genes,Elavl1,ELAVL1,mgi_ortholog,True
Low-complexity-repeat-enriched genes,Ell,ELL,mgi_ortholog,True
Low-complexity-repeat-enriched genes,Elmsan1,,unmapped,False
Low-complexity-repeat-enriched genes,Eln,ELN,mgi_ortholog,True
Low-complexity-repeat-enriched genes,Elp2,ELP2,mgi_ortholog,True
Low-complexity-repeat-enriched genes,Emilin1,EMILIN1,mgi_ortholog,True
Low-complexity-repeat-enriched genes,Eml4,EML4,mgi_ortholog,True
Low-complexity-repeat-enriched genes,En1,EN1,mgi_ortholog,True
Low-complexity-repeat-enriched genes,En2,EN2,mgi_ortholog,True
Low-complexity-repeat-enriched genes,Enah,ENAH,mgi_ortholog,True
Low-complexity-repeat-enriched genes,Eno2,ENO2,mgi_ortholog,True
Low-complexity-repeat-enriched genes,Eomes,EOMES,mgi_ortholog,True
Low-complexity-repeat-enriched genes,Epb4.1,,unmapped,False
Low-complexity-repeat-enriched genes,Epc1,EPC1,mgi_ortholog,True
Low-complexity-repeat-enriched genes,Epc2,EPC2,mgi_ortholog,True
Low-complexity-repeat-enriched genes,Epcam,EPCAM,mgi_ortholog,True
Low-complexity-repeat-enriched genes,Epha1,EPHA1,mgi_ortholog,True
Low-complexity-repeat-enriched genes,Epha6,EPHA6,mgi_ortholog,True
Low-complexity-repeat-enriched genes,Epha8,EPHA8,mgi_ortholog,True
Low-complexity-repeat-enriched genes,Ephb2,EPHB2,mgi_ortholog,True
Low-complexity-repeat-enriched genes,Ephx4,EPHX4,mgi_ortholog,True
Low-complexity-repeat-enriched genes,Erf,ERF,mgi_ortholog,True
Low-complexity-repeat-enriched genes,Erlec1,ERLEC1,mgi_ortholog,True
Low-complexity-repeat-enriched genes,Esr1,ESR1,mgi_ortholog,True
Low-complexity-repeat-enriched genes,Esrp1,ESRP1,mgi_ortholog,True
Low-complexity-repeat-enriched genes,Etf1,ETF1,mgi_ortholog,True
Low-complexity-repeat-enriched genes,Ets1,ETS1,mgi_ortholog,True
Low-complexity-repeat-enriched genes,Evl,EVL,mgi_ortholog,True
Low-complexity-repeat-enriched genes,Evx1,EVX1,mgi_ortholog,True
Low-complexity-repeat-enriched genes,Evx2,EVX2,mgi_ortholog,True
Low-complexity-repeat-enriched genes,Exoc6,EXOC6,mgi_ortholog,True
Low-complexity-repeat-enriched genes,F2r,F2R,mgi_ortholog,True
Low-complexity-repeat-enriched genes,Faap100,FAAP100,mgi_ortholog,True
Low-complexity-repeat-enriched genes,Faf2,FAF2,mgi_ortholog,True
Low-complexity-repeat-enriched genes,Fam107b,FAM107B,mgi_ortholog,True
Low-complexity-repeat-enriched genes,Fam117a,FAM117A,mgi_ortholog,True
Low-complexity-repeat-enriched genes,Fam117b,FAM117B,mgi_ortholog,True
Low-complexity-repeat-enriched genes,Fam120a,FAM120A,mgi_ortholog,True
Low-complexity-repeat-enriched genes,Fam122a,,unmapped,False
Low-complexity-repeat-enriched genes,Fam122b,,unmapped,False
Low-complexity-repeat-enriched genes,Fam129b,,unmapped,False
Low-complexity-repeat-enriched genes,Fam133b,FAM133B,symbol_upcase,True
Low-complexity-repeat-enriched genes,Fam134a,,unmapped,False
Low-complexity-repeat-enriched genes,Fam134b,,unmapped,False
Low-complexity-repeat-enriched genes,Fam13b,FAM13B,mgi_ortholog,True
Low-complexity-repeat-enriched genes,Fam149b,FAM149B1,mgi_ortholog,True
Low-complexity-repeat-enriched genes,Fam150b,,unmapped,False
Low-complexity-repeat-enriched genes,Fam155a,,unmapped,False
Low-complexity-repeat-enriched genes,Fam160b2,,unmapped,False
Low-complexity-repeat-enriched genes,Fam168b,FAM168B,mgi_ortholog,True
Low-complexity-repeat-enriched genes,Fam169a,FAM169A,mgi_ortholog,True
Low-complexity-repeat-enriched genes,Fam174b,FAM174B,mgi_ortholog,True
Low-complexity-repeat-enriched genes,Fam189a1,,unmapped,False
Low-complexity-repeat-enriched genes,Fam189a2,,unmapped,False
Low-complexity-repeat-enriched genes,Fam193a,FAM193A,mgi_ortholog,True
Low-complexity-repeat-enriched genes,Fam195b,,unmapped,False
Low-complexity-repeat-enriched genes,Fam196a,,unmapped,False
Low-complexity-repeat-enriched genes,Fam19a1,,unmapped,False
Low-complexity-repeat-enriched genes,Fam19a5,,unmapped,False
Low-complexity-repeat-enriched genes,Fam221b,FAM221B,mgi_ortholog,True
Low-complexity-repeat-enriched genes,Fam43a,FAM43A,mgi_ortholog,True
Low-complexity-repeat-enriched genes,Fam46c,,unmapped,False
Low-complexity-repeat-enriched genes,Fam57a,,unmapped,False
Low-complexity-repeat-enriched genes,Fam57b,,unmapped,False
Low-complexity-repeat-enriched genes,Fam65a,,unmapped,False
Low-complexity-repeat-enriched genes,Fam69a,,unmapped,False
Low-complexity-repeat-enriched genes,Fam76a,FAM76A,mgi_ortholog,True
Low-complexity-repeat-enriched genes,Fam83b,FAM83B,symbol_upcase,True
Low-complexity-repeat-enriched genes,Fam83d,FAM83D,symbol_upcase,True
Low-complexity-repeat-enriched genes,Fam83h,FAM83H,symbol_upcase,True
Low-complexity-repeat-enriched genes,Fam89a,FAM89A,mgi_ortholog,True
Low-complexity-repeat-enriched genes,Fam8a1,FAM8A1,mgi_ortholog,True
Low-complexity-repeat-enriched genes,Fam98b,TSLIG3B,mgi_ortholog,False
Low-complexity-repeat-enriched genes,Fancc,FANCC,mgi_ortholog,True
Low-complexity-repeat-enriched genes,Fank1,FANK1,mgi_ortholog,True
Low-complexity-repeat-enriched genes,Farp1,FARP1,mgi_ortholog,True
Low-complexity-repeat-enriched genes,Farp2,FARP2,mgi_ortholog,True
Low-complexity-repeat-enriched genes,Fbl,FBL,mgi_ortholog,True
Low-complexity-repeat-enriched genes,Fbll1,FBLL1,mgi_ortholog,True
Low-complexity-repeat-enriched genes,Fbn1,FBN1,mgi_ortholog,True
Low-complexity-repeat-enriched genes,Fbn2,FBN2,mgi_ortholog,True
Low-complexity-repeat-enriched genes,Fbrsl1,FBRSL1,mgi_ortholog,True
Low-complexity-repeat-enriched genes,Fbxl14,FBXL14,mgi_ortholog,True
Low-complexity-repeat-enriched genes,Fbxl19,FBXL19,mgi_ortholog,True
Low-complexity-repeat-enriched genes,Fbxl5,FBXL5,mgi_ortholog,True
Low-complexity-repeat-enriched genes,Fbxo11,FBXO11,mgi_ortholog,True
Low-complexity-repeat-enriched genes,Fbxo28,FBXO28,mgi_ortholog,True
Low-complexity-repeat-enriched genes,Fbxo31,FBXO31,mgi_ortholog,True
Low-complexity-repeat-enriched genes,Fbxo41,FBXO41,mgi_ortholog,True
Low-complexity-repeat-enriched genes,Fbxw11,FBXW11,mgi_ortholog,True
Low-complexity-repeat-enriched genes,Fbxw15,FBXW12,mgi_ortholog,True
Low-complexity-repeat-enriched genes,Fcer1a,FCER1A,mgi_ortholog,True
Low-complexity-repeat-enriched genes,Fcho2,FCHO2,mgi_ortholog,True
Low-complexity-repeat-enriched genes,Ferd3l,FERD3L,mgi_ortholog,True
Low-complexity-repeat-enriched genes,Fev,FEV,mgi_ortholog,True
Low-complexity-repeat-enriched genes,Fez2,FEZ2,mgi_ortholog,True
Low-complexity-repeat-enriched genes,Ffar4,FFAR4,mgi_ortholog,True
Low-complexity-repeat-enriched genes,Fgf16,FGF16,mgi_ortholog,True
Low-complexity-repeat-enriched genes,Fgf2,FGF2,mgi_ortholog,True
Low-complexity-repeat-enriched genes,Fgf20,FGF20,mgi_ortholog,True
Low-complexity-repeat-enriched genes,Fgf8,FGF8,mgi_ortholog,True
Low-complexity-repeat-enriched genes,Fgfr2,FGFR2,mgi_ortholog,True
Low-complexity-repeat-enriched genes,Fgfrl1,FGFRL1,mgi_ortholog,True
Low-complexity-repeat-enriched genes,Fhdc1,FHDC1,mgi_ortholog,True
Low-complexity-repeat-enriched genes,Fhl1,FHL1,mgi_ortholog,True
Low-complexity-repeat-enriched genes,Fhl2,FHL2,mgi_ortholog,True
Low-complexity-repeat-enriched genes,Fign,FIGN,mgi_ortholog,True
Low-complexity-repeat-enriched genes,Fignl2,FIGNL2,mgi_ortholog,True
Low-complexity-repeat-enriched genes,Filip1l,FILIP1L,mgi_ortholog,True
Low-complexity-repeat-enriched genes,Fjx1,FJX1,mgi_ortholog,True
Low-complexity-repeat-enriched genes,Fkbp9,FKBP9,mgi_ortholog,True
Low-complexity-repeat-enriched genes,Flg,FLG,symbol_upcase,True
Low-complexity-repeat-enriched genes,Flii,FLII,mgi_ortholog,True
Low-complexity-repeat-enriched genes,Flrt2,FLRT2,mgi_ortholog,True
Low-complexity-repeat-enriched genes,Fmn1,FMN1,mgi_ortholog,True
Low-complexity-repeat-enriched genes,Fmn2,FMN2,mgi_ortholog,True
Low-complexity-repeat-enriched genes,Fmr1,FMR1,mgi_ortholog,True
Low-complexity-repeat-enriched genes,Fndc5,FNDC5,mgi_ortholog,True
Low-complexity-repeat-enriched genes,Fnip2,FNIP2,mgi_ortholog,True
Low-complexity-repeat-enriched genes,Foxa1,FOXA1,mgi_ortholog,True
Low-complexity-repeat-enriched genes,Foxb2,FOXB2,mgi_ortholog,True
Low-complexity-repeat-enriched genes,Foxc1,FOXC1,mgi_ortholog,True
Low-complexity-repeat-enriched genes,Foxd1,FOXD1,mgi_ortholog,True
Low-complexity-repeat-enriched genes,Foxd2,FOXD2,mgi_ortholog,True
Low-complexity-repeat-enriched genes,Foxd3,FOXD3,mgi_ortholog,True
Low-complexity-repeat-enriched genes,Foxf1,FOXF1,mgi_ortholog,True
Low-complexity-repeat-enriched genes,Foxf2,FOXF2,mgi_ortholog,True
Low-complexity-repeat-enriched genes,Foxg1,FOXG1,mgi_ortholog,True
Low-complexity-repeat-enriched genes,Foxk1,FOXK1,mgi_ortholog,True
Low-complexity-repeat-enriched genes,Foxl2,FOXL2,mgi_ortholog,True
Low-complexity-repeat-enriched genes,Foxm1,FOXM1,mgi_ortholog,True
Low-complexity-repeat-enriched genes,Foxn4,FOXN4,mgi_ortholog,True
Low-complexity-repeat-enriched genes,Foxo6,FOXO6,mgi_ortholog,True
Low-complexity-repeat-enriched genes,Foxp1,FOXP1,mgi_ortholog,True
Low-complexity-repeat-enriched genes,Foxp2,FOXP2,mgi_ortholog,True
Low-complexity-repeat-enriched genes,Foxp4,FOXP4,mgi_ortholog,True
Low-complexity-repeat-enriched genes,Foxq1,FOXQ1,mgi_ortholog,True
Low-complexity-repeat-enriched genes,Fpgs,FPGS,mgi_ortholog,True
Low-complexity-repeat-enriched genes,Frat2,FRAT2,mgi_ortholog,True
Low-complexity-repeat-enriched genes,Frem1,FREM1,mgi_ortholog,True
Low-complexity-repeat-enriched genes,Frmd4a,FRMD4A,mgi_ortholog,True
Low-complexity-repeat-enriched genes,Frrs1l,FRRS1L,mgi_ortholog,True
Low-complexity-repeat-enriched genes,Frs3,FRS3,mgi_ortholog,True
Low-complexity-repeat-enriched genes,Fus,FUS,mgi_ortholog,True
Low-complexity-repeat-enriched genes,Fyb,,unmapped,False
Low-complexity-repeat-enriched genes,Fzd8,FZD8,mgi_ortholog,True
Low-complexity-repeat-enriched genes,Gab1,GAB1,mgi_ortholog,True
Low-complexity-repeat-enriched genes,Gab3,GAB3,mgi_ortholog,True
Low-complexity-repeat-enriched genes,Gabrb3,GABRB3,mgi_ortholog,True
Low-complexity-repeat-enriched genes,Gabre,GABRE,mgi_ortholog,True
Low-complexity-repeat-enriched genes,Galnt10,GALNT10,mgi_ortholog,True
Low-complexity-repeat-enriched genes,Galnt2,GALNT2,mgi_ortholog,True
Low-complexity-repeat-enriched genes,Gamt,GAMT,mgi_ortholog,True
Low-complexity-repeat-enriched genes,Gap43,GAP43,mgi_ortholog,True
Low-complexity-repeat-enriched genes,Gapdhs,GAPDHS,mgi_ortholog,True
Low-complexity-repeat-enriched genes,Gar1,GAR1,mgi_ortholog,True
Low-complexity-repeat-enriched genes,Garnl3,GARNL3,mgi_ortholog,True
Low-complexity-repeat-enriched genes,Gas1,GAS1,mgi_ortholog,True
Low-complexity-repeat-enriched genes,Gas2,GAS2,mgi_ortholog,True
Low-complexity-repeat-enriched genes,Gas6,GAS6,mgi_ortholog,True
Low-complexity-repeat-enriched genes,Gas7,GAS7,mgi_ortholog,True
Low-complexity-repeat-enriched genes,Gata6,GATA6,mgi_ortholog,True
Low-complexity-repeat-enriched genes,Gbp2,GBP2,symbol_upcase,True
Low-complexity-repeat-enriched genes,Gbx1,GBX1,mgi_ortholog,True
Low-complexity-repeat-enriched genes,Gcc1,GCC1,mgi_ortholog,True
Low-complexity-repeat-enriched genes,Gclm,GCLM,mgi_ortholog,True
Low-complexity-repeat-enriched genes,Gdf11,GDF11,mgi_ortholog,True
Low-complexity-repeat-enriched genes,Gdf7,GDF7,mgi_ortholog,True
Low-complexity-repeat-enriched genes,Gga1,GGA1,mgi_ortholog,True
Low-complexity-repeat-enriched genes,Gga2,GGA2,mgi_ortholog,True
Low-complexity-repeat-enriched genes,Ggn,GGN,mgi_ortholog,True
Low-complexity-repeat-enriched genes,Ggnbp2,GGNBP2,mgi_ortholog,True
Low-complexity-repeat-enriched genes,Ggt5,GGT5,mgi_ortholog,True
Low-complexity-repeat-enriched genes,Ggt6,GGT6,mgi_ortholog,True
Low-complexity-repeat-enriched genes,Ghrh,GHRH,mgi_ortholog,True
Low-complexity-repeat-enriched genes,Gid8,GID8,mgi_ortholog,True
Low-complexity-repeat-enriched genes,Gigyf1,GIGYF1,mgi_ortholog,True
Low-complexity-repeat-enriched genes,Ginm1,GINM1,mgi_ortholog,True
Low-complexity-repeat-enriched genes,Git1,GIT1,mgi_ortholog,True
Low-complexity-repeat-enriched genes,Glcci1,GLCCI1,mgi_ortholog,True
Low-complexity-repeat-enriched genes,Glg1,GLG1,mgi_ortholog,True
Low-complexity-repeat-enriched genes,Gli3,GLI3,mgi_ortholog,True
Low-complexity-repeat-enriched genes,Glis2,GLIS2,mgi_ortholog,True
Low-complexity-repeat-enriched genes,Glrb,GLRB,mgi_ortholog,True
Low-complexity-repeat-enriched genes,Gls,GLS,mgi_ortholog,True
Low-complexity-repeat-enriched genes,Gm10061,,unmapped,False
Low-complexity-repeat-enriched genes,Gm10153,,unmapped,False
Low-complexity-repeat-enriched genes,Gm10181,,unmapped,False
Low-complexity-repeat-enriched genes,Gm10217,,unmapped,False
Low-complexity-repeat-enriched genes,Gm10228,,unmapped,False
Low-complexity-repeat-enriched genes,Gm10229,,unmapped,False
Low-complexity-repeat-enriched genes,Gm10306,,unmapped,False
Low-complexity-repeat-enriched genes,Gm10518,,unmapped,False
Low-complexity-repeat-enriched genes,Gm10553,,unmapped,False
Low-complexity-repeat-enriched genes,Gm10563,,unmapped,False
Low-complexity-repeat-enriched genes,Gm10676,,unmapped,False
Low-complexity-repeat-enriched genes,Gm10921,,unmapped,False
Low-complexity-repeat-enriched genes,Gm10922,,unmapped,False
Low-complexity-repeat-enriched genes,Gm10985,,unmapped,False
Low-complexity-repeat-enriched genes,Gm11114,,unmapped,False
Low-complexity-repeat-enriched genes,Gm11172,,unmapped,False
Low-complexity-repeat-enriched genes,Gm11175,,unmapped,False
Low-complexity-repeat-enriched genes,Gm11554,,unmapped,False
Low-complexity-repeat-enriched genes,Gm11555,,unmapped,False
Low-complexity-repeat-enriched genes,Gm11563,,unmapped,False
Low-complexity-repeat-enriched genes,Gm11568,,unmapped,False
Low-complexity-repeat-enriched genes,Gm11569,,unmapped,False
Low-complexity-repeat-enriched genes,Gm11595,,unmapped,False
Low-complexity-repeat-enriched genes,Gm11596,,unmapped,False
Low-complexity-repeat-enriched genes,Gm11983,,unmapped,False
Low-complexity-repeat-enriched genes,Gm13306,,unmapped,False
Low-complexity-repeat-enriched genes,Gm13691,,unmapped,False
Low-complexity-repeat-enriched genes,Gm13693,,unmapped,False
Low-complexity-repeat-enriched genes,Gm13694,,unmapped,False
Low-complexity-repeat-enriched genes,Gm13695,,unmapped,False
Low-complexity-repeat-enriched genes,Gm13696,,unmapped,False
Low-complexity-repeat-enriched genes,Gm13697,,unmapped,False
Low-complexity-repeat-enriched genes,Gm13698,,unmapped,False
Low-complexity-repeat-enriched genes,Gm14345,,unmapped,False
Low-complexity-repeat-enriched genes,Gm14346,,unmapped,False
Low-complexity-repeat-enriched genes,Gm14347,,unmapped,False
Low-complexity-repeat-enriched genes,Gm14351,,unmapped,False
Low-complexity-repeat-enriched genes,Gm14374,,unmapped,False
Low-complexity-repeat-enriched genes,Gm14685,,unmapped,False
Low-complexity-repeat-enriched genes,Gm16485,,unmapped,False
Low-complexity-repeat-enriched genes,Gm17305,,unmapped,False
Low-complexity-repeat-enriched genes,Gm17402,,unmapped,False
Low-complexity-repeat-enriched genes,Gm17428,,unmapped,False
Low-complexity-repeat-enriched genes,Gm17571,,unmapped,False
Low-complexity-repeat-enriched genes,Gm17604,,unmapped,False
Low-complexity-repeat-enriched genes,Gm17606,,unmapped,False
Low-complexity-repeat-enriched genes,Gm17641,,unmapped,False
Low-complexity-repeat-enriched genes,Gm20503,,unmapped,False
Low-complexity-repeat-enriched genes,Gm20532,,unmapped,False
Low-complexity-repeat-enriched genes,Gm20737,,unmapped,False
Low-complexity-repeat-enriched genes,Gm20821,,unmapped,False
Low-complexity-repeat-enriched genes,Gm20914,,unmapped,False
Low-complexity-repeat-enriched genes,Gm20924,,unmapped,False
Low-complexity-repeat-enriched genes,Gm21292,,unmapped,False
Low-complexity-repeat-enriched genes,Gm21364,,unmapped,False
Low-complexity-repeat-enriched genes,Gm21447,,unmapped,False
Low-complexity-repeat-enriched genes,Gm21608,,unmapped,False
Low-complexity-repeat-enriched genes,Gm21645,,unmapped,False
Low-complexity-repeat-enriched genes,Gm21657,,unmapped,False
Low-complexity-repeat-enriched genes,Gm21681,,unmapped,False
Low-complexity-repeat-enriched genes,Gm21699,,unmapped,False
Low-complexity-repeat-enriched genes,Gm21719,,unmapped,False
Low-complexity-repeat-enriched genes,Gm21783,,unmapped,False
Low-complexity-repeat-enriched genes,Gm21798,,unmapped,False
Low-complexity-repeat-enriched genes,Gm21812,,unmapped,False
Low-complexity-repeat-enriched genes,Gm21950,,unmapped,False
Low-complexity-repeat-enriched genes,Gm21951,,unmapped,False
Low-complexity-repeat-enriched genes,Gm21961,,unmapped,False
Low-complexity-repeat-enriched genes,Gm2310,,unmapped,False
Low-complexity-repeat-enriched genes,Gm26596,,unmapped,False
Low-complexity-repeat-enriched genes,Gm2777,,unmapped,False
Low-complexity-repeat-enriched genes,Gm2784,,unmapped,False
Low-complexity-repeat-enriched genes,Gm2799,,unmapped,False
Low-complexity-repeat-enriched genes,Gm2825,,unmapped,False
Low-complexity-repeat-enriched genes,Gm2863,,unmapped,False
Low-complexity-repeat-enriched genes,Gm2913,,unmapped,False
Low-complexity-repeat-enriched genes,Gm2927,,unmapped,False
Low-complexity-repeat-enriched genes,Gm2933,,unmapped,False
Low-complexity-repeat-enriched genes,Gm2964,,unmapped,False
Low-complexity-repeat-enriched genes,Gm3259,,unmapped,False
Low-complexity-repeat-enriched genes,Gm3701,,unmapped,False
Low-complexity-repeat-enriched genes,Gm3706,,unmapped,False
Low-complexity-repeat-enriched genes,Gm3750,,unmapped,False
Low-complexity-repeat-enriched genes,Gm3763,,unmapped,False
Low-complexity-repeat-enriched genes,Gm37988,,unmapped,False
Low-complexity-repeat-enriched genes,Gm38119,,unmapped,False
Low-complexity-repeat-enriched genes,Gm4301,,unmapped,False
Low-complexity-repeat-enriched genes,Gm4302,,unmapped,False
Low-complexity-repeat-enriched genes,Gm4303,,unmapped,False
Low-complexity-repeat-enriched genes,Gm4305,,unmapped,False
Low-complexity-repeat-enriched genes,Gm4307,,unmapped,False
Low-complexity-repeat-enriched genes,Gm4308,,unmapped,False
Low-complexity-repeat-enriched genes,Gm4312,,unmapped,False
Low-complexity-repeat-enriched genes,Gm4559,,unmapped,False
Low-complexity-repeat-enriched genes,Gm4981,,unmapped,False
Low-complexity-repeat-enriched genes,Gm5039,,unmapped,False
Low-complexity-repeat-enriched genes,Gm5082,,unmapped,False
Low-complexity-repeat-enriched genes,Gm5269,,unmapped,False
Low-complexity-repeat-enriched genes,Gm527,DORIP1,mgi_ortholog,False
Low-complexity-repeat-enriched genes,Gm5435,,unmapped,False
Low-complexity-repeat-enriched genes,Gm5444,,unmapped,False
Low-complexity-repeat-enriched genes,Gm5640,,unmapped,False
Low-complexity-repeat-enriched genes,Gm5814,,unmapped,False
Low-complexity-repeat-enriched genes,Gm5936,,unmapped,False
Low-complexity-repeat-enriched genes,Gm6205,,unmapped,False
Low-complexity-repeat-enriched genes,Gm6537,,unmapped,False
Low-complexity-repeat-enriched genes,Gm6899,,unmapped,False
Low-complexity-repeat-enriched genes,Gm7008,,unmapped,False
Low-complexity-repeat-enriched genes,Gm732,,unmapped,False
Low-complexity-repeat-enriched genes,Gm8369,,unmapped,False
Low-complexity-repeat-enriched genes,Gm8730,,unmapped,False
Low-complexity-repeat-enriched genes,Gm9905,,unmapped,False
Low-complexity-repeat-enriched genes,Gm9923,,unmapped,False
Low-complexity-repeat-enriched genes,Gm9938,,unmapped,False
Low-complexity-repeat-enriched genes,Gm996,,unmapped,False
Low-complexity-repeat-enriched genes,Gmcl1l,,unmapped,False
Low-complexity-repeat-enriched genes,Gmeb1,GMEB1,mgi_ortholog,True
Low-complexity-repeat-enriched genes,Gna11,GNA11,mgi_ortholog,True
Low-complexity-repeat-enriched genes,Gnai2,GNAI2,mgi_ortholog,True
Low-complexity-repeat-enriched genes,Gnal,GNAL,mgi_ortholog,True
Low-complexity-repeat-enriched genes,Gnao1,GNAO1,mgi_ortholog,True
Low-complexity-repeat-enriched genes,Gnaq,GNAQ,mgi_ortholog,True
Low-complexity-repeat-enriched genes,Gnas,GNAS,mgi_ortholog,True
Low-complexity-repeat-enriched genes,Gnb1,GNB1,mgi_ortholog,True
Low-complexity-repeat-enriched genes,Gng12,GNG12,mgi_ortholog,True
Low-complexity-repeat-enriched genes,Gng2,GNG2,mgi_ortholog,True
Low-complexity-repeat-enriched genes,Gng5,GNG5,symbol_upcase,True
Low-complexity-repeat-enriched genes,Gpc1,GPC1,mgi_ortholog,True
Low-complexity-repeat-enriched genes,Gpm6b,GPM6B,mgi_ortholog,True
Low-complexity-repeat-enriched genes,Gpr137c,GPR137C,mgi_ortholog,True
Low-complexity-repeat-enriched genes,Gpr171,GPR171,mgi_ortholog,True
Low-complexity-repeat-enriched genes,Gpr27,GPR27,mgi_ortholog,True
Low-complexity-repeat-enriched genes,Gpr3,GPR3,mgi_ortholog,True
Low-complexity-repeat-enriched genes,Gpr62,GPR62,mgi_ortholog,True
Low-complexity-repeat-enriched genes,Gpr85,GPR85,mgi_ortholog,True
Low-complexity-repeat-enriched genes,Gps2,GPS2,mgi_ortholog,True
Low-complexity-repeat-enriched genes,Gramd4,GRAMD4,mgi_ortholog,True
Low-complexity-repeat-enriched genes,Grb2,GRB2,mgi_ortholog,True
Low-complexity-repeat-enriched genes,Gria2,GRIA2,mgi_ortholog,True
Low-complexity-repeat-enriched genes,Gria3,GRIA3,mgi_ortholog,True
Low-complexity-repeat-enriched genes,Grid1,GRID1,mgi_ortholog,True
Low-complexity-repeat-enriched genes,Grik5,GRIK5,mgi_ortholog,True
Low-complexity-repeat-enriched genes,Grin2d,GRIN2D,mgi_ortholog,True
Low-complexity-repeat-enriched genes,Grk4,GRK4,mgi_ortholog,True
Low-complexity-repeat-enriched genes,Grk6,GRK6,mgi_ortholog,True
Low-complexity-repeat-enriched genes,Grm4,GRM4,mgi_ortholog,True
Low-complexity-repeat-enriched genes,Grtp1,GRTP1,mgi_ortholog,True
Low-complexity-repeat-enriched genes,Gsk3a,GSK3A,mgi_ortholog,True
Low-complexity-repeat-enriched genes,Gsn,GSN,mgi_ortholog,True
Low-complexity-repeat-enriched genes,Gspt1,GSPT1,mgi_ortholog,True
Low-complexity-repeat-enriched genes,Gsr,GSR,mgi_ortholog,True
Low-complexity-repeat-enriched genes,Gsx1,GSX1,mgi_ortholog,True
Low-complexity-repeat-enriched genes,Gsx2,GSX2,mgi_ortholog,True
Low-complexity-repeat-enriched genes,Gtf2a1,GTF2A1,mgi_ortholog,True
Low-complexity-repeat-enriched genes,Gtf2e2,GTF2E2,mgi_ortholog,True
Low-complexity-repeat-enriched genes,Gtf2i,GTF2I,mgi_ortholog,True
Low-complexity-repeat-enriched genes,Gtf3a,GTF3A,mgi_ortholog,True
Low-complexity-repeat-enriched genes,Gtpbp2,GTPBP2,mgi_ortholog,True
Low-complexity-repeat-enriched genes,Gucy1b3,,unmapped,False
Low-complexity-repeat-enriched genes,Gxylt1,GXYLT1,mgi_ortholog,True
Low-complexity-repeat-enriched genes,H1fnt,,unmapped,False
Low-complexity-repeat-enriched genes,H1fx,,unmapped,False
Low-complexity-repeat-enriched genes,H2bfm,,unmapped,False
Low-complexity-repeat-enriched genes,H3f3a,,unmapped,False
Low-complexity-repeat-enriched genes,Habp4,HABP4,mgi_ortholog,True
Low-complexity-repeat-enriched genes,Hacd1,HACD1,mgi_ortholog,True
Low-complexity-repeat-enriched genes,Hace1,HACE1,mgi_ortholog,True
Low-complexity-repeat-enriched genes,Hadh,HADH,mgi_ortholog,True
Low-complexity-repeat-enriched genes,Hand2,HAND2,mgi_ortholog,True
Low-complexity-repeat-enriched genes,Hapln1,HAPLN1,mgi_ortholog,True
Low-complexity-repeat-enriched genes,Has2,HAS2,mgi_ortholog,True
Low-complexity-repeat-enriched genes,Hba-a1,,unmapped,False
Low-complexity-repeat-enriched genes,Hcn1,HCN1,mgi_ortholog,True
Low-complexity-repeat-enriched genes,Hcrt,HCRT,mgi_ortholog,True
Low-complexity-repeat-enriched genes,Hdac1,HDAC1,mgi_ortholog,True
Low-complexity-repeat-enriched genes,Hdac2,HDAC2,mgi_ortholog,True
Low-complexity-repeat-enriched genes,Hdac4,HDAC4,mgi_ortholog,True
Low-complexity-repeat-enriched genes,Hdac5,HDAC5,mgi_ortholog,True
Low-complexity-repeat-enriched genes,Hdac9,HDAC9,mgi_ortholog,True
Low-complexity-repeat-enriched genes,Hdgfl1,HDGFL1,mgi_ortholog,True
Low-complexity-repeat-enriched genes,Heca,HECA,mgi_ortholog,True
Low-complexity-repeat-enriched genes,Hectd2,HECTD2,mgi_ortholog,True
Low-complexity-repeat-enriched genes,Hecw2,HECW2,mgi_ortholog,True
Low-complexity-repeat-enriched genes,Heg1,HEG1,mgi_ortholog,True
Low-complexity-repeat-enriched genes,Hes1,HES1,mgi_ortholog,True
Low-complexity-repeat-enriched genes,Hes5,HES5,mgi_ortholog,True
Low-complexity-repeat-enriched genes,Hfe2,,unmapped,False
Low-complexity-repeat-enriched genes,Hgf,HGF,mgi_ortholog,True
Low-complexity-repeat-enriched genes,Hif1a,HIF1A,mgi_ortholog,True
Low-complexity-repeat-enriched genes,Hipk1,HIPK1,mgi_ortholog,True
Low-complexity-repeat-enriched genes,Hipk2,HIPK2,mgi_ortholog,True
Low-complexity-repeat-enriched genes,Hira,HIRA,mgi_ortholog,True
Low-complexity-repeat-enriched genes,Hmbox1,HMBOX1,mgi_ortholog,True
Low-complexity-repeat-enriched genes,Hmga2,HMGA2,mgi_ortholog,True
Low-complexity-repeat-enriched genes,Hmgb1,HMGB1,mgi_ortholog,True
Low-complexity-repeat-enriched genes,Hmgb2,HMGB2,mgi_ortholog,True
Low-complexity-repeat-enriched genes,Hmgn5,HMGN5,mgi_ortholog,True
Low-complexity-repeat-enriched genes,Hmx1,HMX1,mgi_ortholog,True
Low-complexity-repeat-enriched genes,Hmx2,HMX2,mgi_ortholog,True
Low-complexity-repeat-enriched genes,Hmx3,HMX3,mgi_ortholog,True
Low-complexity-repeat-enriched genes,Hnrnpa0,HNRNPA0,mgi_ortholog,True
Low-complexity-repeat-enriched genes,Hnrnpa1,HNRNPA1,symbol_upcase,True
Low-complexity-repeat-enriched genes,Hnrnpd,HNRNPD,mgi_ortholog,True
Low-complexity-repeat-enriched genes,Hnrnpl,HNRNPL,mgi_ortholog,True
Low-complexity-repeat-enriched genes,Hnrnpul1,HNRNPUL1,mgi_ortholog,True
Low-complexity-repeat-enriched genes,Homer3,HOMER3,mgi_ortholog,True
Low-complexity-repeat-enriched genes,Hoxa1,HOXA1,mgi_ortholog,True
Low-complexity-repeat-enriched genes,Hoxa10,HOXA10,mgi_ortholog,True
Low-complexity-repeat-enriched genes,Hoxa11,HOXA11,mgi_ortholog,True
Low-complexity-repeat-enriched genes,Hoxa13,HOXA13,mgi_ortholog,True
Low-complexity-repeat-enriched genes,Hoxa3,HOXA3,mgi_ortholog,True
Low-complexity-repeat-enriched genes,Hoxb3,HOXB3,mgi_ortholog,True
Low-complexity-repeat-enriched genes,Hoxb4,HOXB4,mgi_ortholog,True
Low-complexity-repeat-enriched genes,Hoxb6,HOXB6,mgi_ortholog,True
Low-complexity-repeat-enriched genes,Hoxb7,HOXB7,mgi_ortholog,True
Low-complexity-repeat-enriched genes,Hoxb8,HOXB8,mgi_ortholog,True
Low-complexity-repeat-enriched genes,Hoxb9,HOXB9,mgi_ortholog,True
Low-complexity-repeat-enriched genes,Hoxc13,HOXC13,mgi_ortholog,True
Low-complexity-repeat-enriched genes,Hoxc8,HOXC8,mgi_ortholog,True
Low-complexity-repeat-enriched genes,Hoxd4,HOXD4,mgi_ortholog,True
Low-complexity-repeat-enriched genes,Hoxd8,HOXD8,mgi_ortholog,True
Low-complexity-repeat-enriched genes,Hoxd9,HOXD9,mgi_ortholog,True
Low-complexity-repeat-enriched genes,Hp1bp3,HP1BP3,mgi_ortholog,True
Low-complexity-repeat-enriched genes,Hras,HRAS,mgi_ortholog,True
Low-complexity-repeat-enriched genes,Hs6st3,HS6ST3,mgi_ortholog,True
Low-complexity-repeat-enriched genes,Hsd11b1,HSD11B1,mgi_ortholog,True
Low-complexity-repeat-enriched genes,Hsd11b2,HSD11B2,mgi_ortholog,True
Low-complexity-repeat-enriched genes,Hsdl1,HSDL1,mgi_ortholog,True
Low-complexity-repeat-enriched genes,Hsf5,HSF5,mgi_ortholog,True
Low-complexity-repeat-enriched genes,Hsp90aa1,HSP90AA1,symbol_upcase,True
Low-complexity-repeat-enriched genes,Hsp90ab1,HSP90AB1,symbol_upcase,True
Low-complexity-repeat-enriched genes,Hsp90b1,HSP90B1,symbol_upcase,True
Low-complexity-repeat-enriched genes,Hspb11,,unmapped,False
Low-complexity-repeat-enriched genes,Htatsf1,HTATSF1,mgi_ortholog,True
Low-complexity-repeat-enriched genes,Hunk,HUNK,mgi_ortholog,True
Low-complexity-repeat-enriched genes,Iars2,IARS2,mgi_ortholog,True
Low-complexity-repeat-enriched genes,Ica1l,ICA1L,mgi_ortholog,True
Low-complexity-repeat-enriched genes,Id4,ID4,mgi_ortholog,True
Low-complexity-repeat-enriched genes,Ier5l,IER5L,mgi_ortholog,True
Low-complexity-repeat-enriched genes,Ifna14,IFNA14,symbol_upcase,True
Low-complexity-repeat-enriched genes,Ifrd1,IFRD1,mgi_ortholog,True
Low-complexity-repeat-enriched genes,Igdcc3,IGDCC3,mgi_ortholog,True
Low-complexity-repeat-enriched genes,Igdcc4,IGDCC4,mgi_ortholog,True
Low-complexity-repeat-enriched genes,Igf1r,IGF1R,mgi_ortholog,True
Low-complexity-repeat-enriched genes,Igf2bp2,IGF2BP2,mgi_ortholog,True
Low-complexity-repeat-enriched genes,Igfbp2,IGFBP2,mgi_ortholog,True
Low-complexity-repeat-enriched genes,Igfbp3,IGFBP3,mgi_ortholog,True
Low-complexity-repeat-enriched genes,Igkv3-10,,unmapped,False
Low-complexity-repeat-enriched genes,Igkv3-5,,unmapped,False
Low-complexity-repeat-enriched genes,Igkv6-20,IGKV4-1,mgi_ortholog,False
Low-complexity-repeat-enriched genes,Igkv6-29,IGKV4-1,mgi_ortholog,False
Low-complexity-repeat-enriched genes,Igkv8-30,IGKV4-1,mgi_ortholog,False
Low-complexity-repeat-enriched genes,Iglon5,IGLON5,mgi_ortholog,True
Low-complexity-repeat-enriched genes,Igsf21,IGSF21,mgi_ortholog,True
Low-complexity-repeat-enriched genes,Igsf3,IGSF3,mgi_ortholog,True
Low-complexity-repeat-enriched genes,Ik,IK,mgi_ortholog,True
Low-complexity-repeat-enriched genes,Ikzf2,IKZF2,mgi_ortholog,True
Low-complexity-repeat-enriched genes,Ikzf5,IKZF5,mgi_ortholog,True
Low-complexity-repeat-enriched genes,Il13ra2,IL13RA2,mgi_ortholog,True
Low-complexity-repeat-enriched genes,Il15ra,IL15RA,mgi_ortholog,True
Low-complexity-repeat-enriched genes,Il17d,IL17D,mgi_ortholog,True
Low-complexity-repeat-enriched genes,Il1rapl1,IL1RAPL1,mgi_ortholog,True
Low-complexity-repeat-enriched genes,Il2,IL2,mgi_ortholog,True
Low-complexity-repeat-enriched genes,Il27,IL27,mgi_ortholog,True
Low-complexity-repeat-enriched genes,Il3ra,IL3RA,mgi_ortholog,True
Low-complexity-repeat-enriched genes,Il4i1,IL4I1,mgi_ortholog,True
Low-complexity-repeat-enriched genes,Il9r,IL9R,mgi_ortholog,True
Low-complexity-repeat-enriched genes,Ildr2,ILDR2,mgi_ortholog,True
Low-complexity-repeat-enriched genes,Immp2l,IMMP2L,mgi_ortholog,True
Low-complexity-repeat-enriched genes,Impdh1,IMPDH1,mgi_ortholog,True
Low-complexity-repeat-enriched genes,Incenp,INCENP,mgi_ortholog,True
Low-complexity-repeat-enriched genes,Ing3,ING3,mgi_ortholog,True
Low-complexity-repeat-enriched genes,Ing5,ING5,mgi_ortholog,True
Low-complexity-repeat-enriched genes,Inhbb,INHBB,mgi_ortholog,True
Low-complexity-repeat-enriched genes,Inpp4a,INPP4A,mgi_ortholog,True
Low-complexity-repeat-enriched genes,Inpp4b,INPP4B,mgi_ortholog,True
Low-complexity-repeat-enriched genes,Inpp5a,INPP5A,mgi_ortholog,True
Low-complexity-repeat-enriched genes,Insm1,INSM1,mgi_ortholog,True
Low-complexity-repeat-enriched genes,Insm2,INSM2,mgi_ortholog,True
Low-complexity-repeat-enriched genes,Ints8,INTS8,mgi_ortholog,True
Low-complexity-repeat-enriched genes,Iqca,,unmapped,False
Low-complexity-repeat-enriched genes,Iqcb1,IQCB1,mgi_ortholog,True
Low-complexity-repeat-enriched genes,Iqcd,IQCD,symbol_upcase,True
Low-complexity-repeat-enriched genes,Iqsec1,IQSEC1,mgi_ortholog,True
Low-complexity-repeat-enriched genes,Iqsec2,IQSEC2,mgi_ortholog,True
Low-complexity-repeat-enriched genes,Irak1,IRAK1,mgi_ortholog,True
Low-complexity-repeat-enriched genes,Ireb2,IREB2,mgi_ortholog,True
Low-complexity-repeat-enriched genes,Irf1,IRF1,mgi_ortholog,True
Low-complexity-repeat-enriched genes,Irf2bpl,IRF2BPL,mgi_ortholog,True
Low-complexity-repeat-enriched genes,Irf5,IRF5,mgi_ortholog,True
Low-complexity-repeat-enriched genes,Irx1,IRX1,mgi_ortholog,True
Low-complexity-repeat-enriched genes,Irx3,IRX3,mgi_ortholog,True
Low-complexity-repeat-enriched genes,Irx4,IRX4,mgi_ortholog,True
Low-complexity-repeat-enriched genes,Irx5,IRX5,mgi_ortholog,True
Low-complexity-repeat-enriched genes,Ism1,ISM1,mgi_ortholog,True
Low-complexity-repeat-enriched genes,Isoc1,ISOC1,mgi_ortholog,True
Low-complexity-repeat-enriched genes,Itgal,ITGAL,mgi_ortholog,True
Low-complexity-repeat-enriched genes,Itgav,ITGAV,mgi_ortholog,True
Low-complexity-repeat-enriched genes,Itgb5,ITGB5,mgi_ortholog,True
Low-complexity-repeat-enriched genes,Itpkb,ITPKB,mgi_ortholog,True
Low-complexity-repeat-enriched genes,Itpr1,ITPR1,mgi_ortholog,True
Low-complexity-repeat-enriched genes,Itsn2,ITSN2,mgi_ortholog,True
Low-complexity-repeat-enriched genes,Ivl,IVL,mgi_ortholog,True
Low-complexity-repeat-enriched genes,Ivns1abp,IVNS1ABP,mgi_ortholog,True
Low-complexity-repeat-enriched genes,Jade1,JADE1,mgi_ortholog,True
Low-complexity-repeat-enriched genes,Jade2,JADE2,mgi_ortholog,True
Low-complexity-repeat-enriched genes,Jag1,JAG1,mgi_ortholog,True
Low-complexity-repeat-enriched genes,Jakmip3,JAKMIP3,mgi_ortholog,True
Low-complexity-repeat-enriched genes,Jarid2,JARID2,mgi_ortholog,True
Low-complexity-repeat-enriched genes,Jkamp,JKAMP,mgi_ortholog,True
Low-complexity-repeat-enriched genes,Jmjd8,JMJD8,mgi_ortholog,True
Low-complexity-repeat-enriched genes,Jmy,JMY,mgi_ortholog,True
Low-complexity-repeat-enriched genes,Jph1,JPH1,mgi_ortholog,True
Low-complexity-repeat-enriched genes,Jph3,JPH3,mgi_ortholog,True
Low-complexity-repeat-enriched genes,Jph4,JPH4,mgi_ortholog,True
Low-complexity-repeat-enriched genes,Kalrn,KALRN,mgi_ortholog,True
Low-complexity-repeat-enriched genes,Kansl1,KANSL1,mgi_ortholog,True
Low-complexity-repeat-enriched genes,Kat2b,KAT2B,mgi_ortholog,True
Low-complexity-repeat-enriched genes,Kat6b,KAT6B,mgi_ortholog,True
Low-complexity-repeat-enriched genes,Kazald1,KAZALD1,mgi_ortholog,True
Low-complexity-repeat-enriched genes,Kbtbd2,KBTBD2,mgi_ortholog,True
Low-complexity-repeat-enriched genes,Kcmf1,KCMF1,mgi_ortholog,True
Low-complexity-repeat-enriched genes,Kcna3,KCNA3,mgi_ortholog,True
Low-complexity-repeat-enriched genes,Kcna4,KCNA4,mgi_ortholog,True
Low-complexity-repeat-enriched genes,Kcnb1,KCNB1,mgi_ortholog,True
Low-complexity-repeat-enriched genes,Kcnip4,KCNIP4,mgi_ortholog,True
Low-complexity-repeat-enriched genes,Kcnj15,KCNJ15,mgi_ortholog,True
Low-complexity-repeat-enriched genes,Kcnk2,KCNK2,mgi_ortholog,True
Low-complexity-repeat-enriched genes,Kcnk9,KCNK9,mgi_ortholog,True
Low-complexity-repeat-enriched genes,Kcnma1,KCNMA1,mgi_ortholog,True
Low-complexity-repeat-enriched genes,Kcnmb4,KCNMB4,mgi_ortholog,True
Low-complexity-repeat-enriched genes,Kcnq2,KCNQ2,mgi_ortholog,True
Low-complexity-repeat-enriched genes,Kcnq4,KCNQ4,mgi_ortholog,True
Low-complexity-repeat-enriched genes,Kcnq5,KCNQ5,mgi_ortholog,True
Low-complexity-repeat-enriched genes,Kctd1,KCTD1,mgi_ortholog,True
Low-complexity-repeat-enriched genes,Kctd12,KCTD12,mgi_ortholog,True
Low-complexity-repeat-enriched genes,Kctd15,KCTD15,mgi_ortholog,True
Low-complexity-repeat-enriched genes,Kctd17,KCTD17,mgi_ortholog,True
Low-complexity-repeat-enriched genes,Kctd2,KCTD2,mgi_ortholog,True
Low-complexity-repeat-enriched genes,Kctd6,KCTD6,mgi_ortholog,True
Low-complexity-repeat-enriched genes,Kctd8,KCTD8,mgi_ortholog,True
Low-complexity-repeat-enriched genes,Kdelc2,,unmapped,False
Low-complexity-repeat-enriched genes,Kdm2b,KDM2B,mgi_ortholog,True
Low-complexity-repeat-enriched genes,Kdm5b,KDM5B,mgi_ortholog,True
Low-complexity-repeat-enriched genes,Kdm6a,KDM6A,mgi_ortholog,True
Low-complexity-repeat-enriched genes,Kdm6b,KDM6B,mgi_ortholog,True
Low-complexity-repeat-enriched genes,Khdrbs3,KHDRBS3,mgi_ortholog,True
Low-complexity-repeat-enriched genes,Kif13a,KIF13A,mgi_ortholog,True
Low-complexity-repeat-enriched genes,Kif17,KIF17,mgi_ortholog,True
Low-complexity-repeat-enriched genes,Kif2a,KIF2A,mgi_ortholog,True
Low-complexity-repeat-enriched genes,Kl,KL,mgi_ortholog,True
Low-complexity-repeat-enriched genes,Klf13,KLF13,mgi_ortholog,True
Low-complexity-repeat-enriched genes,Klf2,KLF2,mgi_ortholog,True
Low-complexity-repeat-enriched genes,Klf7,KLF7,mgi_ortholog,True
Low-complexity-repeat-enriched genes,Klhdc10,KLHDC10,mgi_ortholog,True
Low-complexity-repeat-enriched genes,Klhl14,KLHL14,mgi_ortholog,True
Low-complexity-repeat-enriched genes,Klhl17,KLHL17,mgi_ortholog,True
Low-complexity-repeat-enriched genes,Klhl22,KLHL22,mgi_ortholog,True
Low-complexity-repeat-enriched genes,Klhl29,KLHL29,mgi_ortholog,True
Low-complexity-repeat-enriched genes,Klhl34,KLHL34,mgi_ortholog,True
Low-complexity-repeat-enriched genes,Klhl38,KLHL38,mgi_ortholog,True
Low-complexity-repeat-enriched genes,Klhl5,KLHL5,mgi_ortholog,True
Low-complexity-repeat-enriched genes,Klhl8,KLHL8,mgi_ortholog,True
Low-complexity-repeat-enriched genes,Klk15,KLK15,mgi_ortholog,True
Low-complexity-repeat-enriched genes,Kmt2b,KMT2B,mgi_ortholog,True
Low-complexity-repeat-enriched genes,Kmt2c,KMT2C,mgi_ortholog,True
Low-complexity-repeat-enriched genes,Kmt2d,KMT2D,mgi_ortholog,True
Low-complexity-repeat-enriched genes,Kmt2e,KMT2E,mgi_ortholog,True
Low-complexity-repeat-enriched genes,Knstrn,KNSTRN,mgi_ortholog,True
Low-complexity-repeat-enriched genes,Kras,KRAS,mgi_ortholog,True
Low-complexity-repeat-enriched genes,Kremen1,KREMEN1,mgi_ortholog,True
Low-complexity-repeat-enriched genes,Krt1,KRT1,mgi_ortholog,True
Low-complexity-repeat-enriched genes,Krt10,KRT10,mgi_ortholog,True
Low-complexity-repeat-enriched genes,Krt13,KRT13,mgi_ortholog,True
Low-complexity-repeat-enriched genes,Krt82,KRT82,mgi_ortholog,True
Low-complexity-repeat-enriched genes,Krt9,KRT9,mgi_ortholog,True
Low-complexity-repeat-enriched genes,Krtap1-3,KRTAP1-3,symbol_upcase,True
Low-complexity-repeat-enriched genes,Krtap1-4,KRTAP1-4,symbol_upcase,True
Low-complexity-repeat-enriched genes,Krtap10-4,KRTAP10-4,symbol_upcase,True
Low-complexity-repeat-enriched genes,Krtap17-1,KRTAP17-1,mgi_ortholog,True
Low-complexity-repeat-enriched genes,Krtap20-2,KRTAP20-2,mgi_ortholog,True
Low-complexity-repeat-enriched genes,Krtap22-2,KRTAP22-2,symbol_upcase,True
Low-complexity-repeat-enriched genes,Krtap24-1,KRTAP24-1,mgi_ortholog,True
Low-complexity-repeat-enriched genes,Krtap28-13,,unmapped,False
Low-complexity-repeat-enriched genes,Krtap4-1,KRTAP4-1,symbol_upcase,True
Low-complexity-repeat-enriched genes,Krtap4-2,KRTAP4-2,symbol_upcase,True
Low-complexity-repeat-enriched genes,Krtap4-6,KRTAP4-6,symbol_upcase,True
Low-complexity-repeat-enriched genes,Krtap4-7,KRTAP4-7,symbol_upcase,True
Low-complexity-repeat-enriched genes,Krtap4-8,KRTAP4-8,symbol_upcase,True
Low-complexity-repeat-enriched genes,Krtap4-9,KRTAP4-9,symbol_upcase,True
Low-complexity-repeat-enriched genes,Krtap5-1,,unmapped,False
Low-complexity-repeat-enriched genes,Krtap5-2,KRTAP5-2,symbol_upcase,True
Low-complexity-repeat-enriched genes,Krtap5-3,KRTAP5-3,symbol_upcase,True
Low-complexity-repeat-enriched genes,Krtap5-4,KRTAP5-4,symbol_upcase,True
Low-complexity-repeat-enriched genes,Krtap5-5,,unmapped,False
Low-complexity-repeat-enriched genes,Krtap6-1,KRTAP6-1,symbol_upcase,True
Low-complexity-repeat-enriched genes,Krtap6-3,KRTAP6-3,symbol_upcase,True
Low-complexity-repeat-enriched genes,Krtap6-5,,unmapped,False
Low-complexity-repeat-enriched genes,L3mbtl3,L3MBTL3,mgi_ortholog,True
Low-complexity-repeat-enriched genes,Lactb,LACTB,mgi_ortholog,True
Low-complexity-repeat-enriched genes,Larp1,LARP1,mgi_ortholog,True
Low-complexity-repeat-enriched genes,Larp4b,LARP4B,mgi_ortholog,True
Low-complexity-repeat-enriched genes,Larp7,LARP7,mgi_ortholog,True
Low-complexity-repeat-enriched genes,Lce1a1,,unmapped,False
Low-complexity-repeat-enriched genes,Lce1a2,,unmapped,False
Low-complexity-repeat-enriched genes,Lce1b,LCE1B,symbol_upcase,True
Low-complexity-repeat-enriched genes,Lce1c,LCE1C,symbol_upcase,True
Low-complexity-repeat-enriched genes,Lce1d,LCE1D,symbol_upcase,True
Low-complexity-repeat-enriched genes,Lce1e,LCE1E,symbol_upcase,True
Low-complexity-repeat-enriched genes,Lce1f,LCE1F,symbol_upcase,True
Low-complexity-repeat-enriched genes,Lce1g,,unmapped,False
Low-complexity-repeat-enriched genes,Lce1h,,unmapped,False
Low-complexity-repeat-enriched genes,Lce1i,,unmapped,False
Low-complexity-repeat-enriched genes,Lce1j,,unmapped,False
Low-complexity-repeat-enriched genes,Lce1k,,unmapped,False
Low-complexity-repeat-enriched genes,Lce1m,,unmapped,False
Low-complexity-repeat-enriched genes,Lcor,LCOR,mgi_ortholog,True
Low-complexity-repeat-enriched genes,Lcorl,LCORL,mgi_ortholog,True
Low-complexity-repeat-enriched genes,Ldb1,LDB1,mgi_ortholog,True
Low-complexity-repeat-enriched genes,Ldb2,LDB2,mgi_ortholog,True
Low-complexity-repeat-enriched genes,Lect1,,unmapped,False
Low-complexity-repeat-enriched genes,Lef1,LEF1,mgi_ortholog,True
Low-complexity-repeat-enriched genes,Lemd1,LEMD1,mgi_ortholog,True
Low-complexity-repeat-enriched genes,Lemd2,LEMD2,mgi_ortholog,True
Low-complexity-repeat-enriched genes,Lemd3,LEMD3,mgi_ortholog,True
Low-complexity-repeat-enriched genes,Letm1,LETM1,mgi_ortholog,True
Low-complexity-repeat-enriched genes,Lgalsl,LGALSL,mgi_ortholog,True
Low-complexity-repeat-enriched genes,Lgr4,LGR4,mgi_ortholog,True
Low-complexity-repeat-enriched genes,Lhfpl3,LHFPL3,mgi_ortholog,True
Low-complexity-repeat-enriched genes,Lhx2,LHX2,mgi_ortholog,True
Low-complexity-repeat-enriched genes,Lhx9,LHX9,mgi_ortholog,True
Low-complexity-repeat-enriched genes,Limd2,LIMD2,mgi_ortholog,True
Low-complexity-repeat-enriched genes,Lin9,LIN9,mgi_ortholog,True
Low-complexity-repeat-enriched genes,Lingo3,LINGO3,mgi_ortholog,True
Low-complexity-repeat-enriched genes,Lipe,LIPE,mgi_ortholog,True
Low-complexity-repeat-enriched genes,Lkaaear1,LKAAEAR1,mgi_ortholog,True
Low-complexity-repeat-enriched genes,Lmnb2,LMNB2,mgi_ortholog,True
Low-complexity-repeat-enriched genes,Lmo2,LMO2,mgi_ortholog,True
Low-complexity-repeat-enriched genes,Lmo4,LMO4,mgi_ortholog,True
Low-complexity-repeat-enriched genes,Lmod3,LMOD3,mgi_ortholog,True
Low-complexity-repeat-enriched genes,Lmx1b,LMX1B,mgi_ortholog,True
Low-complexity-repeat-enriched genes,Lonrf1,LONRF1,mgi_ortholog,True
Low-complexity-repeat-enriched genes,Lonrf3,LONRF3,mgi_ortholog,True
Low-complexity-repeat-enriched genes,Lor,,unmapped,False
Low-complexity-repeat-enriched genes,Lpar4,LPAR4,mgi_ortholog,True
Low-complexity-repeat-enriched genes,Lpcat1,LPCAT1,mgi_ortholog,True
Low-complexity-repeat-enriched genes,Lpgat1,LPGAT1,mgi_ortholog,True
Low-complexity-repeat-enriched genes,Lrch1,LRCH1,mgi_ortholog,True
Low-complexity-repeat-enriched genes,Lrch2,LRCH2,mgi_ortholog,True
Low-complexity-repeat-enriched genes,Lrig1,LRIG1,mgi_ortholog,True
Low-complexity-repeat-enriched genes,Lrig3,LRIG3,mgi_ortholog,True
Low-complexity-repeat-enriched genes,Lrp1,LRP1,mgi_ortholog,True
Low-complexity-repeat-enriched genes,Lrp12,LRP12,mgi_ortholog,True
Low-complexity-repeat-enriched genes,Lrp2,LRP2,mgi_ortholog,True
Low-complexity-repeat-enriched genes,Lrp3,LRP3,mgi_ortholog,True
Low-complexity-repeat-enriched genes,Lrp4,LRP4,mgi_ortholog,True
Low-complexity-repeat-enriched genes,Lrp6,LRP6,mgi_ortholog,True
Low-complexity-repeat-enriched genes,Lrrc1,LRRC1,mgi_ortholog,True
Low-complexity-repeat-enriched genes,Lrrc10b,LRRC10B,mgi_ortholog,True
Low-complexity-repeat-enriched genes,Lrrc16a,,unmapped,False
Low-complexity-repeat-enriched genes,Lrrc16b,,unmapped,False
Low-complexity-repeat-enriched genes,Lrrc26,LRRC26,mgi_ortholog,True
Low-complexity-repeat-enriched genes,Lrrc36,LRRC36,mgi_ortholog,True
Low-complexity-repeat-enriched genes,Lrrc49,LRRC49,mgi_ortholog,True
Low-complexity-repeat-enriched genes,Lrrc73,LRRC73,mgi_ortholog,True
Low-complexity-repeat-enriched genes,Lrrc8c,LRRC8C,mgi_ortholog,True
Low-complexity-repeat-enriched genes,Lrrc8d,LRRC8D,mgi_ortholog,True
Low-complexity-repeat-enriched genes,Lrrfip2,LRRFIP2,mgi_ortholog,True
Low-complexity-repeat-enriched genes,Lrriq1,LRRIQ1,mgi_ortholog,True
Low-complexity-repeat-enriched genes,Lrrtm3,LRRTM3,mgi_ortholog,True
Low-complexity-repeat-enriched genes,Lsm12,LSM12,mgi_ortholog,True
Low-complexity-repeat-enriched genes,Lsm14b,LSM14B,mgi_ortholog,True
Low-complexity-repeat-enriched genes,Ltbp1,LTBP1,mgi_ortholog,True
Low-complexity-repeat-enriched genes,Luc7l3,LUC7L3,mgi_ortholog,True
Low-complexity-repeat-enriched genes,Lyg1,LYG1,mgi_ortholog,True
Low-complexity-repeat-enriched genes,Lypla1,LYPLA1,mgi_ortholog,True
Low-complexity-repeat-enriched genes,Lzts2,LZTS2,mgi_ortholog,True
Low-complexity-repeat-enriched genes,Mab21l3,MAB21L3,mgi_ortholog,True
Low-complexity-repeat-enriched genes,Macrod1,MACROD1,mgi_ortholog,True
Low-complexity-repeat-enriched genes,Maf,MAF,mgi_ortholog,True
Low-complexity-repeat-enriched genes,Mafa,MAFA,mgi_ortholog,True
Low-complexity-repeat-enriched genes,Mafb,MAFB,mgi_ortholog,True
Low-complexity-repeat-enriched genes,Mafg,MAFG,mgi_ortholog,True
Low-complexity-repeat-enriched genes,Magea10,MAGEA10,symbol_upcase,True
Low-complexity-repeat-enriched genes,Maged2,MAGED2,mgi_ortholog,True
Low-complexity-repeat-enriched genes,Magi1,MAGI1,mgi_ortholog,True
Low-complexity-repeat-enriched genes,Magi2,MAGI2,mgi_ortholog,True
Low-complexity-repeat-enriched genes,Magi3,MAGI3,mgi_ortholog,True
Low-complexity-repeat-enriched genes,Malsu1,MALSU1,mgi_ortholog,True
Low-complexity-repeat-enriched genes,Maml1,MAML1,mgi_ortholog,True
Low-complexity-repeat-enriched genes,Map1a,MAP1A,mgi_ortholog,True
Low-complexity-repeat-enriched genes,Map2k4,MAP2K4,mgi_ortholog,True
Low-complexity-repeat-enriched genes,Map2k7,MAP2K7,mgi_ortholog,True
Low-complexity-repeat-enriched genes,Map3k1,MAP3K1,mgi_ortholog,True
Low-complexity-repeat-enriched genes,Map3k14,MAP3K14,mgi_ortholog,True
Low-complexity-repeat-enriched genes,Map3k15,MAP3K15,mgi_ortholog,True
Low-complexity-repeat-enriched genes,Map3k3,MAP3K3,mgi_ortholog,True
Low-complexity-repeat-enriched genes,Map3k5,MAP3K5,mgi_ortholog,True
Low-complexity-repeat-enriched genes,Map3k9,MAP3K9,mgi_ortholog,True
Low-complexity-repeat-enriched genes,Map4k3,MAP4K3,mgi_ortholog,True
Low-complexity-repeat-enriched genes,Map7,MAP7,mgi_ortholog,True
Low-complexity-repeat-enriched genes,Map7d2,MAP7D2,mgi_ortholog,True
Low-complexity-repeat-enriched genes,Mapk1,MAPK1,mgi_ortholog,True
Low-complexity-repeat-enriched genes,Mapk6,MAPK6,mgi_ortholog,True
Low-complexity-repeat-enriched genes,Mapk7,MAPK7,mgi_ortholog,True
Low-complexity-repeat-enriched genes,Mapk8ip1,MAPK8IP1,mgi_ortholog,True
Low-complexity-repeat-enriched genes,Mapkapk2,MAPKAPK2,mgi_ortholog,True
Low-complexity-repeat-enriched genes,Mapkapk5,MAPKAPK5,mgi_ortholog,True
Low-complexity-repeat-enriched genes,Mapt,MAPT,mgi_ortholog,True
Low-complexity-repeat-enriched genes,Marcks,MARCKS,mgi_ortholog,True
Low-complexity-repeat-enriched genes,Marf1,MARF1,mgi_ortholog,True
Low-complexity-repeat-enriched genes,Mark1,MARK1,mgi_ortholog,True
Low-complexity-repeat-enriched genes,Marveld1,MARVELD1,mgi_ortholog,True
Low-complexity-repeat-enriched genes,Maz,MAZ,mgi_ortholog,True
Low-complexity-repeat-enriched genes,Mb21d2,MB21D2,mgi_ortholog,True
Low-complexity-repeat-enriched genes,Mbd2,MBD2,mgi_ortholog,True
Low-complexity-repeat-enriched genes,Mbd3,MBD3,mgi_ortholog,True
Low-complexity-repeat-enriched genes,Mboat7,MBOAT7,mgi_ortholog,True
Low-complexity-repeat-enriched genes,Mcl1,MCL1,mgi_ortholog,True
Low-complexity-repeat-enriched genes,Mdfi,MDFI,mgi_ortholog,True
Low-complexity-repeat-enriched genes,Mdga2,MDGA2,mgi_ortholog,True
Low-complexity-repeat-enriched genes,Med12,MED12,mgi_ortholog,True
Low-complexity-repeat-enriched genes,Med13l,MED13L,mgi_ortholog,True
Low-complexity-repeat-enriched genes,Med19,MED19,mgi_ortholog,True
Low-complexity-repeat-enriched genes,Med28,MED28,mgi_ortholog,True
Low-complexity-repeat-enriched genes,Med9,MED9,mgi_ortholog,True
Low-complexity-repeat-enriched genes,Mef2c,MEF2C,mgi_ortholog,True
Low-complexity-repeat-enriched genes,Mef2d,MEF2D,mgi_ortholog,True
Low-complexity-repeat-enriched genes,Meis2,MEIS2,mgi_ortholog,True
Low-complexity-repeat-enriched genes,Meox2,MEOX2,mgi_ortholog,True
Low-complexity-repeat-enriched genes,Mesdc1,,unmapped,False
Low-complexity-repeat-enriched genes,Metap2,METAP2,mgi_ortholog,True
Low-complexity-repeat-enriched genes,Metrn,METRN,mgi_ortholog,True
Low-complexity-repeat-enriched genes,Mettl17,METTL17,mgi_ortholog,True
Low-complexity-repeat-enriched genes,Mettl9,METTL9,mgi_ortholog,True
Low-complexity-repeat-enriched genes,Mex3a,MEX3A,mgi_ortholog,True
Low-complexity-repeat-enriched genes,Mex3d,MEX3D,mgi_ortholog,True
Low-complexity-repeat-enriched genes,Mgat2,MGAT2,mgi_ortholog,True
Low-complexity-repeat-enriched genes,Mgat3,MGAT3,mgi_ortholog,True
Low-complexity-repeat-enriched genes,Mgat4a,MGAT4A,mgi_ortholog,True
Low-complexity-repeat-enriched genes,Mgat4b,MGAT4B,mgi_ortholog,True
Low-complexity-repeat-enriched genes,Mgrn1,MGRN1,mgi_ortholog,True
Low-complexity-repeat-enriched genes,Mgst1,MGST1,mgi_ortholog,True
Low-complexity-repeat-enriched genes,Mical1,MICAL1,mgi_ortholog,True
Low-complexity-repeat-enriched genes,Mitf,MITF,mgi_ortholog,True
Low-complexity-repeat-enriched genes,Mki67,MKI67,mgi_ortholog,True
Low-complexity-repeat-enriched genes,Mkl2,,unmapped,False
Low-complexity-repeat-enriched genes,Mknk2,MKNK2,mgi_ortholog,True
Low-complexity-repeat-enriched genes,Mks1,MKS1,mgi_ortholog,True
Low-complexity-repeat-enriched genes,Mlana,MLANA,mgi_ortholog,True
Low-complexity-repeat-enriched genes,Mlec,MLEC,mgi_ortholog,True
Low-complexity-repeat-enriched genes,Mlip,MLIP,mgi_ortholog,True
Low-complexity-repeat-enriched genes,Mllt1,MLLT1,mgi_ortholog,True
Low-complexity-repeat-enriched genes,Mllt10,MLLT10,mgi_ortholog,True
Low-complexity-repeat-enriched genes,Mllt3,MLLT3,mgi_ortholog,True
Low-complexity-repeat-enriched genes,Mllt4,,unmapped,False
Low-complexity-repeat-enriched genes,Mllt6,MLLT6,mgi_ortholog,True
Low-complexity-repeat-enriched genes,Mlst8,MLST8,mgi_ortholog,True
Low-complexity-repeat-enriched genes,Mme,MME,mgi_ortholog,True
Low-complexity-repeat-enriched genes,Mmp11,MMP11,mgi_ortholog,True
Low-complexity-repeat-enriched genes,Mmp24,MMP24,mgi_ortholog,True
Low-complexity-repeat-enriched genes,Mnx1,MNX1,mgi_ortholog,True
Low-complexity-repeat-enriched genes,Mpp6,,unmapped,False
Low-complexity-repeat-enriched genes,Mpp7,MPP7,mgi_ortholog,True
Low-complexity-repeat-enriched genes,Mpped1,MPPED1,mgi_ortholog,True
Low-complexity-repeat-enriched genes,Mpzl1,MPZL1,mgi_ortholog,True
Low-complexity-repeat-enriched genes,Mreg,MREG,mgi_ortholog,True
Low-complexity-repeat-enriched genes,Mrfap1,MRFAP1,symbol_upcase,True
Low-complexity-repeat-enriched genes,Mrgprb8,,unmapped,False
Low-complexity-repeat-enriched genes,Mroh1,MROH1,mgi_ortholog,True
Low-complexity-repeat-enriched genes,Msantd2,MSANTD2,mgi_ortholog,True
Low-complexity-repeat-enriched genes,Msl1,MSL1,mgi_ortholog,True
Low-complexity-repeat-enriched genes,Msl2,MSL2,mgi_ortholog,True
Low-complexity-repeat-enriched genes,Mt1,,unmapped,False
Low-complexity-repeat-enriched genes,Mta1,MTA1,mgi_ortholog,True
Low-complexity-repeat-enriched genes,Mta3,MTA3,mgi_ortholog,True
Low-complexity-repeat-enriched genes,Mtch1,MTCH1,mgi_ortholog,True
Low-complexity-repeat-enriched genes,Mtdh,MTDH,mgi_ortholog,True
Low-complexity-repeat-enriched genes,Mtfr1,MTFR1,mgi_ortholog,True
Low-complexity-repeat-enriched genes,Mtmr12,MTMR12,mgi_ortholog,True
Low-complexity-repeat-enriched genes,Mtss1l,,unmapped,False
Low-complexity-repeat-enriched genes,Mturn,MTURN,mgi_ortholog,True
Low-complexity-repeat-enriched genes,Musk,MUSK,mgi_ortholog,True
Low-complexity-repeat-enriched genes,Mxd4,MXD4,mgi_ortholog,True
Low-complexity-repeat-enriched genes,Mxi1,MXI1,mgi_ortholog,True
Low-complexity-repeat-enriched genes,Myb,MYB,mgi_ortholog,True
Low-complexity-repeat-enriched genes,Mybl1,MYBL1,mgi_ortholog,True
Low-complexity-repeat-enriched genes,Mycbp,MYCBP,mgi_ortholog,True
Low-complexity-repeat-enriched genes,Mycbp2,MYCBP2,mgi_ortholog,True
Low-complexity-repeat-enriched genes,Myeov2,,unmapped,False
Low-complexity-repeat-enriched genes,Myo18a,MYO18A,mgi_ortholog,True
Low-complexity-repeat-enriched genes,Myo1d,MYO1D,mgi_ortholog,True
Low-complexity-repeat-enriched genes,Myo5a,MYO5A,mgi_ortholog,True
Low-complexity-repeat-enriched genes,Myo6,MYO6,mgi_ortholog,True
Low-complexity-repeat-enriched genes,Myo9a,MYO9A,mgi_ortholog,True
Low-complexity-repeat-enriched genes,Myt1,MYT1,mgi_ortholog,True
Low-complexity-repeat-enriched genes,N4bp1,N4BP1,mgi_ortholog,True
Low-complexity-repeat-enriched genes,Naa15,NAA15,mgi_ortholog,True
Low-complexity-repeat-enriched genes,Naa20,NAA20,mgi_ortholog,True
Low-complexity-repeat-enriched genes,Naa30,NAA30,mgi_ortholog,True
Low-complexity-repeat-enriched genes,Nab1,NAB1,mgi_ortholog,True
Low-complexity-repeat-enriched genes,Nadk,NADK,mgi_ortholog,True
Low-complexity-repeat-enriched genes,Nanos1,NANOS1,mgi_ortholog,True
Low-complexity-repeat-enriched genes,Nap1l3,NAP1L3,mgi_ortholog,True
Low-complexity-repeat-enriched genes,Nap1l5,NAP1L5,mgi_ortholog,True
Low-complexity-repeat-enriched genes,Nat8l,ASPNAT,mgi_ortholog,False
Low-complexity-repeat-enriched genes,Nav1,NAV1,mgi_ortholog,True
Low-complexity-repeat-enriched genes,Nbea,NBEA,mgi_ortholog,True
Low-complexity-repeat-enriched genes,Ncam1,NCAM1,mgi_ortholog,True
Low-complexity-repeat-enriched genes,Ncam2,NCAM2,mgi_ortholog,True
Low-complexity-repeat-enriched genes,Nck2,NCK2,mgi_ortholog,True
Low-complexity-repeat-enriched genes,Nckap1,NCKAP1,mgi_ortholog,True
Low-complexity-repeat-enriched genes,Nckipsd,NCKIPSD,mgi_ortholog,True
Low-complexity-repeat-enriched genes,Ncl,NCL,symbol_upcase,True
Low-complexity-repeat-enriched genes,Ncoa1,NCOA1,mgi_ortholog,True
Low-complexity-repeat-enriched genes,Ncoa2,NCOA2,mgi_ortholog,True
Low-complexity-repeat-enriched genes,Ncoa5,NCOA5,mgi_ortholog,True
Low-complexity-repeat-enriched genes,Ncoa6,NCOA6,mgi_ortholog,True
Low-complexity-repeat-enriched genes,Ncor1,NCOR1,mgi_ortholog,True
Low-complexity-repeat-enriched genes,Ncs1,NCS1,mgi_ortholog,True
Low-complexity-repeat-enriched genes,Ndfip2,NDFIP2,mgi_ortholog,True
Low-complexity-repeat-enriched genes,Ndufb4,NDUFB4,mgi_ortholog,True
Low-complexity-repeat-enriched genes,Necab2,NECAB2,mgi_ortholog,True
Low-complexity-repeat-enriched genes,Nedd4l,NEDD4L,mgi_ortholog,True
Low-complexity-repeat-enriched genes,Nefl,NEFL,mgi_ortholog,True
Low-complexity-repeat-enriched genes,Nefm,NEFM,mgi_ortholog,True
Low-complexity-repeat-enriched genes,Nek9,NEK9,mgi_ortholog,True
Low-complexity-repeat-enriched genes,Neto1,NETO1,mgi_ortholog,True
Low-complexity-repeat-enriched genes,Neu2,NEU2,mgi_ortholog,True
Low-complexity-repeat-enriched genes,Neurl1b,NEURL1B,mgi_ortholog,True
Low-complexity-repeat-enriched genes,Neurl4,NEURL4,mgi_ortholog,True
Low-complexity-repeat-enriched genes,Neurod1,NEUROD1,mgi_ortholog,True
Low-complexity-repeat-enriched genes,Neurod4,NEUROD4,mgi_ortholog,True
Low-complexity-repeat-enriched genes,Neurod6,NEUROD6,mgi_ortholog,True
Low-complexity-repeat-enriched genes,Nexn,NEXN,mgi_ortholog,True
Low-complexity-repeat-enriched genes,Nf1,NF1,mgi_ortholog,True
Low-complexity-repeat-enriched genes,Nfat5,NFAT5,mgi_ortholog,True
Low-complexity-repeat-enriched genes,Nfatc1,NFATC1,mgi_ortholog,True
Low-complexity-repeat-enriched genes,Nfe2l1,NFE2L1,mgi_ortholog,True
Low-complexity-repeat-enriched genes,Nfe2l3,NFE2L3,mgi_ortholog,True
Low-complexity-repeat-enriched genes,Nfia,NFIA,mgi_ortholog,True
Low-complexity-repeat-enriched genes,Nfib,NFIB,mgi_ortholog,True
Low-complexity-repeat-enriched genes,Nfic,NFIC,mgi_ortholog,True
Low-complexity-repeat-enriched genes,Nfix,NFIX,mgi_ortholog,True
Low-complexity-repeat-enriched genes,Ngfrap1,,unmapped,False
Low-complexity-repeat-enriched genes,Nhsl1,NHSL1,mgi_ortholog,True
Low-complexity-repeat-enriched genes,Ninj1,NINJ1,mgi_ortholog,True
Low-complexity-repeat-enriched genes,Nipbl,NIPBL,mgi_ortholog,True
Low-complexity-repeat-enriched genes,Nisch,NISCH,mgi_ortholog,True
Low-complexity-repeat-enriched genes,Nkain2,NKAIN2,mgi_ortholog,True
Low-complexity-repeat-enriched genes,Nkd2,NKD2,mgi_ortholog,True
Low-complexity-repeat-enriched genes,Nkx1-1,NKX1-1,mgi_ortholog,True
Low-complexity-repeat-enriched genes,Nkx2-1,NKX2-1,mgi_ortholog,True
Low-complexity-repeat-enriched genes,Nkx2-4,NKX2-4,mgi_ortholog,True
Low-complexity-repeat-enriched genes,Nkx6-1,NKX6-1,mgi_ortholog,True
Low-complexity-repeat-enriched genes,Nmrk2,NMRK2,mgi_ortholog,True
Low-complexity-repeat-enriched genes,Nol4l,NOL4L,mgi_ortholog,True
Low-complexity-repeat-enriched genes,Nos1,NOS1,mgi_ortholog,True
Low-complexity-repeat-enriched genes,Nova1,NOVA1,mgi_ortholog,True
Low-complexity-repeat-enriched genes,Nova2,NOVA2,mgi_ortholog,True
Low-complexity-repeat-enriched genes,Npbwr1,NPBWR1,mgi_ortholog,True
Low-complexity-repeat-enriched genes,Npff,NPFF,mgi_ortholog,True
Low-complexity-repeat-enriched genes,Nphp1,NPHP1,mgi_ortholog,True
Low-complexity-repeat-enriched genes,Npm1,NPM1,mgi_ortholog,True
Low-complexity-repeat-enriched genes,Npm2,NPM2,mgi_ortholog,True
Low-complexity-repeat-enriched genes,Npnt,NPNT,mgi_ortholog,True
Low-complexity-repeat-enriched genes,Npr2,NPR2,mgi_ortholog,True
Low-complexity-repeat-enriched genes,Nptn,NPTN,mgi_ortholog,True
Low-complexity-repeat-enriched genes,Nr2c2,NR2C2,mgi_ortholog,True
Low-complexity-repeat-enriched genes,Nr2f1,NR2F1,mgi_ortholog,True
Low-complexity-repeat-enriched genes,Nr2f2,NR2F2,mgi_ortholog,True
Low-complexity-repeat-enriched genes,Nr3c1,NR3C1,mgi_ortholog,True
Low-complexity-repeat-enriched genes,Nr3c2,NR3C2,mgi_ortholog,True
Low-complexity-repeat-enriched genes,Nr4a2,NR4A2,mgi_ortholog,True
Low-complexity-repeat-enriched genes,Nrd1,,unmapped,False
Low-complexity-repeat-enriched genes,Nrep,NREP,mgi_ortholog,True
Low-complexity-repeat-enriched genes,Nrg1,NRG1,mgi_ortholog,True
Low-complexity-repeat-enriched genes,Nrg2,NRG2,mgi_ortholog,True
Low-complexity-repeat-enriched genes,Nrgn,NRGN,mgi_ortholog,True
Low-complexity-repeat-enriched genes,Nrip3,NRIP3,mgi_ortholog,True
Low-complexity-repeat-enriched genes,Nrk,NRK,mgi_ortholog,True
Low-complexity-repeat-enriched genes,Nrxn2,NRXN2,mgi_ortholog,True
Low-complexity-repeat-enriched genes,Nsf,NSF,mgi_ortholog,True
Low-complexity-repeat-enriched genes,Nsun2,NSUN2,mgi_ortholog,True
Low-complexity-repeat-enriched genes,Nsun4,NSUN4,mgi_ortholog,True
Low-complexity-repeat-enriched genes,Nt5c2,NT5C2,mgi_ortholog,True
Low-complexity-repeat-enriched genes,Ntan1,NTAN1,mgi_ortholog,True
Low-complexity-repeat-enriched genes,Nudt11,NUDT11,symbol_upcase,True
Low-complexity-repeat-enriched genes,Nup54,NUP54,mgi_ortholog,True
Low-complexity-repeat-enriched genes,Nup62,NUP62,mgi_ortholog,True
Low-complexity-repeat-enriched genes,Nup62cl,NUP62CL,mgi_ortholog,True
Low-complexity-repeat-enriched genes,Nxph4,NXPH4,mgi_ortholog,True
Low-complexity-repeat-enriched genes,Olfm1,OLFM1,mgi_ortholog,True
Low-complexity-repeat-enriched genes,Olfr1065,,unmapped,False
Low-complexity-repeat-enriched genes,Olfr1085,,unmapped,False
Low-complexity-repeat-enriched genes,Olfr1097,,unmapped,False
Low-complexity-repeat-enriched genes,Olfr1128,,unmapped,False
Low-complexity-repeat-enriched genes,Olfr1132,,unmapped,False
Low-complexity-repeat-enriched genes,Olfr1167,,unmapped,False
Low-complexity-repeat-enriched genes,Olfr1184,,unmapped,False
Low-complexity-repeat-enriched genes,Olfr1199,,unmapped,False
Low-complexity-repeat-enriched genes,Olfr1200,,unmapped,False
Low-complexity-repeat-enriched genes,Olfr1277,,unmapped,False
Low-complexity-repeat-enriched genes,Olfr1288,,unmapped,False
Low-complexity-repeat-enriched genes,Olfr1312,,unmapped,False
Low-complexity-repeat-enriched genes,Olfr1361,,unmapped,False
Low-complexity-repeat-enriched genes,Olfr1532-ps1,,unmapped,False
Low-complexity-repeat-enriched genes,Olfr220,,unmapped,False
Low-complexity-repeat-enriched genes,Olfr270,,unmapped,False
Low-complexity-repeat-enriched genes,Olfr309,,unmapped,False
Low-complexity-repeat-enriched genes,Olfr313,,unmapped,False
Low-complexity-repeat-enriched genes,Olfr482,,unmapped,False
Low-complexity-repeat-enriched genes,Olfr490,,unmapped,False
Low-complexity-repeat-enriched genes,Olfr502,,unmapped,False
Low-complexity-repeat-enriched genes,Olfr521,,unmapped,False
Low-complexity-repeat-enriched genes,Olfr541,,unmapped,False
Low-complexity-repeat-enriched genes,Olfr594,,unmapped,False
Low-complexity-repeat-enriched genes,Olfr615,,unmapped,False
Low-complexity-repeat-enriched genes,Olfr669,,unmapped,False
Low-complexity-repeat-enriched genes,Olfr670,,unmapped,False
Low-complexity-repeat-enriched genes,Olfr723,,unmapped,False
Low-complexity-repeat-enriched genes,Olfr724,,unmapped,False
Low-complexity-repeat-enriched genes,Olfr818,,unmapped,False
Low-complexity-repeat-enriched genes,Olfr887,,unmapped,False
Low-complexity-repeat-enriched genes,Olig3,OLIG3,mgi_ortholog,True
Low-complexity-repeat-enriched genes,Onecut1,ONECUT1,mgi_ortholog,True
Low-complexity-repeat-enriched genes,Onecut2,ONECUT2,mgi_ortholog,True
Low-complexity-repeat-enriched genes,Opcml,OPCML,mgi_ortholog,True
Low-complexity-repeat-enriched genes,Optc,OPTC,mgi_ortholog,True
Low-complexity-repeat-enriched genes,Osbp,OSBP,mgi_ortholog,True
Low-complexity-repeat-enriched genes,Osbp2,OSBP2,mgi_ortholog,True
Low-complexity-repeat-enriched genes,Osbpl10,OSBPL10,mgi_ortholog,True
Low-complexity-repeat-enriched genes,Osbpl1a,OSBPL1A,mgi_ortholog,True
Low-complexity-repeat-enriched genes,Osbpl5,OSBPL5,mgi_ortholog,True
Low-complexity-repeat-enriched genes,Osbpl8,OSBPL8,mgi_ortholog,True
Low-complexity-repeat-enriched genes,Otp,OTP,mgi_ortholog,True
Low-complexity-repeat-enriched genes,Otud1,OTUD1,mgi_ortholog,True
Low-complexity-repeat-enriched genes,Otud7a,OTUD7A,mgi_ortholog,True
Low-complexity-repeat-enriched genes,Otx1,OTX1,mgi_ortholog,True
Low-complexity-repeat-enriched genes,Ovol2,OVOL2,mgi_ortholog,True
Low-complexity-repeat-enriched genes,P3h3,P3H3,mgi_ortholog,True
Low-complexity-repeat-enriched genes,Pabpc5,PABPC5,mgi_ortholog,True
Low-complexity-repeat-enriched genes,Pabpn1,PABPN1,mgi_ortholog,True
Low-complexity-repeat-enriched genes,Pacs1,PACS1,mgi_ortholog,True
Low-complexity-repeat-enriched genes,Pacs2,PACS2,mgi_ortholog,True
Low-complexity-repeat-enriched genes,Palld,PALLD,mgi_ortholog,True
Low-complexity-repeat-enriched genes,Palm3,PALM3,mgi_ortholog,True
Low-complexity-repeat-enriched genes,Panx2,PANX2,mgi_ortholog,True
Low-complexity-repeat-enriched genes,Papd7,,unmapped,False
Low-complexity-repeat-enriched genes,Pappa2,PAPPA2,mgi_ortholog,True
Low-complexity-repeat-enriched genes,Paqr3,PAQR3,mgi_ortholog,True
Low-complexity-repeat-enriched genes,Paqr9,PAQR9,mgi_ortholog,True
Low-complexity-repeat-enriched genes,Pard3,PARD3,mgi_ortholog,True
Low-complexity-repeat-enriched genes,Pard3b,PARD3B,mgi_ortholog,True
Low-complexity-repeat-enriched genes,Pard6g,PARD6G,mgi_ortholog,True
Low-complexity-repeat-enriched genes,Patl1,PATL1,mgi_ortholog,True
Low-complexity-repeat-enriched genes,Pawr,PAWR,mgi_ortholog,True
Low-complexity-repeat-enriched genes,Pax1,PAX1,mgi_ortholog,True
Low-complexity-repeat-enriched genes,Pax2,PAX2,mgi_ortholog,True
Low-complexity-repeat-enriched genes,Pax6,PAX6,mgi_ortholog,True
Low-complexity-repeat-enriched genes,Pax7,PAX7,mgi_ortholog,True
Low-complexity-repeat-enriched genes,Pbdc1,PBDC1,mgi_ortholog,True
Low-complexity-repeat-enriched genes,Pbrm1,PBRM1,mgi_ortholog,True
Low-complexity-repeat-enriched genes,Pbx2,PBX2,mgi_ortholog,True
Low-complexity-repeat-enriched genes,Pbx3,PBX3,mgi_ortholog,True
Low-complexity-repeat-enriched genes,Pcbd2,PCBD2,mgi_ortholog,True
Low-complexity-repeat-enriched genes,Pcbp1,PCBP1,mgi_ortholog,True
Low-complexity-repeat-enriched genes,Pcbp2,PCBP2,mgi_ortholog,True
Low-complexity-repeat-enriched genes,Pccb,PCCB,mgi_ortholog,True
Low-complexity-repeat-enriched genes,Pcdh1,PCDH1,mgi_ortholog,True
Low-complexity-repeat-enriched genes,Pcdh10,PCDH10,mgi_ortholog,True
Low-complexity-repeat-enriched genes,Pcdh11x,PCDH11X,symbol_upcase,True
Low-complexity-repeat-enriched genes,Pcdh7,PCDH7,mgi_ortholog,True
Low-complexity-repeat-enriched genes,Pcdh8,PCDH8,mgi_ortholog,True
Low-complexity-repeat-enriched genes,Pcdhga9,PCDHGA9,mgi_ortholog,True
Low-complexity-repeat-enriched genes,Pcgf2,PCGF2,mgi_ortholog,True
Low-complexity-repeat-enriched genes,Pclo,PCLO,mgi_ortholog,True
Low-complexity-repeat-enriched genes,Pcmtd1,PCMTD1,mgi_ortholog,True
Low-complexity-repeat-enriched genes,Pcnx,,unmapped,False
Low-complexity-repeat-enriched genes,Pcsk4,PCSK4,mgi_ortholog,True
Low-complexity-repeat-enriched genes,Pcsk5,PCSK5,mgi_ortholog,True
Low-complexity-repeat-enriched genes,Pcsk6,PCSK6,mgi_ortholog,True
Low-complexity-repeat-enriched genes,Pcsk7,PCSK7,mgi_ortholog,True
Low-complexity-repeat-enriched genes,Pde3a,PDE3A,mgi_ortholog,True
Low-complexity-repeat-enriched genes,Pde4d,PDE4D,mgi_ortholog,True
Low-complexity-repeat-enriched genes,Pde8a,PDE8A,mgi_ortholog,True
Low-complexity-repeat-enriched genes,Pde8b,PDE8B,mgi_ortholog,True
Low-complexity-repeat-enriched genes,Pde9a,PDE9A,mgi_ortholog,True
Low-complexity-repeat-enriched genes,Pdgfra,PDGFRA,mgi_ortholog,True
Low-complexity-repeat-enriched genes,Pdilt,PDILT,mgi_ortholog,True
Low-complexity-repeat-enriched genes,Pdlim4,PDLIM4,mgi_ortholog,True
Low-complexity-repeat-enriched genes,Pdp1,PDP1,mgi_ortholog,True
Low-complexity-repeat-enriched genes,Pdzrn3,PDZRN3,mgi_ortholog,True
Low-complexity-repeat-enriched genes,Peg10,PEG10,mgi_ortholog,True
Low-complexity-repeat-enriched genes,Peg12,FRAT1,mgi_ortholog,True
Low-complexity-repeat-enriched genes,Peli2,PELI2,mgi_ortholog,True
Low-complexity-repeat-enriched genes,Pelp1,PELP1,mgi_ortholog,True
Low-complexity-repeat-enriched genes,Pet117,PET117,mgi_ortholog,True
Low-complexity-repeat-enriched genes,Pex14,PEX14,mgi_ortholog,True
Low-complexity-repeat-enriched genes,Pfkfb2,PFKFB2,mgi_ortholog,True
Low-complexity-repeat-enriched genes,Pgbd5,PGBD5,mgi_ortholog,True
Low-complexity-repeat-enriched genes,Pgk1,PGK1,mgi_ortholog,True
Low-complexity-repeat-enriched genes,Pgp,PGP,mgi_ortholog,True
Low-complexity-repeat-enriched genes,Pgrmc2,PGRMC2,mgi_ortholog,True
Low-complexity-repeat-enriched genes,Phactr1,PHACTR1,mgi_ortholog,True
Low-complexity-repeat-enriched genes,Phactr2,PHACTR2,mgi_ortholog,True
Low-complexity-repeat-enriched genes,Phc1,PHC1,mgi_ortholog,True
Low-complexity-repeat-enriched genes,Phf10,PHF10,mgi_ortholog,True
Low-complexity-repeat-enriched genes,Phf14,PHF14,mgi_ortholog,True
Low-complexity-repeat-enriched genes,Phf19,PHF19,mgi_ortholog,True
Low-complexity-repeat-enriched genes,Phf2,PHF2,mgi_ortholog,True
Low-complexity-repeat-enriched genes,Phf20l1,PHF20L1,mgi_ortholog,True
Low-complexity-repeat-enriched genes,Phf21a,PHF21A,mgi_ortholog,True
Low-complexity-repeat-enriched genes,Phf21b,PHF21B,mgi_ortholog,True
Low-complexity-repeat-enriched genes,Phf23,PHF23,mgi_ortholog,True
Low-complexity-repeat-enriched genes,Phf24,PHF24,mgi_ortholog,True
Low-complexity-repeat-enriched genes,Phlpp1,PHLPP1,mgi_ortholog,True
Low-complexity-repeat-enriched genes,Phox2a,PHOX2A,mgi_ortholog,True
Low-complexity-repeat-enriched genes,Phyhipl,PHYHIPL,mgi_ortholog,True
Low-complexity-repeat-enriched genes,Pias2,PIAS2,mgi_ortholog,True
Low-complexity-repeat-enriched genes,Piezo2,PIEZO2,mgi_ortholog,True
Low-complexity-repeat-enriched genes,Pik3ca,PIK3CA,mgi_ortholog,True
Low-complexity-repeat-enriched genes,Pik3r2,PIK3R2,mgi_ortholog,True
Low-complexity-repeat-enriched genes,Pik3r6,PIK3R6,mgi_ortholog,True
Low-complexity-repeat-enriched genes,Pikfyve,PIKFYVE,mgi_ortholog,True
Low-complexity-repeat-enriched genes,Pim1,PIM1,mgi_ortholog,True
Low-complexity-repeat-enriched genes,Pip4k2b,PIP4K2B,mgi_ortholog,True
Low-complexity-repeat-enriched genes,Pitpnm3,PITPNM3,mgi_ortholog,True
Low-complexity-repeat-enriched genes,Pitx1,PITX1,mgi_ortholog,True
Low-complexity-repeat-enriched genes,Pitx2,PITX2,mgi_ortholog,True
Low-complexity-repeat-enriched genes,Pkdcc,PKDCC,mgi_ortholog,True
Low-complexity-repeat-enriched genes,Pkig,PKIG,mgi_ortholog,True
Low-complexity-repeat-enriched genes,Pla2g12a,PLA2G12A,mgi_ortholog,True
Low-complexity-repeat-enriched genes,Plagl1,PLAGL1,mgi_ortholog,True
Low-complexity-repeat-enriched genes,Plcg1,PLCG1,mgi_ortholog,True
Low-complexity-repeat-enriched genes,Plch2,PLCH2,mgi_ortholog,True
Low-complexity-repeat-enriched genes,Plcl2,PLCL2,mgi_ortholog,True
Low-complexity-repeat-enriched genes,Plekha3,PLEKHA3,mgi_ortholog,True
Low-complexity-repeat-enriched genes,Plekha5,PLEKHA5,mgi_ortholog,True
Low-complexity-repeat-enriched genes,Plekhg5,PLEKHG5,mgi_ortholog,True
Low-complexity-repeat-enriched genes,Plekhm2,PLEKHM2,mgi_ortholog,True
Low-complexity-repeat-enriched genes,Plekho1,PLEKHO1,mgi_ortholog,True
Low-complexity-repeat-enriched genes,Plin1,PLIN1,mgi_ortholog,True
Low-complexity-repeat-enriched genes,Plp1,PLP1,mgi_ortholog,True
Low-complexity-repeat-enriched genes,Plxna1,PLXNA1,mgi_ortholog,True
Low-complexity-repeat-enriched genes,Plxnd1,PLXND1,mgi_ortholog,True
Low-complexity-repeat-enriched genes,Pm20d2,PM20D2,mgi_ortholog,True
Low-complexity-repeat-enriched genes,Pmepa1,PMEPA1,mgi_ortholog,True
Low-complexity-repeat-enriched genes,Pnck,PNCK,mgi_ortholog,True
Low-complexity-repeat-enriched genes,Pnmal2,,unmapped,False
Low-complexity-repeat-enriched genes,Pnn,PNN,mgi_ortholog,True
Low-complexity-repeat-enriched genes,Pnrc1,PNRC1,mgi_ortholog,True
Low-complexity-repeat-enriched genes,Podxl2,PODXL2,mgi_ortholog,True
Low-complexity-repeat-enriched genes,Poldip2,POLDIP2,mgi_ortholog,True
Low-complexity-repeat-enriched genes,Pole,POLE,mgi_ortholog,True
Low-complexity-repeat-enriched genes,Pole3,POLE3,mgi_ortholog,True
Low-complexity-repeat-enriched genes,Polr2m,POLR2M,mgi_ortholog,True
Low-complexity-repeat-enriched genes,Polr3g,POLR3G,mgi_ortholog,True
Low-complexity-repeat-enriched genes,Polr3gl,POLR3GL,mgi_ortholog,True
Low-complexity-repeat-enriched genes,Pomgnt1,POMGNT1,mgi_ortholog,True
Low-complexity-repeat-enriched genes,Pop1,POP1,mgi_ortholog,True
Low-complexity-repeat-enriched genes,Pou2f1,POU2F1,mgi_ortholog,True
Low-complexity-repeat-enriched genes,Pou3f1,POU3F1,mgi_ortholog,True
Low-complexity-repeat-enriched genes,Pou3f2,POU3F2,mgi_ortholog,True
Low-complexity-repeat-enriched genes,Pou3f3,POU3F3,mgi_ortholog,True
Low-complexity-repeat-enriched genes,Pou4f2,POU4F2,mgi_ortholog,True
Low-complexity-repeat-enriched genes,Pou6f1,POU6F1,mgi_ortholog,True
Low-complexity-repeat-enriched genes,Ppapdc3,,unmapped,False
Low-complexity-repeat-enriched genes,Ppig,PPIG,mgi_ortholog,True
Low-complexity-repeat-enriched genes,Ppl,PPL,mgi_ortholog,True
Low-complexity-repeat-enriched genes,Ppm1a,PPM1A,mgi_ortholog,True
Low-complexity-repeat-enriched genes,Ppm1b,PPM1B,mgi_ortholog,True
Low-complexity-repeat-enriched genes,Ppp1cc,PPP1CC,mgi_ortholog,True
Low-complexity-repeat-enriched genes,Ppp1r12a,PPP1R12A,mgi_ortholog,True
Low-complexity-repeat-enriched genes,Ppp1r12c,PPP1R12C,mgi_ortholog,True
Low-complexity-repeat-enriched genes,Ppp1r13b,PPP1R13B,mgi_ortholog,True
Low-complexity-repeat-enriched genes,Ppp1r14a,PPP1R14A,mgi_ortholog,True
Low-complexity-repeat-enriched genes,Ppp1r14b,PPP1R14B,mgi_ortholog,True
Low-complexity-repeat-enriched genes,Ppp1r14c,PPP1R14C,mgi_ortholog,True
Low-complexity-repeat-enriched genes,Ppp1r17,PPP1R17,mgi_ortholog,True
Low-complexity-repeat-enriched genes,Ppp1r1b,PPP1R1B,mgi_ortholog,True
Low-complexity-repeat-enriched genes,Ppp1r37,PPP1R37,mgi_ortholog,True
Low-complexity-repeat-enriched genes,Ppp1r3f,PPP1R3F,mgi_ortholog,True
Low-complexity-repeat-enriched genes,Ppp1r9a,PPP1R9A,mgi_ortholog,True
Low-complexity-repeat-enriched genes,Ppp1r9b,PPP1R9B,mgi_ortholog,True
Low-complexity-repeat-enriched genes,Ppp2r2a,PPP2R2A,mgi_ortholog,True
Low-complexity-repeat-enriched genes,Ppp2r2c,PPP2R2C,mgi_ortholog,True
Low-complexity-repeat-enriched genes,Ppp2r5a,PPP2R5A,mgi_ortholog,True
Low-complexity-repeat-enriched genes,Ppp2r5e,PPP2R5E,mgi_ortholog,True
Low-complexity-repeat-enriched genes,Ppp3ca,PPP3CA,mgi_ortholog,True
Low-complexity-repeat-enriched genes,Ppp3cb,PPP3CB,mgi_ortholog,True
Low-complexity-repeat-enriched genes,Ppp3r1,PPP3R1,mgi_ortholog,True
Low-complexity-repeat-enriched genes,Ppp4r2,PPP4R2,mgi_ortholog,True
Low-complexity-repeat-enriched genes,Ppp6c,PPP6C,mgi_ortholog,True
Low-complexity-repeat-enriched genes,Pptc7,PPTC7,mgi_ortholog,True
Low-complexity-repeat-enriched genes,Pqlc2,,unmapped,False
Low-complexity-repeat-enriched genes,Pradc1,PRADC1,mgi_ortholog,True
Low-complexity-repeat-enriched genes,Prdm10,PRDM10,mgi_ortholog,True
Low-complexity-repeat-enriched genes,Prdm11,PRDM11,mgi_ortholog,True
Low-complexity-repeat-enriched genes,Prdm13,PRDM13,mgi_ortholog,True
Low-complexity-repeat-enriched genes,Prdm15,PRDM15,mgi_ortholog,True
Low-complexity-repeat-enriched genes,Prdm6,PRDM6,mgi_ortholog,True
Low-complexity-repeat-enriched genes,Prdm8,PRDM8,mgi_ortholog,True
Low-complexity-repeat-enriched genes,Prep,PREP,mgi_ortholog,True
Low-complexity-repeat-enriched genes,Prickle2,PRICKLE2,mgi_ortholog,True
Low-complexity-repeat-enriched genes,Prima1,PRIMA1,mgi_ortholog,True
Low-complexity-repeat-enriched genes,Prkaa1,PRKAA1,mgi_ortholog,True
Low-complexity-repeat-enriched genes,Prkaa2,PRKAA2,mgi_ortholog,True
Low-complexity-repeat-enriched genes,Prkar2b,PRKAR2B,mgi_ortholog,True
Low-complexity-repeat-enriched genes,Prkce,PRKCE,mgi_ortholog,True
Low-complexity-repeat-enriched genes,Prkg2,PRKG2,mgi_ortholog,True
Low-complexity-repeat-enriched genes,Prkx,PRKX,symbol_upcase,True
Low-complexity-repeat-enriched genes,Prm3,PRM3,mgi_ortholog,True
Low-complexity-repeat-enriched genes,Prmt5,PRMT5,mgi_ortholog,True
Low-complexity-repeat-enriched genes,Prok2,PROK2,mgi_ortholog,True
Low-complexity-repeat-enriched genes,Prol1,,unmapped,False
Low-complexity-repeat-enriched genes,Prox1,PROX1,mgi_ortholog,True
Low-complexity-repeat-enriched genes,Prpf38b,PRPF38B,mgi_ortholog,True
Low-complexity-repeat-enriched genes,Prpmp5,,unmapped,False
Low-complexity-repeat-enriched genes,Prr15l,PRR15L,mgi_ortholog,True
Low-complexity-repeat-enriched genes,Prr23a2,,unmapped,False
Low-complexity-repeat-enriched genes,Prrc2b,PRRC2B,mgi_ortholog,True
Low-complexity-repeat-enriched genes,Prrc2c,PRRC2C,mgi_ortholog,True
Low-complexity-repeat-enriched genes,Prrt2,PRRT2,mgi_ortholog,True
Low-complexity-repeat-enriched genes,Prss46,PRSS46P,mgi_ortholog,True
Low-complexity-repeat-enriched genes,Psip1,PSIP1,mgi_ortholog,True
Low-complexity-repeat-enriched genes,Pstpip1,PSTPIP1,mgi_ortholog,True
Low-complexity-repeat-enriched genes,Ptbp2,PTBP2,mgi_ortholog,True
Low-complexity-repeat-enriched genes,Ptbp3,PTBP3,mgi_ortholog,True
Low-complexity-repeat-enriched genes,Pth1r,PTH1R,mgi_ortholog,True
Low-complexity-repeat-enriched genes,Pth2,PTH2,mgi_ortholog,True
Low-complexity-repeat-enriched genes,Ptma,PTMA,mgi_ortholog,True
Low-complexity-repeat-enriched genes,Ptms,PTMS,mgi_ortholog,True
Low-complexity-repeat-enriched genes,Ptov1,PTOV1,mgi_ortholog,True
Low-complexity-repeat-enriched genes,Ptp4a1,PTP4A1,mgi_ortholog,True
Low-complexity-repeat-enriched genes,Ptp4a2,PTP4A2,mgi_ortholog,True
Low-complexity-repeat-enriched genes,Ptpn12,PTPN12,mgi_ortholog,True
Low-complexity-repeat-enriched genes,Ptprf,PTPRF,mgi_ortholog,True
Low-complexity-repeat-enriched genes,Ptpro,PTPRO,mgi_ortholog,True
Low-complexity-repeat-enriched genes,Ptprt,PTPRT,mgi_ortholog,True
Low-complexity-repeat-enriched genes,Puf60,PUF60,mgi_ortholog,True
Low-complexity-repeat-enriched genes,Pura,PURA,mgi_ortholog,True
Low-complexity-repeat-enriched genes,Purb,PURB,mgi_ortholog,True
Low-complexity-repeat-enriched genes,Pvrl1,,unmapped,False
Low-complexity-repeat-enriched genes,Pvrl3,,unmapped,False
Low-complexity-repeat-enriched genes,Pwwp2b,PWWP2B,mgi_ortholog,True
Low-complexity-repeat-enriched genes,Pxdc1,PXDC1,mgi_ortholog,True
Low-complexity-repeat-enriched genes,Pxk,PXK,mgi_ortholog,True
Low-complexity-repeat-enriched genes,Pydc4,,unmapped,False
Low-complexity-repeat-enriched genes,Qk,,unmapped,False
Low-complexity-repeat-enriched genes,Qrich2,QRICH2,mgi_ortholog,True
Low-complexity-repeat-enriched genes,Qsox1,QSOX1,mgi_ortholog,True
Low-complexity-repeat-enriched genes,Qsox2,QSOX2,mgi_ortholog,True
Low-complexity-repeat-enriched genes,R3hdm2,R3HDM2,mgi_ortholog,True
Low-complexity-repeat-enriched genes,Rab1,,unmapped,False
Low-complexity-repeat-enriched genes,Rab11fip2,RAB11FIP2,mgi_ortholog,True
Low-complexity-repeat-enriched genes,Rab11fip4,RAB11FIP4,mgi_ortholog,True
Low-complexity-repeat-enriched genes,Rab12,RAB12,mgi_ortholog,True
Low-complexity-repeat-enriched genes,Rab35,RAB35,mgi_ortholog,True
Low-complexity-repeat-enriched genes,Rab3a,RAB3A,mgi_ortholog,True
Low-complexity-repeat-enriched genes,Rab40c,RAB40C,mgi_ortholog,True
Low-complexity-repeat-enriched genes,Rab42,RAB42,mgi_ortholog,True
Low-complexity-repeat-enriched genes,Rab7,RAB7A,mgi_ortholog,True
Low-complexity-repeat-enriched genes,Rabgap1l,RABGAP1L,mgi_ortholog,True
Low-complexity-repeat-enriched genes,Rabgef1,RABGEF1,mgi_ortholog,True
Low-complexity-repeat-enriched genes,Rabl6,RABL6,mgi_ortholog,True
Low-complexity-repeat-enriched genes,Rac2,RAC2,mgi_ortholog,True
Low-complexity-repeat-enriched genes,Rac3,RAC3,mgi_ortholog,True
Low-complexity-repeat-enriched genes,Rad21,RAD21,mgi_ortholog,True
Low-complexity-repeat-enriched genes,Rad54l2,RAD54L2,mgi_ortholog,True
Low-complexity-repeat-enriched genes,Rai1,RAI1,mgi_ortholog,True
Low-complexity-repeat-enriched genes,Ralbp1,RALBP1,mgi_ortholog,True
Low-complexity-repeat-enriched genes,Ralgapa1,RALGAPA1,mgi_ortholog,True
Low-complexity-repeat-enriched genes,Ralgps2,RALGPS2,mgi_ortholog,True
Low-complexity-repeat-enriched genes,Ranbp17,RANBP17,mgi_ortholog,True
Low-complexity-repeat-enriched genes,Ranbp9,RANBP9,mgi_ortholog,True
Low-complexity-repeat-enriched genes,Rangap1,RANGAP1,mgi_ortholog,True
Low-complexity-repeat-enriched genes,Rap1b,RAP1B,symbol_upcase,True
Low-complexity-repeat-enriched genes,Rap1gap,RAP1GAP,mgi_ortholog,True
Low-complexity-repeat-enriched genes,Rap1gds1,RAP1GDS1,mgi_ortholog,True
Low-complexity-repeat-enriched genes,Rapgef1,RAPGEF1,mgi_ortholog,True
Low-complexity-repeat-enriched genes,Rapgef4,RAPGEF4,mgi_ortholog,True
Low-complexity-repeat-enriched genes,Rasa1,RASA1,mgi_ortholog,True
Low-complexity-repeat-enriched genes,Rasgef1a,RASGEF1A,mgi_ortholog,True
Low-complexity-repeat-enriched genes,Rassf8,RASSF8,mgi_ortholog,True
Low-complexity-repeat-enriched genes,Rassf9,RASSF9,mgi_ortholog,True
Low-complexity-repeat-enriched genes,Raver2,RAVER2,mgi_ortholog,True
Low-complexity-repeat-enriched genes,Rbbp6,RBBP6,mgi_ortholog,True
Low-complexity-repeat-enriched genes,Rbm19,RBM19,mgi_ortholog,True
Low-complexity-repeat-enriched genes,Rbm24,RBM24,mgi_ortholog,True
Low-complexity-repeat-enriched genes,Rbm26,RBM26,mgi_ortholog,True
Low-complexity-repeat-enriched genes,Rbm33,RBM33,mgi_ortholog,True
Low-complexity-repeat-enriched genes,Rbm39,RBM39,mgi_ortholog,True
Low-complexity-repeat-enriched genes,Rbm47,RBM47,mgi_ortholog,True
Low-complexity-repeat-enriched genes,Rbms1,RBMS1,mgi_ortholog,True
Low-complexity-repeat-enriched genes,Rbms2,RBMS2,mgi_ortholog,True
Low-complexity-repeat-enriched genes,Rbms3,RBMS3,mgi_ortholog,True
Low-complexity-repeat-enriched genes,Rbmxl2,RBMXL2,mgi_ortholog,True
Low-complexity-repeat-enriched genes,Rbpj,RBPJ,mgi_ortholog,True
Low-complexity-repeat-enriched genes,Rc3h1,RC3H1,mgi_ortholog,True
Low-complexity-repeat-enriched genes,Rchy1,RCHY1,mgi_ortholog,True
Low-complexity-repeat-enriched genes,Rcor1,RCOR1,mgi_ortholog,True
Low-complexity-repeat-enriched genes,Rcor3,RCOR3,mgi_ortholog,True
Low-complexity-repeat-enriched genes,Rd3,RD3,mgi_ortholog,True
Low-complexity-repeat-enriched genes,Rdh19,RDH16,mgi_ortholog,True
Low-complexity-repeat-enriched genes,Rel,REL,mgi_ortholog,True
Low-complexity-repeat-enriched genes,Reps1,REPS1,mgi_ortholog,True
Low-complexity-repeat-enriched genes,Reps2,REPS2,mgi_ortholog,True
Low-complexity-repeat-enriched genes,Ret,RET,mgi_ortholog,True
Low-complexity-repeat-enriched genes,Rev1,REV1,mgi_ortholog,True
Low-complexity-repeat-enriched genes,Rfng,RFNG,mgi_ortholog,True
Low-complexity-repeat-enriched genes,Rfx1,RFX1,mgi_ortholog,True
Low-complexity-repeat-enriched genes,Rfx3,RFX3,mgi_ortholog,True
Low-complexity-repeat-enriched genes,Rfx4,RFX4,mgi_ortholog,True
Low-complexity-repeat-enriched genes,Rfx5,RFX5,mgi_ortholog,True
Low-complexity-repeat-enriched genes,Rgag4,,unmapped,False
Low-complexity-repeat-enriched genes,Rgmb,RGMB,mgi_ortholog,True
Low-complexity-repeat-enriched genes,Rgs12,RGS12,mgi_ortholog,True
Low-complexity-repeat-enriched genes,Rgs17,RGS17,mgi_ortholog,True
Low-complexity-repeat-enriched genes,Rgs19,RGS19,mgi_ortholog,True
Low-complexity-repeat-enriched genes,Rhbdl1,RHBDL1,mgi_ortholog,True
Low-complexity-repeat-enriched genes,Rhod,RHOD,mgi_ortholog,True
Low-complexity-repeat-enriched genes,Rhoj,RHOJ,mgi_ortholog,True
Low-complexity-repeat-enriched genes,Rhou,RHOU,mgi_ortholog,True
Low-complexity-repeat-enriched genes,Rhox13,RHOXF1,mgi_ortholog,True
Low-complexity-repeat-enriched genes,Rhox8,,unmapped,False
Low-complexity-repeat-enriched genes,Ric1,RIC1,mgi_ortholog,True
Low-complexity-repeat-enriched genes,Ric8b,RIC8B,mgi_ortholog,True
Low-complexity-repeat-enriched genes,Rimklb,RIMKLB,mgi_ortholog,True
Low-complexity-repeat-enriched genes,Ripk2,RIPK2,mgi_ortholog,True
Low-complexity-repeat-enriched genes,Ripply1,RIPPLY1,mgi_ortholog,True
Low-complexity-repeat-enriched genes,Rltpr,,unmapped,False
Low-complexity-repeat-enriched genes,Rnd1,RND1,mgi_ortholog,True
Low-complexity-repeat-enriched genes,Rnd2,RND2,mgi_ortholog,True
Low-complexity-repeat-enriched genes,Rnf10,RNF10,mgi_ortholog,True
Low-complexity-repeat-enriched genes,Rnf111,RNF111,mgi_ortholog,True
Low-complexity-repeat-enriched genes,Rnf126,RNF126,mgi_ortholog,True
Low-complexity-repeat-enriched genes,Rnf130,RNF130,mgi_ortholog,True
Low-complexity-repeat-enriched genes,Rnf138,RNF138,mgi_ortholog,True
Low-complexity-repeat-enriched genes,Rnf139,RNF139,mgi_ortholog,True
Low-complexity-repeat-enriched genes,Rnf146,RNF146,mgi_ortholog,True
Low-complexity-repeat-enriched genes,Rnf149,RNF149,mgi_ortholog,True
Low-complexity-repeat-enriched genes,Rnf165,,unmapped,False
Low-complexity-repeat-enriched genes,Rnf166,RNF166,mgi_ortholog,True
Low-complexity-repeat-enriched genes,Rnf187,RNF187,mgi_ortholog,True
Low-complexity-repeat-enriched genes,Rnf20,RNF20,mgi_ortholog,True
Low-complexity-repeat-enriched genes,Rnf208,RNF208,mgi_ortholog,True
Low-complexity-repeat-enriched genes,Rnf215,RNF215,mgi_ortholog,True
Low-complexity-repeat-enriched genes,Rnf24,RNF24,mgi_ortholog,True
Low-complexity-repeat-enriched genes,Rnf26,RNF26,mgi_ortholog,True
Low-complexity-repeat-enriched genes,Rnf39,RNF39,mgi_ortholog,True
Low-complexity-repeat-enriched genes,Rnf43,RNF43,mgi_ortholog,True
Low-complexity-repeat-enriched genes,Rnf5,RNF5,mgi_ortholog,True
Low-complexity-repeat-enriched genes,Rnft1,RNFT1,mgi_ortholog,True
Low-complexity-repeat-enriched genes,Rnft2,RNFT2,mgi_ortholog,True
Low-complexity-repeat-enriched genes,Rnpepl1,RNPEPL1,mgi_ortholog,True
Low-complexity-repeat-enriched genes,Rnps1,RNPS1,mgi_ortholog,True
Low-complexity-repeat-enriched genes,Ror1,ROR1,mgi_ortholog,True
Low-complexity-repeat-enriched genes,Rora,RORA,mgi_ortholog,True
Low-complexity-repeat-enriched genes,Rpa1,RPA1,mgi_ortholog,True
Low-complexity-repeat-enriched genes,Rpia,RPIA,mgi_ortholog,True
Low-complexity-repeat-enriched genes,Rpl7,RPL7,mgi_ortholog,True
Low-complexity-repeat-enriched genes,Rps19bp1,RPS19BP1,mgi_ortholog,True
Low-complexity-repeat-enriched genes,Rps5,RPS5,mgi_ortholog,True
Low-complexity-repeat-enriched genes,Rps6ka5,RPS6KA5,mgi_ortholog,True
Low-complexity-repeat-enriched genes,Rragc,RRAGC,mgi_ortholog,True
Low-complexity-repeat-enriched genes,Rrbp1,RRBP1,mgi_ortholog,True
Low-complexity-repeat-enriched genes,Rsbn1,RSBN1,mgi_ortholog,True
Low-complexity-repeat-enriched genes,Rsf1,RSF1,mgi_ortholog,True
Low-complexity-repeat-enriched genes,Rspo3,RSPO3,mgi_ortholog,True
Low-complexity-repeat-enriched genes,Rsrc1,RSRC1,mgi_ortholog,True
Low-complexity-repeat-enriched genes,Rtf1,RTF1,mgi_ortholog,True
Low-complexity-repeat-enriched genes,Rtl1,RTL1,mgi_ortholog,True
Low-complexity-repeat-enriched genes,Rtn1,RTN1,mgi_ortholog,True
Low-complexity-repeat-enriched genes,Rtn4rl2,RTN4RL2,mgi_ortholog,True
Low-complexity-repeat-enriched genes,Rufy1,RUFY1,mgi_ortholog,True
Low-complexity-repeat-enriched genes,Rufy3,RUFY3,mgi_ortholog,True
Low-complexity-repeat-enriched genes,Rundc3a,RUNDC3A,mgi_ortholog,True
Low-complexity-repeat-enriched genes,Rundc3b,RUNDC3B,mgi_ortholog,True
Low-complexity-repeat-enriched genes,Runx2,RUNX2,mgi_ortholog,True
Low-complexity-repeat-enriched genes,Runx3,RUNX3,mgi_ortholog,True
Low-complexity-repeat-enriched genes,Rusc2,RUSC2,mgi_ortholog,True
Low-complexity-repeat-enriched genes,Rwdd1,RWDD1,mgi_ortholog,True
Low-complexity-repeat-enriched genes,Rxra,RXRA,mgi_ortholog,True
Low-complexity-repeat-enriched genes,Rxrb,RXRB,mgi_ortholog,True
Low-complexity-repeat-enriched genes,Rybp,RYBP,mgi_ortholog,True
Low-complexity-repeat-enriched genes,Ryk,RYK,mgi_ortholog,True
Low-complexity-repeat-enriched genes,Ryr2,RYR2,mgi_ortholog,True
Low-complexity-repeat-enriched genes,Safb,SAFB,mgi_ortholog,True
Low-complexity-repeat-enriched genes,Sall1,SALL1,mgi_ortholog,True
Low-complexity-repeat-enriched genes,Sall3,SALL3,mgi_ortholog,True
Low-complexity-repeat-enriched genes,Samd1,SAMD1,mgi_ortholog,True
Low-complexity-repeat-enriched genes,Sap30l,SAP30L,mgi_ortholog,True
Low-complexity-repeat-enriched genes,Sart3,SART3,mgi_ortholog,True
Low-complexity-repeat-enriched genes,Satb1,SATB1,mgi_ortholog,True
Low-complexity-repeat-enriched genes,Sav1,SAV1,mgi_ortholog,True
Low-complexity-repeat-enriched genes,Sbf2,SBF2,mgi_ortholog,True
Low-complexity-repeat-enriched genes,Sbpl,ZG16B,mgi_ortholog,True
Low-complexity-repeat-enriched genes,Scaf1,SCAF1,mgi_ortholog,True
Low-complexity-repeat-enriched genes,Scarb2,SCARB2,mgi_ortholog,True
Low-complexity-repeat-enriched genes,Scarf2,SCARF2,mgi_ortholog,True
Low-complexity-repeat-enriched genes,Schip1,SCHIP1,mgi_ortholog,True
Low-complexity-repeat-enriched genes,Scn3a,SCN3A,mgi_ortholog,True
Low-complexity-repeat-enriched genes,Scn8a,SCN8A,mgi_ortholog,True
Low-complexity-repeat-enriched genes,Scrt2,SCRT2,mgi_ortholog,True
Low-complexity-repeat-enriched genes,Scube3,SCUBE3,mgi_ortholog,True
Low-complexity-repeat-enriched genes,Sdc3,SDC3,mgi_ortholog,True
Low-complexity-repeat-enriched genes,Sdhaf2,SDHAF2,mgi_ortholog,True
Low-complexity-repeat-enriched genes,Sec24d,SEC24D,mgi_ortholog,True
Low-complexity-repeat-enriched genes,Sec61a1,SEC61A1,mgi_ortholog,True
Low-complexity-repeat-enriched genes,Secisbp2l,SECISBP2L,mgi_ortholog,True
Low-complexity-repeat-enriched genes,Sectm1b,SECTM1,mgi_ortholog,True
Low-complexity-repeat-enriched genes,Sel1l,SEL1L,mgi_ortholog,True
Low-complexity-repeat-enriched genes,Sell,SELL,mgi_ortholog,True
Low-complexity-repeat-enriched genes,Sema3f,SEMA3F,mgi_ortholog,True
Low-complexity-repeat-enriched genes,Sema4a,SEMA4A,mgi_ortholog,True
Low-complexity-repeat-enriched genes,Sema6a,SEMA6A,mgi_ortholog,True
Low-complexity-repeat-enriched genes,Sema6b,SEMA6B,mgi_ortholog,True
Low-complexity-repeat-enriched genes,Senp2,SENP2,mgi_ortholog,True
Low-complexity-repeat-enriched genes,Senp3,SENP3,mgi_ortholog,True
Low-complexity-repeat-enriched genes,Sepsecs,SEPSECS,mgi_ortholog,True
Low-complexity-repeat-enriched genes,Serpina3a,SERPINA3,mgi_ortholog,True
Low-complexity-repeat-enriched genes,Serpina3f,SERPINA3,mgi_ortholog,True
Low-complexity-repeat-enriched genes,Sertad4,SERTAD4,mgi_ortholog,True
Low-complexity-repeat-enriched genes,Set,SET,symbol_upcase,True
Low-complexity-repeat-enriched genes,Setd1a,SETD1A,mgi_ortholog,True
Low-complexity-repeat-enriched genes,Setd1b,SETD1B,mgi_ortholog,True
Low-complexity-repeat-enriched genes,Setd2,SETD2,mgi_ortholog,True
Low-complexity-repeat-enriched genes,Setd3,SETD3,mgi_ortholog,True
Low-complexity-repeat-enriched genes,Setd8,,unmapped,False
Low-complexity-repeat-enriched genes,Sez6,SEZ6,mgi_ortholog,True
Low-complexity-repeat-enriched genes,Sez6l,SEZ6L,mgi_ortholog,True
Low-complexity-repeat-enriched genes,Sf1,SF1,mgi_ortholog,True
Low-complexity-repeat-enriched genes,Sfpq,SFPQ,mgi_ortholog,True
Low-complexity-repeat-enriched genes,Sfrp1,SFRP1,mgi_ortholog,True
Low-complexity-repeat-enriched genes,Sh2d1a,SH2D1A,mgi_ortholog,True
Low-complexity-repeat-enriched genes,Sh3bgr,SH3BGR,mgi_ortholog,True
Low-complexity-repeat-enriched genes,Sh3bp1,SH3BP1,mgi_ortholog,True
Low-complexity-repeat-enriched genes,Sh3bp2,SH3BP2,mgi_ortholog,True
Low-complexity-repeat-enriched genes,Sh3bp4,SH3BP4,mgi_ortholog,True
Low-complexity-repeat-enriched genes,Sh3bp5,SH3BP5,mgi_ortholog,True
Low-complexity-repeat-enriched genes,Sh3glb1,SH3GLB1,mgi_ortholog,True
Low-complexity-repeat-enriched genes,Shb,SHB,mgi_ortholog,True
Low-complexity-repeat-enriched genes,Shf,SHF,mgi_ortholog,True
Low-complexity-repeat-enriched genes,Shisa5,SHISA5,mgi_ortholog,True
Low-complexity-repeat-enriched genes,Shisa6,SHISA6,mgi_ortholog,True
Low-complexity-repeat-enriched genes,Shisa7,SHISA7,mgi_ortholog,True
Low-complexity-repeat-enriched genes,Shisa8,SHISA8,mgi_ortholog,True
Low-complexity-repeat-enriched genes,Shoc2,SHOC2,mgi_ortholog,True
Low-complexity-repeat-enriched genes,Shox2,SHOX2,mgi_ortholog,True
Low-complexity-repeat-enriched genes,Shroom2,SHROOM2,mgi_ortholog,True
Low-complexity-repeat-enriched genes,Shroom4,SHROOM4,mgi_ortholog,True
Low-complexity-repeat-enriched genes,Siah1b,SIAH1,mgi_ortholog,True
Low-complexity-repeat-enriched genes,Siah2,SIAH2,mgi_ortholog,True
Low-complexity-repeat-enriched genes,Sik1,SIK1,mgi_ortholog,True
Low-complexity-repeat-enriched genes,Sik3,SIK3,mgi_ortholog,True
Low-complexity-repeat-enriched genes,Sirt1,SIRT1,mgi_ortholog,True
Low-complexity-repeat-enriched genes,Six2,SIX2,mgi_ortholog,True
Low-complexity-repeat-enriched genes,Six3,SIX3,mgi_ortholog,True
Low-complexity-repeat-enriched genes,Six4,SIX4,mgi_ortholog,True
Low-complexity-repeat-enriched genes,Six5,SIX5,mgi_ortholog,True
Low-complexity-repeat-enriched genes,Skap1,SKAP1,mgi_ortholog,True
Low-complexity-repeat-enriched genes,Ski,SKI,mgi_ortholog,True
Low-complexity-repeat-enriched genes,Skida1,SKIDA1,mgi_ortholog,True
Low-complexity-repeat-enriched genes,Skil,SKIL,mgi_ortholog,True
Low-complexity-repeat-enriched genes,Skor1,SKOR1,mgi_ortholog,True
Low-complexity-repeat-enriched genes,Slamf1,SLAMF1,mgi_ortholog,True
Low-complexity-repeat-enriched genes,Slc12a2,SLC12A2,mgi_ortholog,True
Low-complexity-repeat-enriched genes,Slc12a5,SLC12A5,mgi_ortholog,True
Low-complexity-repeat-enriched genes,Slc16a2,SLC16A2,mgi_ortholog,True
Low-complexity-repeat-enriched genes,Slc17a1,SLC17A1,mgi_ortholog,True
Low-complexity-repeat-enriched genes,Slc17a7,SLC17A7,mgi_ortholog,True
Low-complexity-repeat-enriched genes,Slc18a3,SLC18A3,mgi_ortholog,True
Low-complexity-repeat-enriched genes,Slc1a2,SLC1A2,mgi_ortholog,True
Low-complexity-repeat-enriched genes,Slc24a1,SLC24A1,mgi_ortholog,True
Low-complexity-repeat-enriched genes,Slc24a3,SLC24A3,mgi_ortholog,True
Low-complexity-repeat-enriched genes,Slc25a10,SLC25A10,mgi_ortholog,True
Low-complexity-repeat-enriched genes,Slc25a22,SLC25A22,mgi_ortholog,True
Low-complexity-repeat-enriched genes,Slc25a28,SLC25A28,mgi_ortholog,True
Low-complexity-repeat-enriched genes,Slc25a37,SLC25A37,mgi_ortholog,True
Low-complexity-repeat-enriched genes,Slc25a42,SLC25A42,mgi_ortholog,True
Low-complexity-repeat-enriched genes,Slc26a3,SLC26A3,mgi_ortholog,True
Low-complexity-repeat-enriched genes,Slc30a1,SLC30A1,mgi_ortholog,True
Low-complexity-repeat-enriched genes,Slc30a8,SLC30A8,mgi_ortholog,True
Low-complexity-repeat-enriched genes,Slc35b3,SLC35B3,mgi_ortholog,True
Low-complexity-repeat-enriched genes,Slc35d1,SLC35D1,mgi_ortholog,True
Low-complexity-repeat-enriched genes,Slc36a3,SLC36A3,mgi_ortholog,True
Low-complexity-repeat-enriched genes,Slc39a8,SLC39A8,mgi_ortholog,True
Low-complexity-repeat-enriched genes,Slc45a4,SLC45A4,mgi_ortholog,True
Low-complexity-repeat-enriched genes,Slc4a1ap,SLC4A1AP,mgi_ortholog,True
Low-complexity-repeat-enriched genes,Slc4a2,SLC4A2,mgi_ortholog,True
Low-complexity-repeat-enriched genes,Slc4a4,SLC4A4,mgi_ortholog,True
Low-complexity-repeat-enriched genes,Slc4a5,SLC4A5,mgi_ortholog,True
Low-complexity-repeat-enriched genes,Slc6a1,SLC6A1,mgi_ortholog,True
Low-complexity-repeat-enriched genes,Slc6a11,SLC6A11,mgi_ortholog,True
Low-complexity-repeat-enriched genes,Slc6a15,SLC6A15,mgi_ortholog,True
Low-complexity-repeat-enriched genes,Slc6a8,SLC6A8,mgi_ortholog,True
Low-complexity-repeat-enriched genes,Slc7a5,SLC7A5,mgi_ortholog,True
Low-complexity-repeat-enriched genes,Slc8a2,SLC8A2,mgi_ortholog,True
Low-complexity-repeat-enriched genes,Slc9a7,SLC9A7,mgi_ortholog,True
Low-complexity-repeat-enriched genes,Slc9b1,SLC9B1,mgi_ortholog,True
Low-complexity-repeat-enriched genes,Slco3a1,SLCO3A1,mgi_ortholog,True
Low-complexity-repeat-enriched genes,Slit3,SLIT3,mgi_ortholog,True
Low-complexity-repeat-enriched genes,Slitrk5,SLITRK5,mgi_ortholog,True
Low-complexity-repeat-enriched genes,Slk,SLK,mgi_ortholog,True
Low-complexity-repeat-enriched genes,Smad3,SMAD3,mgi_ortholog,True
Low-complexity-repeat-enriched genes,Smad7,SMAD7,mgi_ortholog,True
Low-complexity-repeat-enriched genes,Smap1,SMAP1,mgi_ortholog,True
Low-complexity-repeat-enriched genes,Smarca2,SMARCA2,mgi_ortholog,True
Low-complexity-repeat-enriched genes,Smarcc2,SMARCC2,mgi_ortholog,True
Low-complexity-repeat-enriched genes,Smg5,SMG5,mgi_ortholog,True
Low-complexity-repeat-enriched genes,Smg7,SMG7,mgi_ortholog,True
Low-complexity-repeat-enriched genes,Smim19,SMIM19,mgi_ortholog,True
Low-complexity-repeat-enriched genes,Smim22,SMIM22,mgi_ortholog,True
Low-complexity-repeat-enriched genes,Sms,SMS,mgi_ortholog,True
Low-complexity-repeat-enriched genes,Smurf1,SMURF1,mgi_ortholog,True
Low-complexity-repeat-enriched genes,Smurf2,SMURF2,mgi_ortholog,True
Low-complexity-repeat-enriched genes,Smyd5,SMYD5,mgi_ortholog,True
Low-complexity-repeat-enriched genes,Snai3,SNAI3,mgi_ortholog,True
Low-complexity-repeat-enriched genes,Sncaip,SNCAIP,mgi_ortholog,True
Low-complexity-repeat-enriched genes,Snrk,SNRK,mgi_ortholog,True
Low-complexity-repeat-enriched genes,Snrnp27,SNRNP27,mgi_ortholog,True
Low-complexity-repeat-enriched genes,Snx24,SNX24,mgi_ortholog,True
Low-complexity-repeat-enriched genes,Snx25,SNX25,mgi_ortholog,True
Low-complexity-repeat-enriched genes,Snx29,SNX29,symbol_upcase,True
Low-complexity-repeat-enriched genes,Snx30,SNX30,mgi_ortholog,True
Low-complexity-repeat-enriched genes,Snx5,SNX5,mgi_ortholog,True
Low-complexity-repeat-enriched genes,Snx9,SNX9,mgi_ortholog,True
Low-complexity-repeat-enriched genes,Sobp,SOBP,mgi_ortholog,True
Low-complexity-repeat-enriched genes,Socs1,SOCS1,mgi_ortholog,True
Low-complexity-repeat-enriched genes,Soga1,SOGA1,symbol_upcase,True
Low-complexity-repeat-enriched genes,Son,SON,mgi_ortholog,True
Low-complexity-repeat-enriched genes,Sorl1,SORL1,mgi_ortholog,True
Low-complexity-repeat-enriched genes,Sort1,SORT1,mgi_ortholog,True
Low-complexity-repeat-enriched genes,Sost,SOST,mgi_ortholog,True
Low-complexity-repeat-enriched genes,Sox1,SOX1,mgi_ortholog,True
Low-complexity-repeat-enriched genes,Sox10,SOX10,mgi_ortholog,True
Low-complexity-repeat-enriched genes,Sox11,SOX11,mgi_ortholog,True
Low-complexity-repeat-enriched genes,Sox12,SOX12,mgi_ortholog,True
Low-complexity-repeat-enriched genes,Sox2,SOX2,mgi_ortholog,True
Low-complexity-repeat-enriched genes,Sox21,SOX21,mgi_ortholog,True
Low-complexity-repeat-enriched genes,Sox3,SOX3,mgi_ortholog,True
Low-complexity-repeat-enriched genes,Sox30,SOX30,mgi_ortholog,True
Low-complexity-repeat-enriched genes,Sox4,SOX4,mgi_ortholog,True
Low-complexity-repeat-enriched genes,Sox8,SOX8,mgi_ortholog,True
Low-complexity-repeat-enriched genes,Sp8,SP8,mgi_ortholog,True
Low-complexity-repeat-enriched genes,Spaca6,SPACA6,mgi_ortholog,True
Low-complexity-repeat-enriched genes,Spag17,SPAG17,mgi_ortholog,True
Low-complexity-repeat-enriched genes,Spag9,SPAG9,mgi_ortholog,True
Low-complexity-repeat-enriched genes,Spast,SPAST,mgi_ortholog,True
Low-complexity-repeat-enriched genes,Spata1,SPATA1,mgi_ortholog,True
Low-complexity-repeat-enriched genes,Spata18,SPATA18,mgi_ortholog,True
Low-complexity-repeat-enriched genes,Spata32,SPATA32,mgi_ortholog,True
Low-complexity-repeat-enriched genes,Specc1,SPECC1,mgi_ortholog,True
Low-complexity-repeat-enriched genes,Speg,SPEG,mgi_ortholog,True
Low-complexity-repeat-enriched genes,Spns2,SPNS2,mgi_ortholog,True
Low-complexity-repeat-enriched genes,Spock3,SPOCK3,mgi_ortholog,True
Low-complexity-repeat-enriched genes,Spop,SPOP,mgi_ortholog,True
Low-complexity-repeat-enriched genes,Spp1,SPP1,mgi_ortholog,True
Low-complexity-repeat-enriched genes,Spred1,SPRED1,mgi_ortholog,True
Low-complexity-repeat-enriched genes,Spry1,SPRY1,mgi_ortholog,True
Low-complexity-repeat-enriched genes,Spry2,SPRY2,mgi_ortholog,True
Low-complexity-repeat-enriched genes,Sptlc1,SPTLC1,mgi_ortholog,True
Low-complexity-repeat-enriched genes,Sqstm1,SQSTM1,mgi_ortholog,True
Low-complexity-repeat-enriched genes,Srcin1,SRCIN1,mgi_ortholog,True
Low-complexity-repeat-enriched genes,Srd5a3,SRD5A3,mgi_ortholog,True
Low-complexity-repeat-enriched genes,Srek1,SREK1,mgi_ortholog,True
Low-complexity-repeat-enriched genes,Srek1ip1,SREK1IP1,mgi_ortholog,True
Low-complexity-repeat-enriched genes,Srf,SRF,mgi_ortholog,True
Low-complexity-repeat-enriched genes,Srpx,SRPX,mgi_ortholog,True
Low-complexity-repeat-enriched genes,Srrt,SRRT,mgi_ortholog,True
Low-complexity-repeat-enriched genes,Srsf1,SRSF1,mgi_ortholog,True
Low-complexity-repeat-enriched genes,Srsf4,SRSF4,mgi_ortholog,True
Low-complexity-repeat-enriched genes,Srsf9,SRSF9,mgi_ortholog,True
Low-complexity-repeat-enriched genes,Sry,SRY,mgi_ortholog,True
Low-complexity-repeat-enriched genes,Ssbp2,SSBP2,mgi_ortholog,True
Low-complexity-repeat-enriched genes,Ssbp3,SSBP3,mgi_ortholog,True
Low-complexity-repeat-enriched genes,Ssfa2,,unmapped,False
Low-complexity-repeat-enriched genes,Ssh1,SSH1,mgi_ortholog,True
Low-complexity-repeat-enriched genes,Sstr2,SSTR2,mgi_ortholog,True
Low-complexity-repeat-enriched genes,St18,ST18,mgi_ortholog,True
Low-complexity-repeat-enriched genes,St3gal4,ST3GAL4,mgi_ortholog,True
Low-complexity-repeat-enriched genes,St7,ST7,mgi_ortholog,True
Low-complexity-repeat-enriched genes,Stard10,STARD10,mgi_ortholog,True
Low-complexity-repeat-enriched genes,Stk24,STK24,mgi_ortholog,True
Low-complexity-repeat-enriched genes,Stk32c,STK32C,mgi_ortholog,True
Low-complexity-repeat-enriched genes,Stk39,STK39,mgi_ortholog,True
Low-complexity-repeat-enriched genes,Stmn3,STMN3,mgi_ortholog,True
Low-complexity-repeat-enriched genes,Strn3,STRN3,mgi_ortholog,True
Low-complexity-repeat-enriched genes,Strn4,STRN4,mgi_ortholog,True
Low-complexity-repeat-enriched genes,Sufu,SUFU,mgi_ortholog,True
Low-complexity-repeat-enriched genes,Sulf1,SULF1,mgi_ortholog,True
Low-complexity-repeat-enriched genes,Sun2,SUN2,mgi_ortholog,True
Low-complexity-repeat-enriched genes,Supt20,SUPT20H,mgi_ortholog,True
Low-complexity-repeat-enriched genes,Surf4,SURF4,mgi_ortholog,True
Low-complexity-repeat-enriched genes,Susd4,SUSD4,mgi_ortholog,True
Low-complexity-repeat-enriched genes,Sycp3,SYCP3,mgi_ortholog,True
Low-complexity-repeat-enriched genes,Syde1,SYDE1,mgi_ortholog,True
Low-complexity-repeat-enriched genes,Syde2,SYDE2,mgi_ortholog,True
Low-complexity-repeat-enriched genes,Sympk,SYMPK,mgi_ortholog,True
Low-complexity-repeat-enriched genes,Syncrip,SYNCRIP,mgi_ortholog,True
Low-complexity-repeat-enriched genes,Syngap1,SYNGAP1,mgi_ortholog,True
Low-complexity-repeat-enriched genes,Synj2,SYNJ2,mgi_ortholog,True
Low-complexity-repeat-enriched genes,Sypl,,unmapped,False
Low-complexity-repeat-enriched genes,Syt15,SYT15,symbol_upcase,True
Low-complexity-repeat-enriched genes,Syt2,SYT2,mgi_ortholog,True
Low-complexity-repeat-enriched genes,Syt9,SYT9,mgi_ortholog,True
Low-complexity-repeat-enriched genes,Sytl5,SYTL5,mgi_ortholog,True
Low-complexity-repeat-enriched genes,Tab2,TAB2,mgi_ortholog,True
Low-complexity-repeat-enriched genes,Tada1,TADA1,mgi_ortholog,True
Low-complexity-repeat-enriched genes,Tada2a,TADA2A,mgi_ortholog,True
Low-complexity-repeat-enriched genes,Tada2b,TADA2B,mgi_ortholog,True
Low-complexity-repeat-enriched genes,Taf3,TAF3,mgi_ortholog,True
Low-complexity-repeat-enriched genes,Taf4a,,unmapped,False
Low-complexity-repeat-enriched genes,Taf7l,TAF7L,mgi_ortholog,True
Low-complexity-repeat-enriched genes,Tanc2,TANC2,mgi_ortholog,True
Low-complexity-repeat-enriched genes,Tbc1d2b,TBC1D2B,mgi_ortholog,True
Low-complexity-repeat-enriched genes,Tbc1d30,TBC1D30,mgi_ortholog,True
Low-complexity-repeat-enriched genes,Tbc1d5,TBC1D5,mgi_ortholog,True
Low-complexity-repeat-enriched genes,Tbkbp1,TBKBP1,mgi_ortholog,True
Low-complexity-repeat-enriched genes,Tbl1x,TBL1X,symbol_upcase,True
Low-complexity-repeat-enriched genes,Tbl1xr1,TBL1XR1,mgi_ortholog,True
Low-complexity-repeat-enriched genes,Tbr1,TBR1,mgi_ortholog,True
Low-complexity-repeat-enriched genes,Tbx1,TBX1,mgi_ortholog,True
Low-complexity-repeat-enriched genes,Tbx18,TBX18,mgi_ortholog,True
Low-complexity-repeat-enriched genes,Tbx2,TBX2,mgi_ortholog,True
Low-complexity-repeat-enriched genes,Tbx4,TBX4,mgi_ortholog,True
Low-complexity-repeat-enriched genes,Tcap,TCAP,mgi_ortholog,True
Low-complexity-repeat-enriched genes,Tcea3,TCEA3,mgi_ortholog,True
Low-complexity-repeat-enriched genes,Tceal5,TCEAL5,mgi_ortholog,True
Low-complexity-repeat-enriched genes,Tcerg1l,TCERG1L,mgi_ortholog,True
Low-complexity-repeat-enriched genes,Tcf24,TCF24,mgi_ortholog,True
Low-complexity-repeat-enriched genes,Tcf7l2,TCF7L2,mgi_ortholog,True
Low-complexity-repeat-enriched genes,Tcp11,TCP11,mgi_ortholog,True
Low-complexity-repeat-enriched genes,Tdrd3,TDRD3,mgi_ortholog,True
Low-complexity-repeat-enriched genes,Tdrp,TDRP,mgi_ortholog,True
Low-complexity-repeat-enriched genes,Tead1,TEAD1,mgi_ortholog,True
Low-complexity-repeat-enriched genes,Tead3,TEAD3,mgi_ortholog,True
Low-complexity-repeat-enriched genes,Tenm3,TENM3,mgi_ortholog,True
Low-complexity-repeat-enriched genes,Tet2,TET2,mgi_ortholog,True
Low-complexity-repeat-enriched genes,Tex19.1,TEX19,mgi_ortholog,True
Low-complexity-repeat-enriched genes,Tex2,TEX2,mgi_ortholog,True
Low-complexity-repeat-enriched genes,Tfap2b,TFAP2B,mgi_ortholog,True
Low-complexity-repeat-enriched genes,Tfap2c,TFAP2C,mgi_ortholog,True
Low-complexity-repeat-enriched genes,Tfdp1,TFDP1,symbol_upcase,True
Low-complexity-repeat-enriched genes,Tfeb,TFEB,mgi_ortholog,True
Low-complexity-repeat-enriched genes,Tgfbr1,TGFBR1,mgi_ortholog,True
Low-complexity-repeat-enriched genes,Tgfbrap1,TGFBRAP1,mgi_ortholog,True
Low-complexity-repeat-enriched genes,Thbs3,THBS3,mgi_ortholog,True
Low-complexity-repeat-enriched genes,Thbs4,THBS4,mgi_ortholog,True
Low-complexity-repeat-enriched genes,Thoc7,THOC7,mgi_ortholog,True
Low-complexity-repeat-enriched genes,Thsd7a,THSD7A,mgi_ortholog,True
Low-complexity-repeat-enriched genes,Thsd7b,THSD7B,mgi_ortholog,True
Low-complexity-repeat-enriched genes,Tial1,TIAL1,mgi_ortholog,True
Low-complexity-repeat-enriched genes,Tigd5,TIGD5,mgi_ortholog,True
Low-complexity-repeat-enriched genes,Tlk1,TLK1,mgi_ortholog,True
Low-complexity-repeat-enriched genes,Tlx3,TLX3,mgi_ortholog,True
Low-complexity-repeat-enriched genes,Tm7sf3,TM7SF3,mgi_ortholog,True
Low-complexity-repeat-enriched genes,Tm9sf3,TM9SF3,mgi_ortholog,True
Low-complexity-repeat-enriched genes,Tmed2,TMED2,mgi_ortholog,True
Low-complexity-repeat-enriched genes,Tmed7,TMED7,symbol_upcase,True
Low-complexity-repeat-enriched genes,Tmeff1,TMEFF1,symbol_upcase,True
Low-complexity-repeat-enriched genes,Tmem121,TMEM121,mgi_ortholog,True
Low-complexity-repeat-enriched genes,Tmem131,TMEM131,mgi_ortholog,True
Low-complexity-repeat-enriched genes,Tmem132a,TMEM132A,mgi_ortholog,True
Low-complexity-repeat-enriched genes,Tmem132b,TMEM132B,mgi_ortholog,True
Low-complexity-repeat-enriched genes,Tmem145,TMEM145,mgi_ortholog,True
Low-complexity-repeat-enriched genes,Tmem158,TMEM158,mgi_ortholog,True
Low-complexity-repeat-enriched genes,Tmem164,TMEM164,mgi_ortholog,True
Low-complexity-repeat-enriched genes,Tmem165,TMEM165,mgi_ortholog,True
Low-complexity-repeat-enriched genes,Tmem178,TMEM178A,mgi_ortholog,True
Low-complexity-repeat-enriched genes,Tmem194,,unmapped,False
Low-complexity-repeat-enriched genes,Tmem200b,TMEM200B,mgi_ortholog,True
Low-complexity-repeat-enriched genes,Tmem200c,TMEM200C,mgi_ortholog,True
Low-complexity-repeat-enriched genes,Tmem240,TMEM240,mgi_ortholog,True
Low-complexity-repeat-enriched genes,Tmem259,TMEM259,mgi_ortholog,True
Low-complexity-repeat-enriched genes,Tmem263,TMEM263,mgi_ortholog,True
Low-complexity-repeat-enriched genes,Tmem28,,unmapped,False
Low-complexity-repeat-enriched genes,Tmem30a,TMEM30A,symbol_upcase,True
Low-complexity-repeat-enriched genes,Tmem30b,TMEM30B,symbol_upcase,True
Low-complexity-repeat-enriched genes,Tmem40,TMEM40,mgi_ortholog,True
Low-complexity-repeat-enriched genes,Tmem57,,unmapped,False
Low-complexity-repeat-enriched genes,Tmem60,TMEM60,mgi_ortholog,True
Low-complexity-repeat-enriched genes,Tmem63a,TMEM63A,mgi_ortholog,True
Low-complexity-repeat-enriched genes,Tmem64,TMEM64,mgi_ortholog,True
Low-complexity-repeat-enriched genes,Tmem8,,unmapped,False
Low-complexity-repeat-enriched genes,Tmem87b,TMEM87B,mgi_ortholog,True
Low-complexity-repeat-enriched genes,Tmem8b,TMEM8B,mgi_ortholog,True
Low-complexity-repeat-enriched genes,Tmf1,TMF1,mgi_ortholog,True
Low-complexity-repeat-enriched genes,Tmsb15a,TMSB15A,mgi_ortholog,True
Low-complexity-repeat-enriched genes,Tmtc4,TMTC4,mgi_ortholog,True
Low-complexity-repeat-enriched genes,Tmx3,TMX3,mgi_ortholog,True
Low-complexity-repeat-enriched genes,Tmx4,TMX4,mgi_ortholog,True
Low-complexity-repeat-enriched genes,Tnfrsf11a,TNFRSF11A,mgi_ortholog,True
Low-complexity-repeat-enriched genes,Tnfrsf1a,TNFRSF1A,mgi_ortholog,True
Low-complexity-repeat-enriched genes,Tnfrsf25,TNFRSF25,mgi_ortholog,True
Low-complexity-repeat-enriched genes,Tnip1,TNIP1,mgi_ortholog,True
Low-complexity-repeat-enriched genes,Tnk2,TNK2,mgi_ortholog,True
Low-complexity-repeat-enriched genes,Tnks2,TNKS2,mgi_ortholog,True
Low-complexity-repeat-enriched genes,Tnnt1,TNNT1,mgi_ortholog,True
Low-complexity-repeat-enriched genes,Tns1,TNS1,mgi_ortholog,True
Low-complexity-repeat-enriched genes,Tob1,TOB1,mgi_ortholog,True
Low-complexity-repeat-enriched genes,Topbp1,TOPBP1,mgi_ortholog,True
Low-complexity-repeat-enriched genes,Topors,TOPORS,mgi_ortholog,True
Low-complexity-repeat-enriched genes,Tox,TOX,mgi_ortholog,True
Low-complexity-repeat-enriched genes,Tox2,TOX2,mgi_ortholog,True
Low-complexity-repeat-enriched genes,Tpcn1,TPCN1,mgi_ortholog,True
Low-complexity-repeat-enriched genes,Tpd52,TPD52,mgi_ortholog,True
Low-complexity-repeat-enriched genes,Tpi1,TPI1,mgi_ortholog,True
Low-complexity-repeat-enriched genes,Tppp2,TPPP2,mgi_ortholog,True
Low-complexity-repeat-enriched genes,Tprgl,,unmapped,False
Low-complexity-repeat-enriched genes,Tprn,TPRN,mgi_ortholog,True
Low-complexity-repeat-enriched genes,Tra2a,TRA2A,mgi_ortholog,True
Low-complexity-repeat-enriched genes,Trabd,TRABD,mgi_ortholog,True
Low-complexity-repeat-enriched genes,Traf3,TRAF3,mgi_ortholog,True
Low-complexity-repeat-enriched genes,Traf3ip1,TRAF3IP1,symbol_upcase,True
Low-complexity-repeat-enriched genes,Tram1,TRAM1,mgi_ortholog,True
Low-complexity-repeat-enriched genes,Trappc10,TRAPPC10,mgi_ortholog,True
Low-complexity-repeat-enriched genes,Trappc9,TRAPPC9,mgi_ortholog,True
Low-complexity-repeat-enriched genes,Trhde,TRHDE,mgi_ortholog,True
Low-complexity-repeat-enriched genes,Trib1,TRIB1,mgi_ortholog,True
Low-complexity-repeat-enriched genes,Trim26,TRIM26,mgi_ortholog,True
Low-complexity-repeat-enriched genes,Trim30d,TRIM5,mgi_ortholog,True
Low-complexity-repeat-enriched genes,Trim33,TRIM33,mgi_ortholog,True
Low-complexity-repeat-enriched genes,Trim41,TRIM41,mgi_ortholog,True
Low-complexity-repeat-enriched genes,Trim44,TRIM44,mgi_ortholog,True
Low-complexity-repeat-enriched genes,Trim55,TRIM55,mgi_ortholog,True
Low-complexity-repeat-enriched genes,Trim59,TRIM59,mgi_ortholog,True
Low-complexity-repeat-enriched genes,Trim71,TRIM71,mgi_ortholog,True
Low-complexity-repeat-enriched genes,Trnp1,TRNP1,mgi_ortholog,True
Low-complexity-repeat-enriched genes,Tro,TRO,mgi_ortholog,True
Low-complexity-repeat-enriched genes,Trove2,,unmapped,False
Low-complexity-repeat-enriched genes,Trp63,TP63,mgi_ortholog,True
Low-complexity-repeat-enriched genes,Trpc1,TRPC1,mgi_ortholog,True
Low-complexity-repeat-enriched genes,Trub1,TRUB1,mgi_ortholog,True
Low-complexity-repeat-enriched genes,Tsc22d1,TSC22D1,mgi_ortholog,True
Low-complexity-repeat-enriched genes,Tshz1,TSHZ1,mgi_ortholog,True
Low-complexity-repeat-enriched genes,Tshz3,TSHZ3,mgi_ortholog,True
Low-complexity-repeat-enriched genes,Tspan32,TSPAN32,mgi_ortholog,True
Low-complexity-repeat-enriched genes,Tspan33,TSPAN33,mgi_ortholog,True
Low-complexity-repeat-enriched genes,Tspyl2,TSPYL2,mgi_ortholog,True
Low-complexity-repeat-enriched genes,Ttc39a,TTC39A,mgi_ortholog,True
Low-complexity-repeat-enriched genes,Ttc7,TTC7A,mgi_ortholog,True
Low-complexity-repeat-enriched genes,Ttc7b,TTC7B,mgi_ortholog,True
Low-complexity-repeat-enriched genes,Ttll10,TTLL10,mgi_ortholog,True
Low-complexity-repeat-enriched genes,Ttyh1,TTYH1,mgi_ortholog,True
Low-complexity-repeat-enriched genes,Tulp4,TULP4,mgi_ortholog,True
Low-complexity-repeat-enriched genes,Tusc1,TUSC1,mgi_ortholog,True
Low-complexity-repeat-enriched genes,Twist1,TWIST1,mgi_ortholog,True
Low-complexity-repeat-enriched genes,Twist2,TWIST2,mgi_ortholog,True
Low-complexity-repeat-enriched genes,Txlnb,TXLNB,mgi_ortholog,True
Low-complexity-repeat-enriched genes,Txnl4b,TXNL4B,mgi_ortholog,True
Low-complexity-repeat-enriched genes,Tysnd1,TYSND1,mgi_ortholog,True
Low-complexity-repeat-enriched genes,U2surp,U2SURP,mgi_ortholog,True
Low-complexity-repeat-enriched genes,Uba5,UBA5,mgi_ortholog,True
Low-complexity-repeat-enriched genes,Ubap1l,UBAP1L,mgi_ortholog,True
Low-complexity-repeat-enriched genes,Ubap2l,UBAP2L,mgi_ortholog,True
Low-complexity-repeat-enriched genes,Ube2d3,UBE2D3,mgi_ortholog,True
Low-complexity-repeat-enriched genes,Ube2e3,UBE2E3,mgi_ortholog,True
Low-complexity-repeat-enriched genes,Ube2k,UBE2K,mgi_ortholog,True
Low-complexity-repeat-enriched genes,Ube2m,UBE2M,mgi_ortholog,True
Low-complexity-repeat-enriched genes,Ube2q1,UBE2Q1,mgi_ortholog,True
Low-complexity-repeat-enriched genes,Ube2q2,UBE2Q2,mgi_ortholog,True
Low-complexity-repeat-enriched genes,Ube2ql1,UBE2QL1,mgi_ortholog,True
Low-complexity-repeat-enriched genes,Ube2s,UBE2S,mgi_ortholog,True
Low-complexity-repeat-enriched genes,Ube2u,UBE2U,mgi_ortholog,True
Low-complexity-repeat-enriched genes,Ube2w,UBE2W,mgi_ortholog,True
Low-complexity-repeat-enriched genes,Ube2z,UBE2Z,mgi_ortholog,True
Low-complexity-repeat-enriched genes,Ube3a,UBE3A,mgi_ortholog,True
Low-complexity-repeat-enriched genes,Ubl3,UBL3,mgi_ortholog,True
Low-complexity-repeat-enriched genes,Ubl4b,UBL4B,mgi_ortholog,True
Low-complexity-repeat-enriched genes,Ubn2,UBN2,mgi_ortholog,True
Low-complexity-repeat-enriched genes,Ubp1,UBP1,mgi_ortholog,True
Low-complexity-repeat-enriched genes,Ubqln2,UBQLN2,mgi_ortholog,True
Low-complexity-repeat-enriched genes,Ubqln4,UBQLN4,mgi_ortholog,True
Low-complexity-repeat-enriched genes,Ubtd2,UBTD2,mgi_ortholog,True
Low-complexity-repeat-enriched genes,Ubtf,UBTF,mgi_ortholog,True
Low-complexity-repeat-enriched genes,Ubxn7,UBXN7,mgi_ortholog,True
Low-complexity-repeat-enriched genes,Ugcg,UGCG,mgi_ortholog,True
Low-complexity-repeat-enriched genes,Ugt8a,UGT8,mgi_ortholog,True
Low-complexity-repeat-enriched genes,Uhrf2,UHRF2,mgi_ortholog,True
Low-complexity-repeat-enriched genes,Uncx,UNCX,mgi_ortholog,True
Low-complexity-repeat-enriched genes,Upf2,UPF2,mgi_ortholog,True
Low-complexity-repeat-enriched genes,Upf3a,UPF3A,mgi_ortholog,True
Low-complexity-repeat-enriched genes,Upf3b,UPF3B,mgi_ortholog,True
Low-complexity-repeat-enriched genes,Uri1,URI1,mgi_ortholog,True
Low-complexity-repeat-enriched genes,Usf2,USF2,mgi_ortholog,True
Low-complexity-repeat-enriched genes,Usp13,USP13,mgi_ortholog,True
Low-complexity-repeat-enriched genes,Usp26,USP26,mgi_ortholog,True
Low-complexity-repeat-enriched genes,Usp28,USP28,mgi_ortholog,True
Low-complexity-repeat-enriched genes,Usp31,USP31,mgi_ortholog,True
Low-complexity-repeat-enriched genes,Usp32,USP32,symbol_upcase,True
Low-complexity-repeat-enriched genes,Usp34,USP34,mgi_ortholog,True
Low-complexity-repeat-enriched genes,Usp42,USP42,mgi_ortholog,True
Low-complexity-repeat-enriched genes,Usp7,USP7,mgi_ortholog,True
Low-complexity-repeat-enriched genes,Usp9x,USP9X,mgi_ortholog,True
Low-complexity-repeat-enriched genes,Vapb,VAPB,mgi_ortholog,True
Low-complexity-repeat-enriched genes,Vash2,VASH2,mgi_ortholog,True
Low-complexity-repeat-enriched genes,Vat1,VAT1,mgi_ortholog,True
Low-complexity-repeat-enriched genes,Vax1,VAX1,mgi_ortholog,True
Low-complexity-repeat-enriched genes,Vdac1,VDAC1,mgi_ortholog,True
Low-complexity-repeat-enriched genes,Vegfa,VEGFA,mgi_ortholog,True
Low-complexity-repeat-enriched genes,Vgll3,VGLL3,mgi_ortholog,True
Low-complexity-repeat-enriched genes,Vkorc1l1,VKORC1L1,mgi_ortholog,True
Low-complexity-repeat-enriched genes,Vmn1r189,,unmapped,False
Low-complexity-repeat-enriched genes,Vmn1r205,,unmapped,False
Low-complexity-repeat-enriched genes,Vmn1r206,,unmapped,False
Low-complexity-repeat-enriched genes,Vmn1r209,,unmapped,False
Low-complexity-repeat-enriched genes,Vmn1r210,,unmapped,False
Low-complexity-repeat-enriched genes,Vps9d1,VPS9D1,mgi_ortholog,True
Low-complexity-repeat-enriched genes,Vsig10,VSIG10,mgi_ortholog,True
Low-complexity-repeat-enriched genes,Vsig8,VSIG8,mgi_ortholog,True
Low-complexity-repeat-enriched genes,Vsnl1,VSNL1,mgi_ortholog,True
Low-complexity-repeat-enriched genes,Vstm2l,VSTM2L,mgi_ortholog,True
Low-complexity-repeat-enriched genes,Vwc2,VWC2,mgi_ortholog,True
Low-complexity-repeat-enriched genes,Wac,WAC,mgi_ortholog,True
Low-complexity-repeat-enriched genes,Wapal,,unmapped,False
Low-complexity-repeat-enriched genes,Wasl,WASL,mgi_ortholog,True
Low-complexity-repeat-enriched genes,Wbp1,WBP1,mgi_ortholog,True
Low-complexity-repeat-enriched genes,Wbp1l,WBP1L,mgi_ortholog,True
Low-complexity-repeat-enriched genes,Wdr26,WDR26,mgi_ortholog,True
Low-complexity-repeat-enriched genes,Wdr43,WDR43,mgi_ortholog,True
Low-complexity-repeat-enriched genes,Wdr78,,unmapped,False
Low-complexity-repeat-enriched genes,Wfdc13,WFDC13,mgi_ortholog,True
Low-complexity-repeat-enriched genes,Whsc1,,unmapped,False
Low-complexity-repeat-enriched genes,Whsc1l1,,unmapped,False
Low-complexity-repeat-enriched genes,Wipf3,WIPF3,mgi_ortholog,True
Low-complexity-repeat-enriched genes,Wnk1,WNK1,mgi_ortholog,True
Low-complexity-repeat-enriched genes,Wnk2,WNK2,mgi_ortholog,True
Low-complexity-repeat-enriched genes,Wnt3,WNT3,mgi_ortholog,True
Low-complexity-repeat-enriched genes,Wrnip1,WRNIP1,mgi_ortholog,True
Low-complexity-repeat-enriched genes,Wsb2,WSB2,mgi_ortholog,True
Low-complexity-repeat-enriched genes,Wtip,WTIP,mgi_ortholog,True
Low-complexity-repeat-enriched genes,Wwc2,WWC2,mgi_ortholog,True
Low-complexity-repeat-enriched genes,Xk,XK,mgi_ortholog,True
Low-complexity-repeat-enriched genes,Xkr4,XKR4,mgi_ortholog,True
Low-complexity-repeat-enriched genes,Xkr6,XKR6,mgi_ortholog,True
Low-complexity-repeat-enriched genes,Xkr7,XKR7,mgi_ortholog,True
Low-complexity-repeat-enriched genes,Xpc,XPC,mgi_ortholog,True
Low-complexity-repeat-enriched genes,Xpo1,XPO1,mgi_ortholog,True
Low-complexity-repeat-enriched genes,Yap1,YAP1,mgi_ortholog,True
Low-complexity-repeat-enriched genes,Ybx1,YBX1,mgi_ortholog,True
Low-complexity-repeat-enriched genes,Ybx2,YBX2,mgi_ortholog,True
Low-complexity-repeat-enriched genes,Ybx3,YBX3,mgi_ortholog,True
Low-complexity-repeat-enriched genes,Ythdc1,YTHDC1,mgi_ortholog,True
Low-complexity-repeat-enriched genes,Ythdf1,YTHDF1,mgi_ortholog,True
Low-complexity-repeat-enriched genes,Ythdf3,YTHDF3,mgi_ortholog,True
Low-complexity-repeat-enriched genes,Ywhah,YWHAH,mgi_ortholog,True
Low-complexity-repeat-enriched genes,Yy1,YY1,mgi_ortholog,True
Low-complexity-repeat-enriched genes,Zadh2,,unmapped,False
Low-complexity-repeat-enriched genes,Zak,,unmapped,False
Low-complexity-repeat-enriched genes,Zbtb10,ZBTB10,mgi_ortholog,True
Low-complexity-repeat-enriched genes,Zbtb12,ZBTB12,mgi_ortholog,True
Low-complexity-repeat-enriched genes,Zbtb14,ZBTB14,mgi_ortholog,True
Low-complexity-repeat-enriched genes,Zbtb18,ZBTB18,mgi_ortholog,True
Low-complexity-repeat-enriched genes,Zbtb39,ZBTB39,mgi_ortholog,True
Low-complexity-repeat-enriched genes,Zbtb4,ZBTB4,mgi_ortholog,True
Low-complexity-repeat-enriched genes,Zbtb44,ZBTB44,mgi_ortholog,True
Low-complexity-repeat-enriched genes,Zbtb46,ZBTB46,mgi_ortholog,True
Low-complexity-repeat-enriched genes,Zbtb7a,ZBTB7A,mgi_ortholog,True
Low-complexity-repeat-enriched genes,Zbtb7c,ZBTB7C,mgi_ortholog,True
Low-complexity-repeat-enriched genes,Zc2hc1c,ZC2HC1C,mgi_ortholog,True
Low-complexity-repeat-enriched genes,Zc3h13,ZC3H13,mgi_ortholog,True
Low-complexity-repeat-enriched genes,Zc3h14,ZC3H14,mgi_ortholog,True
Low-complexity-repeat-enriched genes,Zcchc2,ZCCHC2,mgi_ortholog,True
Low-complexity-repeat-enriched genes,Zcchc24,ZCCHC24,mgi_ortholog,True
Low-complexity-repeat-enriched genes,Zdhhc18,ZDHHC18,mgi_ortholog,True
Low-complexity-repeat-enriched genes,Zdhhc5,ZDHHC5,mgi_ortholog,True
Low-complexity-repeat-enriched genes,Zdhhc8,ZDHHC8,mgi_ortholog,True
Low-complexity-repeat-enriched genes,Zeb1,ZEB1,mgi_ortholog,True
Low-complexity-repeat-enriched genes,Zeb2,ZEB2,mgi_ortholog,True
Low-complexity-repeat-enriched genes,Zfand3,ZFAND3,mgi_ortholog,True
Low-complexity-repeat-enriched genes,Zfhx2,ZFHX2,mgi_ortholog,True
Low-complexity-repeat-enriched genes,Zfhx3,ZFHX3,mgi_ortholog,True
Low-complexity-repeat-enriched genes,Zfp148,ZNF148,mgi_ortholog,True
Low-complexity-repeat-enriched genes,Zfp276,ZNF276,mgi_ortholog,True
Low-complexity-repeat-enriched genes,Zfp280d,ZNF280D,mgi_ortholog,True
Low-complexity-repeat-enriched genes,Zfp316,ZNF316,mgi_ortholog,True
Low-complexity-repeat-enriched genes,Zfp318,ZNF318,mgi_ortholog,True
Low-complexity-repeat-enriched genes,Zfp330,,unmapped,False
Low-complexity-repeat-enriched genes,Zfp36l2,ZFP36L2,mgi_ortholog,True
Low-complexity-repeat-enriched genes,Zfp384,ZNF384,mgi_ortholog,True
Low-complexity-repeat-enriched genes,Zfp395,ZNF395,mgi_ortholog,True
Low-complexity-repeat-enriched genes,Zfp423,ZNF423,mgi_ortholog,True
Low-complexity-repeat-enriched genes,Zfp451,ZNF451,mgi_ortholog,True
Low-complexity-repeat-enriched genes,Zfp462,ZNF462,mgi_ortholog,True
Low-complexity-repeat-enriched genes,Zfp467,ZNF467,mgi_ortholog,True
Low-complexity-repeat-enriched genes,Zfp512,ZNF512,mgi_ortholog,True
Low-complexity-repeat-enriched genes,Zfp579,ZNF579,mgi_ortholog,True
Low-complexity-repeat-enriched genes,Zfp598,ZNF598,mgi_ortholog,True
Low-complexity-repeat-enriched genes,Zfp629,ZNF629,mgi_ortholog,True
Low-complexity-repeat-enriched genes,Zfp651,,unmapped,False
Low-complexity-repeat-enriched genes,Zfp653,ZNF653,mgi_ortholog,True
Low-complexity-repeat-enriched genes,Zfp697,ZNF697,mgi_ortholog,True
Low-complexity-repeat-enriched genes,Zfp703,ZNF703,mgi_ortholog,True
Low-complexity-repeat-enriched genes,Zfp704,ZNF704,mgi_ortholog,True
Low-complexity-repeat-enriched genes,Zfp746,ZNF746,mgi_ortholog,True
Low-complexity-repeat-enriched genes,Zfp771,ZNF771,mgi_ortholog,True
Low-complexity-repeat-enriched genes,Zfp777,ZNF777,mgi_ortholog,True
Low-complexity-repeat-enriched genes,Zfp853,ZNF853,mgi_ortholog,True
Low-complexity-repeat-enriched genes,Zfp91,ZFP91,mgi_ortholog,True
Low-complexity-repeat-enriched genes,Zfpm2,ZFPM2,mgi_ortholog,True
Low-complexity-repeat-enriched genes,Zfr,ZFR,mgi_ortholog,True
Low-complexity-repeat-enriched genes,Zic1,ZIC1,mgi_ortholog,True
Low-complexity-repeat-enriched genes,Zic2,ZIC2,mgi_ortholog,True
Low-complexity-repeat-enriched genes,Zic3,ZIC3,mgi_ortholog,True
Low-complexity-repeat-enriched genes,Zic4,ZIC4,mgi_ortholog,True
Low-complexity-repeat-enriched genes,Zmiz1,ZMIZ1,mgi_ortholog,True
Low-complexity-repeat-enriched genes,Zmym2,ZMYM2,mgi_ortholog,True
Low-complexity-repeat-enriched genes,Zmynd11,ZMYND11,mgi_ortholog,True
Low-complexity-repeat-enriched genes,Zmynd15,ZMYND15,mgi_ortholog,True
Low-complexity-repeat-enriched genes,Znf512b,ZNF512B,symbol_upcase,True
Low-complexity-repeat-enriched genes,Znhit2,ZNHIT2,mgi_ortholog,True
Low-complexity-repeat-enriched genes,Znhit6,ZNHIT6,mgi_ortholog,True
Low-complexity-repeat-enriched genes,Znrd1as,,unmapped,False
Low-complexity-repeat-enriched genes,Znrf1,ZNRF1,mgi_ortholog,True
Low-complexity-repeat-enriched genes,Znrf2,ZNRF2,mgi_ortholog,True
Low-complexity-repeat-enriched genes,Znrf3,ZNRF3,mgi_ortholog,True
Low-complexity-repeat-enriched genes,Zrsr1,,unmapped,False
Low-complexity-repeat-enriched genes,Zrsr2,ZRSR2,symbol_upcase,True
Low-complexity-repeat-enriched genes,Zswim5,ZSWIM5,mgi_ortholog,True
Low-complexity-repeat-enriched genes,Zswim8,ZSWIM8,mgi_ortholog,True
Low-complexity-repeat-enriched genes,Zyx,ZYX,mgi_ortholog,True
Low-complexity-repeat-enriched genes,mt-Nd4,ND4,mgi_ortholog,False
SINE-enriched genes,0610009B22Rik,,unmapped,False
SINE-enriched genes,1110008L16Rik,,unmapped,False
SINE-enriched genes,1110059G10Rik,KIAA1143,mgi_ortholog,True
SINE-enriched genes,1500012F01Rik,,unmapped,False
SINE-enriched genes,1600002H07Rik,,unmapped,False
SINE-enriched genes,1600002K03Rik,,unmapped,False
SINE-enriched genes,1700001K19Rik,,unmapped,False
SINE-enriched genes,1700001P01Rik,,unmapped,False
SINE-enriched genes,1700007K13Rik,,unmapped,False
SINE-enriched genes,1700011E24Rik,,unmapped,False
SINE-enriched genes,1700013H16Rik,SYCP3,mgi_ortholog,True
SINE-enriched genes,1700016K19Rik,,unmapped,False
SINE-enriched genes,1700019B03Rik,,unmapped,False
SINE-enriched genes,1700020A23Rik,C20orf141,mgi_ortholog,True
SINE-enriched genes,1700020D05Rik,,unmapped,False
SINE-enriched genes,1700020L24Rik,PGBDF,mgi_ortholog,False
SINE-enriched genes,1700029P11Rik,,unmapped,False
SINE-enriched genes,1700030K09Rik,C19orf44,mgi_ortholog,True
SINE-enriched genes,1700088E04Rik,C22orf23,mgi_ortholog,True
SINE-enriched genes,1700102P08Rik,C3orf62,mgi_ortholog,True
SINE-enriched genes,1700113H08Rik,C12orf42,mgi_ortholog,True
SINE-enriched genes,1810013L24Rik,,unmapped,False
SINE-enriched genes,1810026J23Rik,,unmapped,False
SINE-enriched genes,1810055G02Rik,C11orf24,mgi_ortholog,True
SINE-enriched genes,2010107E04Rik,,unmapped,False
SINE-enriched genes,2210011C24Rik,,unmapped,False
SINE-enriched genes,2310003L06Rik,,unmapped,False
SINE-enriched genes,2310011J03Rik,C19orf25,mgi_ortholog,True
SINE-enriched genes,2310061I04Rik,C6orf136,mgi_ortholog,True
SINE-enriched genes,2410015M20Rik,,unmapped,False
SINE-enriched genes,2610528J11Rik,C1orf210,mgi_ortholog,True
SINE-enriched genes,2700062C07Rik,,unmapped,False
SINE-enriched genes,2810006K23Rik,,unmapped,False
SINE-enriched genes,2810021J22Rik,,unmapped,False
SINE-enriched genes,2810408A11Rik,,unmapped,False
SINE-enriched genes,2810417H13Rik,,unmapped,False
SINE-enriched genes,3110001I22Rik,,unmapped,False
SINE-enriched genes,3110057O12Rik,,unmapped,False
SINE-enriched genes,42068,,unmapped,False
SINE-enriched genes,42248,,unmapped,False
SINE-enriched genes,4430402I18Rik,,unmapped,False
SINE-enriched genes,4833439L19Rik,KIAA1191,mgi_ortholog,True
SINE-enriched genes,4930415O20Rik,,unmapped,False
SINE-enriched genes,4930451G09Rik,,unmapped,False
SINE-enriched genes,4930502E18Rik,,unmapped,False
SINE-enriched genes,4933402P03Rik,,unmapped,False
SINE-enriched genes,4933411K16Rik,C10orf62,mgi_ortholog,True
SINE-enriched genes,4933413G19Rik,,unmapped,False
SINE-enriched genes,4933434E20Rik,,unmapped,False
SINE-enriched genes,5730455P16Rik,C17orf75,mgi_ortholog,True
SINE-enriched genes,6430548M08Rik,KIAA0513,mgi_ortholog,True
SINE-enriched genes,9130019O22Rik,,unmapped,False
SINE-enriched genes,9230110C19Rik,,unmapped,False
SINE-enriched genes,9330151L19Rik,,unmapped,False
SINE-enriched genes,A930018M24Rik,,unmapped,False
SINE-enriched genes,AA386476,,unmapped,False
SINE-enriched genes,AU018091,,unmapped,False
SINE-enriched genes,AU040320,KIAA0319L,mgi_ortholog,True
SINE-enriched genes,Aaas,AAAS,mgi_ortholog,True
SINE-enriched genes,Aacs,AACS,mgi_ortholog,True
SINE-enriched genes,Aarsd1,AARSD1,symbol_upcase,True
SINE-enriched genes,Abcb10,ABCB10,mgi_ortholog,True
SINE-enriched genes,Abcf1,ABCF1,mgi_ortholog,True
SINE-enriched genes,Abhd16a,ABHD16A,mgi_ortholog,True
SINE-enriched genes,Abhd4,ABHD4,mgi_ortholog,True
SINE-enriched genes,Abhd6,ABHD6,mgi_ortholog,True
SINE-enriched genes,Abhd8,ABHD8,mgi_ortholog,True
SINE-enriched genes,Acads,ACADS,mgi_ortholog,True
SINE-enriched genes,Acadvl,ACADVL,mgi_ortholog,True
SINE-enriched genes,Acbd4,ACBD4,mgi_ortholog,True
SINE-enriched genes,Acly,ACLY,mgi_ortholog,True
SINE-enriched genes,Acot13,ACOT13,mgi_ortholog,True
SINE-enriched genes,Acsf2,ACSF2,mgi_ortholog,True
SINE-enriched genes,Acsl5,ACSL5,mgi_ortholog,True
SINE-enriched genes,Actr1a,ACTR1A,mgi_ortholog,True
SINE-enriched genes,Actr2,ACTR2,mgi_ortholog,True
SINE-enriched genes,Actr6,ACTR6,mgi_ortholog,True
SINE-enriched genes,Adat1,ADAT1,mgi_ortholog,True
SINE-enriched genes,Adck5,ADCK5,mgi_ortholog,True
SINE-enriched genes,Adcy3,ADCY3,mgi_ortholog,True
SINE-enriched genes,Adk,ADK,mgi_ortholog,True
SINE-enriched genes,Adora3,ADORA3,mgi_ortholog,True
SINE-enriched genes,Adrbk1,,unmapped,False
SINE-enriched genes,Adsl,ADSL,mgi_ortholog,True
SINE-enriched genes,Aff4,AFF4,mgi_ortholog,True
SINE-enriched genes,Aftph,AFTPH,mgi_ortholog,True
SINE-enriched genes,Agbl2,AGBL2,mgi_ortholog,True
SINE-enriched genes,Agbl5,AGBL5,mgi_ortholog,True
SINE-enriched genes,Ager,AGER,mgi_ortholog,True
SINE-enriched genes,Agl,AGL,mgi_ortholog,True
SINE-enriched genes,Agrp,AGRP,mgi_ortholog,True
SINE-enriched genes,Ajuba,AJUBA,mgi_ortholog,True
SINE-enriched genes,Ak6,AK6,mgi_ortholog,True
SINE-enriched genes,Ak7,AK7,mgi_ortholog,True
SINE-enriched genes,Akap1,AKAP1,mgi_ortholog,True
SINE-enriched genes,Akr7a5,,unmapped,False
SINE-enriched genes,Akt1s1,AKT1S1,mgi_ortholog,True
SINE-enriched genes,Akt2,AKT2,mgi_ortholog,True
SINE-enriched genes,Aldh3b3,ALDH3B2,mgi_ortholog,True
SINE-enriched genes,Aldoa,ALDOA,mgi_ortholog,True
SINE-enriched genes,Aldoart2,,unmapped,False
SINE-enriched genes,Alkbh1,ALKBH1,mgi_ortholog,True
SINE-enriched genes,Alox8,ALOX15B,mgi_ortholog,True
SINE-enriched genes,Ambra1,AMBRA1,mgi_ortholog,True
SINE-enriched genes,Amhr2,AMHR2,mgi_ortholog,True
SINE-enriched genes,Amn,AMN,mgi_ortholog,True
SINE-enriched genes,Anapc11,ANAPC11,mgi_ortholog,True
SINE-enriched genes,Anapc5,ANAPC5,mgi_ortholog,True
SINE-enriched genes,Anapc7,ANAPC7,mgi_ortholog,True
SINE-enriched genes,Ankrd10,ANKRD10,mgi_ortholog,True
SINE-enriched genes,Ankrd13d,ANKRD13D,mgi_ortholog,True
SINE-enriched genes,Ankrd23,ANKRD23,mgi_ortholog,True
SINE-enriched genes,Ankrd33,ANKRD33,mgi_ortholog,True
SINE-enriched genes,Ankzf1,ANKZF1,mgi_ortholog,True
SINE-enriched genes,Anp32e,ANP32E,mgi_ortholog,True
SINE-enriched genes,Aox2,AOX2P,mgi_ortholog,False
SINE-enriched genes,Ap1b1,AP1B1,mgi_ortholog,True
SINE-enriched genes,Ap2b1,AP2B1,mgi_ortholog,True
SINE-enriched genes,Ap3d1,AP3D1,mgi_ortholog,True
SINE-enriched genes,Ap4m1,AP4M1,mgi_ortholog,True
SINE-enriched genes,Ap4s1,AP4S1,mgi_ortholog,True
SINE-enriched genes,Apitd1,,unmapped,False
SINE-enriched genes,Aplp1,APLP1,mgi_ortholog,True
SINE-enriched genes,Apobr,APOBR,mgi_ortholog,True
SINE-enriched genes,Apoc2,APOC2,mgi_ortholog,True
SINE-enriched genes,Apoc4,APOC4,mgi_ortholog,True
SINE-enriched genes,Apom,APOM,mgi_ortholog,True
SINE-enriched genes,Apopt1,,unmapped,False
SINE-enriched genes,Appbp2,APPBP2,mgi_ortholog,True
SINE-enriched genes,Arcn1,ARCN1,mgi_ortholog,True
SINE-enriched genes,Arf2,ARF2P,mgi_ortholog,False
SINE-enriched genes,Arfgap3,ARFGAP3,mgi_ortholog,True
SINE-enriched genes,Arhgap1,ARHGAP1,mgi_ortholog,True
SINE-enriched genes,Arhgef3,ARHGEF3,mgi_ortholog,True
SINE-enriched genes,Arl16,ARL16,mgi_ortholog,True
SINE-enriched genes,Arl2bp,ARL2BP,mgi_ortholog,True
SINE-enriched genes,Arl5c,ARL5C,mgi_ortholog,True
SINE-enriched genes,Armc12,ARMC12,mgi_ortholog,True
SINE-enriched genes,Armc7,ARMC7,mgi_ortholog,True
SINE-enriched genes,Armcx1,ARMCX1,mgi_ortholog,True
SINE-enriched genes,Arnt,ARNT,mgi_ortholog,True
SINE-enriched genes,Arrdc1,ARRDC1,mgi_ortholog,True
SINE-enriched genes,Arrdc2,ARRDC2,mgi_ortholog,True
SINE-enriched genes,Asb16,ASB16,mgi_ortholog,True
SINE-enriched genes,Ascc2,ASCC2,mgi_ortholog,True
SINE-enriched genes,Aspn,ASPN,mgi_ortholog,True
SINE-enriched genes,Astl,ASTL,mgi_ortholog,True
SINE-enriched genes,Atad1,ATAD1,mgi_ortholog,True
SINE-enriched genes,Atad5,ATAD5,mgi_ortholog,True
SINE-enriched genes,Atf2,ATF2,mgi_ortholog,True
SINE-enriched genes,Atf7,ATF7,mgi_ortholog,True
SINE-enriched genes,Atg16l2,ATG16L2,mgi_ortholog,True
SINE-enriched genes,Atg2a,ATG2A,mgi_ortholog,True
SINE-enriched genes,Atox1,ATOX1,mgi_ortholog,True
SINE-enriched genes,Atp1b2,ATP1B2,mgi_ortholog,True
SINE-enriched genes,Atp1b3,ATP1B3,mgi_ortholog,True
SINE-enriched genes,Atp2b4,ATP2B4,mgi_ortholog,True
SINE-enriched genes,Atp5b,,unmapped,False
SINE-enriched genes,Atp5j2,,unmapped,False
SINE-enriched genes,Atp5l,,unmapped,False
SINE-enriched genes,Atp5o,,unmapped,False
SINE-enriched genes,Atp6v1b2,ATP6V1B2,mgi_ortholog,True
SINE-enriched genes,Atp8b2,ATP8B2,mgi_ortholog,True
SINE-enriched genes,Atpif1,,unmapped,False
SINE-enriched genes,Atraid,ATRAID,mgi_ortholog,True
SINE-enriched genes,Atrx,ATRX,mgi_ortholog,True
SINE-enriched genes,Aurkaip1,AURKAIP1,mgi_ortholog,True
SINE-enriched genes,Avil,AVIL,mgi_ortholog,True
SINE-enriched genes,Axin1,AXIN1,mgi_ortholog,True
SINE-enriched genes,Azin1,AZIN1,mgi_ortholog,True
SINE-enriched genes,B230217C12Rik,LASP1NB,mgi_ortholog,True
SINE-enriched genes,B3galt4,B3GALT4,mgi_ortholog,True
SINE-enriched genes,B4galnt2,B4GALNT2,mgi_ortholog,True
SINE-enriched genes,B4galnt3,B4GALNT3,mgi_ortholog,True
SINE-enriched genes,B4galnt4,B4GALNT4,mgi_ortholog,True
SINE-enriched genes,BC004004,C6orf89,mgi_ortholog,True
SINE-enriched genes,BC017158,,unmapped,False
SINE-enriched genes,BC027072,,unmapped,False
SINE-enriched genes,BC028528,C1orf54,mgi_ortholog,True
SINE-enriched genes,BC031181,C18orf32,mgi_ortholog,True
SINE-enriched genes,BC051628,,unmapped,False
SINE-enriched genes,BC061212,,unmapped,False
SINE-enriched genes,BC100530,,unmapped,False
SINE-enriched genes,Bace1,BACE1,mgi_ortholog,True
SINE-enriched genes,Bag2,BAG2,mgi_ortholog,True
SINE-enriched genes,Bag4,BAG4,mgi_ortholog,True
SINE-enriched genes,Bag5,BAG5,mgi_ortholog,True
SINE-enriched genes,Banf1,BANF1,mgi_ortholog,True
SINE-enriched genes,Bax,BAX,mgi_ortholog,True
SINE-enriched genes,Baz1b,BAZ1B,mgi_ortholog,True
SINE-enriched genes,Bbs4,BBS4,mgi_ortholog,True
SINE-enriched genes,Bbs5,BBS5,mgi_ortholog,True
SINE-enriched genes,Bcap31,BCAP31,mgi_ortholog,True
SINE-enriched genes,Bcs1l,BCS1L,mgi_ortholog,True
SINE-enriched genes,Bdp1,BDP1,mgi_ortholog,True
SINE-enriched genes,Becn1,BECN1,mgi_ortholog,True
SINE-enriched genes,Best2,BEST2,mgi_ortholog,True
SINE-enriched genes,Bex6,BEX4,mgi_ortholog,True
SINE-enriched genes,Bfar,BFAR,mgi_ortholog,True
SINE-enriched genes,Bglap2,BGLAP,mgi_ortholog,True
SINE-enriched genes,Bhmt,BHMT,mgi_ortholog,True
SINE-enriched genes,Blm,BLM,mgi_ortholog,True
SINE-enriched genes,Blmh,BLMH,mgi_ortholog,True
SINE-enriched genes,Bloc1s1,BLOC1S1,mgi_ortholog,True
SINE-enriched genes,Bloc1s4,BLOC1S4,mgi_ortholog,True
SINE-enriched genes,Blvrb,BLVRB,mgi_ortholog,True
SINE-enriched genes,Bmf,BMF,mgi_ortholog,True
SINE-enriched genes,Bnipl,BNIPL,mgi_ortholog,True
SINE-enriched genes,Bok,BOK,mgi_ortholog,True
SINE-enriched genes,Bola2,BOLA2,symbol_upcase,True
SINE-enriched genes,Bpnt1,BPNT1,mgi_ortholog,True
SINE-enriched genes,Brap,BRAP,mgi_ortholog,True
SINE-enriched genes,Brca1,BRCA1,mgi_ortholog,True
SINE-enriched genes,Brf2,BRF2,mgi_ortholog,True
SINE-enriched genes,Bri3bp,BRI3BP,mgi_ortholog,True
SINE-enriched genes,Brwd1,BRWD1,mgi_ortholog,True
SINE-enriched genes,Bscl2,BSCL2,mgi_ortholog,True
SINE-enriched genes,Bsg,BSG,mgi_ortholog,True
SINE-enriched genes,Btbd19,BTBD19,mgi_ortholog,True
SINE-enriched genes,Btf3l4,BTF3L4,mgi_ortholog,True
SINE-enriched genes,Btrc,BTRC,mgi_ortholog,True
SINE-enriched genes,C130050O18Rik,,unmapped,False
SINE-enriched genes,C230062I16Rik,,unmapped,False
SINE-enriched genes,C2cd2l,C2CD2L,mgi_ortholog,True
SINE-enriched genes,C2cd4d,C2CD4D,mgi_ortholog,True
SINE-enriched genes,C330007P06Rik,,unmapped,False
SINE-enriched genes,Cacna1a,CACNA1A,mgi_ortholog,True
SINE-enriched genes,Cacnb1,CACNB1,mgi_ortholog,True
SINE-enriched genes,Cad,CAD,mgi_ortholog,True
SINE-enriched genes,Calcoco2,CALCOCO2,mgi_ortholog,True
SINE-enriched genes,Calr3,CALR3,mgi_ortholog,True
SINE-enriched genes,Camkv,CAMKV,mgi_ortholog,True
SINE-enriched genes,Caml,CAMLG,mgi_ortholog,True
SINE-enriched genes,Camp,CAMP,mgi_ortholog,True
SINE-enriched genes,Cand1,CAND1,mgi_ortholog,True
SINE-enriched genes,Cap2,CAP2,mgi_ortholog,True
SINE-enriched genes,Capn9,CAPN9,mgi_ortholog,True
SINE-enriched genes,Capns1,CAPNS1,mgi_ortholog,True
SINE-enriched genes,Caprin2,CAPRIN2,mgi_ortholog,True
SINE-enriched genes,Capzb,CAPZB,mgi_ortholog,True
SINE-enriched genes,Car6,,unmapped,False
SINE-enriched genes,Casc3,CASC3,mgi_ortholog,True
SINE-enriched genes,Casc4,,unmapped,False
SINE-enriched genes,Casc5,,unmapped,False
SINE-enriched genes,Casp8ap2,CASP8AP2,mgi_ortholog,True
SINE-enriched genes,Catsperg1,CATSPERG,mgi_ortholog,True
SINE-enriched genes,Cbfa2t2,CBFA2T2,mgi_ortholog,True
SINE-enriched genes,Cbfb,CBFB,mgi_ortholog,True
SINE-enriched genes,Cbx1,CBX1,mgi_ortholog,True
SINE-enriched genes,Cbx3,CBX3,mgi_ortholog,True
SINE-enriched genes,Cbx5,CBX5,mgi_ortholog,True
SINE-enriched genes,Cby3,CBY3,mgi_ortholog,True
SINE-enriched genes,Ccar1,CCAR1,mgi_ortholog,True
SINE-enriched genes,Ccdc137,CCDC137,mgi_ortholog,True
SINE-enriched genes,Ccdc151,,unmapped,False
SINE-enriched genes,Ccdc163,CCDC163,mgi_ortholog,True
SINE-enriched genes,Ccdc166,CCDC166,mgi_ortholog,True
SINE-enriched genes,Ccdc40,CCDC40,mgi_ortholog,True
SINE-enriched genes,Ccdc58,,unmapped,False
SINE-enriched genes,Ccdc65,CCDC65,symbol_upcase,True
SINE-enriched genes,Ccdc71,CCDC71,mgi_ortholog,True
SINE-enriched genes,Ccdc84,,unmapped,False
SINE-enriched genes,Ccdc94,,unmapped,False
SINE-enriched genes,Ccl5,CCL5,mgi_ortholog,True
SINE-enriched genes,Ccna2,CCNA2,mgi_ortholog,True
SINE-enriched genes,Ccnd3,CCND3,mgi_ortholog,True
SINE-enriched genes,Ccne1,CCNE1,mgi_ortholog,True
SINE-enriched genes,Ccnt1,CCNT1,mgi_ortholog,True
SINE-enriched genes,Ccr4,CCR4,mgi_ortholog,True
SINE-enriched genes,Ccr8,CCR8,mgi_ortholog,True
SINE-enriched genes,Cct2,CCT2,mgi_ortholog,True
SINE-enriched genes,Cct3,CCT3,mgi_ortholog,True
SINE-enriched genes,Cct8l1,,unmapped,False
SINE-enriched genes,Cd164l2,CD164L2,mgi_ortholog,True
SINE-enriched genes,Cd274,CD274,mgi_ortholog,True
SINE-enriched genes,Cd2bp2,CD2BP2,mgi_ortholog,True
SINE-enriched genes,Cd52,CD52,mgi_ortholog,True
SINE-enriched genes,Cd79a,CD79A,mgi_ortholog,True
SINE-enriched genes,Cdc25a,CDC25A,mgi_ortholog,True
SINE-enriched genes,Cdca3,CDCA3,mgi_ortholog,True
SINE-enriched genes,Cdca7,CDCA7,mgi_ortholog,True
SINE-enriched genes,Cdhr4,CDHR4,mgi_ortholog,True
SINE-enriched genes,Cdhr5,CDHR5,mgi_ortholog,True
SINE-enriched genes,Cdk10,CDK10,mgi_ortholog,True
SINE-enriched genes,Cdk12,CDK12,mgi_ortholog,True
SINE-enriched genes,Cdk2ap1,CDK2AP1,mgi_ortholog,True
SINE-enriched genes,Cdk2ap2,CDK2AP2,mgi_ortholog,True
SINE-enriched genes,Cdk4,CDK4,mgi_ortholog,True
SINE-enriched genes,Cdkl3,CDKL3,mgi_ortholog,True
SINE-enriched genes,Cdkn1a,CDKN1A,mgi_ortholog,True
SINE-enriched genes,Cdkn2c,CDKN2C,mgi_ortholog,True
SINE-enriched genes,Cdkn2d,CDKN2D,mgi_ortholog,True
SINE-enriched genes,Cds2,CDS2,mgi_ortholog,True
SINE-enriched genes,Cela3b,CELA3B,symbol_upcase,True
SINE-enriched genes,Celf1,CELF1,mgi_ortholog,True
SINE-enriched genes,Cenph,CENPH,mgi_ortholog,True
SINE-enriched genes,Cenpj,CENPJ,symbol_upcase,True
SINE-enriched genes,Cep164,CEP164,mgi_ortholog,True
SINE-enriched genes,Cep19,CEP19,mgi_ortholog,True
SINE-enriched genes,Cep295,CEP295,mgi_ortholog,True
SINE-enriched genes,Cers2,CERS2,mgi_ortholog,True
SINE-enriched genes,Cfap126,CFAP126,mgi_ortholog,True
SINE-enriched genes,Cfap70,CFAP70,mgi_ortholog,True
SINE-enriched genes,Cfap74,CFAP74,mgi_ortholog,True
SINE-enriched genes,Cfd,CFD,mgi_ortholog,True
SINE-enriched genes,Chaf1b,CHAF1B,mgi_ortholog,True
SINE-enriched genes,Chchd1,CHCHD1,mgi_ortholog,True
SINE-enriched genes,Chchd10,CHCHD10,mgi_ortholog,True
SINE-enriched genes,Chchd2,CHCHD2,symbol_upcase,True
SINE-enriched genes,Chchd4,CHCHD4,mgi_ortholog,True
SINE-enriched genes,Chp1,CHP1,mgi_ortholog,True
SINE-enriched genes,Chrna9,CHRNA9,mgi_ortholog,True
SINE-enriched genes,Chrne,CHRNE,mgi_ortholog,True
SINE-enriched genes,Chst4,CHST4,mgi_ortholog,True
SINE-enriched genes,Chtop,CHTOP,mgi_ortholog,True
SINE-enriched genes,Ciapin1,CIAPIN1,mgi_ortholog,True
SINE-enriched genes,Ciart,CIART,mgi_ortholog,True
SINE-enriched genes,Cib2,CIB2,mgi_ortholog,True
SINE-enriched genes,Cinp,CINP,mgi_ortholog,True
SINE-enriched genes,Ckap5,CKAP5,mgi_ortholog,True
SINE-enriched genes,Ckb,CKB,mgi_ortholog,True
SINE-enriched genes,Cks1b,CKS1B,mgi_ortholog,True
SINE-enriched genes,Clasrp,CLASRP,mgi_ortholog,True
SINE-enriched genes,Cldn3,CLDN3,mgi_ortholog,True
SINE-enriched genes,Cldn7,CLDN7,mgi_ortholog,True
SINE-enriched genes,Cldn9,CLDN9,mgi_ortholog,True
SINE-enriched genes,Clec18a,CLEC18A,symbol_upcase,True
SINE-enriched genes,Clhc1,CLHC1,mgi_ortholog,True
SINE-enriched genes,Clip1,CLIP1,mgi_ortholog,True
SINE-enriched genes,Clns1a,CLNS1A,mgi_ortholog,True
SINE-enriched genes,Clp1,CLP1,mgi_ortholog,True
SINE-enriched genes,Clps,CLPS,mgi_ortholog,True
SINE-enriched genes,Clpsl2,CLPSL2,mgi_ortholog,True
SINE-enriched genes,Clpx,CLPX,mgi_ortholog,True
SINE-enriched genes,Cltb,CLTB,mgi_ortholog,True
SINE-enriched genes,Cnbp,CNBP,mgi_ortholog,True
SINE-enriched genes,Cndp2,CNDP2,mgi_ortholog,True
SINE-enriched genes,Cnep1r1,CNEP1R1,mgi_ortholog,True
SINE-enriched genes,Cnksr1,CNKSR1,mgi_ortholog,True
SINE-enriched genes,Cnnm3,CNNM3,mgi_ortholog,True
SINE-enriched genes,Cnot8,CNOT8,mgi_ortholog,True
SINE-enriched genes,Cnp,CNP,mgi_ortholog,True
SINE-enriched genes,Cnpy2,CNPY2,mgi_ortholog,True
SINE-enriched genes,Cnpy4,CNPY4,mgi_ortholog,True
SINE-enriched genes,Cnr2,CNR2,mgi_ortholog,True
SINE-enriched genes,Cntn1,CNTN1,mgi_ortholog,True
SINE-enriched genes,Coa7,COA7,mgi_ortholog,True
SINE-enriched genes,Col9a2,COL9A2,mgi_ortholog,True
SINE-enriched genes,Colec11,COLEC11,mgi_ortholog,True
SINE-enriched genes,Commd5,COMMD5,mgi_ortholog,True
SINE-enriched genes,Commd7,COMMD7,mgi_ortholog,True
SINE-enriched genes,Commd8,COMMD8,mgi_ortholog,True
SINE-enriched genes,Copa,COPA,mgi_ortholog,True
SINE-enriched genes,Cope,COPE,mgi_ortholog,True
SINE-enriched genes,Cops7a,COPS7A,mgi_ortholog,True
SINE-enriched genes,Cops7b,COPS7B,mgi_ortholog,True
SINE-enriched genes,Copz1,COPZ1,mgi_ortholog,True
SINE-enriched genes,Copz2,COPZ2,mgi_ortholog,True
SINE-enriched genes,Cotl1,COTL1,mgi_ortholog,True
SINE-enriched genes,Cox14,COX14,mgi_ortholog,True
SINE-enriched genes,Cox18,COX18,mgi_ortholog,True
SINE-enriched genes,Cox5a,COX5A,mgi_ortholog,True
SINE-enriched genes,Cox6a1,COX6A1,mgi_ortholog,True
SINE-enriched genes,Cox7b,COX7B,mgi_ortholog,True
SINE-enriched genes,Cox8a,COX8A,mgi_ortholog,True
SINE-enriched genes,Cox8c,COX8C,mgi_ortholog,True
SINE-enriched genes,Cpm,CPM,mgi_ortholog,True
SINE-enriched genes,Cpne6,CPNE6,mgi_ortholog,True
SINE-enriched genes,Cpsf1,CPSF1,mgi_ortholog,True
SINE-enriched genes,Cpsf6,CPSF6,mgi_ortholog,True
SINE-enriched genes,Cpsf7,CPSF7,mgi_ortholog,True
SINE-enriched genes,Cpt1c,CPT1C,mgi_ortholog,True
SINE-enriched genes,Crb3,CRB3,mgi_ortholog,True
SINE-enriched genes,Crcp,CRCP,mgi_ortholog,True
SINE-enriched genes,Creb3l4,CREB3L4,mgi_ortholog,True
SINE-enriched genes,Crebl2,CREBL2,mgi_ortholog,True
SINE-enriched genes,Creld1,CRELD1,mgi_ortholog,True
SINE-enriched genes,Crem,CREM,mgi_ortholog,True
SINE-enriched genes,Crip3,CRIP3,mgi_ortholog,True
SINE-enriched genes,Crk,CRK,mgi_ortholog,True
SINE-enriched genes,Crlf3,CRLF3,mgi_ortholog,True
SINE-enriched genes,Crls1,CRLS1,mgi_ortholog,True
SINE-enriched genes,Crxos,,unmapped,False
SINE-enriched genes,Cryba1,CRYBA1,mgi_ortholog,True
SINE-enriched genes,Cryzl1,CRYZL1,mgi_ortholog,True
SINE-enriched genes,Cs,CS,mgi_ortholog,True
SINE-enriched genes,Csad,CSAD,mgi_ortholog,True
SINE-enriched genes,Cse1l,CSE1L,mgi_ortholog,True
SINE-enriched genes,Csnk1g2,CSNK1G2,mgi_ortholog,True
SINE-enriched genes,Csnk2b,CSNK2B,mgi_ortholog,True
SINE-enriched genes,Csrnp2,CSRNP2,mgi_ortholog,True
SINE-enriched genes,Cstf2t,CSTF2T,mgi_ortholog,True
SINE-enriched genes,Ctage5,,unmapped,False
SINE-enriched genes,Ctc1,CTC1,mgi_ortholog,True
SINE-enriched genes,Ctdspl2,CTDSPL2,mgi_ortholog,True
SINE-enriched genes,Ctf2,CTF2P,mgi_ortholog,False
SINE-enriched genes,Ctrb1,CTRB1,symbol_upcase,True
SINE-enriched genes,Ctsa,CTSA,mgi_ortholog,True
SINE-enriched genes,Ctsl,CTSL,symbol_upcase,True
SINE-enriched genes,Ctss,CTSS,mgi_ortholog,True
SINE-enriched genes,Cul5,CUL5,mgi_ortholog,True
SINE-enriched genes,Cwc15,CWC15,mgi_ortholog,True
SINE-enriched genes,Cwc22,CWC22,mgi_ortholog,True
SINE-enriched genes,Cwc25,CWC25,mgi_ortholog,True
SINE-enriched genes,Cwf19l2,CWF19L2,mgi_ortholog,True
SINE-enriched genes,Cxcl17,CXCL17,mgi_ortholog,True
SINE-enriched genes,Cyb5d1,CYB5D1,mgi_ortholog,True
SINE-enriched genes,Cyp27b1,CYP27B1,mgi_ortholog,True
SINE-enriched genes,Cystm1,CYSTM1,mgi_ortholog,True
SINE-enriched genes,Cyth3,CYTH3,mgi_ortholog,True
SINE-enriched genes,D330020A13Rik,,unmapped,False
SINE-enriched genes,D8Ertd738e,C19orf53,mgi_ortholog,True
SINE-enriched genes,Dact1,DACT1,mgi_ortholog,True
SINE-enriched genes,Dag1,DAG1,mgi_ortholog,True
SINE-enriched genes,Dand5,DAND5,mgi_ortholog,True
SINE-enriched genes,Daxx,DAXX,mgi_ortholog,True
SINE-enriched genes,Dazap1,DAZAP1,mgi_ortholog,True
SINE-enriched genes,Dbnl,DBNL,mgi_ortholog,True
SINE-enriched genes,Dctn1,DCTN1,mgi_ortholog,True
SINE-enriched genes,Dctn6,DCTN6,mgi_ortholog,True
SINE-enriched genes,Ddah2,DDAH2,mgi_ortholog,True
SINE-enriched genes,Ddhd2,DDHD2,mgi_ortholog,True
SINE-enriched genes,Ddx11,DDX11,symbol_upcase,True
SINE-enriched genes,Ddx19a,DDX19A,mgi_ortholog,True
SINE-enriched genes,Ddx24,DDX24,mgi_ortholog,True
SINE-enriched genes,Ddx28,DDX28,mgi_ortholog,True
SINE-enriched genes,Ddx39,,unmapped,False
SINE-enriched genes,Ddx46,DDX46,mgi_ortholog,True
SINE-enriched genes,Ddx49,DDX49,mgi_ortholog,True
SINE-enriched genes,Ddx51,DDX51,mgi_ortholog,True
SINE-enriched genes,Ddx55,DDX55,mgi_ortholog,True
SINE-enriched genes,Decr2,DECR2,mgi_ortholog,True
SINE-enriched genes,Dedd,DEDD,mgi_ortholog,True
SINE-enriched genes,Defb19,DEFB119,mgi_ortholog,True
SINE-enriched genes,Dennd2a,DENND2A,mgi_ortholog,True
SINE-enriched genes,Dennd4b,DENND4B,mgi_ortholog,True
SINE-enriched genes,Dennd4c,DENND4C,mgi_ortholog,True
SINE-enriched genes,Dennd5b,DENND5B,mgi_ortholog,True
SINE-enriched genes,Derl2,DERL2,mgi_ortholog,True
SINE-enriched genes,Dgcr8,DGCR8,mgi_ortholog,True
SINE-enriched genes,Dgka,DGKA,mgi_ortholog,True
SINE-enriched genes,Dhx15,DHX15,mgi_ortholog,True
SINE-enriched genes,Dhx16,DHX16,mgi_ortholog,True
SINE-enriched genes,Dhx30,DHX30,mgi_ortholog,True
SINE-enriched genes,Dhx33,DHX33,mgi_ortholog,True
SINE-enriched genes,Dhx57,DHX57,mgi_ortholog,True
SINE-enriched genes,Dido1,DIDO1,mgi_ortholog,True
SINE-enriched genes,Dis3,DIS3,mgi_ortholog,True
SINE-enriched genes,Dkkl1,DKKL1,mgi_ortholog,True
SINE-enriched genes,Dlec1,DLEC1,mgi_ortholog,True
SINE-enriched genes,Dlg4,DLG4,mgi_ortholog,True
SINE-enriched genes,Dna2,DNA2,mgi_ortholog,True
SINE-enriched genes,Dnah17,DNAH17,mgi_ortholog,True
SINE-enriched genes,Dnaja3,DNAJA3,mgi_ortholog,True
SINE-enriched genes,Dnajb13,DNAJB13,mgi_ortholog,True
SINE-enriched genes,Dnajc22,DNAJC22,mgi_ortholog,True
SINE-enriched genes,Dnajc4,DNAJC4,mgi_ortholog,True
SINE-enriched genes,Dnajc6,DNAJC6,mgi_ortholog,True
SINE-enriched genes,Dnajc9,DNAJC9,mgi_ortholog,True
SINE-enriched genes,Dnase1l1,DNASE1L1,mgi_ortholog,True
SINE-enriched genes,Dnm2,DNM2,mgi_ortholog,True
SINE-enriched genes,Dohh,DOHH,mgi_ortholog,True
SINE-enriched genes,Dok3,DOK3,mgi_ortholog,True
SINE-enriched genes,Dpep3,DPEP3,mgi_ortholog,True
SINE-enriched genes,Dpf2,DPF2,mgi_ortholog,True
SINE-enriched genes,Dpm3,DPM3,mgi_ortholog,True
SINE-enriched genes,Dppa2,DPPA2,mgi_ortholog,True
SINE-enriched genes,Dppa3,DPPA3,mgi_ortholog,True
SINE-enriched genes,Dppa4,DPPA4,mgi_ortholog,True
SINE-enriched genes,Dppa5a,DPPA5,mgi_ortholog,True
SINE-enriched genes,Dpy30,DPY30,mgi_ortholog,True
SINE-enriched genes,Drg2,DRG2,mgi_ortholog,True
SINE-enriched genes,Dstyk,DSTYK,mgi_ortholog,True
SINE-enriched genes,Dtnb,DTNB,mgi_ortholog,True
SINE-enriched genes,Dtymk,DTYMK,mgi_ortholog,True
SINE-enriched genes,Dus1l,DUS1L,mgi_ortholog,True
SINE-enriched genes,Dusp14,DUSP14,mgi_ortholog,True
SINE-enriched genes,Dync1li2,DYNC1LI2,mgi_ortholog,True
SINE-enriched genes,Dynll1,DYNLL1,mgi_ortholog,True
SINE-enriched genes,Dynll2,DYNLL2,mgi_ortholog,True
SINE-enriched genes,Dyx1c1,,unmapped,False
SINE-enriched genes,Dzank1,DZANK1,mgi_ortholog,True
SINE-enriched genes,Ear1,,unmapped,False
SINE-enriched genes,Ear2,,unmapped,False
SINE-enriched genes,Ear6,,unmapped,False
SINE-enriched genes,Ecscr,ECSCR,mgi_ortholog,True
SINE-enriched genes,Edf1,EDF1,mgi_ortholog,True
SINE-enriched genes,Eef2,EEF2,mgi_ortholog,True
SINE-enriched genes,Ehmt2,EHMT2,mgi_ortholog,True
SINE-enriched genes,Eif1,EIF1,mgi_ortholog,True
SINE-enriched genes,Eif2b4,EIF2B4,mgi_ortholog,True
SINE-enriched genes,Eif2s3x,,unmapped,False
SINE-enriched genes,Eif3a,EIF3A,mgi_ortholog,True
SINE-enriched genes,Eif3b,EIF3B,mgi_ortholog,True
SINE-enriched genes,Eif3i,EIF3I,mgi_ortholog,True
SINE-enriched genes,Eif3l,EIF3L,mgi_ortholog,True
SINE-enriched genes,Eif4a2,EIF4A2,mgi_ortholog,True
SINE-enriched genes,Eif4e2,EIF4E2,mgi_ortholog,True
SINE-enriched genes,Eif4enif1,EIF4ENIF1,mgi_ortholog,True
SINE-enriched genes,Eif4g1,EIF4G1,mgi_ortholog,True
SINE-enriched genes,Eif4h,EIF4H,mgi_ortholog,True
SINE-enriched genes,Eif5a,EIF5A,symbol_upcase,True
SINE-enriched genes,Elf2,ELF2,mgi_ortholog,True
SINE-enriched genes,Elof1,ELOF1,mgi_ortholog,True
SINE-enriched genes,Elovl6,ELOVL6,mgi_ortholog,True
SINE-enriched genes,Elp6,ELP6,mgi_ortholog,True
SINE-enriched genes,Emc3,EMC3,mgi_ortholog,True
SINE-enriched genes,Emd,EMD,mgi_ortholog,True
SINE-enriched genes,Emg1,EMG1,mgi_ortholog,True
SINE-enriched genes,Endog,ENDOG,mgi_ortholog,True
SINE-enriched genes,Enpp1,ENPP1,mgi_ortholog,True
SINE-enriched genes,Entpd5,ENTPD5,mgi_ortholog,True
SINE-enriched genes,Ep400,EP400,mgi_ortholog,True
SINE-enriched genes,Epb4.1,,unmapped,False
SINE-enriched genes,Epb4.1l5,,unmapped,False
SINE-enriched genes,Ephx3,EPHX3,mgi_ortholog,True
SINE-enriched genes,Epor,EPOR,mgi_ortholog,True
SINE-enriched genes,Eps15,EPS15,mgi_ortholog,True
SINE-enriched genes,Eps15l1,EPS15L1,mgi_ortholog,True
SINE-enriched genes,Eps8,EPS8,mgi_ortholog,True
SINE-enriched genes,Eral1,ERAL1,mgi_ortholog,True
SINE-enriched genes,Ercc2,ERCC2,mgi_ortholog,True
SINE-enriched genes,Ercc8,ERCC8,mgi_ortholog,True
SINE-enriched genes,Erh,ERH,mgi_ortholog,True
SINE-enriched genes,Eri3,ERI3,mgi_ortholog,True
SINE-enriched genes,Esrra,ESRRA,mgi_ortholog,True
SINE-enriched genes,Esrrb,ESRRB,mgi_ortholog,True
SINE-enriched genes,Etv2,ETV2,mgi_ortholog,True
SINE-enriched genes,Evi2a,EVI2A,mgi_ortholog,True
SINE-enriched genes,Evi2b,EVI2B,mgi_ortholog,True
SINE-enriched genes,Evi5,EVI5,mgi_ortholog,True
SINE-enriched genes,Evpl,EVPL,mgi_ortholog,True
SINE-enriched genes,Exd1,EXD1,mgi_ortholog,True
SINE-enriched genes,Exoc3l,EXOC3L1,mgi_ortholog,True
SINE-enriched genes,Exoc3l2,EXOC3L2,mgi_ortholog,True
SINE-enriched genes,Exoc7,EXOC7,mgi_ortholog,True
SINE-enriched genes,Exosc7,EXOSC7,mgi_ortholog,True
SINE-enriched genes,Ezh1,EZH1,mgi_ortholog,True
SINE-enriched genes,F12,F12,mgi_ortholog,True
SINE-enriched genes,Fa2h,FA2H,mgi_ortholog,True
SINE-enriched genes,Faap24,FAAP24,mgi_ortholog,True
SINE-enriched genes,Faiml,FAIM,mgi_ortholog,True
SINE-enriched genes,Fam101b,,unmapped,False
SINE-enriched genes,Fam103a1,,unmapped,False
SINE-enriched genes,Fam122b,,unmapped,False
SINE-enriched genes,Fam166a,FAM166A,symbol_upcase,True
SINE-enriched genes,Fam178a,,unmapped,False
SINE-enriched genes,Fam179b,,unmapped,False
SINE-enriched genes,Fam186b,FAM186B,mgi_ortholog,True
SINE-enriched genes,Fam195a,,unmapped,False
SINE-enriched genes,Fam219b,FAM219B,mgi_ortholog,True
SINE-enriched genes,Fam222b,FAM222B,mgi_ortholog,True
SINE-enriched genes,Fam229a,FAM229A,mgi_ortholog,True
SINE-enriched genes,Fam43b,FAM43B,mgi_ortholog,True
SINE-enriched genes,Fam58b,,unmapped,False
SINE-enriched genes,Fam60a,,unmapped,False
SINE-enriched genes,Fam71e1,,unmapped,False
SINE-enriched genes,Fam73b,,unmapped,False
SINE-enriched genes,Fam76a,FAM76A,mgi_ortholog,True
SINE-enriched genes,Fam83c,FAM83C,symbol_upcase,True
SINE-enriched genes,Fam96b,,unmapped,False
SINE-enriched genes,Fance,FANCE,mgi_ortholog,True
SINE-enriched genes,Fancg,FANCG,mgi_ortholog,True
SINE-enriched genes,Farsa,FARSA,mgi_ortholog,True
SINE-enriched genes,Fasn,FASN,mgi_ortholog,True
SINE-enriched genes,Fastkd5,FASTKD5,mgi_ortholog,True
SINE-enriched genes,Fau,FAU,mgi_ortholog,True
SINE-enriched genes,Fbln1,FBLN1,mgi_ortholog,True
SINE-enriched genes,Fbxl20,FBXL20,mgi_ortholog,True
SINE-enriched genes,Fbxl3,FBXL3,mgi_ortholog,True
SINE-enriched genes,Fbxo33,FBXO33,mgi_ortholog,True
SINE-enriched genes,Fbxo34,FBXO34,mgi_ortholog,True
SINE-enriched genes,Fbxo46,FBXO46,mgi_ortholog,True
SINE-enriched genes,Fbxo47,FBXO47,mgi_ortholog,True
SINE-enriched genes,Fbxw2,FBXW2,mgi_ortholog,True
SINE-enriched genes,Fbxw24,FBXW12,mgi_ortholog,True
SINE-enriched genes,Fbxw9,FBXW9,mgi_ortholog,True
SINE-enriched genes,Fcer1g,FCER1G,mgi_ortholog,True
SINE-enriched genes,Fcgrt,FCGRT,mgi_ortholog,True
SINE-enriched genes,Fcho2,FCHO2,mgi_ortholog,True
SINE-enriched genes,Fcna,,unmapped,False
SINE-enriched genes,Fdx1l,,unmapped,False
SINE-enriched genes,Fem1a,FEM1A,mgi_ortholog,True
SINE-enriched genes,Fgf17,FGF17,mgi_ortholog,True
SINE-enriched genes,Fgfbp3,FGFBP3,mgi_ortholog,True
SINE-enriched genes,Fgfr1,FGFR1,mgi_ortholog,True
SINE-enriched genes,Fgfr4,FGFR4,mgi_ortholog,True
SINE-enriched genes,Fignl1,FIGNL1,mgi_ortholog,True
SINE-enriched genes,Fkbp10,FKBP10,mgi_ortholog,True
SINE-enriched genes,Fkbp5,FKBP5,mgi_ortholog,True
SINE-enriched genes,Fkrp,FKRP,mgi_ortholog,True
SINE-enriched genes,Flad1,FLAD1,mgi_ortholog,True
SINE-enriched genes,Flot1,FLOT1,mgi_ortholog,True
SINE-enriched genes,Flywch1,FLYWCH1,mgi_ortholog,True
SINE-enriched genes,Flywch2,FLYWCH2,mgi_ortholog,True
SINE-enriched genes,Fn1,FN1,mgi_ortholog,True
SINE-enriched genes,Fnbp1,FNBP1,mgi_ortholog,True
SINE-enriched genes,Fnbp4,FNBP4,mgi_ortholog,True
SINE-enriched genes,Fntb,FNTB,symbol_upcase,True
SINE-enriched genes,Folr1,FOLR1,mgi_ortholog,True
SINE-enriched genes,Folr2,FOLR2,symbol_upcase,True
SINE-enriched genes,Fpr2,FPR2,mgi_ortholog,True
SINE-enriched genes,Fpr3,FPR3,symbol_upcase,True
SINE-enriched genes,Frem2,FREM2,mgi_ortholog,True
SINE-enriched genes,Fryl,FRYL,mgi_ortholog,True
SINE-enriched genes,Fst,FST,mgi_ortholog,True
SINE-enriched genes,Ftl1,FTL,mgi_ortholog,True
SINE-enriched genes,Ftsj3,FTSJ3,mgi_ortholog,True
SINE-enriched genes,Fuk,,unmapped,False
SINE-enriched genes,Fuom,FUOM,mgi_ortholog,True
SINE-enriched genes,Fut1,FUT1,mgi_ortholog,True
SINE-enriched genes,Fut11,FUT11,symbol_upcase,True
SINE-enriched genes,Fxr2,FXR2,mgi_ortholog,True
SINE-enriched genes,Fyttd1,FYTTD1,mgi_ortholog,True
SINE-enriched genes,Fzr1,FZR1,mgi_ortholog,True
SINE-enriched genes,G3bp2,G3BP2,mgi_ortholog,True
SINE-enriched genes,G6pc3,G6PC3,mgi_ortholog,True
SINE-enriched genes,Gabarap,GABARAP,mgi_ortholog,True
SINE-enriched genes,Gabpb1,GABPB1,mgi_ortholog,True
SINE-enriched genes,Galnt1,GALNT1,mgi_ortholog,True
SINE-enriched genes,Galr2,GALR2,mgi_ortholog,True
SINE-enriched genes,Ganab,GANAB,mgi_ortholog,True
SINE-enriched genes,Gapvd1,GAPVD1,mgi_ortholog,True
SINE-enriched genes,Garnl3,GARNL3,mgi_ortholog,True
SINE-enriched genes,Gart,GART,mgi_ortholog,True
SINE-enriched genes,Gatad2a,GATAD2A,mgi_ortholog,True
SINE-enriched genes,Gatad2b,GATAD2B,mgi_ortholog,True
SINE-enriched genes,Gatsl2,,unmapped,False
SINE-enriched genes,Gatsl3,,unmapped,False
SINE-enriched genes,Gcc1,GCC1,mgi_ortholog,True
SINE-enriched genes,Gcdh,GCDH,mgi_ortholog,True
SINE-enriched genes,Gcnt7,GCNT7,mgi_ortholog,True
SINE-enriched genes,Gcsh,GCSH,mgi_ortholog,True
SINE-enriched genes,Gde1,GDE1,mgi_ortholog,True
SINE-enriched genes,Gdf9,GDF9,mgi_ortholog,True
SINE-enriched genes,Gdpd3,GDPD3,mgi_ortholog,True
SINE-enriched genes,Gemin5,GEMIN5,mgi_ortholog,True
SINE-enriched genes,Gemin6,GEMIN6,mgi_ortholog,True
SINE-enriched genes,Gemin7,GEMIN7,mgi_ortholog,True
SINE-enriched genes,Gfi1,GFI1,mgi_ortholog,True
SINE-enriched genes,Gfm2,GFM2,mgi_ortholog,True
SINE-enriched genes,Gfod2,GFOD2,mgi_ortholog,True
SINE-enriched genes,Gga3,GGA3,mgi_ortholog,True
SINE-enriched genes,Ggt1,GGT1,symbol_upcase,True
SINE-enriched genes,Gigyf2,GIGYF2,mgi_ortholog,True
SINE-enriched genes,Gins1,GINS1,mgi_ortholog,True
SINE-enriched genes,Gins2,GINS2,mgi_ortholog,True
SINE-enriched genes,Gja6,GJA6P,mgi_ortholog,False
SINE-enriched genes,Gjb3,GJB3,mgi_ortholog,True
SINE-enriched genes,Gjc1,GJC1,mgi_ortholog,True
SINE-enriched genes,Gle1,GLE1,mgi_ortholog,True
SINE-enriched genes,Gli1,GLI1,mgi_ortholog,True
SINE-enriched genes,Glmp,GLMP,mgi_ortholog,True
SINE-enriched genes,Glrx2,GLRX2,mgi_ortholog,True
SINE-enriched genes,Gls2,GLS2,mgi_ortholog,True
SINE-enriched genes,Gm10083,,unmapped,False
SINE-enriched genes,Gm10188,,unmapped,False
SINE-enriched genes,Gm10264,,unmapped,False
SINE-enriched genes,Gm10382,,unmapped,False
SINE-enriched genes,Gm10424,,unmapped,False
SINE-enriched genes,Gm10477,,unmapped,False
SINE-enriched genes,Gm10645,,unmapped,False
SINE-enriched genes,Gm10840,,unmapped,False
SINE-enriched genes,Gm10972,,unmapped,False
SINE-enriched genes,Gm11492,,unmapped,False
SINE-enriched genes,Gm12800,,unmapped,False
SINE-enriched genes,Gm13040,,unmapped,False
SINE-enriched genes,Gm13125,,unmapped,False
SINE-enriched genes,Gm13128,,unmapped,False
SINE-enriched genes,Gm14214,,unmapped,False
SINE-enriched genes,Gm16286,,unmapped,False
SINE-enriched genes,Gm16314,,unmapped,False
SINE-enriched genes,Gm16429,,unmapped,False
SINE-enriched genes,Gm16522,,unmapped,False
SINE-enriched genes,Gm17541,,unmapped,False
SINE-enriched genes,Gm20388,,unmapped,False
SINE-enriched genes,Gm20458,,unmapped,False
SINE-enriched genes,Gm20479,,unmapped,False
SINE-enriched genes,Gm20499,,unmapped,False
SINE-enriched genes,Gm20537,,unmapped,False
SINE-enriched genes,Gm2056,,unmapped,False
SINE-enriched genes,Gm20737,,unmapped,False
SINE-enriched genes,Gm20738,,unmapped,False
SINE-enriched genes,Gm20747,,unmapped,False
SINE-enriched genes,Gm20772,,unmapped,False
SINE-enriched genes,Gm20773,,unmapped,False
SINE-enriched genes,Gm20777,,unmapped,False
SINE-enriched genes,Gm20795,,unmapped,False
SINE-enriched genes,Gm20806,,unmapped,False
SINE-enriched genes,Gm20807,,unmapped,False
SINE-enriched genes,Gm20809,,unmapped,False
SINE-enriched genes,Gm20815,,unmapped,False
SINE-enriched genes,Gm20816,,unmapped,False
SINE-enriched genes,Gm20821,,unmapped,False
SINE-enriched genes,Gm20822,,unmapped,False
SINE-enriched genes,Gm20823,,unmapped,False
SINE-enriched genes,Gm20825,,unmapped,False
SINE-enriched genes,Gm20828,,unmapped,False
SINE-enriched genes,Gm20830,,unmapped,False
SINE-enriched genes,Gm20831,,unmapped,False
SINE-enriched genes,Gm20834,,unmapped,False
SINE-enriched genes,Gm20852,,unmapped,False
SINE-enriched genes,Gm20854,,unmapped,False
SINE-enriched genes,Gm20865,,unmapped,False
SINE-enriched genes,Gm20867,,unmapped,False
SINE-enriched genes,Gm20873,,unmapped,False
SINE-enriched genes,Gm20878,,unmapped,False
SINE-enriched genes,Gm20909,,unmapped,False
SINE-enriched genes,Gm20914,,unmapped,False
SINE-enriched genes,Gm20917,,unmapped,False
SINE-enriched genes,Gm20924,,unmapped,False
SINE-enriched genes,Gm21118,,unmapped,False
SINE-enriched genes,Gm21292,,unmapped,False
SINE-enriched genes,Gm21310,,unmapped,False
SINE-enriched genes,Gm21319,,unmapped,False
SINE-enriched genes,Gm21394,,unmapped,False
SINE-enriched genes,Gm21425,,unmapped,False
SINE-enriched genes,Gm21440,,unmapped,False
SINE-enriched genes,Gm21454,,unmapped,False
SINE-enriched genes,Gm21586,,unmapped,False
SINE-enriched genes,Gm21719,,unmapped,False
SINE-enriched genes,Gm21721,,unmapped,False
SINE-enriched genes,Gm21812,,unmapped,False
SINE-enriched genes,Gm21885,,unmapped,False
SINE-enriched genes,Gm21943,,unmapped,False
SINE-enriched genes,Gm21953,,unmapped,False
SINE-enriched genes,Gm21992,,unmapped,False
SINE-enriched genes,Gm27029,,unmapped,False
SINE-enriched genes,Gm28043,,unmapped,False
SINE-enriched genes,Gm28079,,unmapped,False
SINE-enriched genes,Gm28171,,unmapped,False
SINE-enriched genes,Gm28778,,unmapped,False
SINE-enriched genes,Gm29049,,unmapped,False
SINE-enriched genes,Gm3086,,unmapped,False
SINE-enriched genes,Gm3147,,unmapped,False
SINE-enriched genes,Gm3176,,unmapped,False
SINE-enriched genes,Gm3233,,unmapped,False
SINE-enriched genes,Gm33815,,unmapped,False
SINE-enriched genes,Gm3646,,unmapped,False
SINE-enriched genes,Gm38100,,unmapped,False
SINE-enriched genes,Gm38303,,unmapped,False
SINE-enriched genes,Gm38394,,unmapped,False
SINE-enriched genes,Gm4353,,unmapped,False
SINE-enriched genes,Gm5129,,unmapped,False
SINE-enriched genes,Gm5478,,unmapped,False
SINE-enriched genes,Gm5741,,unmapped,False
SINE-enriched genes,Gm5786,,unmapped,False
SINE-enriched genes,Gm590,,unmapped,False
SINE-enriched genes,Gm6096,,unmapped,False
SINE-enriched genes,Gm6665,,unmapped,False
SINE-enriched genes,Gm6902,,unmapped,False
SINE-enriched genes,Gm7873,,unmapped,False
SINE-enriched genes,Gm7978,,unmapped,False
SINE-enriched genes,Gm8186,,unmapped,False
SINE-enriched genes,Gm8332,,unmapped,False
SINE-enriched genes,Gm8444,,unmapped,False
SINE-enriched genes,Gm8973,,unmapped,False
SINE-enriched genes,Gm9803,,unmapped,False
SINE-enriched genes,Gm9970,,unmapped,False
SINE-enriched genes,Gmeb1,GMEB1,mgi_ortholog,True
SINE-enriched genes,Gmfg,GMFG,mgi_ortholog,True
SINE-enriched genes,Gmnn,GMNN,mgi_ortholog,True
SINE-enriched genes,Gnat1,GNAT1,mgi_ortholog,True
SINE-enriched genes,Gnb2l1,,unmapped,False
SINE-enriched genes,Golgb1,GOLGB1,mgi_ortholog,True
SINE-enriched genes,Golph3l,GOLPH3L,mgi_ortholog,True
SINE-enriched genes,Gpatch3,GPATCH3,mgi_ortholog,True
SINE-enriched genes,Gpbp1l1,GPBP1L1,mgi_ortholog,True
SINE-enriched genes,Gpd1l,GPD1L,mgi_ortholog,True
SINE-enriched genes,Gpr12,GPR12,mgi_ortholog,True
SINE-enriched genes,Gpr143,GPR143,mgi_ortholog,True
SINE-enriched genes,Gpr152,GPR152,mgi_ortholog,True
SINE-enriched genes,Gpr153,GPR153,mgi_ortholog,True
SINE-enriched genes,Gpr18,GPR18,mgi_ortholog,True
SINE-enriched genes,Gpr37l1,GPR37L1,mgi_ortholog,True
SINE-enriched genes,Gprc5c,GPRC5C,mgi_ortholog,True
SINE-enriched genes,Gpt2,GPT2,mgi_ortholog,True
SINE-enriched genes,Gpx4,GPX4,mgi_ortholog,True
SINE-enriched genes,Grcc10,C12orf57,mgi_ortholog,True
SINE-enriched genes,Gsta1,GSTA1,symbol_upcase,True
SINE-enriched genes,Gstp2,GSTP1,mgi_ortholog,True
SINE-enriched genes,Gtf2e2,GTF2E2,mgi_ortholog,True
SINE-enriched genes,Gtf2f1,GTF2F1,mgi_ortholog,True
SINE-enriched genes,Gtf2h1,GTF2H1,mgi_ortholog,True
SINE-enriched genes,Gtsf1,GTSF1,mgi_ortholog,True
SINE-enriched genes,Guca1b,GUCA1B,mgi_ortholog,True
SINE-enriched genes,Guk1,GUK1,mgi_ortholog,True
SINE-enriched genes,H2-Bl,,unmapped,False
SINE-enriched genes,H2-M5,,unmapped,False
SINE-enriched genes,H2afv,,unmapped,False
SINE-enriched genes,H3f3a,,unmapped,False
SINE-enriched genes,H3f3b,,unmapped,False
SINE-enriched genes,Hacl1,HACL1,mgi_ortholog,True
SINE-enriched genes,Hapln2,HAPLN2,mgi_ortholog,True
SINE-enriched genes,Haus2,HAUS2,mgi_ortholog,True
SINE-enriched genes,Haus4,HAUS4,mgi_ortholog,True
SINE-enriched genes,Hax1,HAX1,mgi_ortholog,True
SINE-enriched genes,Hbq1a,HBQ1,mgi_ortholog,True
SINE-enriched genes,Hbq1b,HBQ1,mgi_ortholog,True
SINE-enriched genes,Hcfc1r1,HCFC1R1,mgi_ortholog,True
SINE-enriched genes,Hdgf,HDGF,mgi_ortholog,True
SINE-enriched genes,Hdgfrp2,,unmapped,False
SINE-enriched genes,Hdhd3,HDHD3,mgi_ortholog,True
SINE-enriched genes,Hdx,HDX,mgi_ortholog,True
SINE-enriched genes,Hectd1,HECTD1,mgi_ortholog,True
SINE-enriched genes,Hexim2,HEXIM2,mgi_ortholog,True
SINE-enriched genes,Hiatl1,,unmapped,False
SINE-enriched genes,Hilpda,HILPDA,mgi_ortholog,True
SINE-enriched genes,Hils1,,unmapped,False
SINE-enriched genes,Hinfp,HINFP,mgi_ortholog,True
SINE-enriched genes,Hint1,HINT1,mgi_ortholog,True
SINE-enriched genes,Hint2,HINT2,mgi_ortholog,True
SINE-enriched genes,Hip1,HIP1,mgi_ortholog,True
SINE-enriched genes,Hist1h1a,,unmapped,False
SINE-enriched genes,Hist1h4n,,unmapped,False
SINE-enriched genes,Hmbs,HMBS,mgi_ortholog,True
SINE-enriched genes,Hmg20b,HMG20B,mgi_ortholog,True
SINE-enriched genes,Hmgcl,HMGCL,mgi_ortholog,True
SINE-enriched genes,Hn1,,unmapped,False
SINE-enriched genes,Hnrnpab,HNRNPAB,mgi_ortholog,True
SINE-enriched genes,Hnrnpc,HNRNPC,symbol_upcase,True
SINE-enriched genes,Hnrnpf,HNRNPF,mgi_ortholog,True
SINE-enriched genes,Hnrnpk,HNRNPK,mgi_ortholog,True
SINE-enriched genes,Homez,HOMEZ,mgi_ortholog,True
SINE-enriched genes,Hook2,HOOK2,mgi_ortholog,True
SINE-enriched genes,Hormad1,HORMAD1,mgi_ortholog,True
SINE-enriched genes,Hprt,,unmapped,False
SINE-enriched genes,Hsbp1,HSBP1,mgi_ortholog,True
SINE-enriched genes,Hscb,HSCB,mgi_ortholog,True
SINE-enriched genes,Hspa1l,HSPA1L,mgi_ortholog,True
SINE-enriched genes,Hspbp1,HSPBP1,mgi_ortholog,True
SINE-enriched genes,Hspd1,HSPD1,mgi_ortholog,True
SINE-enriched genes,Hyou1,HYOU1,mgi_ortholog,True
SINE-enriched genes,Hypk,HYPK,mgi_ortholog,True
SINE-enriched genes,Icam1,ICAM1,mgi_ortholog,True
SINE-enriched genes,Ice2,ICE2,mgi_ortholog,True
SINE-enriched genes,Ict1,,unmapped,False
SINE-enriched genes,Ifi35,IFI35,mgi_ortholog,True
SINE-enriched genes,Ifrd2,IFRD2,mgi_ortholog,True
SINE-enriched genes,Igdcc4,IGDCC4,mgi_ortholog,True
SINE-enriched genes,Ikbip,IKBIP,mgi_ortholog,True
SINE-enriched genes,Il11,IL11,mgi_ortholog,True
SINE-enriched genes,Il23a,IL23A,mgi_ortholog,True
SINE-enriched genes,Imp3,IMP3,mgi_ortholog,True
SINE-enriched genes,Impg1,IMPG1,mgi_ortholog,True
SINE-enriched genes,Inca1,INCA1,mgi_ortholog,True
SINE-enriched genes,Ing4,ING4,mgi_ortholog,True
SINE-enriched genes,Ino80b,INO80B,mgi_ortholog,True
SINE-enriched genes,Ino80d,INO80D,mgi_ortholog,True
SINE-enriched genes,Inpp5e,INPP5E,mgi_ortholog,True
SINE-enriched genes,Insl3,INSL3,mgi_ortholog,True
SINE-enriched genes,Ints5,INTS5,mgi_ortholog,True
SINE-enriched genes,Ip6k1,IP6K1,mgi_ortholog,True
SINE-enriched genes,Ipo11,IPO11,mgi_ortholog,True
SINE-enriched genes,Ipo7,IPO7,mgi_ortholog,True
SINE-enriched genes,Ipp,IPP,mgi_ortholog,True
SINE-enriched genes,Irak2,IRAK2,mgi_ortholog,True
SINE-enriched genes,Irf7,IRF7,mgi_ortholog,True
SINE-enriched genes,Irf9,IRF9,mgi_ortholog,True
SINE-enriched genes,Irs3,IRS3P,mgi_ortholog,False
SINE-enriched genes,Isca2,ISCA2,mgi_ortholog,True
SINE-enriched genes,Itgb7,ITGB7,mgi_ortholog,True
SINE-enriched genes,Itpkc,ITPKC,mgi_ortholog,True
SINE-enriched genes,Itpr3,ITPR3,mgi_ortholog,True
SINE-enriched genes,Itpripl1,ITPRIPL1,mgi_ortholog,True
SINE-enriched genes,Jsrp1,JSRP1,mgi_ortholog,True
SINE-enriched genes,Jtb,JTB,mgi_ortholog,True
SINE-enriched genes,Kank2,KANK2,mgi_ortholog,True
SINE-enriched genes,Kansl2,KANSL2,mgi_ortholog,True
SINE-enriched genes,Kansl3,KANSL3,mgi_ortholog,True
SINE-enriched genes,Kars,,unmapped,False
SINE-enriched genes,Kat7,KAT7,mgi_ortholog,True
SINE-enriched genes,Kat8,KAT8,mgi_ortholog,True
SINE-enriched genes,Katnb1,KATNB1,mgi_ortholog,True
SINE-enriched genes,Katnbl1,KATNBL1,mgi_ortholog,True
SINE-enriched genes,Kbtbd4,KBTBD4,mgi_ortholog,True
SINE-enriched genes,Kcnrg,KCNRG,mgi_ortholog,True
SINE-enriched genes,Kctd11,KCTD11,mgi_ortholog,True
SINE-enriched genes,Kdelr2,KDELR2,mgi_ortholog,True
SINE-enriched genes,Kdm2a,KDM2A,mgi_ortholog,True
SINE-enriched genes,Kdm3b,KDM3B,mgi_ortholog,True
SINE-enriched genes,Kdm4a,KDM4A,mgi_ortholog,True
SINE-enriched genes,Keap1,KEAP1,mgi_ortholog,True
SINE-enriched genes,Khdc1a,,unmapped,False
SINE-enriched genes,Khdc1b,,unmapped,False
SINE-enriched genes,Khdc1c,,unmapped,False
SINE-enriched genes,Khdc3,KHDC3L,mgi_ortholog,True
SINE-enriched genes,Kif13b,KIF13B,mgi_ortholog,True
SINE-enriched genes,Kif1b,KIF1B,mgi_ortholog,True
SINE-enriched genes,Kif1bp,,unmapped,False
SINE-enriched genes,Kif1c,KIF1C,mgi_ortholog,True
SINE-enriched genes,Kif2c,KIF2C,mgi_ortholog,True
SINE-enriched genes,Kifc1,KIFC1,mgi_ortholog,True
SINE-enriched genes,Kifc2,KIFC2,mgi_ortholog,True
SINE-enriched genes,Kiss1,KISS1,mgi_ortholog,True
SINE-enriched genes,Klb,KLB,mgi_ortholog,True
SINE-enriched genes,Klf1,KLF1,mgi_ortholog,True
SINE-enriched genes,Klf10,KLF10,mgi_ortholog,True
SINE-enriched genes,Klhdc10,KLHDC10,mgi_ortholog,True
SINE-enriched genes,Klhl11,KLHL11,mgi_ortholog,True
SINE-enriched genes,Klhl23,KLHL23,mgi_ortholog,True
SINE-enriched genes,Klhl24,KLHL24,mgi_ortholog,True
SINE-enriched genes,Klhl33,KLHL33,mgi_ortholog,True
SINE-enriched genes,Klhl7,KLHL7,mgi_ortholog,True
SINE-enriched genes,Klhl9,KLHL9,mgi_ortholog,True
SINE-enriched genes,Kpna2,KPNA2,mgi_ortholog,True
SINE-enriched genes,Kpna6,KPNA6,mgi_ortholog,True
SINE-enriched genes,Krt27,KRT27,mgi_ortholog,True
SINE-enriched genes,Krt6b,KRT6B,symbol_upcase,True
SINE-enriched genes,Krtcap2,KRTCAP2,mgi_ortholog,True
SINE-enriched genes,Ksr1,KSR1,mgi_ortholog,True
SINE-enriched genes,Kxd1,KXD1,mgi_ortholog,True
SINE-enriched genes,L1cam,L1CAM,mgi_ortholog,True
SINE-enriched genes,Lage3,LAGE3,mgi_ortholog,True
SINE-enriched genes,Lamp2,LAMP2,mgi_ortholog,True
SINE-enriched genes,Lamtor1,LAMTOR1,mgi_ortholog,True
SINE-enriched genes,Larp4,LARP4,mgi_ortholog,True
SINE-enriched genes,Lbhd1,LBHD1,mgi_ortholog,True
SINE-enriched genes,Lcat,LCAT,mgi_ortholog,True
SINE-enriched genes,Lcmt2,LCMT2,mgi_ortholog,True
SINE-enriched genes,Lcn2,LCN2,mgi_ortholog,True
SINE-enriched genes,Lctl,LCTL,mgi_ortholog,True
SINE-enriched genes,Ldb3,LDB3,mgi_ortholog,True
SINE-enriched genes,Ldha,LDHA,mgi_ortholog,True
SINE-enriched genes,Ldhc,LDHC,mgi_ortholog,True
SINE-enriched genes,Ldlrad2,LDLRAD2,mgi_ortholog,True
SINE-enriched genes,Lenep,LENEP,mgi_ortholog,True
SINE-enriched genes,Leng1,LENG1,mgi_ortholog,True
SINE-enriched genes,Leo1,LEO1,mgi_ortholog,True
SINE-enriched genes,Letm2,LETM2,mgi_ortholog,True
SINE-enriched genes,Lhx2,LHX2,mgi_ortholog,True
SINE-enriched genes,Lim2,LIM2,mgi_ortholog,True
SINE-enriched genes,Limk1,LIMK1,mgi_ortholog,True
SINE-enriched genes,Llgl2,LLGL2,mgi_ortholog,True
SINE-enriched genes,Lman1l,LMAN1L,mgi_ortholog,True
SINE-enriched genes,Lmf2,LMF2,mgi_ortholog,True
SINE-enriched genes,Lpgat1,LPGAT1,mgi_ortholog,True
SINE-enriched genes,Lppr3,,unmapped,False
SINE-enriched genes,Lrch3,LRCH3,mgi_ortholog,True
SINE-enriched genes,Lrcol1,LRCOL1,mgi_ortholog,True
SINE-enriched genes,Lrfn1,LRFN1,mgi_ortholog,True
SINE-enriched genes,Lrr1,LRR1,mgi_ortholog,True
SINE-enriched genes,Lrrc23,LRRC23,mgi_ortholog,True
SINE-enriched genes,Lrrc24,LRRC24,mgi_ortholog,True
SINE-enriched genes,Lrrc51,LRRC51,symbol_upcase,True
SINE-enriched genes,Lrrc63,LRRC63,mgi_ortholog,True
SINE-enriched genes,Lrrn4cl,LRRN4CL,mgi_ortholog,True
SINE-enriched genes,Lrwd1,LRWD1,mgi_ortholog,True
SINE-enriched genes,Lsm10,LSM10,mgi_ortholog,True
SINE-enriched genes,Luc7l,LUC7L,mgi_ortholog,True
SINE-enriched genes,Luc7l2,LUC7L2,mgi_ortholog,True
SINE-enriched genes,Luzp1,LUZP1,mgi_ortholog,True
SINE-enriched genes,Ly6g5b,LY6G5B,mgi_ortholog,True
SINE-enriched genes,Ly6g5c,LY6G5C,mgi_ortholog,True
SINE-enriched genes,Ly6g6d,LY6G6D,mgi_ortholog,True
SINE-enriched genes,Ly6g6f,LY6G6F,mgi_ortholog,True
SINE-enriched genes,Lyl1,LYL1,mgi_ortholog,True
SINE-enriched genes,Lyz1,LYZ,mgi_ortholog,True
SINE-enriched genes,Lyz2,LYZ,mgi_ortholog,True
SINE-enriched genes,Macf1,MACF1,mgi_ortholog,True
SINE-enriched genes,Mad1l1,MAD1L1,mgi_ortholog,True
SINE-enriched genes,Mad2l1bp,MAD2L1BP,mgi_ortholog,True
SINE-enriched genes,Mageb1,MAGEB1,symbol_upcase,True
SINE-enriched genes,Magix,MAGIX,mgi_ortholog,True
SINE-enriched genes,Malt1,MALT1,mgi_ortholog,True
SINE-enriched genes,Map2k2,MAP2K2,mgi_ortholog,True
SINE-enriched genes,Map3k5,MAP3K5,mgi_ortholog,True
SINE-enriched genes,Map4,MAP4,mgi_ortholog,True
SINE-enriched genes,Map4k2,MAP4K2,mgi_ortholog,True
SINE-enriched genes,Mapk8ip3,MAPK8IP3,mgi_ortholog,True
SINE-enriched genes,Mapt,MAPT,mgi_ortholog,True
SINE-enriched genes,Mark2,MARK2,mgi_ortholog,True
SINE-enriched genes,Mark3,MARK3,mgi_ortholog,True
SINE-enriched genes,Marveld3,MARVELD3,mgi_ortholog,True
SINE-enriched genes,Mas1,MAS1,mgi_ortholog,True
SINE-enriched genes,Mat2a,MAT2A,mgi_ortholog,True
SINE-enriched genes,Mat2b,MAT2B,mgi_ortholog,True
SINE-enriched genes,Mbd6,MBD6,mgi_ortholog,True
SINE-enriched genes,Mbl2,MBL2,mgi_ortholog,True
SINE-enriched genes,Mboat7,MBOAT7,mgi_ortholog,True
SINE-enriched genes,Mcat,MCAT,mgi_ortholog,True
SINE-enriched genes,Mcm6,MCM6,mgi_ortholog,True
SINE-enriched genes,Mcm8,MCM8,mgi_ortholog,True
SINE-enriched genes,Mcts1,MCTS1,mgi_ortholog,True
SINE-enriched genes,Mdc1,MDC1,mgi_ortholog,True
SINE-enriched genes,Mdm2,MDM2,mgi_ortholog,True
SINE-enriched genes,Mdn1,MDN1,mgi_ortholog,True
SINE-enriched genes,Mdp1,MDP1,mgi_ortholog,True
SINE-enriched genes,Me1,ME1,mgi_ortholog,True
SINE-enriched genes,Mea1,MEA1,mgi_ortholog,True
SINE-enriched genes,Med1,MED1,mgi_ortholog,True
SINE-enriched genes,Med12,MED12,mgi_ortholog,True
SINE-enriched genes,Med14,MED14,mgi_ortholog,True
SINE-enriched genes,Med18,MED18,mgi_ortholog,True
SINE-enriched genes,Med21,MED21,mgi_ortholog,True
SINE-enriched genes,Med29,MED29,mgi_ortholog,True
SINE-enriched genes,Megf6,MEGF6,mgi_ortholog,True
SINE-enriched genes,Meiob,MEIOB,mgi_ortholog,True
SINE-enriched genes,Melk,MELK,mgi_ortholog,True
SINE-enriched genes,Memo1,MEMO1,mgi_ortholog,True
SINE-enriched genes,Men1,MEN1,mgi_ortholog,True
SINE-enriched genes,Meox1,MEOX1,mgi_ortholog,True
SINE-enriched genes,Mepce,MEPCE,mgi_ortholog,True
SINE-enriched genes,Mesp1,MESP1,mgi_ortholog,True
SINE-enriched genes,Mettl1,METTL1,mgi_ortholog,True
SINE-enriched genes,Mettl16,METTL16,mgi_ortholog,True
SINE-enriched genes,Mettl18,METTL18,mgi_ortholog,True
SINE-enriched genes,Mettl23,METTL23,mgi_ortholog,True
SINE-enriched genes,Mettl5,METTL5,mgi_ortholog,True
SINE-enriched genes,Mfsd5,MFSD5,symbol_upcase,True
SINE-enriched genes,Mgarp,MGARP,mgi_ortholog,True
SINE-enriched genes,Mgat4e,MGAT4EP,mgi_ortholog,True
SINE-enriched genes,Mgea5,,unmapped,False
SINE-enriched genes,Mgme1,MGME1,mgi_ortholog,True
SINE-enriched genes,Mia2,MIA2,symbol_upcase,True
SINE-enriched genes,Mia3,MIA3,mgi_ortholog,True
SINE-enriched genes,Micall1,MICALL1,mgi_ortholog,True
SINE-enriched genes,Mier1,MIER1,mgi_ortholog,True
SINE-enriched genes,Mip,MIP,mgi_ortholog,True
SINE-enriched genes,Mis18bp1,MIS18BP1,mgi_ortholog,True
SINE-enriched genes,Mixl1,MIXL1,mgi_ortholog,True
SINE-enriched genes,Mkrn1,MKRN1,symbol_upcase,True
SINE-enriched genes,Mllt11,MLLT11,mgi_ortholog,True
SINE-enriched genes,Mllt3,MLLT3,mgi_ortholog,True
SINE-enriched genes,Mnt,MNT,mgi_ortholog,True
SINE-enriched genes,Mog,MOG,mgi_ortholog,True
SINE-enriched genes,Morf4l1,MORF4L1,mgi_ortholog,True
SINE-enriched genes,Morn2,MORN2,mgi_ortholog,True
SINE-enriched genes,Morn3,MORN3,mgi_ortholog,True
SINE-enriched genes,Mpc1,MPC1,mgi_ortholog,True
SINE-enriched genes,Mpc2,MPC2,mgi_ortholog,True
SINE-enriched genes,Mpdu1,MPDU1,mgi_ortholog,True
SINE-enriched genes,Mpnd,MPND,mgi_ortholog,True
SINE-enriched genes,Mpo,MPO,mgi_ortholog,True
SINE-enriched genes,Mpv17l,MPV17L,mgi_ortholog,True
SINE-enriched genes,Mre11a,MRE11,mgi_ortholog,True
SINE-enriched genes,Mroh1,MROH1,mgi_ortholog,True
SINE-enriched genes,Mrpl10,MRPL10,mgi_ortholog,True
SINE-enriched genes,Mrpl30,MRPL30,mgi_ortholog,True
SINE-enriched genes,Mrpl4,MRPL4,mgi_ortholog,True
SINE-enriched genes,Mrpl40,MRPL40,mgi_ortholog,True
SINE-enriched genes,Mrpl41,MRPL41,mgi_ortholog,True
SINE-enriched genes,Mrpl47,MRPL47,mgi_ortholog,True
SINE-enriched genes,Mrpl51,MRPL51,mgi_ortholog,True
SINE-enriched genes,Mrpl52,MRPL52,mgi_ortholog,True
SINE-enriched genes,Mrpl55,MRPL55,mgi_ortholog,True
SINE-enriched genes,Mrps18b,MRPS18B,mgi_ortholog,True
SINE-enriched genes,Mrps21,MRPS21,mgi_ortholog,True
SINE-enriched genes,Mrps25,MRPS25,mgi_ortholog,True
SINE-enriched genes,Mrto4,MRTO4,mgi_ortholog,True
SINE-enriched genes,Msh5,MSH5,mgi_ortholog,True
SINE-enriched genes,Msmo1,MSMO1,mgi_ortholog,True
SINE-enriched genes,Msto1,MSTO1,mgi_ortholog,True
SINE-enriched genes,Mt2,,unmapped,False
SINE-enriched genes,Mta2,MTA2,mgi_ortholog,True
SINE-enriched genes,Mtap7d3,,unmapped,False
SINE-enriched genes,Mtg2,MTG2,mgi_ortholog,True
SINE-enriched genes,Mtpap,MTPAP,mgi_ortholog,True
SINE-enriched genes,Mtrf1,MTRF1,mgi_ortholog,True
SINE-enriched genes,Mvd,MVD,mgi_ortholog,True
SINE-enriched genes,Myadml2,MYADML2,mgi_ortholog,True
SINE-enriched genes,Mydgf,MYDGF,mgi_ortholog,True
SINE-enriched genes,Myh14,MYH14,mgi_ortholog,True
SINE-enriched genes,Myo1e,MYO1E,mgi_ortholog,True
SINE-enriched genes,N6amt1,N6AMT1,symbol_upcase,True
SINE-enriched genes,Naa10,NAA10,mgi_ortholog,True
SINE-enriched genes,Naa16,NAA16,mgi_ortholog,True
SINE-enriched genes,Naa25,NAA25,mgi_ortholog,True
SINE-enriched genes,Naca,NACA,mgi_ortholog,True
SINE-enriched genes,Nags,NAGS,mgi_ortholog,True
SINE-enriched genes,Naif1,NAIF1,mgi_ortholog,True
SINE-enriched genes,Nanos2,NANOS2,mgi_ortholog,True
SINE-enriched genes,Nasp,NASP,mgi_ortholog,True
SINE-enriched genes,Nat9,NAT9,mgi_ortholog,True
SINE-enriched genes,Nbeal2,NBEAL2,mgi_ortholog,True
SINE-enriched genes,Ncbp2,NCBP2,symbol_upcase,True
SINE-enriched genes,Nck1,NCK1,mgi_ortholog,True
SINE-enriched genes,Ncoa5,NCOA5,mgi_ortholog,True
SINE-enriched genes,Ncoa6,NCOA6,mgi_ortholog,True
SINE-enriched genes,Ndel1,NDEL1,mgi_ortholog,True
SINE-enriched genes,Ndufa12,NDUFA12,mgi_ortholog,True
SINE-enriched genes,Ndufa13,NDUFA13,mgi_ortholog,True
SINE-enriched genes,Ndufa3,NDUFA3,mgi_ortholog,True
SINE-enriched genes,Ndufab1,NDUFAB1,mgi_ortholog,True
SINE-enriched genes,Ndufb9,NDUFB9,mgi_ortholog,True
SINE-enriched genes,Ndufc1,NDUFC1,mgi_ortholog,True
SINE-enriched genes,Ndufs1,NDUFS1,mgi_ortholog,True
SINE-enriched genes,Ndufs3,NDUFS3,mgi_ortholog,True
SINE-enriched genes,Ndufs5,NDUFS5,mgi_ortholog,True
SINE-enriched genes,Ndufv3,NDUFV3,mgi_ortholog,True
SINE-enriched genes,Nedd8,NEDD8,mgi_ortholog,True
SINE-enriched genes,Nedd9,NEDD9,mgi_ortholog,True
SINE-enriched genes,Neil2,NEIL2,mgi_ortholog,True
SINE-enriched genes,Nemf,NEMF,mgi_ortholog,True
SINE-enriched genes,Nes,NES,mgi_ortholog,True
SINE-enriched genes,Neurl2,NEURL2,mgi_ortholog,True
SINE-enriched genes,Nfe2,NFE2,mgi_ortholog,True
SINE-enriched genes,Nfkb1,NFKB1,mgi_ortholog,True
SINE-enriched genes,Nfkbib,NFKBIB,mgi_ortholog,True
SINE-enriched genes,Ngrn,NGRN,mgi_ortholog,True
SINE-enriched genes,Nhp2l1,,unmapped,False
SINE-enriched genes,Nicn1,NICN1,mgi_ortholog,True
SINE-enriched genes,Nif3l1,NIF3L1,mgi_ortholog,True
SINE-enriched genes,Ninj1,NINJ1,mgi_ortholog,True
SINE-enriched genes,Ninj2,NINJ2,mgi_ortholog,True
SINE-enriched genes,Nisch,NISCH,mgi_ortholog,True
SINE-enriched genes,Nit1,NIT1,mgi_ortholog,True
SINE-enriched genes,Nkrf,NKRF,mgi_ortholog,True
SINE-enriched genes,Nlk,NLK,mgi_ortholog,True
SINE-enriched genes,Nlrp12,NLRP12,mgi_ortholog,True
SINE-enriched genes,Nme1,NME1,mgi_ortholog,True
SINE-enriched genes,Nme4,NME4,mgi_ortholog,True
SINE-enriched genes,Nme5,NME5,mgi_ortholog,True
SINE-enriched genes,Nob1,NOB1,mgi_ortholog,True
SINE-enriched genes,Nol11,NOL11,mgi_ortholog,True
SINE-enriched genes,Nol6,NOL6,mgi_ortholog,True
SINE-enriched genes,Nol9,NOL9,mgi_ortholog,True
SINE-enriched genes,Nolc1,NOLC1,mgi_ortholog,True
SINE-enriched genes,Nono,NONO,mgi_ortholog,True
SINE-enriched genes,Nop10,NOP10,mgi_ortholog,True
SINE-enriched genes,Nop16,NOP16,mgi_ortholog,True
SINE-enriched genes,Nop2,NOP2,mgi_ortholog,True
SINE-enriched genes,Nop56,NOP56,mgi_ortholog,True
SINE-enriched genes,Nop58,NOP58,mgi_ortholog,True
SINE-enriched genes,Nosip,NOSIP,mgi_ortholog,True
SINE-enriched genes,Notum,NOTUM,mgi_ortholog,True
SINE-enriched genes,Npas1,NPAS1,mgi_ortholog,True
SINE-enriched genes,Npepps,NPEPPS,mgi_ortholog,True
SINE-enriched genes,Npffr1,NPFFR1,mgi_ortholog,True
SINE-enriched genes,Nploc4,NPLOC4,mgi_ortholog,True
SINE-enriched genes,Npm1,NPM1,mgi_ortholog,True
SINE-enriched genes,Npr1,NPR1,mgi_ortholog,True
SINE-enriched genes,Nprl2,NPRL2,mgi_ortholog,True
SINE-enriched genes,Nprl3,NPRL3,mgi_ortholog,True
SINE-enriched genes,Npw,NPW,mgi_ortholog,True
SINE-enriched genes,Nqo1,NQO1,mgi_ortholog,True
SINE-enriched genes,Nr1h2,NR1H2,mgi_ortholog,True
SINE-enriched genes,Nr2c2ap,NR2C2AP,mgi_ortholog,True
SINE-enriched genes,Nras,NRAS,mgi_ortholog,True
SINE-enriched genes,Nrbp1,NRBP1,mgi_ortholog,True
SINE-enriched genes,Nrf1,NRF1,mgi_ortholog,True
SINE-enriched genes,Nrip2,NRIP2,mgi_ortholog,True
SINE-enriched genes,Nrm,NRM,mgi_ortholog,True
SINE-enriched genes,Nsa2,NSA2,mgi_ortholog,True
SINE-enriched genes,Nsd1,NSD1,mgi_ortholog,True
SINE-enriched genes,Nsmce4a,NSMCE4A,mgi_ortholog,True
SINE-enriched genes,Nsun6,NSUN6,mgi_ortholog,True
SINE-enriched genes,Nub1,NUB1,mgi_ortholog,True
SINE-enriched genes,Nucks1,NUCKS1,mgi_ortholog,True
SINE-enriched genes,Nudt1,NUDT1,mgi_ortholog,True
SINE-enriched genes,Nufip2,NUFIP2,mgi_ortholog,True
SINE-enriched genes,Nup205,NUP205,mgi_ortholog,True
SINE-enriched genes,Nup210l,NUP210L,mgi_ortholog,True
SINE-enriched genes,Nup35,NUP35,mgi_ortholog,True
SINE-enriched genes,Nup43,NUP43,mgi_ortholog,True
SINE-enriched genes,Nup85,NUP85,mgi_ortholog,True
SINE-enriched genes,Nupr1l,,unmapped,False
SINE-enriched genes,Nusap1,NUSAP1,mgi_ortholog,True
SINE-enriched genes,Nutf2,NUTF2,mgi_ortholog,True
SINE-enriched genes,Nutm1,NUTM1,mgi_ortholog,True
SINE-enriched genes,Nxnl1,NXNL1,mgi_ortholog,True
SINE-enriched genes,Nyap1,NYAP1,mgi_ortholog,True
SINE-enriched genes,Oaz1,OAZ1,mgi_ortholog,True
SINE-enriched genes,Oaz2,OAZ2,mgi_ortholog,True
SINE-enriched genes,Obox6,,unmapped,False
SINE-enriched genes,Ogn,OGN,mgi_ortholog,True
SINE-enriched genes,Olfr1344,,unmapped,False
SINE-enriched genes,Olfr1360,,unmapped,False
SINE-enriched genes,Olfr1366,,unmapped,False
SINE-enriched genes,Olfr1420,,unmapped,False
SINE-enriched genes,Olfr15,,unmapped,False
SINE-enriched genes,Olfr1510,,unmapped,False
SINE-enriched genes,Olfr1535,,unmapped,False
SINE-enriched genes,Olfr26,,unmapped,False
SINE-enriched genes,Olfr285,,unmapped,False
SINE-enriched genes,Olfr332,,unmapped,False
SINE-enriched genes,Olfr734,,unmapped,False
SINE-enriched genes,Olfr830,,unmapped,False
SINE-enriched genes,Olfr91,,unmapped,False
SINE-enriched genes,Orai1,ORAI1,mgi_ortholog,True
SINE-enriched genes,Otub1,OTUB1,mgi_ortholog,True
SINE-enriched genes,P2rx5,P2RX5,mgi_ortholog,True
SINE-enriched genes,P4hb,P4HB,mgi_ortholog,True
SINE-enriched genes,P4htm,P4HTM,mgi_ortholog,True
SINE-enriched genes,Pa2g4,PA2G4,mgi_ortholog,True
SINE-enriched genes,Pabpc1l,PABPC1L,mgi_ortholog,True
SINE-enriched genes,Pabpc4,PABPC4,mgi_ortholog,True
SINE-enriched genes,Pabpn1,PABPN1,mgi_ortholog,True
SINE-enriched genes,Padi6,PADI6,mgi_ortholog,True
SINE-enriched genes,Paf1,PAF1,mgi_ortholog,True
SINE-enriched genes,Pafah1b3,PAFAH1B3,mgi_ortholog,True
SINE-enriched genes,Paip2,PAIP2,mgi_ortholog,True
SINE-enriched genes,Pak2,PAK2,mgi_ortholog,True
SINE-enriched genes,Pan2,PAN2,mgi_ortholog,True
SINE-enriched genes,Papola,PAPOLA,mgi_ortholog,True
SINE-enriched genes,Parp16,PARP16,mgi_ortholog,True
SINE-enriched genes,Parp6,PARP6,mgi_ortholog,True
SINE-enriched genes,Paxip1,PAXIP1,mgi_ortholog,True
SINE-enriched genes,Pbx4,PBX4,mgi_ortholog,True
SINE-enriched genes,Pcdhb2,PCDHB2,mgi_ortholog,True
SINE-enriched genes,Pcf11,PCF11,mgi_ortholog,True
SINE-enriched genes,Pck2,PCK2,mgi_ortholog,True
SINE-enriched genes,Pcolce,PCOLCE,mgi_ortholog,True
SINE-enriched genes,Pctp,PCTP,mgi_ortholog,True
SINE-enriched genes,Pcyox1,PCYOX1,mgi_ortholog,True
SINE-enriched genes,Pcyt1a,PCYT1A,mgi_ortholog,True
SINE-enriched genes,Pdcd6ip,PDCD6IP,mgi_ortholog,True
SINE-enriched genes,Pde12,PDE12,mgi_ortholog,True
SINE-enriched genes,Pde4a,PDE4A,mgi_ortholog,True
SINE-enriched genes,Pde6g,PDE6G,mgi_ortholog,True
SINE-enriched genes,Pdia3,PDIA3,mgi_ortholog,True
SINE-enriched genes,Pdlim2,PDLIM2,mgi_ortholog,True
SINE-enriched genes,Pdlim7,PDLIM7,mgi_ortholog,True
SINE-enriched genes,Pdp2,PDP2,mgi_ortholog,True
SINE-enriched genes,Pdpk1,PDPK1,symbol_upcase,True
SINE-enriched genes,Pdpn,PDPN,mgi_ortholog,True
SINE-enriched genes,Pdpr,PDPR,mgi_ortholog,True
SINE-enriched genes,Pds5a,PDS5A,mgi_ortholog,True
SINE-enriched genes,Pdxdc1,PDXDC1,symbol_upcase,True
SINE-enriched genes,Pdxk,PDXK,mgi_ortholog,True
SINE-enriched genes,Pdzd11,PDZD11,mgi_ortholog,True
SINE-enriched genes,Pebp1,PEBP1,mgi_ortholog,True
SINE-enriched genes,Peli1,PELI1,mgi_ortholog,True
SINE-enriched genes,Pelp1,PELP1,mgi_ortholog,True
SINE-enriched genes,Peo1,,unmapped,False
SINE-enriched genes,Per1,PER1,mgi_ortholog,True
SINE-enriched genes,Per3,PER3,mgi_ortholog,True
SINE-enriched genes,Pex11b,PEX11B,mgi_ortholog,True
SINE-enriched genes,Pex12,PEX12,mgi_ortholog,True
SINE-enriched genes,Pex19,PEX19,mgi_ortholog,True
SINE-enriched genes,Pex3,PEX3,mgi_ortholog,True
SINE-enriched genes,Pex5,PEX5,mgi_ortholog,True
SINE-enriched genes,Pfas,PFAS,mgi_ortholog,True
SINE-enriched genes,Pfdn6,PFDN6,mgi_ortholog,True
SINE-enriched genes,Pfn3,PFN3,mgi_ortholog,True
SINE-enriched genes,Pga5,PGA5,symbol_upcase,True
SINE-enriched genes,Pgam2,PGAM2,mgi_ortholog,True
SINE-enriched genes,Pgbd5,PGBD5,mgi_ortholog,True
SINE-enriched genes,Pgpep1,PGPEP1,mgi_ortholog,True
SINE-enriched genes,Pgs1,PGS1,mgi_ortholog,True
SINE-enriched genes,Phactr4,PHACTR4,mgi_ortholog,True
SINE-enriched genes,Phf1,PHF1,mgi_ortholog,True
SINE-enriched genes,Phf7,PHF7,mgi_ortholog,True
SINE-enriched genes,Phldb1,PHLDB1,mgi_ortholog,True
SINE-enriched genes,Pi16,PI16,mgi_ortholog,True
SINE-enriched genes,Pidd1,PIDD1,mgi_ortholog,True
SINE-enriched genes,Pif1,PIF1,mgi_ortholog,True
SINE-enriched genes,Pigb,PIGB,mgi_ortholog,True
SINE-enriched genes,Pigo,PIGO,mgi_ortholog,True
SINE-enriched genes,Pigw,PIGW,mgi_ortholog,True
SINE-enriched genes,Pigx,PIGX,mgi_ortholog,True
SINE-enriched genes,Pik3c2a,PIK3C2A,mgi_ortholog,True
SINE-enriched genes,Pik3ca,PIK3CA,mgi_ortholog,True
SINE-enriched genes,Pik3cd,PIK3CD,mgi_ortholog,True
SINE-enriched genes,Pip5k1a,PIP5K1A,mgi_ortholog,True
SINE-enriched genes,Pisd,PISD,mgi_ortholog,True
SINE-enriched genes,Pithd1,PITHD1,mgi_ortholog,True
SINE-enriched genes,Pkd1,PKD1,mgi_ortholog,True
SINE-enriched genes,Pkn3,PKN3,mgi_ortholog,True
SINE-enriched genes,Pla2g15,PLA2G15,mgi_ortholog,True
SINE-enriched genes,Pla2g1b,PLA2G1B,mgi_ortholog,True
SINE-enriched genes,Pla2g4e,PLA2G4E,mgi_ortholog,True
SINE-enriched genes,Pla2g6,PLA2G6,mgi_ortholog,True
SINE-enriched genes,Plac8,PLAC8,mgi_ortholog,True
SINE-enriched genes,Pld2,PLD2,mgi_ortholog,True
SINE-enriched genes,Plekha4,PLEKHA4,mgi_ortholog,True
SINE-enriched genes,Plekha5,PLEKHA5,mgi_ortholog,True
SINE-enriched genes,Plekho2,PLEKHO2,mgi_ortholog,True
SINE-enriched genes,Pls3,PLS3,mgi_ortholog,True
SINE-enriched genes,Plvap,PLVAP,mgi_ortholog,True
SINE-enriched genes,Plxnb1,PLXNB1,mgi_ortholog,True
SINE-enriched genes,Pmel,PMEL,mgi_ortholog,True
SINE-enriched genes,Pmm1,PMM1,mgi_ortholog,True
SINE-enriched genes,Pmvk,PMVK,mgi_ortholog,True
SINE-enriched genes,Pnma1,PNMA1,mgi_ortholog,True
SINE-enriched genes,Pnrc2,PNRC2,mgi_ortholog,True
SINE-enriched genes,Poc1a,POC1A,mgi_ortholog,True
SINE-enriched genes,Pofut2,POFUT2,mgi_ortholog,True
SINE-enriched genes,Pola2,POLA2,mgi_ortholog,True
SINE-enriched genes,Polg2,POLG2,mgi_ortholog,True
SINE-enriched genes,Polr1c,POLR1C,mgi_ortholog,True
SINE-enriched genes,Polr2a,POLR2A,mgi_ortholog,True
SINE-enriched genes,Polr2d,POLR2D,mgi_ortholog,True
SINE-enriched genes,Polr2e,POLR2E,mgi_ortholog,True
SINE-enriched genes,Polr2g,POLR2G,mgi_ortholog,True
SINE-enriched genes,Polr2k,POLR2K,mgi_ortholog,True
SINE-enriched genes,Polr3a,POLR3A,mgi_ortholog,True
SINE-enriched genes,Polr3h,POLR3H,mgi_ortholog,True
SINE-enriched genes,Pom121,POM121,symbol_upcase,True
SINE-enriched genes,Pomgnt1,POMGNT1,mgi_ortholog,True
SINE-enriched genes,Pou5f1,POU5F1,symbol_upcase,True
SINE-enriched genes,Ppapdc1b,,unmapped,False
SINE-enriched genes,Ppfia1,PPFIA1,mgi_ortholog,True
SINE-enriched genes,Ppih,PPIH,mgi_ortholog,True
SINE-enriched genes,Ppil2,PPIL2,mgi_ortholog,True
SINE-enriched genes,Ppip5k1,PPIP5K1,mgi_ortholog,True
SINE-enriched genes,Ppm1d,PPM1D,mgi_ortholog,True
SINE-enriched genes,Ppm1h,PPM1H,mgi_ortholog,True
SINE-enriched genes,Ppm1n,PPM1N,mgi_ortholog,True
SINE-enriched genes,Ppp1r13l,PPP1R13L,mgi_ortholog,True
SINE-enriched genes,Ppp1r16a,PPP1R16A,mgi_ortholog,True
SINE-enriched genes,Ppp1r18,PPP1R18,mgi_ortholog,True
SINE-enriched genes,Ppp1r21,PPP1R21,mgi_ortholog,True
SINE-enriched genes,Ppp1r42,PPP1R42,mgi_ortholog,True
SINE-enriched genes,Ppp2r2d,PPP2R2D,mgi_ortholog,True
SINE-enriched genes,Ppp2r5c,PPP2R5C,mgi_ortholog,True
SINE-enriched genes,Pprc1,PPRC1,mgi_ortholog,True
SINE-enriched genes,Pqbp1,PQBP1,mgi_ortholog,True
SINE-enriched genes,Pqlc1,,unmapped,False
SINE-enriched genes,Pramef17,PRAMEF17,symbol_upcase,True
SINE-enriched genes,Pramel1,,unmapped,False
SINE-enriched genes,Prc1,PRC1,mgi_ortholog,True
SINE-enriched genes,Prcc,PRCC,mgi_ortholog,True
SINE-enriched genes,Prim1,PRIM1,mgi_ortholog,True
SINE-enriched genes,Prim2,PRIM2,mgi_ortholog,True
SINE-enriched genes,Prkag1,PRKAG1,mgi_ortholog,True
SINE-enriched genes,Prkcz,PRKCZ,mgi_ortholog,True
SINE-enriched genes,Prkrip1,PRKRIP1,mgi_ortholog,True
SINE-enriched genes,Prmt1,PRMT1,mgi_ortholog,True
SINE-enriched genes,Prmt7,PRMT7,mgi_ortholog,True
SINE-enriched genes,Pros1,PROS1,mgi_ortholog,True
SINE-enriched genes,Prpf3,PRPF3,mgi_ortholog,True
SINE-enriched genes,Prpf40b,PRPF40B,mgi_ortholog,True
SINE-enriched genes,Prpf8,PRPF8,mgi_ortholog,True
SINE-enriched genes,Prph2,PRPH2,mgi_ortholog,True
SINE-enriched genes,Prps1,PRPS1,mgi_ortholog,True
SINE-enriched genes,Prr11,PRR11,mgi_ortholog,True
SINE-enriched genes,Prr14l,PRR14L,mgi_ortholog,True
SINE-enriched genes,Prr15l,PRR15L,mgi_ortholog,True
SINE-enriched genes,Prr19,PRR19,mgi_ortholog,True
SINE-enriched genes,Prr3,PRR3,mgi_ortholog,True
SINE-enriched genes,Prrg2,PRRG2,mgi_ortholog,True
SINE-enriched genes,Prrt1,PRRT1,mgi_ortholog,True
SINE-enriched genes,Prrx2,PRRX2,mgi_ortholog,True
SINE-enriched genes,Prss21,PRSS21,mgi_ortholog,True
SINE-enriched genes,Prss36,PRSS36,mgi_ortholog,True
SINE-enriched genes,Prss38,PRSS38,mgi_ortholog,True
SINE-enriched genes,Prss39,,unmapped,False
SINE-enriched genes,Prss41,PRSS41,mgi_ortholog,True
SINE-enriched genes,Prss45,PRSS45P,mgi_ortholog,True
SINE-enriched genes,Prss53,PRSS53,mgi_ortholog,True
SINE-enriched genes,Prune,,unmapped,False
SINE-enriched genes,Prx,PRX,mgi_ortholog,True
SINE-enriched genes,Psap,PSAP,mgi_ortholog,True
SINE-enriched genes,Pskh1,PSKH1,mgi_ortholog,True
SINE-enriched genes,Psma3,PSMA3,mgi_ortholog,True
SINE-enriched genes,Psma6,PSMA6,mgi_ortholog,True
SINE-enriched genes,Psmb3,PSMB3,mgi_ortholog,True
SINE-enriched genes,Psmb4,PSMB4,mgi_ortholog,True
SINE-enriched genes,Psmb5,PSMB5,mgi_ortholog,True
SINE-enriched genes,Psmd1,PSMD1,mgi_ortholog,True
SINE-enriched genes,Psmd11,PSMD11,mgi_ortholog,True
SINE-enriched genes,Psmd14,PSMD14,mgi_ortholog,True
SINE-enriched genes,Psmd4,PSMD4,mgi_ortholog,True
SINE-enriched genes,Psme2,PSME2,mgi_ortholog,True
SINE-enriched genes,Psmg1,PSMG1,mgi_ortholog,True
SINE-enriched genes,Psmg2,PSMG2,mgi_ortholog,True
SINE-enriched genes,Psmg3,PSMG3,mgi_ortholog,True
SINE-enriched genes,Pspc1,PSPC1,mgi_ortholog,True
SINE-enriched genes,Psph,PSPH,mgi_ortholog,True
SINE-enriched genes,Ptch2,PTCH2,mgi_ortholog,True
SINE-enriched genes,Ptdss2,PTDSS2,mgi_ortholog,True
SINE-enriched genes,Ptges3,PTGES3,mgi_ortholog,True
SINE-enriched genes,Ptges3l,PTGES3L,mgi_ortholog,True
SINE-enriched genes,Ptk2,PTK2,mgi_ortholog,True
SINE-enriched genes,Ptk7,PTK7,mgi_ortholog,True
SINE-enriched genes,Ptpn11,PTPN11,mgi_ortholog,True
SINE-enriched genes,Ptpn4,PTPN4,mgi_ortholog,True
SINE-enriched genes,Ptx4,PTX4,mgi_ortholog,True
SINE-enriched genes,Pum1,PUM1,mgi_ortholog,True
SINE-enriched genes,Pus1,PUS1,mgi_ortholog,True
SINE-enriched genes,Pwp2,PWP2,mgi_ortholog,True
SINE-enriched genes,Pwwp2a,PWWP2A,mgi_ortholog,True
SINE-enriched genes,Pxmp2,PXMP2,mgi_ortholog,True
SINE-enriched genes,Pzp,PZP,symbol_upcase,True
SINE-enriched genes,Qars,,unmapped,False
SINE-enriched genes,Qrich1,QRICH1,mgi_ortholog,True
SINE-enriched genes,Qser1,QSER1,mgi_ortholog,True
SINE-enriched genes,R3hdm1,R3HDM1,mgi_ortholog,True
SINE-enriched genes,R3hdm2,R3HDM2,mgi_ortholog,True
SINE-enriched genes,R3hdm4,R3HDM4,mgi_ortholog,True
SINE-enriched genes,RP23-114E15.17,,unmapped,False
SINE-enriched genes,RP23-27H19.7,,unmapped,False
SINE-enriched genes,Rab10,RAB10,mgi_ortholog,True
SINE-enriched genes,Rab19,RAB19,mgi_ortholog,True
SINE-enriched genes,Rab23,RAB23,mgi_ortholog,True
SINE-enriched genes,Rab29,RAB29,mgi_ortholog,True
SINE-enriched genes,Rab2a,RAB2A,mgi_ortholog,True
SINE-enriched genes,Rab34,RAB34,mgi_ortholog,True
SINE-enriched genes,Rab37,RAB37,mgi_ortholog,True
SINE-enriched genes,Rab3gap1,RAB3GAP1,mgi_ortholog,True
SINE-enriched genes,Rab40c,RAB40C,mgi_ortholog,True
SINE-enriched genes,Rab4a,RAB4A,mgi_ortholog,True
SINE-enriched genes,Rabep1,RABEP1,mgi_ortholog,True
SINE-enriched genes,Rabepk,RABEPK,mgi_ortholog,True
SINE-enriched genes,Rad17,RAD17,mgi_ortholog,True
SINE-enriched genes,Rad54l,RAD54L,mgi_ortholog,True
SINE-enriched genes,Rae1,RAE1,mgi_ortholog,True
SINE-enriched genes,Ramp2,RAMP2,mgi_ortholog,True
SINE-enriched genes,Rara,RARA,mgi_ortholog,True
SINE-enriched genes,Rassf1,RASSF1,mgi_ortholog,True
SINE-enriched genes,Rbbp4,RBBP4,mgi_ortholog,True
SINE-enriched genes,Rbm10,RBM10,mgi_ortholog,True
SINE-enriched genes,Rbm14,RBM14,symbol_upcase,True
SINE-enriched genes,Rbm22,RBM22,mgi_ortholog,True
SINE-enriched genes,Rbm3,RBM3,mgi_ortholog,True
SINE-enriched genes,Rbm44,RBM44,mgi_ortholog,True
SINE-enriched genes,Rbm47,RBM47,mgi_ortholog,True
SINE-enriched genes,Rbms2,RBMS2,mgi_ortholog,True
SINE-enriched genes,Rbp7,RBP7,mgi_ortholog,True
SINE-enriched genes,Rdh5,RDH5,mgi_ortholog,True
SINE-enriched genes,Rec8,REC8,mgi_ortholog,True
SINE-enriched genes,Relb,RELB,mgi_ortholog,True
SINE-enriched genes,Renbp,RENBP,mgi_ortholog,True
SINE-enriched genes,Rer1,RER1,mgi_ortholog,True
SINE-enriched genes,Rest,REST,mgi_ortholog,True
SINE-enriched genes,Retsat,RETSAT,mgi_ortholog,True
SINE-enriched genes,Rfc4,RFC4,mgi_ortholog,True
SINE-enriched genes,Rfk,RFK,mgi_ortholog,True
SINE-enriched genes,Rfx2,RFX2,mgi_ortholog,True
SINE-enriched genes,Rfx5,RFX5,mgi_ortholog,True
SINE-enriched genes,Rgcc,RGCC,mgi_ortholog,True
SINE-enriched genes,Rgl2,RGL2,mgi_ortholog,True
SINE-enriched genes,Rgs11,RGS11,mgi_ortholog,True
SINE-enriched genes,Rgs12,RGS12,mgi_ortholog,True
SINE-enriched genes,Rgs14,RGS14,mgi_ortholog,True
SINE-enriched genes,Rhebl1,RHEBL1,mgi_ortholog,True
SINE-enriched genes,Rhno1,RHNO1,mgi_ortholog,True
SINE-enriched genes,Rhoa,RHOA,mgi_ortholog,True
SINE-enriched genes,Rhobtb2,RHOBTB2,mgi_ortholog,True
SINE-enriched genes,Rhot1,RHOT1,mgi_ortholog,True
SINE-enriched genes,Rhox2d,,unmapped,False
SINE-enriched genes,Rilpl1,RILPL1,mgi_ortholog,True
SINE-enriched genes,Rilpl2,RILPL2,mgi_ortholog,True
SINE-enriched genes,Rimbp3,RIMBP3,symbol_upcase,True
SINE-enriched genes,Rims3,RIMS3,mgi_ortholog,True
SINE-enriched genes,Rin3,RIN3,mgi_ortholog,True
SINE-enriched genes,Rit1,RIT1,mgi_ortholog,True
SINE-enriched genes,Rita1,RITA1,mgi_ortholog,True
SINE-enriched genes,Rlim,RLIM,mgi_ortholog,True
SINE-enriched genes,Rln3,RLN3,mgi_ortholog,True
SINE-enriched genes,Rmdn3,RMDN3,mgi_ortholog,True
SINE-enriched genes,Rmnd5b,RMND5B,mgi_ortholog,True
SINE-enriched genes,Rnaseh2a,RNASEH2A,mgi_ortholog,True
SINE-enriched genes,Rnd1,RND1,mgi_ortholog,True
SINE-enriched genes,Rnf11,RNF11,mgi_ortholog,True
SINE-enriched genes,Rnf125,RNF125,mgi_ortholog,True
SINE-enriched genes,Rnf214,RNF214,mgi_ortholog,True
SINE-enriched genes,Rnf225,RNF225,mgi_ortholog,True
SINE-enriched genes,Rnf26,RNF26,mgi_ortholog,True
SINE-enriched genes,Rnf34,RNF34,mgi_ortholog,True
SINE-enriched genes,Rnf44,RNF44,mgi_ortholog,True
SINE-enriched genes,Rnf8,RNF8,mgi_ortholog,True
SINE-enriched genes,Rnh1,RNH1,mgi_ortholog,True
SINE-enriched genes,Rnmt,RNMT,mgi_ortholog,True
SINE-enriched genes,Rnmtl1,,unmapped,False
SINE-enriched genes,Rnpep,RNPEP,mgi_ortholog,True
SINE-enriched genes,Rpa2,RPA2,mgi_ortholog,True
SINE-enriched genes,Rpap1,RPAP1,mgi_ortholog,True
SINE-enriched genes,Rpap3,RPAP3,mgi_ortholog,True
SINE-enriched genes,Rpgrip1,RPGRIP1,mgi_ortholog,True
SINE-enriched genes,Rpl10,RPL10,mgi_ortholog,True
SINE-enriched genes,Rpl14,RPL14,mgi_ortholog,True
SINE-enriched genes,Rpl19,RPL19,mgi_ortholog,True
SINE-enriched genes,Rpl21,RPL21,mgi_ortholog,True
SINE-enriched genes,Rpl23a,RPL23A,mgi_ortholog,True
SINE-enriched genes,Rpl24,RPL24,mgi_ortholog,True
SINE-enriched genes,Rpl28,RPL28,mgi_ortholog,True
SINE-enriched genes,Rpl29,RPL29,mgi_ortholog,True
SINE-enriched genes,Rpl3,RPL3,mgi_ortholog,True
SINE-enriched genes,Rpl32,RPL32,mgi_ortholog,True
SINE-enriched genes,Rpl36a,RPL36A,mgi_ortholog,True
SINE-enriched genes,Rpl36al,RPL36AL,symbol_upcase,True
SINE-enriched genes,Rpl38,RPL38,mgi_ortholog,True
SINE-enriched genes,Rpl39,RPL39,mgi_ortholog,True
SINE-enriched genes,Rpl3l,RPL3L,mgi_ortholog,True
SINE-enriched genes,Rpl4,RPL4,mgi_ortholog,True
SINE-enriched genes,Rpl5,RPL5,mgi_ortholog,True
SINE-enriched genes,Rpl7a-ps8,,unmapped,False
SINE-enriched genes,Rpl8,RPL8,mgi_ortholog,True
SINE-enriched genes,Rpl9,RPL9,mgi_ortholog,True
SINE-enriched genes,Rplp2,RPLP2,mgi_ortholog,True
SINE-enriched genes,Rps10,RPS10,mgi_ortholog,True
SINE-enriched genes,Rps13,RPS13,mgi_ortholog,True
SINE-enriched genes,Rps14,RPS14,mgi_ortholog,True
SINE-enriched genes,Rps15,RPS15,mgi_ortholog,True
SINE-enriched genes,Rps18-ps3,,unmapped,False
SINE-enriched genes,Rps19,RPS19,mgi_ortholog,True
SINE-enriched genes,Rps2,RPS2,mgi_ortholog,True
SINE-enriched genes,Rps24,RPS24,mgi_ortholog,True
SINE-enriched genes,Rps26,RPS26,symbol_upcase,True
SINE-enriched genes,Rps27,RPS27,mgi_ortholog,True
SINE-enriched genes,Rps28,RPS28,mgi_ortholog,True
SINE-enriched genes,Rps6,RPS6,mgi_ortholog,True
SINE-enriched genes,Rps6kc1,RPS6KC1,mgi_ortholog,True
SINE-enriched genes,Rps6kl1,RPS6KL1,mgi_ortholog,True
SINE-enriched genes,Rps7,RPS7,mgi_ortholog,True
SINE-enriched genes,Rps8,RPS8,mgi_ortholog,True
SINE-enriched genes,Rps9,RPS9,mgi_ortholog,True
SINE-enriched genes,Rpsa,RPSA,symbol_upcase,True
SINE-enriched genes,Rpusd2,RPUSD2,mgi_ortholog,True
SINE-enriched genes,Rpusd3,RPUSD3,mgi_ortholog,True
SINE-enriched genes,Rras,RRAS,mgi_ortholog,True
SINE-enriched genes,Rrnad1,,unmapped,False
SINE-enriched genes,Rrp12,RRP12,mgi_ortholog,True
SINE-enriched genes,Rrp36,RRP36,mgi_ortholog,True
SINE-enriched genes,Rrs1,RRS1,mgi_ortholog,True
SINE-enriched genes,Rsc1a1,RSC1A1,mgi_ortholog,True
SINE-enriched genes,Rsl24d1,RSL24D1,mgi_ortholog,True
SINE-enriched genes,Rsph6a,RSPH6A,mgi_ortholog,True
SINE-enriched genes,Rsrc2,RSRC2,mgi_ortholog,True
SINE-enriched genes,Rsrp1,RSRP1,mgi_ortholog,True
SINE-enriched genes,Rtfdc1,,unmapped,False
SINE-enriched genes,Rundc1,RUNDC1,mgi_ortholog,True
SINE-enriched genes,Ruvbl1,RUVBL1,mgi_ortholog,True
SINE-enriched genes,Rwdd2a,RWDD2A,mgi_ortholog,True
SINE-enriched genes,Rwdd3,RWDD3,mgi_ortholog,True
SINE-enriched genes,Sac3d1,SAC3D1,mgi_ortholog,True
SINE-enriched genes,Sacs,SACS,mgi_ortholog,True
SINE-enriched genes,Sae1,SAE1,mgi_ortholog,True
SINE-enriched genes,Sall2,SALL2,mgi_ortholog,True
SINE-enriched genes,Samd15,SAMD15,mgi_ortholog,True
SINE-enriched genes,Samm50,SAMM50,mgi_ortholog,True
SINE-enriched genes,Sap130,SAP130,mgi_ortholog,True
SINE-enriched genes,Sap18,SAP18,mgi_ortholog,True
SINE-enriched genes,Sap30bp,SAP30BP,mgi_ortholog,True
SINE-enriched genes,Sapcd1,SAPCD1,mgi_ortholog,True
SINE-enriched genes,Sar1a,SAR1A,mgi_ortholog,True
SINE-enriched genes,Sars,,unmapped,False
SINE-enriched genes,Sat2,SAT2,mgi_ortholog,True
SINE-enriched genes,Sbds,SBDS,mgi_ortholog,True
SINE-enriched genes,Sbf1,SBF1,mgi_ortholog,True
SINE-enriched genes,Sbno1,SBNO1,mgi_ortholog,True
SINE-enriched genes,Sbno2,SBNO2,mgi_ortholog,True
SINE-enriched genes,Scaf11,SCAF11,mgi_ortholog,True
SINE-enriched genes,Scamp4,SCAMP4,mgi_ortholog,True
SINE-enriched genes,Scarb1,SCARB1,mgi_ortholog,True
SINE-enriched genes,Scarf1,SCARF1,mgi_ortholog,True
SINE-enriched genes,Sccpdh,SCCPDH,mgi_ortholog,True
SINE-enriched genes,Scgb1b27,,unmapped,False
SINE-enriched genes,Scnm1,SCNM1,mgi_ortholog,True
SINE-enriched genes,Scoc,SCOC,mgi_ortholog,True
SINE-enriched genes,Scp2,SCP2,mgi_ortholog,True
SINE-enriched genes,Sdf2,SDF2,mgi_ortholog,True
SINE-enriched genes,Sdhd,SDHD,mgi_ortholog,True
SINE-enriched genes,Sds,SDS,mgi_ortholog,True
SINE-enriched genes,Sec11a,SEC11A,mgi_ortholog,True
SINE-enriched genes,Sec24a,SEC24A,mgi_ortholog,True
SINE-enriched genes,Seh1l,SEH1L,mgi_ortholog,True
SINE-enriched genes,Selo,,unmapped,False
SINE-enriched genes,Senp5,SENP5,mgi_ortholog,True
SINE-enriched genes,Sephs2,SEPHS2,mgi_ortholog,True
SINE-enriched genes,Serpinc1,SERPINC1,mgi_ortholog,True
SINE-enriched genes,Sertad1,SERTAD1,mgi_ortholog,True
SINE-enriched genes,Sesn2,SESN2,mgi_ortholog,True
SINE-enriched genes,Set,SET,symbol_upcase,True
SINE-enriched genes,Setd1b,SETD1B,mgi_ortholog,True
SINE-enriched genes,Setd7,SETD7,mgi_ortholog,True
SINE-enriched genes,Sez6l2,SEZ6L2,mgi_ortholog,True
SINE-enriched genes,Sf1,SF1,mgi_ortholog,True
SINE-enriched genes,Sf3b1,SF3B1,mgi_ortholog,True
SINE-enriched genes,Sf3b2,SF3B2,mgi_ortholog,True
SINE-enriched genes,Sfi1,SFI1,mgi_ortholog,True
SINE-enriched genes,Sft2d1,SFT2D1,mgi_ortholog,True
SINE-enriched genes,Sfta2,SFTA2,mgi_ortholog,True
SINE-enriched genes,Sgca,SGCA,mgi_ortholog,True
SINE-enriched genes,Sgpp1,SGPP1,mgi_ortholog,True
SINE-enriched genes,Sgsm3,SGSM3,mgi_ortholog,True
SINE-enriched genes,Sgta,SGTA,mgi_ortholog,True
SINE-enriched genes,Sh3glb2,SH3GLB2,mgi_ortholog,True
SINE-enriched genes,Shkbp1,SHKBP1,mgi_ortholog,True
SINE-enriched genes,Shroom1,SHROOM1,mgi_ortholog,True
SINE-enriched genes,Sigmar1,SIGMAR1,mgi_ortholog,True
SINE-enriched genes,Sin3b,SIN3B,mgi_ortholog,True
SINE-enriched genes,Sipa1l1,SIPA1L1,mgi_ortholog,True
SINE-enriched genes,Sipa1l3,SIPA1L3,mgi_ortholog,True
SINE-enriched genes,Sirt4,SIRT4,mgi_ortholog,True
SINE-enriched genes,Ska2,SKA2,mgi_ortholog,True
SINE-enriched genes,Skor2,SKOR2,mgi_ortholog,True
SINE-enriched genes,Skp1a,,unmapped,False
SINE-enriched genes,Slbp,SLBP,mgi_ortholog,True
SINE-enriched genes,Slc10a3,SLC10A3,mgi_ortholog,True
SINE-enriched genes,Slc12a8,SLC12A8,mgi_ortholog,True
SINE-enriched genes,Slc15a3,SLC15A3,mgi_ortholog,True
SINE-enriched genes,Slc22a20,SLC22A20P,mgi_ortholog,True
SINE-enriched genes,Slc25a11,SLC25A11,mgi_ortholog,True
SINE-enriched genes,Slc25a25,SLC25A25,mgi_ortholog,True
SINE-enriched genes,Slc25a36,SLC25A36,mgi_ortholog,True
SINE-enriched genes,Slc25a45,SLC25A45,mgi_ortholog,True
SINE-enriched genes,Slc26a8,SLC26A8,mgi_ortholog,True
SINE-enriched genes,Slc27a4,SLC27A4,mgi_ortholog,True
SINE-enriched genes,Slc2a13,SLC2A13,mgi_ortholog,True
SINE-enriched genes,Slc2a4,SLC2A4,mgi_ortholog,True
SINE-enriched genes,Slc2a8,SLC2A8,mgi_ortholog,True
SINE-enriched genes,Slc34a1,SLC34A1,mgi_ortholog,True
SINE-enriched genes,Slc35a3,SLC35A3,mgi_ortholog,True
SINE-enriched genes,Slc35b2,SLC35B2,mgi_ortholog,True
SINE-enriched genes,Slc35e4,SLC35E4,mgi_ortholog,True
SINE-enriched genes,Slc35f6,SLC35F6,mgi_ortholog,True
SINE-enriched genes,Slc37a3,SLC37A3,mgi_ortholog,True
SINE-enriched genes,Slc39a3,SLC39A3,mgi_ortholog,True
SINE-enriched genes,Slc39a4,SLC39A4,mgi_ortholog,True
SINE-enriched genes,Slc3a2,SLC3A2,mgi_ortholog,True
SINE-enriched genes,Slc44a2,SLC44A2,mgi_ortholog,True
SINE-enriched genes,Slc44a4,SLC44A4,mgi_ortholog,True
SINE-enriched genes,Slc48a1,SLC48A1,mgi_ortholog,True
SINE-enriched genes,Slc50a1,SLC50A1,mgi_ortholog,True
SINE-enriched genes,Slc7a6os,SLC7A6OS,mgi_ortholog,True
SINE-enriched genes,Smarca4,SMARCA4,mgi_ortholog,True
SINE-enriched genes,Smarcc1,SMARCC1,mgi_ortholog,True
SINE-enriched genes,Smc4,SMC4,mgi_ortholog,True
SINE-enriched genes,Smdt1,SMDT1,mgi_ortholog,True
SINE-enriched genes,Smg6,SMG6,mgi_ortholog,True
SINE-enriched genes,Smg8,SMG8,mgi_ortholog,True
SINE-enriched genes,Smim14,SMIM14,mgi_ortholog,True
SINE-enriched genes,Smim18,SMIM18,mgi_ortholog,True
SINE-enriched genes,Smim4,,unmapped,False
SINE-enriched genes,Smim6,SMIM6,symbol_upcase,True
SINE-enriched genes,Smpd4,SMPD4,mgi_ortholog,True
SINE-enriched genes,Smyd3,SMYD3,mgi_ortholog,True
SINE-enriched genes,Snap23,SNAP23,mgi_ortholog,True
SINE-enriched genes,Snap91,SNAP91,mgi_ortholog,True
SINE-enriched genes,Snapc1,SNAPC1,mgi_ortholog,True
SINE-enriched genes,Snapc4,SNAPC4,mgi_ortholog,True
SINE-enriched genes,Snapin,SNAPIN,mgi_ortholog,True
SINE-enriched genes,Snf8,SNF8,mgi_ortholog,True
SINE-enriched genes,Snrnp48,SNRNP48,mgi_ortholog,True
SINE-enriched genes,Snrpc,SNRPC,mgi_ortholog,True
SINE-enriched genes,Snrpd2,SNRPD2,mgi_ortholog,True
SINE-enriched genes,Snrpe,SNRPE,mgi_ortholog,True
SINE-enriched genes,Snta1,SNTA1,mgi_ortholog,True
SINE-enriched genes,Sntb2,SNTB2,mgi_ortholog,True
SINE-enriched genes,Snx10,SNX10,mgi_ortholog,True
SINE-enriched genes,Snx11,SNX11,mgi_ortholog,True
SINE-enriched genes,Snx15,SNX15,mgi_ortholog,True
SINE-enriched genes,Snx24,SNX24,mgi_ortholog,True
SINE-enriched genes,Snx32,SNX32,mgi_ortholog,True
SINE-enriched genes,Snx4,SNX4,mgi_ortholog,True
SINE-enriched genes,Snx8,SNX8,mgi_ortholog,True
SINE-enriched genes,Socs7,SOCS7,mgi_ortholog,True
SINE-enriched genes,Son,SON,mgi_ortholog,True
SINE-enriched genes,Sord,SORD,mgi_ortholog,True
SINE-enriched genes,Sox13,SOX13,mgi_ortholog,True
SINE-enriched genes,Sp1,SP1,mgi_ortholog,True
SINE-enriched genes,Spag1,SPAG1,mgi_ortholog,True
SINE-enriched genes,Spata13,SPATA13,mgi_ortholog,True
SINE-enriched genes,Spata2,SPATA2,mgi_ortholog,True
SINE-enriched genes,Spata25,SPATA25,mgi_ortholog,True
SINE-enriched genes,Spatc1,SPATC1,mgi_ortholog,True
SINE-enriched genes,Spg7,SPG7,mgi_ortholog,True
SINE-enriched genes,Sphk1,SPHK1,mgi_ortholog,True
SINE-enriched genes,Spink4,SPINK4,mgi_ortholog,True
SINE-enriched genes,Spink8,SPINK8,mgi_ortholog,True
SINE-enriched genes,Spint2,SPINT2,mgi_ortholog,True
SINE-enriched genes,Spire1,SPIRE1,mgi_ortholog,True
SINE-enriched genes,Spn,SPN,mgi_ortholog,True
SINE-enriched genes,Sppl2a,SPPL2A,mgi_ortholog,True
SINE-enriched genes,Sppl2b,SPPL2B,mgi_ortholog,True
SINE-enriched genes,Sprr1a,SPRR1A,mgi_ortholog,True
SINE-enriched genes,Sprr2h,,unmapped,False
SINE-enriched genes,Spryd4,SPRYD4,mgi_ortholog,True
SINE-enriched genes,Spsb2,SPSB2,mgi_ortholog,True
SINE-enriched genes,Sqstm1,SQSTM1,mgi_ortholog,True
SINE-enriched genes,Srcap,SRCAP,mgi_ortholog,True
SINE-enriched genes,Srd5a1,SRD5A1,mgi_ortholog,True
SINE-enriched genes,Srgn,SRGN,mgi_ortholog,True
SINE-enriched genes,Srp9,SRP9,mgi_ortholog,True
SINE-enriched genes,Srr,SRR,mgi_ortholog,True
SINE-enriched genes,Srsf1,SRSF1,mgi_ortholog,True
SINE-enriched genes,Srsf3,SRSF3,mgi_ortholog,True
SINE-enriched genes,Ssb,SSB,mgi_ortholog,True
SINE-enriched genes,Ssc4d,SSC4D,mgi_ortholog,True
SINE-enriched genes,Ssr2,SSR2,mgi_ortholog,True
SINE-enriched genes,Sssca1,,unmapped,False
SINE-enriched genes,Ssty1,,unmapped,False
SINE-enriched genes,Ssty2,,unmapped,False
SINE-enriched genes,St13,ST13,symbol_upcase,True
SINE-enriched genes,St3gal2,ST3GAL2,mgi_ortholog,True
SINE-enriched genes,Stac2,STAC2,mgi_ortholog,True
SINE-enriched genes,Stag1,STAG1,mgi_ortholog,True
SINE-enriched genes,Stat1,STAT1,mgi_ortholog,True
SINE-enriched genes,Stat2,STAT2,mgi_ortholog,True
SINE-enriched genes,Stat3,STAT3,mgi_ortholog,True
SINE-enriched genes,Stip1,STIP1,mgi_ortholog,True
SINE-enriched genes,Stmn1,STMN1,mgi_ortholog,True
SINE-enriched genes,Strada,STRADA,mgi_ortholog,True
SINE-enriched genes,Stx12,STX12,mgi_ortholog,True
SINE-enriched genes,Stx1a,STX1A,mgi_ortholog,True
SINE-enriched genes,Suds3,SUDS3,mgi_ortholog,True
SINE-enriched genes,Sumo2,SUMO2,mgi_ortholog,True
SINE-enriched genes,Sumo3,SUMO3,mgi_ortholog,True
SINE-enriched genes,Suz12,SUZ12,mgi_ortholog,True
SINE-enriched genes,Swi5,SWI5,mgi_ortholog,True
SINE-enriched genes,Syap1,SYAP1,mgi_ortholog,True
SINE-enriched genes,Syce2,SYCE2,mgi_ortholog,True
SINE-enriched genes,Sync,SYNC,mgi_ortholog,True
SINE-enriched genes,Syngr2,SYNGR2,mgi_ortholog,True
SINE-enriched genes,Syngr3,SYNGR3,mgi_ortholog,True
SINE-enriched genes,Sypl,,unmapped,False
SINE-enriched genes,Syt11,SYT11,mgi_ortholog,True
SINE-enriched genes,Sytl1,SYTL1,mgi_ortholog,True
SINE-enriched genes,Szrd1,SZRD1,mgi_ortholog,True
SINE-enriched genes,Tab1,TAB1,mgi_ortholog,True
SINE-enriched genes,Taco1,TACO1,mgi_ortholog,True
SINE-enriched genes,Taf1,TAF1,symbol_upcase,True
SINE-enriched genes,Taf10,TAF10,mgi_ortholog,True
SINE-enriched genes,Taf11,TAF11,mgi_ortholog,True
SINE-enriched genes,Taf1b,TAF1B,mgi_ortholog,True
SINE-enriched genes,Taf1d,TAF1D,mgi_ortholog,True
SINE-enriched genes,Taf3,TAF3,mgi_ortholog,True
SINE-enriched genes,Taf6,TAF6,mgi_ortholog,True
SINE-enriched genes,Taf8,TAF8,mgi_ortholog,True
SINE-enriched genes,Taf9,TAF9,mgi_ortholog,True
SINE-enriched genes,Taldo1,TALDO1,mgi_ortholog,True
SINE-enriched genes,Taok1,TAOK1,mgi_ortholog,True
SINE-enriched genes,Tapbpl,TAPBPL,mgi_ortholog,True
SINE-enriched genes,Tardbp,TARDBP,mgi_ortholog,True
SINE-enriched genes,Tatdn2,TATDN2,mgi_ortholog,True
SINE-enriched genes,Taz,,unmapped,False
SINE-enriched genes,Tbc1d13,TBC1D13,mgi_ortholog,True
SINE-enriched genes,Tbc1d14,TBC1D14,mgi_ortholog,True
SINE-enriched genes,Tbc1d25,TBC1D25,mgi_ortholog,True
SINE-enriched genes,Tbc1d31,TBC1D31,mgi_ortholog,True
SINE-enriched genes,Tbcb,TBCB,mgi_ortholog,True
SINE-enriched genes,Tbl3,TBL3,mgi_ortholog,True
SINE-enriched genes,Tbxa2r,TBXA2R,mgi_ortholog,True
SINE-enriched genes,Tceanc2,TCEANC2,mgi_ortholog,True
SINE-enriched genes,Tceb1,,unmapped,False
SINE-enriched genes,Tceb3,,unmapped,False
SINE-enriched genes,Tcf19,TCF19,mgi_ortholog,True
SINE-enriched genes,Tchh,TCHH,mgi_ortholog,True
SINE-enriched genes,Tcn2,TCN2,mgi_ortholog,True
SINE-enriched genes,Tcp1,TCP1,mgi_ortholog,True
SINE-enriched genes,Tctex1d2,,unmapped,False
SINE-enriched genes,Tctex1d4,,unmapped,False
SINE-enriched genes,Tdgf1,TDGF1,symbol_upcase,True
SINE-enriched genes,Tead2,TEAD2,mgi_ortholog,True
SINE-enriched genes,Tecpr2,TECPR2,mgi_ortholog,True
SINE-enriched genes,Tef,TEF,mgi_ortholog,True
SINE-enriched genes,Tefm,TEFM,mgi_ortholog,True
SINE-enriched genes,Tesk2,TESK2,mgi_ortholog,True
SINE-enriched genes,Tet1,TET1,mgi_ortholog,True
SINE-enriched genes,Tex14,TEX14,mgi_ortholog,True
SINE-enriched genes,Tex19.2,TEX19,mgi_ortholog,True
SINE-enriched genes,Tex22,TEX22,mgi_ortholog,True
SINE-enriched genes,Tfap2c,TFAP2C,mgi_ortholog,True
SINE-enriched genes,Tfcp2,TFCP2,mgi_ortholog,True
SINE-enriched genes,Tfe3,TFE3,mgi_ortholog,True
SINE-enriched genes,Tfeb,TFEB,mgi_ortholog,True
SINE-enriched genes,Tgoln1,TGOLN2,mgi_ortholog,True
SINE-enriched genes,Thap11,THAP11,mgi_ortholog,True
SINE-enriched genes,Thoc6,THOC6,mgi_ortholog,True
SINE-enriched genes,Tigd3,TIGD3,mgi_ortholog,True
SINE-enriched genes,Timm22,TIMM22,mgi_ortholog,True
SINE-enriched genes,Timm50,TIMM50,mgi_ortholog,True
SINE-enriched genes,Timm8b,TIMM8B,mgi_ortholog,True
SINE-enriched genes,Tinf2,TINF2,mgi_ortholog,True
SINE-enriched genes,Tipin,TIPIN,mgi_ortholog,True
SINE-enriched genes,Tktl1,TKTL1,mgi_ortholog,True
SINE-enriched genes,Tktl2,TKTL2,mgi_ortholog,True
SINE-enriched genes,Tlk2,TLK2,mgi_ortholog,True
SINE-enriched genes,Tm4sf20,TM4SF20,mgi_ortholog,True
SINE-enriched genes,Tm4sf5,TM4SF5,mgi_ortholog,True
SINE-enriched genes,Tm7sf2,TM7SF2,mgi_ortholog,True
SINE-enriched genes,Tm9sf4,TM9SF4,mgi_ortholog,True
SINE-enriched genes,Tmc4,TMC4,mgi_ortholog,True
SINE-enriched genes,Tmc8,TMC8,mgi_ortholog,True
SINE-enriched genes,Tmco1,TMCO1,mgi_ortholog,True
SINE-enriched genes,Tmed5,TMED5,mgi_ortholog,True
SINE-enriched genes,Tmed6,TMED6,mgi_ortholog,True
SINE-enriched genes,Tmed8,TMED8,mgi_ortholog,True
SINE-enriched genes,Tmeff1,TMEFF1,symbol_upcase,True
SINE-enriched genes,Tmem102,TMEM102,mgi_ortholog,True
SINE-enriched genes,Tmem115,TMEM115,mgi_ortholog,True
SINE-enriched genes,Tmem116,TMEM116,mgi_ortholog,True
SINE-enriched genes,Tmem127,TMEM127,mgi_ortholog,True
SINE-enriched genes,Tmem161a,TMEM161A,mgi_ortholog,True
SINE-enriched genes,Tmem167b,TMEM167B,mgi_ortholog,True
SINE-enriched genes,Tmem170,TMEM170A,mgi_ortholog,True
SINE-enriched genes,Tmem180,,unmapped,False
SINE-enriched genes,Tmem189,,unmapped,False
SINE-enriched genes,Tmem191c,TMEM191C,symbol_upcase,True
SINE-enriched genes,Tmem216,TMEM216,mgi_ortholog,True
SINE-enriched genes,Tmem217,TMEM217,symbol_upcase,True
SINE-enriched genes,Tmem222,TMEM222,mgi_ortholog,True
SINE-enriched genes,Tmem229b,TMEM229B,mgi_ortholog,True
SINE-enriched genes,Tmem230,TMEM230,mgi_ortholog,True
SINE-enriched genes,Tmem256,TMEM256,mgi_ortholog,True
SINE-enriched genes,Tmem33,TMEM33,mgi_ortholog,True
SINE-enriched genes,Tmem39b,TMEM39B,mgi_ortholog,True
SINE-enriched genes,Tmem41b,TMEM41B,mgi_ortholog,True
SINE-enriched genes,Tmem44,TMEM44,mgi_ortholog,True
SINE-enriched genes,Tmem50a,TMEM50A,mgi_ortholog,True
SINE-enriched genes,Tmem62,TMEM62,mgi_ortholog,True
SINE-enriched genes,Tmem79,TMEM79,mgi_ortholog,True
SINE-enriched genes,Tmem80,TMEM80,mgi_ortholog,True
SINE-enriched genes,Tmem91,TMEM91,mgi_ortholog,True
SINE-enriched genes,Tmem97,TMEM97,mgi_ortholog,True
SINE-enriched genes,Tmpo,TMPO,mgi_ortholog,True
SINE-enriched genes,Tnfrsf12a,TNFRSF12A,mgi_ortholog,True
SINE-enriched genes,Tnfrsf13b,TNFRSF13B,mgi_ortholog,True
SINE-enriched genes,Tnip2,TNIP2,mgi_ortholog,True
SINE-enriched genes,Tnk1,TNK1,mgi_ortholog,True
SINE-enriched genes,Tnni3,TNNI3,mgi_ortholog,True
SINE-enriched genes,Tnp1,TNP1,mgi_ortholog,True
SINE-enriched genes,Tnpo2,TNPO2,mgi_ortholog,True
SINE-enriched genes,Tnpo3,TNPO3,mgi_ortholog,True
SINE-enriched genes,Tns4,TNS4,mgi_ortholog,True
SINE-enriched genes,Tomm20l,TOMM20L,mgi_ortholog,True
SINE-enriched genes,Tomm22,TOMM22,mgi_ortholog,True
SINE-enriched genes,Tomm40,TOMM40,mgi_ortholog,True
SINE-enriched genes,Tomm5,TOMM5,mgi_ortholog,True
SINE-enriched genes,Tomm70a,TOMM70,mgi_ortholog,True
SINE-enriched genes,Tonsl,TONSL,mgi_ortholog,True
SINE-enriched genes,Top2a,TOP2A,mgi_ortholog,True
SINE-enriched genes,Top3a,TOP3A,mgi_ortholog,True
SINE-enriched genes,Tor1aip2,TOR1AIP2,mgi_ortholog,True
SINE-enriched genes,Tor4a,TOR4A,mgi_ortholog,True
SINE-enriched genes,Tpm3,TPM3,mgi_ortholog,True
SINE-enriched genes,Tprgl,,unmapped,False
SINE-enriched genes,Tra2b,TRA2B,mgi_ortholog,True
SINE-enriched genes,Tradd,TRADD,mgi_ortholog,True
SINE-enriched genes,Traf2,TRAF2,mgi_ortholog,True
SINE-enriched genes,Trafd1,TRAFD1,mgi_ortholog,True
SINE-enriched genes,Tram2,TRAM2,mgi_ortholog,True
SINE-enriched genes,Trappc1,TRAPPC1,mgi_ortholog,True
SINE-enriched genes,Trappc13,TRAPPC13,mgi_ortholog,True
SINE-enriched genes,Trappc6b,TRAPPC6B,mgi_ortholog,True
SINE-enriched genes,Trappc8,TRAPPC8,mgi_ortholog,True
SINE-enriched genes,Trav1,,unmapped,False
SINE-enriched genes,Trcg1,,unmapped,False
SINE-enriched genes,Triap1,TRIAP1,mgi_ortholog,True
SINE-enriched genes,Trib3,TRIB3,mgi_ortholog,True
SINE-enriched genes,Trim28,TRIM28,mgi_ortholog,True
SINE-enriched genes,Trim30b,TRIM48,mgi_ortholog,True
SINE-enriched genes,Trim36,TRIM36,mgi_ortholog,True
SINE-enriched genes,Trim37,TRIM37,mgi_ortholog,True
SINE-enriched genes,Trim46,TRIM46,mgi_ortholog,True
SINE-enriched genes,Trim6,TRIM6,mgi_ortholog,True
SINE-enriched genes,Trim65,TRIM65,mgi_ortholog,True
SINE-enriched genes,Trim67,TRIM67,mgi_ortholog,True
SINE-enriched genes,Trim69,TRIM69,mgi_ortholog,True
SINE-enriched genes,Trim75,TRIM75,mgi_ortholog,True
SINE-enriched genes,Trnau1ap,TRNAU1AP,mgi_ortholog,True
SINE-enriched genes,Troap,TROAP,mgi_ortholog,True
SINE-enriched genes,Trp53i13,TP53I13,mgi_ortholog,True
SINE-enriched genes,Trpc4ap,TRPC4AP,mgi_ortholog,True
SINE-enriched genes,Tsacc,TSACC,mgi_ortholog,True
SINE-enriched genes,Tsc22d4,TSC22D4,mgi_ortholog,True
SINE-enriched genes,Tsen34,TSEN34,mgi_ortholog,True
SINE-enriched genes,Tsfm,TSFM,mgi_ortholog,True
SINE-enriched genes,Tsga10ip,TSGA10IP,mgi_ortholog,True
SINE-enriched genes,Tsnaxip1,TSNAXIP1,mgi_ortholog,True
SINE-enriched genes,Tspear,TSPEAR,mgi_ortholog,True
SINE-enriched genes,Tspo2,TSPO2,mgi_ortholog,True
SINE-enriched genes,Tsr1,TSR1,mgi_ortholog,True
SINE-enriched genes,Tssk3,TSSK3,mgi_ortholog,True
SINE-enriched genes,Tssk5,TSSK5P,mgi_ortholog,False
SINE-enriched genes,Ttc24,TTC24,mgi_ortholog,True
SINE-enriched genes,Tubb3,TUBB3,mgi_ortholog,True
SINE-enriched genes,Tubgcp6,TUBGCP6,mgi_ortholog,True
SINE-enriched genes,Tufm,TUFM,mgi_ortholog,True
SINE-enriched genes,Tuft1,TUFT1,mgi_ortholog,True
SINE-enriched genes,Tulp1,TULP1,mgi_ortholog,True
SINE-enriched genes,Tulp2,TULP2,mgi_ortholog,True
SINE-enriched genes,Tut1,TUT1,mgi_ortholog,True
SINE-enriched genes,Txlna,TXLNA,mgi_ortholog,True
SINE-enriched genes,Txlng,TXLNG,mgi_ortholog,True
SINE-enriched genes,Txndc11,TXNDC11,mgi_ortholog,True
SINE-enriched genes,Txndc15,TXNDC15,mgi_ortholog,True
SINE-enriched genes,Txnip,TXNIP,mgi_ortholog,True
SINE-enriched genes,Tyro3,TYRO3,mgi_ortholog,True
SINE-enriched genes,Uap1l1,UAP1L1,mgi_ortholog,True
SINE-enriched genes,Uba2,UBA2,mgi_ortholog,True
SINE-enriched genes,Uba52,UBA52,mgi_ortholog,True
SINE-enriched genes,Ubap1,UBAP1,mgi_ortholog,True
SINE-enriched genes,Ubap2,UBAP2,mgi_ortholog,True
SINE-enriched genes,Ubap2l,UBAP2L,mgi_ortholog,True
SINE-enriched genes,Ubb,UBB,mgi_ortholog,True
SINE-enriched genes,Ubc,UBC,mgi_ortholog,True
SINE-enriched genes,Ube2c,UBE2C,mgi_ortholog,True
SINE-enriched genes,Ube2d2a,UBE2D2,mgi_ortholog,True
SINE-enriched genes,Ube2e2,UBE2E2,mgi_ortholog,True
SINE-enriched genes,Ube2g1,UBE2G1,mgi_ortholog,True
SINE-enriched genes,Ube2o,UBE2O,mgi_ortholog,True
SINE-enriched genes,Ube2r2,UBE2R2,mgi_ortholog,True
SINE-enriched genes,Ubl4a,UBL4A,mgi_ortholog,True
SINE-enriched genes,Ubtf,UBTF,mgi_ortholog,True
SINE-enriched genes,Ubxn1,UBXN1,mgi_ortholog,True
SINE-enriched genes,Ubxn11,UBXN11,mgi_ortholog,True
SINE-enriched genes,Ubxn4,UBXN4,mgi_ortholog,True
SINE-enriched genes,Ubxn6,UBXN6,mgi_ortholog,True
SINE-enriched genes,Uck2,UCK2,mgi_ortholog,True
SINE-enriched genes,Uevld,UEVLD,mgi_ortholog,True
SINE-enriched genes,Uhrf1,UHRF1,mgi_ortholog,True
SINE-enriched genes,Uhrf1bp1,,unmapped,False
SINE-enriched genes,Unc119b,UNC119B,mgi_ortholog,True
SINE-enriched genes,Unc13b,UNC13B,mgi_ortholog,True
SINE-enriched genes,Ung,UNG,mgi_ortholog,True
SINE-enriched genes,Unk,UNK,mgi_ortholog,True
SINE-enriched genes,Upk3bl,UPK3BL1,mgi_ortholog,False
SINE-enriched genes,Uqcc3,UQCC3,mgi_ortholog,True
SINE-enriched genes,Uqcrc1,UQCRC1,mgi_ortholog,True
SINE-enriched genes,Uqcrh,UQCRH,symbol_upcase,True
SINE-enriched genes,Uqcrq,UQCRQ,mgi_ortholog,True
SINE-enriched genes,Urb2,URB2,mgi_ortholog,True
SINE-enriched genes,Use1,USE1,mgi_ortholog,True
SINE-enriched genes,Usmg5,,unmapped,False
SINE-enriched genes,Usp10,USP10,mgi_ortholog,True
SINE-enriched genes,Usp19,USP19,mgi_ortholog,True
SINE-enriched genes,Usp2,USP2,mgi_ortholog,True
SINE-enriched genes,Usp29,USP29,mgi_ortholog,True
SINE-enriched genes,Usp33,USP33,mgi_ortholog,True
SINE-enriched genes,Usp37,USP37,mgi_ortholog,True
SINE-enriched genes,Usp4,USP4,mgi_ortholog,True
SINE-enriched genes,Usp48,USP48,mgi_ortholog,True
SINE-enriched genes,Vamp1,VAMP1,mgi_ortholog,True
SINE-enriched genes,Vamp2,VAMP2,mgi_ortholog,True
SINE-enriched genes,Vars,,unmapped,False
SINE-enriched genes,Vasp,VASP,mgi_ortholog,True
SINE-enriched genes,Vbp1,VBP1,mgi_ortholog,True
SINE-enriched genes,Vcp,VCP,mgi_ortholog,True
SINE-enriched genes,Vdac1,VDAC1,mgi_ortholog,True
SINE-enriched genes,Vdac2,VDAC2,mgi_ortholog,True
SINE-enriched genes,Vegfb,VEGFB,mgi_ortholog,True
SINE-enriched genes,Vgll4,VGLL4,mgi_ortholog,True
SINE-enriched genes,Vhl,VHL,mgi_ortholog,True
SINE-enriched genes,Vkorc1,VKORC1,mgi_ortholog,True
SINE-enriched genes,Vmn1r188,,unmapped,False
SINE-enriched genes,Vmn1r214,,unmapped,False
SINE-enriched genes,Vmn1r222,,unmapped,False
SINE-enriched genes,Vmn1r73,,unmapped,False
SINE-enriched genes,Vmn1r74,,unmapped,False
SINE-enriched genes,Vmn1r78,,unmapped,False
SINE-enriched genes,Vmn1r85,,unmapped,False
SINE-enriched genes,Vmn2r1,,unmapped,False
SINE-enriched genes,Vprbp,,unmapped,False
SINE-enriched genes,Vps11,VPS11,mgi_ortholog,True
SINE-enriched genes,Vps13d,VPS13D,mgi_ortholog,True
SINE-enriched genes,Vps18,VPS18,mgi_ortholog,True
SINE-enriched genes,Vps25,VPS25,mgi_ortholog,True
SINE-enriched genes,Vps29,VPS29,mgi_ortholog,True
SINE-enriched genes,Vps51,VPS51,mgi_ortholog,True
SINE-enriched genes,Vwa1,VWA1,mgi_ortholog,True
SINE-enriched genes,Vwa5b2,VWA5B2,mgi_ortholog,True
SINE-enriched genes,Wbp4,WBP4,mgi_ortholog,True
SINE-enriched genes,Wbscr22,,unmapped,False
SINE-enriched genes,Wdfy2,WDFY2,mgi_ortholog,True
SINE-enriched genes,Wdfy3,WDFY3,mgi_ortholog,True
SINE-enriched genes,Wdr45,WDR45,mgi_ortholog,True
SINE-enriched genes,Wdr53,WDR53,mgi_ortholog,True
SINE-enriched genes,Wdr55,WDR55,mgi_ortholog,True
SINE-enriched genes,Wdr74,WDR74,mgi_ortholog,True
SINE-enriched genes,Wdr81,WDR81,mgi_ortholog,True
SINE-enriched genes,Wdr83,WDR83,mgi_ortholog,True
SINE-enriched genes,Wdr90,WDR90,mgi_ortholog,True
SINE-enriched genes,Wdyhv1,,unmapped,False
SINE-enriched genes,Wfdc15b,,unmapped,False
SINE-enriched genes,Whsc1,,unmapped,False
SINE-enriched genes,Whsc1l1,,unmapped,False
SINE-enriched genes,Wibg,,unmapped,False
SINE-enriched genes,Wif1,WIF1,mgi_ortholog,True
SINE-enriched genes,Wipi2,WIPI2,mgi_ortholog,True
SINE-enriched genes,Wrb,,unmapped,False
SINE-enriched genes,Wtap,WTAP,mgi_ortholog,True
SINE-enriched genes,Wwc1,WWC1,mgi_ortholog,True
SINE-enriched genes,Xpo4,XPO4,mgi_ortholog,True
SINE-enriched genes,Xpo6,XPO6,mgi_ortholog,True
SINE-enriched genes,Xpot,XPOT,mgi_ortholog,True
SINE-enriched genes,Xpr1,XPR1,mgi_ortholog,True
SINE-enriched genes,Xrcc5,XRCC5,mgi_ortholog,True
SINE-enriched genes,Xrcc6,XRCC6,mgi_ortholog,True
SINE-enriched genes,Xylb,XYLB,mgi_ortholog,True
SINE-enriched genes,Yars,,unmapped,False
SINE-enriched genes,Yars2,YARS2,mgi_ortholog,True
SINE-enriched genes,Yipf1,YIPF1,mgi_ortholog,True
SINE-enriched genes,Ypel1,YPEL1,mgi_ortholog,True
SINE-enriched genes,Ywhag,YWHAG,mgi_ortholog,True
SINE-enriched genes,Ywhaq,YWHAQ,mgi_ortholog,True
SINE-enriched genes,Zar1,ZAR1,mgi_ortholog,True
SINE-enriched genes,Zbtb11,ZBTB11,mgi_ortholog,True
SINE-enriched genes,Zbtb25,ZBTB25,mgi_ortholog,True
SINE-enriched genes,Zbtb3,ZBTB3,mgi_ortholog,True
SINE-enriched genes,Zbtb37,ZBTB37,mgi_ortholog,True
SINE-enriched genes,Zbtb43,ZBTB43,mgi_ortholog,True
SINE-enriched genes,Zbtb44,ZBTB44,mgi_ortholog,True
SINE-enriched genes,Zbtb45,ZBTB45,mgi_ortholog,True
SINE-enriched genes,Zbtb6,ZBTB6,mgi_ortholog,True
SINE-enriched genes,Zbtb8b,ZBTB8B,mgi_ortholog,True
SINE-enriched genes,Zc3h10,ZC3H10,mgi_ortholog,True
SINE-enriched genes,Zc3h11a,ZC3H11A,symbol_upcase,True
SINE-enriched genes,Zc3hav1,ZC3HAV1,mgi_ortholog,True
SINE-enriched genes,Zc3hc1,ZC3HC1,mgi_ortholog,True
SINE-enriched genes,Zcchc10,ZCCHC10,mgi_ortholog,True
SINE-enriched genes,Zcchc13,ZCCHC13,mgi_ortholog,True
SINE-enriched genes,Zdhhc12,ZDHHC12,mgi_ortholog,True
SINE-enriched genes,Zfp101,,unmapped,False
SINE-enriched genes,Zfp119b,,unmapped,False
SINE-enriched genes,Zfp128,ZNF8,mgi_ortholog,True
SINE-enriched genes,Zfp143,ZNF143,mgi_ortholog,True
SINE-enriched genes,Zfp207,ZNF207,mgi_ortholog,True
SINE-enriched genes,Zfp213,ZNF213,mgi_ortholog,True
SINE-enriched genes,Zfp296,ZNF296,mgi_ortholog,True
SINE-enriched genes,Zfp335,ZNF335,mgi_ortholog,True
SINE-enriched genes,Zfp346,ZNF346,mgi_ortholog,True
SINE-enriched genes,Zfp36,ZFP36,mgi_ortholog,True
SINE-enriched genes,Zfp446,ZNF446,mgi_ortholog,True
SINE-enriched genes,Zfp46,ZNF436,mgi_ortholog,True
SINE-enriched genes,Zfp553,ZNF48,mgi_ortholog,True
SINE-enriched genes,Zfp574,ZNF574,mgi_ortholog,True
SINE-enriched genes,Zfp593,ZNF593,mgi_ortholog,True
SINE-enriched genes,Zfp61,ZNF226,mgi_ortholog,True
SINE-enriched genes,Zfp62,ZFP62,mgi_ortholog,True
SINE-enriched genes,Zfp652,ZNF652,mgi_ortholog,True
SINE-enriched genes,Zfp655,ZNF655,mgi_ortholog,True
SINE-enriched genes,Zfp668,ZNF668,mgi_ortholog,True
SINE-enriched genes,Zfp748,,unmapped,False
SINE-enriched genes,Zfp786,ZNF786,mgi_ortholog,True
SINE-enriched genes,Zfp830,ZNF830,mgi_ortholog,True
SINE-enriched genes,Zfp872,ZNF709,mgi_ortholog,True
SINE-enriched genes,Zfyve9,ZFYVE9,mgi_ortholog,True
SINE-enriched genes,Zg16,ZG16,mgi_ortholog,True
SINE-enriched genes,Zgpat,ZGPAT,mgi_ortholog,True
SINE-enriched genes,Zgrf1,ZGRF1,mgi_ortholog,True
SINE-enriched genes,Zmiz2,ZMIZ2,mgi_ortholog,True
SINE-enriched genes,Zmym3,ZMYM3,mgi_ortholog,True
SINE-enriched genes,Zmym4,ZMYM4,mgi_ortholog,True
SINE-enriched genes,Zmym5,ZMYM5,mgi_ortholog,True
SINE-enriched genes,Zmynd10,ZMYND10,mgi_ortholog,True
SINE-enriched genes,Zmynd19,ZMYND19,mgi_ortholog,True
SINE-enriched genes,Znfx1,ZNFX1,mgi_ortholog,True
SINE-enriched genes,Znhit3,ZNHIT3,mgi_ortholog,True
SINE-enriched genes,Znhit6,ZNHIT6,mgi_ortholog,True
SINE-enriched genes,Znrd1,,unmapped,False
SINE-enriched genes,Zp3,ZP3,mgi_ortholog,True
SINE-enriched genes,Zscan21,ZSCAN21,mgi_ortholog,True
SINE-enriched genes,Zswim3,ZSWIM3,mgi_ortholog,True
SINE-enriched genes,Zw10,ZW10,mgi_ortholog,True
SINE-enriched genes,Zwilch,ZWILCH,mgi_ortholog,True
SINE-enriched genes,Zyg11b,ZYG11B,mgi_ortholog,True
SINE-enriched genes,l7Rn6,,unmapped,False
