level,group,term_id,term_name,status,fdr_5pct,fdr_10pct
classes_count,LINE,GO:0000122,negative regulation of transcription by RNA polymerase II,gained_at_10pct,,0.0266781284648742
classes_count,LINE,GO:0000785,chromatin,gained_at_10pct,,0.0028128503344328
classes_count,LINE,GO:0000978,RNA polymerase II cis-regulatory region sequence-specific DNA binding,gained_at_10pct,,0.0157637994117947
classes_count,LINE,GO:0000981,"DNA-binding transcription factor activity, RNA polymerase II-specific",gained_at_10pct,,0.0006748046093176
classes_count,LINE,GO:0006355,regulation of DNA-templated transcription,gained_at_10pct,,0.0266781284648742
classes_count,LINE,GO:0006357,regulation of transcription by RNA polymerase II,gained_at_10pct,,0.0334003909199873
classes_count,LTR,GO:0002376,immune system process,gained_at_10pct,,0.0031919739804579
classes_count,LTR,GO:0003682,chromatin binding,gained_at_10pct,,0.0001027976701627
classes_count,LTR,GO:0003700,DNA-binding transcription factor activity,gained_at_10pct,,0.0037999771263328
classes_count,LTR,GO:0003729,mRNA binding,gained_at_10pct,,0.0077088187614886
classes_count,LTR,GO:0003779,actin binding,gained_at_10pct,,0.0047052920655701
classes_count,LTR,GO:0005516,calmodulin binding,gained_at_10pct,,0.0231092102750645
classes_count,LTR,GO:0005667,transcription regulator complex,gained_at_10pct,,0.0285569579872554
classes_count,LTR,GO:0005856,cytoskeleton,gained_at_10pct,,0.0013277134536806
classes_count,LTR,GO:0005912,adherens junction,gained_at_10pct,,0.015297315632557
classes_count,LTR,GO:0005925,focal adhesion,gained_at_10pct,,0.0047052920655701
classes_count,LTR,GO:0006805,xenobiotic metabolic process,gained_at_10pct,,0.0275616213738512
classes_count,LTR,GO:0007155,cell adhesion,gained_at_10pct,,0.0095815353909054
classes_count,LTR,GO:0007268,chemical synaptic transmission,gained_at_10pct,,0.0061584928832931
classes_count,LTR,GO:0007399,nervous system development,gained_at_10pct,,5.30198032942763e-07
classes_count,LTR,GO:0007420,brain development,gained_at_10pct,,0.0169302530588382
classes_count,LTR,GO:0008270,zinc ion binding,gained_at_10pct,,0.000162236719743
classes_count,LTR,GO:0008284,positive regulation of cell population proliferation,gained_at_10pct,,0.0011153044251823
classes_count,LTR,GO:0009653,anatomical structure morphogenesis,gained_at_10pct,,0.0495063765170584
classes_count,LTR,GO:0010468,regulation of gene expression,gained_at_10pct,,0.0013524571461367
classes_count,LTR,GO:0015031,protein transport,gained_at_10pct,,0.0019569022406686
classes_count,LTR,GO:0016878,acid-thiol ligase activity,gained_at_10pct,,0.0259741421314525
classes_count,LTR,GO:0030335,positive regulation of cell migration,gained_at_10pct,,0.0418419887828948
classes_count,LTR,GO:0030425,dendrite,gained_at_10pct,,0.0052158005732339
classes_count,LTR,GO:0034220,monoatomic ion transmembrane transport,lost_at_10pct,0.0236413973324575,
classes_count,LTR,GO:0044877,protein-containing complex binding,gained_at_10pct,,0.0258427982053279
classes_count,LTR,GO:0045087,innate immune response,gained_at_10pct,,0.0015792345011848
classes_count,LTR,GO:0045211,postsynaptic membrane,gained_at_10pct,,0.0001247342348552
classes_count,LTR,GO:0050839,cell adhesion molecule binding,gained_at_10pct,,0.0011886743268461
classes_count,LTR,GO:0070062,extracellular exosome,lost_at_10pct,0.034756945666245,
classes_count,LTR,GO:0070383,DNA cytosine deamination,gained_at_10pct,,0.0259741421314525
classes_count,LTR,GO:0090575,RNA polymerase II transcription regulator complex,gained_at_10pct,,0.0211457740605292
classes_count,LTR,GO:0098609,cell-cell adhesion,gained_at_10pct,,0.0203602461359218
classes_count,LTR,GO:0098978,glutamatergic synapse,gained_at_10pct,,0.032622952713981
classes_count,SINE,GO:0000244,spliceosomal tri-snRNP complex assembly,gained_at_10pct,,0.0112310482925339
classes_count,SINE,GO:0000781,"chromosome, telomeric region",gained_at_10pct,,0.0037798845530454
classes_count,SINE,GO:0001732,formation of cytoplasmic translation initiation complex,gained_at_10pct,,0.011124593474651
classes_count,SINE,GO:0002183,cytoplasmic translational initiation,gained_at_10pct,,0.0042981152450415
classes_count,SINE,GO:0003676,nucleic acid binding,gained_at_10pct,,0.0004510486963641
classes_count,SINE,GO:0003735,structural constituent of ribosome,gained_at_10pct,,0.0011208127051686
classes_count,SINE,GO:0003743,translation initiation factor activity,gained_at_10pct,,0.0244561703240718
classes_count,SINE,GO:0005576,extracellular region,gained_at_10pct,,0.0213357693043033
classes_count,SINE,GO:0005681,spliceosomal complex,gained_at_10pct,,6.867133044323315e-05
classes_count,SINE,GO:0005684,U2-type spliceosomal complex,gained_at_10pct,,0.0037798845530454
classes_count,SINE,GO:0005685,U1 snRNP,gained_at_10pct,,0.0386975542293078
classes_count,SINE,GO:0005687,U4 snRNP,gained_at_10pct,,0.0249159174197093
classes_count,SINE,GO:0005690,U4atac snRNP,gained_at_10pct,,0.0077280520613852
classes_count,SINE,GO:0005730,nucleolus,gained_at_10pct,,0.0434910144211715
classes_count,SINE,GO:0005741,mitochondrial outer membrane,gained_at_10pct,,0.019513317474002
classes_count,SINE,GO:0005758,mitochondrial intermembrane space,gained_at_10pct,,0.0154194571001102
classes_count,SINE,GO:0005765,lysosomal membrane,gained_at_10pct,,0.0069296567304803
classes_count,SINE,GO:0005840,ribosome,gained_at_10pct,,0.0018599973288594
classes_count,SINE,GO:0005852,eukaryotic translation initiation factor 3 complex,gained_at_10pct,,0.0180398392025412
classes_count,SINE,GO:0005925,focal adhesion,gained_at_10pct,,0.0001231033153519
classes_count,SINE,GO:0006281,DNA repair,gained_at_10pct,,0.0238245942661815
classes_count,SINE,GO:0006397,mRNA processing,gained_at_10pct,,5.3175697189141225e-08
classes_count,SINE,GO:0006413,translational initiation,gained_at_10pct,,0.0236976365108941
classes_count,SINE,GO:0006606,protein import into nucleus,gained_at_10pct,,0.015607422314865
classes_count,SINE,GO:0006886,intracellular protein transport,gained_at_10pct,,0.0019368081247364
classes_count,SINE,GO:0006914,autophagy,gained_at_10pct,,0.0249159174197093
classes_count,SINE,GO:0006915,apoptotic process,gained_at_10pct,,0.0475541898051915
classes_count,SINE,GO:0006974,DNA damage response,gained_at_10pct,,0.0010076841428936
classes_count,SINE,GO:0007144,female meiosis I,lost_at_10pct,0.0220411727526337,
classes_count,SINE,GO:0007165,signal transduction,gained_at_10pct,,0.005396679700393
classes_count,SINE,GO:0007186,G protein-coupled receptor signaling pathway,gained_at_10pct,,0.0002391404913186
classes_count,SINE,GO:0008340,determination of adult lifespan,gained_at_10pct,,0.0386332233817304
classes_count,SINE,GO:0008380,RNA splicing,gained_at_10pct,,1.8433444916379589e-06
classes_count,SINE,GO:0010008,endosome membrane,gained_at_10pct,,0.0434910144211715
classes_count,SINE,GO:0016192,vesicle-mediated transport,gained_at_10pct,,0.0063858183850392
classes_count,SINE,GO:0016282,eukaryotic 43S preinitiation complex,gained_at_10pct,,0.0386975542293078
classes_count,SINE,GO:0016787,hydrolase activity,gained_at_10pct,,0.0018599973288594
classes_count,SINE,GO:0019901,protein kinase binding,gained_at_10pct,,0.0026450016453344
classes_count,SINE,GO:0022626,cytosolic ribosome,gained_at_10pct,,0.0326339951771127
classes_count,SINE,GO:0030674,protein-macromolecule adaptor activity,gained_at_10pct,,0.0001499183443955
classes_count,SINE,GO:0031966,mitochondrial membrane,gained_at_10pct,,0.000854992010086
classes_count,SINE,GO:0032968,positive regulation of transcription elongation by RNA polymerase II,gained_at_10pct,,0.0475541898051915
classes_count,SINE,GO:0032991,protein-containing complex,gained_at_10pct,,0.0010427715402326
classes_count,SINE,GO:0033290,eukaryotic 48S preinitiation complex,gained_at_10pct,,0.0261123030430073
classes_count,SINE,GO:0046872,metal ion binding,gained_at_10pct,,0.0236976365108941
classes_count,SINE,GO:0048255,mRNA stabilization,gained_at_10pct,,0.0386975542293078
classes_count,SINE,GO:0048471,perinuclear region of cytoplasm,gained_at_10pct,,0.0172864234352299
classes_count,SINE,GO:0051117,ATPase binding,gained_at_10pct,,0.0299444766450422
classes_count,SINE,GO:0051301,cell division,gained_at_10pct,,0.0001064241692683
classes_count,SINE,GO:0051726,regulation of cell cycle,gained_at_10pct,,0.0029383266885142
classes_count,SINE,GO:0055088,lipid homeostasis,gained_at_10pct,,0.0401369337690195
classes_count,SINE,GO:0055102,lipase inhibitor activity,gained_at_10pct,,0.0386975542293078
classes_count,SINE,GO:0060090,molecular adaptor activity,gained_at_10pct,,0.0386975542293078
classes_count,SINE,GO:0070062,extracellular exosome,gained_at_10pct,,7.776383951774413e-06
classes_count,SINE,GO:0070300,phosphatidic acid binding,gained_at_10pct,,0.0283949369669385
classes_count,SINE,GO:0071001,U4/U6 snRNP,gained_at_10pct,,0.0178577007076904
classes_count,SINE,GO:0071002,U4atac/U6atac snRNP,gained_at_10pct,,0.0115218204835835
classes_count,SINE,GO:0071005,U2-type precatalytic spliceosome,gained_at_10pct,,0.0207617633947113
classes_count,SINE,GO:0071009,U4atac/U6atac x U5 tri-snRNP complex,gained_at_10pct,,0.002654222680517
classes_count,SINE,GO:0071011,precatalytic spliceosome,gained_at_10pct,,0.0003016854298958
classes_count,SINE,GO:0072686,mitotic spindle,gained_at_10pct,,0.0385020805959984
classes_count,SINE,GO:0080025,"phosphatidylinositol-3,5-bisphosphate binding",lost_at_10pct,0.0385525328230731,
classes_count,SINE,GO:0097190,apoptotic signaling pathway,gained_at_10pct,,0.0238245942661815
classes_count,SINE,GO:0140288,GBAF complex,gained_at_10pct,,0.0387217988801865
classes_count,SINE,GO:0140664,ATP-dependent DNA damage sensor activity,gained_at_10pct,,0.0245245748024291
classes_count,TE_bottom,GO:0000398,"mRNA splicing, via spliceosome",gained_at_10pct,,0.0084125117889799
classes_count,TE_bottom,GO:0000786,nucleosome,gained_at_10pct,,0.0038488048337313
classes_count,TE_bottom,GO:0001222,transcription corepressor binding,gained_at_10pct,,0.0157214903269168
classes_count,TE_bottom,GO:0001223,transcription coactivator binding,lost_at_10pct,0.0469706299207504,
classes_count,TE_bottom,GO:0001525,angiogenesis,gained_at_10pct,,0.0007465431124775
classes_count,TE_bottom,GO:0001547,antral ovarian follicle growth,gained_at_10pct,,0.0053786554655952
classes_count,TE_bottom,GO:0001837,epithelial to mesenchymal transition,gained_at_10pct,,0.0016773636932644
classes_count,TE_bottom,GO:0001958,endochondral ossification,lost_at_10pct,0.039752215046129,
classes_count,TE_bottom,GO:0001972,retinoic acid binding,gained_at_10pct,,0.0084125117889799
classes_count,TE_bottom,GO:0001974,blood vessel remodeling,gained_at_10pct,,9.857953940112317e-05
classes_count,TE_bottom,GO:0002063,chondrocyte development,gained_at_10pct,,0.0181436079417454
classes_count,TE_bottom,GO:0002068,glandular epithelial cell development,gained_at_10pct,,0.0352037828143737
classes_count,TE_bottom,GO:0002076,osteoblast development,lost_at_10pct,0.0468929331990464,
classes_count,TE_bottom,GO:0002089,lens morphogenesis in camera-type eye,lost_at_10pct,0.0353858261064393,
classes_count,TE_bottom,GO:0002181,cytoplasmic translation,gained_at_10pct,,0.0341044232914919
classes_count,TE_bottom,GO:0003129,heart induction,gained_at_10pct,,0.0184538193919104
classes_count,TE_bottom,GO:0003149,membranous septum morphogenesis,gained_at_10pct,,0.00752928963344
classes_count,TE_bottom,GO:0003179,heart valve morphogenesis,gained_at_10pct,,0.0338282762747568
classes_count,TE_bottom,GO:0003184,pulmonary valve morphogenesis,gained_at_10pct,,0.0015565395721765
classes_count,TE_bottom,GO:0003198,epithelial to mesenchymal transition involved in endocardial cushion formation,gained_at_10pct,,0.0053786554655952
classes_count,TE_bottom,GO:0003203,endocardial cushion morphogenesis,gained_at_10pct,,0.0023952171614618
classes_count,TE_bottom,GO:0003214,cardiac left ventricle morphogenesis,gained_at_10pct,,0.0135872574449723
classes_count,TE_bottom,GO:0003215,cardiac right ventricle morphogenesis,gained_at_10pct,,3.8001771205620894e-06
classes_count,TE_bottom,GO:0003253,cardiac neural crest cell migration involved in outflow tract morphogenesis,lost_at_10pct,0.0136107039433447,
classes_count,TE_bottom,GO:0003281,ventricular septum development,gained_at_10pct,,0.0183008643662093
classes_count,TE_bottom,GO:0003337,mesenchymal to epithelial transition involved in metanephros morphogenesis,gained_at_10pct,,0.0423408136145181
classes_count,TE_bottom,GO:0003344,pericardium morphogenesis,gained_at_10pct,,0.0084125117889799
classes_count,TE_bottom,GO:0003714,transcription corepressor activity,gained_at_10pct,,0.0217032500552465
classes_count,TE_bottom,GO:0003735,structural constituent of ribosome,gained_at_10pct,,0.0154143852417149
classes_count,TE_bottom,GO:0004714,transmembrane receptor protein tyrosine kinase activity,gained_at_10pct,,0.0478442285040958
classes_count,TE_bottom,GO:0004930,G protein-coupled receptor activity,lost_at_10pct,0.0034429397926436,
classes_count,TE_bottom,GO:0004970,glutamate-gated receptor activity,gained_at_10pct,,0.00752928963344
classes_count,TE_bottom,GO:0004971,AMPA glutamate receptor activity,gained_at_10pct,,0.0423408136145181
classes_count,TE_bottom,GO:0005003,ephrin receptor activity,gained_at_10pct,,0.0478442285040958
classes_count,TE_bottom,GO:0005005,transmembrane-ephrin receptor activity,gained_at_10pct,,0.014145559710962
classes_count,TE_bottom,GO:0005109,frizzled binding,gained_at_10pct,,0.0404320081711225
classes_count,TE_bottom,GO:0005216,monoatomic ion channel activity,gained_at_10pct,,0.0020210265919984
classes_count,TE_bottom,GO:0005242,inward rectifier potassium channel activity,gained_at_10pct,,0.0252562697896418
classes_count,TE_bottom,GO:0005246,calcium channel regulator activity,gained_at_10pct,,0.0214295270203804
classes_count,TE_bottom,GO:0005509,calcium ion binding,gained_at_10pct,,6.524577656437197e-06
classes_count,TE_bottom,GO:0005539,glycosaminoglycan binding,gained_at_10pct,,0.0191669930011163
classes_count,TE_bottom,GO:0005654,nucleoplasm,lost_at_10pct,0.0004981346284222,
classes_count,TE_bottom,GO:0005681,spliceosomal complex,gained_at_10pct,,0.0184538193919104
classes_count,TE_bottom,GO:0005694,chromosome,gained_at_10pct,,0.0214295270203804
classes_count,TE_bottom,GO:0005730,nucleolus,lost_at_10pct,0.0136107039433447,
classes_count,TE_bottom,GO:0005764,lysosome,gained_at_10pct,,0.0435747747264786
classes_count,TE_bottom,GO:0005768,endosome,lost_at_10pct,0.0098584089290199,
classes_count,TE_bottom,GO:0005794,Golgi apparatus,lost_at_10pct,0.0018554412663433,
classes_count,TE_bottom,GO:0005840,ribosome,gained_at_10pct,,0.0043408323907358
classes_count,TE_bottom,GO:0005886,plasma membrane,gained_at_10pct,,0.037419132941478
classes_count,TE_bottom,GO:0005912,adherens junction,gained_at_10pct,,0.0033933492870366
classes_count,TE_bottom,GO:0006281,DNA repair,gained_at_10pct,,0.0001459073663903
classes_count,TE_bottom,GO:0006364,rRNA processing,gained_at_10pct,,0.0152260890053065
classes_count,TE_bottom,GO:0006457,protein folding,gained_at_10pct,,0.0184538193919104
classes_count,TE_bottom,GO:0006886,intracellular protein transport,gained_at_10pct,,0.0059603972625206
classes_count,TE_bottom,GO:0006955,immune response,lost_at_10pct,0.0160350390481683,
classes_count,TE_bottom,GO:0006974,DNA damage response,gained_at_10pct,,0.0001501716441285
classes_count,TE_bottom,GO:0007059,chromosome segregation,gained_at_10pct,,0.0428559461804431
classes_count,TE_bottom,GO:0007155,cell adhesion,gained_at_10pct,,1.3985172734800668e-10
classes_count,TE_bottom,GO:0007157,heterophilic cell-cell adhesion,gained_at_10pct,,0.0314135583226518
classes_count,TE_bottom,GO:0007158,neuron cell-cell adhesion,gained_at_10pct,,4.474118317498048e-05
classes_count,TE_bottom,GO:0007186,G protein-coupled receptor signaling pathway,lost_at_10pct,0.0278277530731289,
classes_count,TE_bottom,GO:0007268,chemical synaptic transmission,gained_at_10pct,,2.886236556725308e-05
classes_count,TE_bottom,GO:0007379,segment specification,gained_at_10pct,,0.0016873962103181
classes_count,TE_bottom,GO:0007406,negative regulation of neuroblast proliferation,gained_at_10pct,,0.0423408136145181
classes_count,TE_bottom,GO:0007492,endoderm development,gained_at_10pct,,0.0030468013616414
classes_count,TE_bottom,GO:0007612,learning,gained_at_10pct,,0.0009666015150173
classes_count,TE_bottom,GO:0008016,regulation of heart contraction,gained_at_10pct,,0.0183008643662093
classes_count,TE_bottom,GO:0008076,voltage-gated potassium channel complex,gained_at_10pct,,0.0165242065915599
classes_count,TE_bottom,GO:0008083,growth factor activity,gained_at_10pct,,0.000438833607591
classes_count,TE_bottom,GO:0008289,lipid binding,lost_at_10pct,0.0245664261333246,
classes_count,TE_bottom,GO:0008584,male gonad development,gained_at_10pct,,6.089841794355956e-06
classes_count,TE_bottom,GO:0008595,"anterior/posterior axis specification, embryo",lost_at_10pct,0.0136107039433447,
classes_count,TE_bottom,GO:0009409,response to cold,lost_at_10pct,0.0469706299207504,
classes_count,TE_bottom,GO:0009410,response to xenobiotic stimulus,gained_at_10pct,,0.0420451268441982
classes_count,TE_bottom,GO:0009611,response to wounding,gained_at_10pct,,0.0022812172556115
classes_count,TE_bottom,GO:0009792,embryo development ending in birth or egg hatching,lost_at_10pct,0.033494061005535,
classes_count,TE_bottom,GO:0009948,anterior/posterior axis specification,gained_at_10pct,,0.0336989075649977
classes_count,TE_bottom,GO:0010001,glial cell differentiation,gained_at_10pct,,0.0246630311686766
classes_count,TE_bottom,GO:0010159,specification of animal organ position,gained_at_10pct,,0.0352037828143737
classes_count,TE_bottom,GO:0010667,negative regulation of cardiac muscle cell apoptotic process,gained_at_10pct,,0.0033022788050168
classes_count,TE_bottom,GO:0010719,negative regulation of epithelial to mesenchymal transition,gained_at_10pct,,0.0038520515857352
classes_count,TE_bottom,GO:0014003,oligodendrocyte development,gained_at_10pct,,0.0252562697896418
classes_count,TE_bottom,GO:0014031,mesenchymal cell development,gained_at_10pct,,0.0084125117889799
classes_count,TE_bottom,GO:0014069,postsynaptic density,gained_at_10pct,,0.0037219738099108
classes_count,TE_bottom,GO:0014807,regulation of somitogenesis,gained_at_10pct,,0.0423408136145181
classes_count,TE_bottom,GO:0015276,ligand-gated monoatomic ion channel activity,gained_at_10pct,,0.0447518785657788
classes_count,TE_bottom,GO:0016020,membrane,lost_at_10pct,2.2531472876870123e-08,
classes_count,TE_bottom,GO:0016199,axon midline choice point recognition,gained_at_10pct,,0.0191669930011163
classes_count,TE_bottom,GO:0016331,morphogenesis of embryonic epithelium,gained_at_10pct,,0.0053786554655952
classes_count,TE_bottom,GO:0016339,calcium-dependent cell-cell adhesion,gained_at_10pct,,0.0056230845148748
classes_count,TE_bottom,GO:0016342,catenin complex,gained_at_10pct,,0.0245668401552625
classes_count,TE_bottom,GO:0016491,oxidoreductase activity,lost_at_10pct,0.014394513432824,
classes_count,TE_bottom,GO:0016917,GABA receptor activity,gained_at_10pct,,0.0033933492870366
classes_count,TE_bottom,GO:0021510,spinal cord development,lost_at_10pct,0.039752215046129,
classes_count,TE_bottom,GO:0021516,dorsal spinal cord development,lost_at_10pct,0.0234832254108785,
classes_count,TE_bottom,GO:0021530,spinal cord oligodendrocyte cell fate specification,gained_at_10pct,,0.0352037828143737
classes_count,TE_bottom,GO:0021543,pallium development,gained_at_10pct,,0.0352037828143737
classes_count,TE_bottom,GO:0021544,subpallium development,gained_at_10pct,,0.0191669930011163
classes_count,TE_bottom,GO:0021559,trigeminal nerve development,lost_at_10pct,0.0136107039433447,
classes_count,TE_bottom,GO:0021615,glossopharyngeal nerve morphogenesis,lost_at_10pct,0.0280863131788071,
classes_count,TE_bottom,GO:0021637,trigeminal nerve structural organization,gained_at_10pct,,0.0423408136145181
classes_count,TE_bottom,GO:0021707,cerebellar granule cell differentiation,lost_at_10pct,0.0234832254108785,
classes_count,TE_bottom,GO:0021740,principal sensory nucleus of trigeminal nerve development,gained_at_10pct,,0.0352037828143737
classes_count,TE_bottom,GO:0021794,thalamus development,lost_at_10pct,0.0092855032951516,
classes_count,TE_bottom,GO:0021895,cerebral cortex neuron differentiation,gained_at_10pct,,0.0085502449303965
classes_count,TE_bottom,GO:0021904,dorsal/ventral neural tube patterning,gained_at_10pct,,0.0344638852678799
classes_count,TE_bottom,GO:0021915,neural tube development,gained_at_10pct,,0.0047091717503583
classes_count,TE_bottom,GO:0021953,central nervous system neuron differentiation,lost_at_10pct,0.0092855032951516,
classes_count,TE_bottom,GO:0021957,corticospinal tract morphogenesis,gained_at_10pct,,0.0084125117889799
classes_count,TE_bottom,GO:0022407,regulation of cell-cell adhesion,lost_at_10pct,0.0267581796712853,
classes_count,TE_bottom,GO:0022626,cytosolic ribosome,gained_at_10pct,,0.0250878741477858
classes_count,TE_bottom,GO:0023041,neuronal signal transduction,gained_at_10pct,,0.0084125117889799
classes_count,TE_bottom,GO:0030020,extracellular matrix structural constituent conferring tensile strength,gained_at_10pct,,0.0077743072051447
classes_count,TE_bottom,GO:0030177,positive regulation of Wnt signaling pathway,gained_at_10pct,,0.0214295270203804
classes_count,TE_bottom,GO:0030178,negative regulation of Wnt signaling pathway,gained_at_10pct,,0.0307962766319329
classes_count,TE_bottom,GO:0030215,semaphorin receptor binding,gained_at_10pct,,0.0144751137262903
classes_count,TE_bottom,GO:0030317,flagellated sperm motility,gained_at_10pct,,0.0175562145270122
classes_count,TE_bottom,GO:0030335,positive regulation of cell migration,gained_at_10pct,,0.0001735878687407
classes_count,TE_bottom,GO:0030425,dendrite,gained_at_10pct,,1.6105502151700063e-05
classes_count,TE_bottom,GO:0030501,positive regulation of bone mineralization,gained_at_10pct,,0.0023080868266673
classes_count,TE_bottom,GO:0030513,positive regulation of BMP signaling pathway,gained_at_10pct,,0.000552963058441
classes_count,TE_bottom,GO:0030545,signaling receptor regulator activity,gained_at_10pct,,0.0478442285040958
classes_count,TE_bottom,GO:0030857,negative regulation of epithelial cell differentiation,gained_at_10pct,,0.0007489504666026
classes_count,TE_bottom,GO:0031267,small GTPase binding,lost_at_10pct,0.0240772238176159,
classes_count,TE_bottom,GO:0031514,motile cilium,gained_at_10pct,,0.0053786554655952
classes_count,TE_bottom,GO:0031901,early endosome membrane,lost_at_10pct,0.0245664261333246,
classes_count,TE_bottom,GO:0032281,AMPA glutamate receptor complex,gained_at_10pct,,0.0190962376150641
classes_count,TE_bottom,GO:0032331,negative regulation of chondrocyte differentiation,gained_at_10pct,,0.0009543952278306
classes_count,TE_bottom,GO:0032332,positive regulation of chondrocyte differentiation,gained_at_10pct,,0.0181436079417454
classes_count,TE_bottom,GO:0032342,aldosterone biosynthetic process,gained_at_10pct,,0.0352037828143737
classes_count,TE_bottom,GO:0032808,lacrimal gland development,gained_at_10pct,,0.0084125117889799
classes_count,TE_bottom,GO:0033077,T cell differentiation in thymus,gained_at_10pct,,0.0038604934737889
classes_count,TE_bottom,GO:0033574,response to testosterone,gained_at_10pct,,0.0144253236483114
classes_count,TE_bottom,GO:0034332,adherens junction organization,gained_at_10pct,,0.0009376561795541
classes_count,TE_bottom,GO:0034702,monoatomic ion channel complex,gained_at_10pct,,0.0416894641619135
classes_count,TE_bottom,GO:0035235,ionotropic glutamate receptor signaling pathway,gained_at_10pct,,0.0102996363965613
classes_count,TE_bottom,GO:0035249,"synaptic transmission, glutamatergic",gained_at_10pct,,0.0248908035725127
classes_count,TE_bottom,GO:0035264,multicellular organism growth,gained_at_10pct,,0.0077743072051447
classes_count,TE_bottom,GO:0035284,brain segmentation,gained_at_10pct,,0.0352037828143737
classes_count,TE_bottom,GO:0035418,protein localization to synapse,gained_at_10pct,,0.0336989075649977
classes_count,TE_bottom,GO:0035910,ascending aorta morphogenesis,gained_at_10pct,,0.0053786554655952
classes_count,TE_bottom,GO:0035993,deltoid tuberosity development,gained_at_10pct,,0.0352037828143737
classes_count,TE_bottom,GO:0036486,ventral trunk neural crest cell migration,gained_at_10pct,,0.0352037828143737
classes_count,TE_bottom,GO:0036520,astrocyte-dopaminergic neuron signaling,gained_at_10pct,,0.0352037828143737
classes_count,TE_bottom,GO:0038060,nitric oxide-cGMP-mediated signaling,gained_at_10pct,,0.0032236616221064
classes_count,TE_bottom,GO:0038191,neuropilin binding,gained_at_10pct,,0.0084125117889799
classes_count,TE_bottom,GO:0040036,regulation of fibroblast growth factor receptor signaling pathway,gained_at_10pct,,0.000552963058441
classes_count,TE_bottom,GO:0042060,wound healing,gained_at_10pct,,0.0032236616221064
classes_count,TE_bottom,GO:0042254,ribosome biogenesis,gained_at_10pct,,0.0263398113526637
classes_count,TE_bottom,GO:0042421,norepinephrine biosynthetic process,lost_at_10pct,0.0366234569526529,
classes_count,TE_bottom,GO:0042487,regulation of odontogenesis of dentin-containing tooth,gained_at_10pct,,0.0084125117889799
classes_count,TE_bottom,GO:0042693,muscle cell fate commitment,gained_at_10pct,,0.0423408136145181
classes_count,TE_bottom,GO:0043005,neuron projection,gained_at_10pct,,0.0016218556834948
classes_count,TE_bottom,GO:0043025,neuronal cell body,gained_at_10pct,,5.899650117114453e-06
classes_count,TE_bottom,GO:0043197,dendritic spine,gained_at_10pct,,6.285758776930242e-05
classes_count,TE_bottom,GO:0043198,dendritic shaft,gained_at_10pct,,0.0077743072051447
classes_count,TE_bottom,GO:0043204,perikaryon,gained_at_10pct,,0.0478442285040958
classes_count,TE_bottom,GO:0043403,skeletal muscle tissue regeneration,gained_at_10pct,,0.0252562697896418
classes_count,TE_bottom,GO:0043410,positive regulation of MAPK cascade,gained_at_10pct,,0.000552963058441
classes_count,TE_bottom,GO:0043425,bHLH transcription factor binding,gained_at_10pct,,0.0496484164815748
classes_count,TE_bottom,GO:0043679,axon terminus,gained_at_10pct,,0.0050044698221764
classes_count,TE_bottom,GO:0044295,axonal growth cone,gained_at_10pct,,0.0045859582146701
classes_count,TE_bottom,GO:0044323,retinoic acid-responsive element binding,gained_at_10pct,,0.0033933492870366
classes_count,TE_bottom,GO:0044331,cell-cell adhesion mediated by cadherin,gained_at_10pct,,0.0050111269367343
classes_count,TE_bottom,GO:0044344,cellular response to fibroblast growth factor stimulus,gained_at_10pct,,0.0037219738099108
classes_count,TE_bottom,GO:0045202,synapse,gained_at_10pct,,0.0002134578474242
classes_count,TE_bottom,GO:0045445,myoblast differentiation,gained_at_10pct,,0.0305496961089116
classes_count,TE_bottom,GO:0045499,chemorepellent activity,gained_at_10pct,,2.032688437671244e-06
classes_count,TE_bottom,GO:0045595,regulation of cell differentiation,gained_at_10pct,,1.0770442261303995e-05
classes_count,TE_bottom,GO:0045599,negative regulation of fat cell differentiation,gained_at_10pct,,0.0352037828143737
classes_count,TE_bottom,GO:0045608,negative regulation of inner ear auditory receptor cell differentiation,gained_at_10pct,,0.0053786554655952
classes_count,TE_bottom,GO:0045663,positive regulation of myoblast differentiation,gained_at_10pct,,0.0056230845148748
classes_count,TE_bottom,GO:0045669,positive regulation of osteoblast differentiation,gained_at_10pct,,0.0008696668143748
classes_count,TE_bottom,GO:0045687,positive regulation of glial cell differentiation,gained_at_10pct,,0.0423408136145181
classes_count,TE_bottom,GO:0045746,negative regulation of Notch signaling pathway,gained_at_10pct,,0.013464559043845
classes_count,TE_bottom,GO:0045747,positive regulation of Notch signaling pathway,gained_at_10pct,,0.000779601312183
classes_count,TE_bottom,GO:0045843,negative regulation of striated muscle tissue development,gained_at_10pct,,0.0423408136145181
classes_count,TE_bottom,GO:0046533,negative regulation of photoreceptor cell differentiation,gained_at_10pct,,0.0033933492870366
classes_count,TE_bottom,GO:0048009,insulin-like growth factor receptor signaling pathway,gained_at_10pct,,0.0496484164815748
classes_count,TE_bottom,GO:0048013,ephrin receptor signaling pathway,gained_at_10pct,,0.0157214903269168
classes_count,TE_bottom,GO:0048018,receptor ligand activity,gained_at_10pct,,0.0305496961089116
classes_count,TE_bottom,GO:0048103,somatic stem cell division,gained_at_10pct,,0.00752928963344
classes_count,TE_bottom,GO:0048146,positive regulation of fibroblast proliferation,gained_at_10pct,,0.0314135583226518
classes_count,TE_bottom,GO:0048167,regulation of synaptic plasticity,gained_at_10pct,,0.0058500272343092
classes_count,TE_bottom,GO:0048286,lung alveolus development,gained_at_10pct,,0.0034328621339893
classes_count,TE_bottom,GO:0048384,retinoic acid receptor signaling pathway,gained_at_10pct,,0.0421287811696493
classes_count,TE_bottom,GO:0048407,platelet-derived growth factor binding,gained_at_10pct,,0.0135872574449723
classes_count,TE_bottom,GO:0048514,blood vessel morphogenesis,gained_at_10pct,,0.0367418081378189
classes_count,TE_bottom,GO:0048565,digestive tract development,gained_at_10pct,,0.0281906301680878
classes_count,TE_bottom,GO:0048566,embryonic digestive tract development,gained_at_10pct,,0.0023952171614618
classes_count,TE_bottom,GO:0048598,embryonic morphogenesis,gained_at_10pct,,0.0421287811696493
classes_count,TE_bottom,GO:0048644,muscle organ morphogenesis,gained_at_10pct,,0.00752928963344
classes_count,TE_bottom,GO:0048645,animal organ formation,gained_at_10pct,,0.0001119759852729
classes_count,TE_bottom,GO:0048708,astrocyte differentiation,gained_at_10pct,,0.0478442285040958
classes_count,TE_bottom,GO:0048711,positive regulation of astrocyte differentiation,gained_at_10pct,,0.00752928963344
classes_count,TE_bottom,GO:0048715,negative regulation of oligodendrocyte differentiation,gained_at_10pct,,0.0344638852678799
classes_count,TE_bottom,GO:0048762,mesenchymal cell differentiation,gained_at_10pct,,0.0344638852678799
classes_count,TE_bottom,GO:0048787,presynaptic active zone membrane,gained_at_10pct,,0.0223725284106869
classes_count,TE_bottom,GO:0048812,neuron projection morphogenesis,gained_at_10pct,,0.0405724958727942
classes_count,TE_bottom,GO:0048843,negative regulation of axon extension involved in axon guidance,lost_at_10pct,0.0366234569526529,
classes_count,TE_bottom,GO:0048846,axon extension involved in axon guidance,gained_at_10pct,,0.0184538193919104
classes_count,TE_bottom,GO:0048863,stem cell differentiation,gained_at_10pct,,0.0071341299429835
classes_count,TE_bottom,GO:0050772,positive regulation of axonogenesis,gained_at_10pct,,0.0008064441215451
classes_count,TE_bottom,GO:0050808,synapse organization,gained_at_10pct,,0.0006316174641511
classes_count,TE_bottom,GO:0050840,extracellular matrix binding,gained_at_10pct,,0.0496484164815748
classes_count,TE_bottom,GO:0050919,negative chemotaxis,gained_at_10pct,,2.385536461743979e-06
classes_count,TE_bottom,GO:0050925,negative regulation of negative chemotaxis,gained_at_10pct,,0.0352037828143737
classes_count,TE_bottom,GO:0051321,meiotic cell cycle,gained_at_10pct,,0.0434287233326209
classes_count,TE_bottom,GO:0051897,positive regulation of phosphatidylinositol 3-kinase/protein kinase B signal transduction,gained_at_10pct,,0.0021704010670495
classes_count,TE_bottom,GO:0051932,"synaptic transmission, GABAergic",gained_at_10pct,,0.0190962376150641
classes_count,TE_bottom,GO:0051963,regulation of synapse assembly,gained_at_10pct,,0.0038604934737889
classes_count,TE_bottom,GO:0051968,"positive regulation of synaptic transmission, glutamatergic",gained_at_10pct,,0.0335460114777075
classes_count,TE_bottom,GO:0055007,cardiac muscle cell differentiation,gained_at_10pct,,0.0190962376150641
classes_count,TE_bottom,GO:0055009,atrial cardiac muscle tissue morphogenesis,lost_at_10pct,0.0136107039433447,
classes_count,TE_bottom,GO:0055010,ventricular cardiac muscle tissue morphogenesis,gained_at_10pct,,0.0144751137262903
classes_count,TE_bottom,GO:0055012,ventricular cardiac muscle cell differentiation,gained_at_10pct,,0.0033933492870366
classes_count,TE_bottom,GO:0055119,relaxation of cardiac muscle,gained_at_10pct,,0.022043851907306
classes_count,TE_bottom,GO:0060038,cardiac muscle cell proliferation,gained_at_10pct,,0.0405724958727942
classes_count,TE_bottom,GO:0060076,excitatory synapse,gained_at_10pct,,0.0009376561795541
classes_count,TE_bottom,GO:0060078,regulation of postsynaptic membrane potential,gained_at_10pct,,0.0067377210753278
classes_count,TE_bottom,GO:0060080,inhibitory postsynaptic potential,gained_at_10pct,,0.0135872574449723
classes_count,TE_bottom,GO:0060134,prepulse inhibition,gained_at_10pct,,0.0344638852678799
classes_count,TE_bottom,GO:0060173,limb development,gained_at_10pct,,0.0260443271517627
classes_count,TE_bottom,GO:0060174,limb bud formation,gained_at_10pct,,0.0002911888186896
classes_count,TE_bottom,GO:0060216,definitive hemopoiesis,lost_at_10pct,0.0098584089290199,
classes_count,TE_bottom,GO:0060231,mesenchymal to epithelial transition,gained_at_10pct,,0.0135872574449723
classes_count,TE_bottom,GO:0060317,cardiac epithelial to mesenchymal transition,gained_at_10pct,,0.0478442285040958
classes_count,TE_bottom,GO:0060348,bone development,gained_at_10pct,,0.0011542741856749
classes_count,TE_bottom,GO:0060384,innervation,gained_at_10pct,,0.0003713724123177
classes_count,TE_bottom,GO:0060413,atrial septum morphogenesis,gained_at_10pct,,0.0053786554655952
classes_count,TE_bottom,GO:0060426,lung vasculature development,gained_at_10pct,,0.0016800113176924
classes_count,TE_bottom,GO:0060439,trachea morphogenesis,lost_at_10pct,0.0280863131788071,
classes_count,TE_bottom,GO:0060442,branching involved in prostate gland morphogenesis,gained_at_10pct,,0.0423408136145181
classes_count,TE_bottom,GO:0060449,bud elongation involved in lung branching,gained_at_10pct,,0.000552963058441
classes_count,TE_bottom,GO:0060463,lung lobe morphogenesis,gained_at_10pct,,0.0184538193919104
classes_count,TE_bottom,GO:0060484,lung-associated mesenchyme development,gained_at_10pct,,0.0338282762747568
classes_count,TE_bottom,GO:0060510,type II pneumocyte differentiation,gained_at_10pct,,0.0084125117889799
classes_count,TE_bottom,GO:0060523,prostate epithelial cord elongation,gained_at_10pct,,0.0352037828143737
classes_count,TE_bottom,GO:0060527,prostate epithelial cord arborization involved in prostate glandular acinus morphogenesis,gained_at_10pct,,0.0084125117889799
classes_count,TE_bottom,GO:0060536,cartilage morphogenesis,gained_at_10pct,,0.0423408136145181
classes_count,TE_bottom,GO:0060638,mesenchymal-epithelial cell signaling,gained_at_10pct,,0.0423408136145181
classes_count,TE_bottom,GO:0060710,chorio-allantoic fusion,gained_at_10pct,,0.0084125117889799
classes_count,TE_bottom,GO:0060749,mammary gland alveolus development,gained_at_10pct,,0.0305496961089116
classes_count,TE_bottom,GO:0060769,positive regulation of epithelial cell proliferation involved in prostate gland development,gained_at_10pct,,0.0352037828143737
classes_count,TE_bottom,GO:0060948,cardiac vascular smooth muscle cell development,gained_at_10pct,,0.0352037828143737
classes_count,TE_bottom,GO:0060956,endocardial cell differentiation,gained_at_10pct,,0.0191669930011163
classes_count,TE_bottom,GO:0060997,dendritic spine morphogenesis,gained_at_10pct,,0.0084125117889799
classes_count,TE_bottom,GO:0061030,epithelial cell differentiation involved in mammary gland alveolus development,lost_at_10pct,0.0280863131788071,
classes_count,TE_bottom,GO:0061031,endodermal digestive tract morphogenesis,gained_at_10pct,,0.0352037828143737
classes_count,TE_bottom,GO:0061036,positive regulation of cartilage development,gained_at_10pct,,1.0462355325971482e-05
classes_count,TE_bottom,GO:0061037,negative regulation of cartilage development,gained_at_10pct,,0.0338282762747568
classes_count,TE_bottom,GO:0061053,somite development,lost_at_10pct,0.0468929331990464,
classes_count,TE_bottom,GO:0061309,cardiac neural crest cell development involved in outflow tract morphogenesis,gained_at_10pct,,0.0053786554655952
classes_count,TE_bottom,GO:0061630,ubiquitin protein ligase activity,gained_at_10pct,,0.0442967600054355
classes_count,TE_bottom,GO:0070564,positive regulation of vitamin D receptor signaling pathway,gained_at_10pct,,0.0423408136145181
classes_count,TE_bottom,GO:0071372,cellular response to follicle-stimulating hormone stimulus,lost_at_10pct,0.0136107039433447,
classes_count,TE_bottom,GO:0071375,cellular response to peptide hormone stimulus,gained_at_10pct,,0.0207440129559586
classes_count,TE_bottom,GO:0071526,semaphorin-plexin signaling pathway,gained_at_10pct,,0.0004677421175364
classes_count,TE_bottom,GO:0071599,otic vesicle development,gained_at_10pct,,0.0084125117889799
classes_count,TE_bottom,GO:0071711,basement membrane organization,gained_at_10pct,,0.0148881343581209
classes_count,TE_bottom,GO:0072017,distal tubule development,gained_at_10pct,,0.0352037828143737
classes_count,TE_bottom,GO:0072049,comma-shaped body morphogenesis,gained_at_10pct,,0.0352037828143737
classes_count,TE_bottom,GO:0072050,S-shaped body morphogenesis,gained_at_10pct,,0.0053786554655952
classes_count,TE_bottom,GO:0072197,ureter morphogenesis,gained_at_10pct,,0.000552963058441
classes_count,TE_bottom,GO:0072207,metanephric epithelium development,gained_at_10pct,,0.0008064441215451
classes_count,TE_bottom,GO:0072289,metanephric nephron tubule formation,gained_at_10pct,,0.0053786554655952
classes_count,TE_bottom,GO:0072553,terminal button organization,gained_at_10pct,,0.0191669930011163
classes_count,TE_bottom,GO:0086004,regulation of cardiac muscle cell contraction,gained_at_10pct,,0.0085502449303965
classes_count,TE_bottom,GO:0086013,membrane repolarization during cardiac muscle cell action potential,gained_at_10pct,,0.0007489504666026
classes_count,TE_bottom,GO:0086091,regulation of heart rate by cardiac conduction,gained_at_10pct,,0.0305496961089116
classes_count,TE_bottom,GO:0090102,cochlea development,gained_at_10pct,,0.0051623059832337
classes_count,TE_bottom,GO:0090184,positive regulation of kidney development,gained_at_10pct,,0.0352037828143737
classes_count,TE_bottom,GO:0090190,positive regulation of branching involved in ureteric bud morphogenesis,gained_at_10pct,,0.0015565395721765
classes_count,TE_bottom,GO:0090575,RNA polymerase II transcription regulator complex,gained_at_10pct,,0.0084125117889799
classes_count,TE_bottom,GO:0097105,presynaptic membrane assembly,gained_at_10pct,,0.0038418345274817
classes_count,TE_bottom,GO:0097109,neuroligin family protein binding,gained_at_10pct,,0.0191669930011163
classes_count,TE_bottom,GO:0097118,neuroligin clustering involved in postsynaptic membrane assembly,gained_at_10pct,,0.0352037828143737
classes_count,TE_bottom,GO:0097120,receptor localization to synapse,gained_at_10pct,,0.0338282762747568
classes_count,TE_bottom,GO:0097154,GABAergic neuron differentiation,gained_at_10pct,,0.0352037828143737
classes_count,TE_bottom,GO:0097490,sympathetic neuron projection extension,gained_at_10pct,,0.0423408136145181
classes_count,TE_bottom,GO:0098609,cell-cell adhesion,gained_at_10pct,,0.0043408323907358
classes_count,TE_bottom,GO:0098685,Schaffer collateral - CA1 synapse,gained_at_10pct,,0.0003713724123177
classes_count,TE_bottom,GO:0098820,trans-synaptic protein complex,gained_at_10pct,,0.0184538193919104
classes_count,TE_bottom,GO:0098903,regulation of membrane repolarization during action potential,gained_at_10pct,,0.0352037828143737
classes_count,TE_bottom,GO:0098914,membrane repolarization during atrial cardiac muscle cell action potential,gained_at_10pct,,0.0191669930011163
classes_count,TE_bottom,GO:0098984,neuron to neuron synapse,gained_at_10pct,,0.0338282762747568
classes_count,TE_bottom,GO:0098989,NMDA selective glutamate receptor signaling pathway,gained_at_10pct,,0.0423408136145181
classes_count,TE_bottom,GO:0099171,presynaptic modulation of chemical synaptic transmission,gained_at_10pct,,0.0030468013616414
classes_count,TE_bottom,GO:0099505,regulation of presynaptic membrane potential,gained_at_10pct,,0.0148881343581209
classes_count,TE_bottom,GO:0099507,ligand-gated monoatomic ion channel activity involved in regulation of presynaptic membrane potential,gained_at_10pct,,0.0207440129559586
classes_count,TE_bottom,GO:0099538,synaptic signaling via neuropeptide,gained_at_10pct,,0.0184538193919104
classes_count,TE_bottom,GO:0099557,"trans-synaptic signaling by trans-synaptic complex, modulating synaptic transmission",gained_at_10pct,,0.0084125117889799
classes_count,TE_bottom,GO:0099634,postsynaptic specialization membrane,gained_at_10pct,,0.0013058842433052
classes_count,TE_bottom,GO:1901381,positive regulation of potassium ion transmembrane transport,gained_at_10pct,,0.0037219738099108
classes_count,TE_bottom,GO:1902894,negative regulation of miRNA transcription,gained_at_10pct,,0.0335460114777075
classes_count,TE_bottom,GO:1904315,transmitter-gated monoatomic ion channel activity involved in regulation of postsynaptic membrane potential,gained_at_10pct,,0.0182065496144947
classes_count,TE_bottom,GO:1904646,cellular response to amyloid-beta,gained_at_10pct,,0.0305496961089116
classes_count,TE_bottom,GO:1904862,inhibitory synapse assembly,gained_at_10pct,,0.0252562697896418
classes_count,TE_bottom,GO:1905072,cardiac jelly development,gained_at_10pct,,0.0053786554655952
classes_count,TE_bottom,GO:1990573,potassium ion import across plasma membrane,gained_at_10pct,,0.0478442285040958
classes_count,TE_bottom,GO:1990904,ribonucleoprotein complex,gained_at_10pct,,0.005366853530186
classes_count,TE_bottom,GO:2000974,negative regulation of pro-B cell differentiation,gained_at_10pct,,0.0352037828143737
classes_count,TE_bottom,GO:2001054,negative regulation of mesenchymal cell apoptotic process,gained_at_10pct,,0.0423408136145181
classes_count,TE_bottom,GO:2001222,regulation of neuron migration,gained_at_10pct,,0.0252562697896418
classes_count,TE_bottom,GO:2001234,negative regulation of apoptotic signaling pathway,gained_at_10pct,,0.0367418081378189
classes_count,TE_top,GO:0000387,spliceosomal snRNP assembly,gained_at_10pct,,0.0422255052584636
classes_count,TE_top,GO:0001042,RNA polymerase I core binding,gained_at_10pct,,0.0455217913795504
classes_count,TE_top,GO:0002183,cytoplasmic translational initiation,gained_at_10pct,,0.0394144516828407
classes_count,TE_top,GO:0003723,RNA binding,gained_at_10pct,,0.0093437287935685
classes_count,TE_top,GO:0004930,G protein-coupled receptor activity,gained_at_10pct,,0.010258662963759
classes_count,TE_top,GO:0004984,olfactory receptor activity,gained_at_10pct,,0.0066106241534797
classes_count,TE_top,GO:0005576,extracellular region,gained_at_10pct,,0.0085404051822433
classes_count,TE_top,GO:0005684,U2-type spliceosomal complex,gained_at_10pct,,0.0317401655456284
classes_count,TE_top,GO:0005741,mitochondrial outer membrane,gained_at_10pct,,0.0493609620005077
classes_count,TE_top,GO:0005743,mitochondrial inner membrane,gained_at_10pct,,3.964168850580382e-05
classes_count,TE_top,GO:0005759,mitochondrial matrix,gained_at_10pct,,0.0005047958320929
classes_count,TE_top,GO:0006119,oxidative phosphorylation,gained_at_10pct,,0.0093437287935685
classes_count,TE_top,GO:0006384,transcription initiation at RNA polymerase III promoter,gained_at_10pct,,0.0493609620005077
classes_count,TE_top,GO:0006565,L-serine catabolic process,gained_at_10pct,,0.0455217913795504
classes_count,TE_top,GO:0006744,ubiquinone biosynthetic process,gained_at_10pct,,0.0093437287935685
classes_count,TE_top,GO:0007165,signal transduction,gained_at_10pct,,0.0146322051207916
classes_count,TE_top,GO:0007186,G protein-coupled receptor signaling pathway,gained_at_10pct,,0.018362257999694
classes_count,TE_top,GO:0007608,sensory perception of smell,gained_at_10pct,,0.0100224051578727
classes_count,TE_top,GO:0008094,"ATP-dependent activity, acting on DNA",gained_at_10pct,,0.0254497525501813
classes_count,TE_top,GO:0008380,RNA splicing,gained_at_10pct,,0.0422255052584636
classes_count,TE_top,GO:0009653,anatomical structure morphogenesis,gained_at_10pct,,0.0135422347429575
classes_count,TE_top,GO:0015031,protein transport,gained_at_10pct,,0.0054488963771389
classes_count,TE_top,GO:0016874,ligase activity,gained_at_10pct,,0.0054488963771389
classes_count,TE_top,GO:0016887,ATP hydrolysis activity,gained_at_10pct,,0.0022772350153554
classes_count,TE_top,GO:0031966,mitochondrial membrane,gained_at_10pct,,0.0054488963771389
classes_count,TE_top,GO:0033290,eukaryotic 48S preinitiation complex,gained_at_10pct,,0.0466291125767987
classes_count,TE_top,GO:0042373,vitamin K metabolic process,gained_at_10pct,,0.0066106241534797
classes_count,TE_top,GO:0050911,detection of chemical stimulus involved in sensory perception of smell,gained_at_10pct,,0.0100224051578727
classes_count,TE_top,GO:0071339,MLL1 complex,gained_at_10pct,,0.0100224051578727
classes_count,TE_top,GO:0097190,apoptotic signaling pathway,lost_at_10pct,0.0344031301311325,
classes_count,TE_top,GO:0110142,ubiquinone biosynthesis complex,gained_at_10pct,,0.0292797567052877
classes_divergence,DNA / highest,GO:0005886,plasma membrane,gained_at_10pct,,0.0137306413310048
classes_divergence,LINE / highest,GO:0004879,nuclear receptor activity,gained_at_10pct,,0.0012471909649145
classes_divergence,LINE / highest,GO:0004930,G protein-coupled receptor activity,gained_at_10pct,,0.023355795987196
classes_divergence,LINE / highest,GO:0004984,olfactory receptor activity,gained_at_10pct,,5.767732572493503e-05
classes_divergence,LINE / highest,GO:0005737,cytoplasm,gained_at_10pct,,0.0073179098192718
classes_divergence,LINE / highest,GO:0005886,plasma membrane,gained_at_10pct,,0.0006746602594222
classes_divergence,LINE / highest,GO:0006811,monoatomic ion transport,gained_at_10pct,,0.023355795987196
classes_divergence,LINE / highest,GO:0007608,sensory perception of smell,gained_at_10pct,,0.0002262322697896
classes_divergence,LINE / highest,GO:0030020,extracellular matrix structural constituent conferring tensile strength,lost_at_10pct,0.0449876856783626,
classes_divergence,LINE / highest,GO:0030154,cell differentiation,gained_at_10pct,,0.0180058849200566
classes_divergence,LINE / highest,GO:0030424,axon,gained_at_10pct,,0.0005333592234771
classes_divergence,LINE / highest,GO:0030425,dendrite,gained_at_10pct,,0.0017439276439867
classes_divergence,LINE / highest,GO:0034220,monoatomic ion transmembrane transport,gained_at_10pct,,0.0010215893634419
classes_divergence,LINE / highest,GO:0042802,identical protein binding,gained_at_10pct,,0.0123326307621873
classes_divergence,LINE / highest,GO:0043005,neuron projection,gained_at_10pct,,0.0032078235241775
classes_divergence,LINE / highest,GO:0043025,neuronal cell body,gained_at_10pct,,0.007639101954208
classes_divergence,LINE / highest,GO:0045202,synapse,gained_at_10pct,,9.786829585497152e-08
classes_divergence,LINE / highest,GO:0050808,synapse organization,gained_at_10pct,,0.033786923347615
classes_divergence,LINE / highest,GO:0050911,detection of chemical stimulus involved in sensory perception of smell,gained_at_10pct,,5.301065453314069e-05
classes_divergence,LINE / highest,GO:0098609,cell-cell adhesion,gained_at_10pct,,0.023355795987196
classes_divergence,LINE / highest,GO:0098978,glutamatergic synapse,gained_at_10pct,,0.0201817896781093
classes_divergence,LINE / highest,GO:1990573,potassium ion import across plasma membrane,gained_at_10pct,,0.0473262119959195
classes_divergence,LINE / lowest,GO:0005549,odorant binding,gained_at_10pct,,1.111639785556338e-05
classes_divergence,LINE / lowest,GO:0005634,nucleus,gained_at_10pct,,0.0091050943159943
classes_divergence,LINE / lowest,GO:0005856,cytoskeleton,gained_at_10pct,,0.0091050943159943
classes_divergence,LINE / lowest,GO:0005911,cell-cell junction,gained_at_10pct,,0.015053027183556
classes_divergence,LINE / lowest,GO:0006721,terpenoid metabolic process,lost_at_10pct,0.0074601121596022,
classes_divergence,LINE / lowest,GO:0006974,DNA damage response,gained_at_10pct,,0.0482123789571126
classes_divergence,LINE / lowest,GO:0007165,signal transduction,gained_at_10pct,,0.0091050943159943
classes_divergence,LINE / lowest,GO:0015031,protein transport,lost_at_10pct,0.0329450040801325,
classes_divergence,LINE / lowest,GO:0030027,lamellipodium,gained_at_10pct,,0.0465267391473858
classes_divergence,LINE / lowest,GO:0030036,actin cytoskeleton organization,gained_at_10pct,,0.0384128719087279
classes_divergence,LINE / lowest,GO:0032991,protein-containing complex,gained_at_10pct,,0.0465267391473858
classes_divergence,LINE / lowest,GO:0045095,keratin filament,gained_at_10pct,,0.0465267391473858
classes_divergence,LINE / lowest,GO:0045202,synapse,gained_at_10pct,,0.0094094695219934
classes_divergence,LINE / lowest,GO:0098793,presynapse,gained_at_10pct,,0.0292424305722274
classes_divergence,LINE / lowest,GO:0098794,postsynapse,gained_at_10pct,,0.0381220440290933
classes_divergence,LTR / highest,GO:0016339,calcium-dependent cell-cell adhesion,lost_at_10pct,0.0235771129713263,
classes_divergence,LTR / lowest,GO:0005739,mitochondrion,gained_at_10pct,,4.958518841431e-07
classes_divergence,LTR / lowest,GO:0006629,lipid metabolic process,gained_at_10pct,,0.0431365581602632
classes_divergence,LTR / lowest,GO:0016712,"oxidoreductase activity, acting on paired donors, with incorporation or reduction of molecular oxygen, reduced flavin or flavoprotein as one donor, and incorporation of one atom of oxygen",lost_at_10pct,0.0393441845290895,
classes_divergence,SINE / highest,GO:0000049,tRNA binding,gained_at_10pct,,0.0444949529264835
classes_divergence,SINE / highest,GO:0000398,"mRNA splicing, via spliceosome",gained_at_10pct,,0.0258527250768978
classes_divergence,SINE / highest,GO:0000775,"chromosome, centromeric region",gained_at_10pct,,0.0245212774577255
classes_divergence,SINE / highest,GO:0000781,"chromosome, telomeric region",gained_at_10pct,,0.0184252946203972
classes_divergence,SINE / highest,GO:0000785,chromatin,gained_at_10pct,,0.0484386105463392
classes_divergence,SINE / highest,GO:0003129,heart induction,lost_at_10pct,0.0450376356963534,
classes_divergence,SINE / highest,GO:0003197,endocardial cushion development,lost_at_10pct,0.0359139906159305,
classes_divergence,SINE / highest,GO:0003198,epithelial to mesenchymal transition involved in endocardial cushion formation,lost_at_10pct,0.0042641106672605,
classes_divergence,SINE / highest,GO:0003676,nucleic acid binding,gained_at_10pct,,0.0188540201249848
classes_divergence,SINE / highest,GO:0003707,nuclear steroid receptor activity,gained_at_10pct,,0.0276324678021199
classes_divergence,SINE / highest,GO:0003729,mRNA binding,gained_at_10pct,,0.0053287543931179
classes_divergence,SINE / highest,GO:0003735,structural constituent of ribosome,gained_at_10pct,,0.0004970644050945
classes_divergence,SINE / highest,GO:0004867,serine-type endopeptidase inhibitor activity,gained_at_10pct,,0.0052804376105497
classes_divergence,SINE / highest,GO:0004879,nuclear receptor activity,gained_at_10pct,,0.0011053690524117
classes_divergence,SINE / highest,GO:0004935,adrenergic receptor activity,lost_at_10pct,0.0068143903447191,
classes_divergence,SINE / highest,GO:0004938,alpha2-adrenergic receptor activity,lost_at_10pct,0.0193189603057163,
classes_divergence,SINE / highest,GO:0004970,glutamate-gated receptor activity,gained_at_10pct,,0.0166476265253788
classes_divergence,SINE / highest,GO:0005201,extracellular matrix structural constituent,gained_at_10pct,,0.0475554036330225
classes_divergence,SINE / highest,GO:0005509,calcium ion binding,gained_at_10pct,,0.0032707216249077
classes_divergence,SINE / highest,GO:0005515,protein binding,gained_at_10pct,,0.000162355542208
classes_divergence,SINE / highest,GO:0005525,GTP binding,gained_at_10pct,,0.0252338519291515
classes_divergence,SINE / highest,GO:0005549,odorant binding,gained_at_10pct,,0.0196504387007735
classes_divergence,SINE / highest,GO:0005681,spliceosomal complex,gained_at_10pct,,0.0248219868092945
classes_divergence,SINE / highest,GO:0005694,chromosome,gained_at_10pct,,0.0010571637703187
classes_divergence,SINE / highest,GO:0005765,lysosomal membrane,gained_at_10pct,,0.0386343346178711
classes_divergence,SINE / highest,GO:0005783,endoplasmic reticulum,gained_at_10pct,,0.0326734236293435
classes_divergence,SINE / highest,GO:0005813,centrosome,lost_at_10pct,0.0153115104766402,
classes_divergence,SINE / highest,GO:0005840,ribosome,gained_at_10pct,,0.0001651096064451
classes_divergence,SINE / highest,GO:0005901,caveola,gained_at_10pct,,0.0469613850611105
classes_divergence,SINE / highest,GO:0006281,DNA repair,gained_at_10pct,,4.405787407842488e-05
classes_divergence,SINE / highest,GO:0006364,rRNA processing,gained_at_10pct,,0.0045150938067941
classes_divergence,SINE / highest,GO:0006417,regulation of translation,gained_at_10pct,,0.0078651964462316
classes_divergence,SINE / highest,GO:0006511,ubiquitin-dependent protein catabolic process,gained_at_10pct,,0.0113262893039593
classes_divergence,SINE / highest,GO:0006955,immune response,gained_at_10pct,,0.039830238868023
classes_divergence,SINE / highest,GO:0007043,cell-cell junction assembly,gained_at_10pct,,0.0252338519291515
classes_divergence,SINE / highest,GO:0007154,cell communication,gained_at_10pct,,0.0252784799138363
classes_divergence,SINE / highest,GO:0007156,homophilic cell-cell adhesion,gained_at_10pct,,0.0125562865684257
classes_divergence,SINE / highest,GO:0007162,negative regulation of cell adhesion,gained_at_10pct,,0.0188540201249848
classes_divergence,SINE / highest,GO:0007283,spermatogenesis,gained_at_10pct,,0.0129414400998772
classes_divergence,SINE / highest,GO:0007416,synapse assembly,gained_at_10pct,,4.82303654026415e-06
classes_divergence,SINE / highest,GO:0007422,peripheral nervous system development,gained_at_10pct,,0.0365292822786307
classes_divergence,SINE / highest,GO:0007507,heart development,lost_at_10pct,0.0400390127561568,
classes_divergence,SINE / highest,GO:0008045,motor neuron axon guidance,gained_at_10pct,,0.0276324678021199
classes_divergence,SINE / highest,GO:0010001,glial cell differentiation,gained_at_10pct,,0.0462414160657575
classes_divergence,SINE / highest,GO:0010628,positive regulation of gene expression,gained_at_10pct,,0.011752892047833
classes_divergence,SINE / highest,GO:0014069,postsynaptic density,gained_at_10pct,,0.0001457442006875
classes_divergence,SINE / highest,GO:0014704,intercalated disc,lost_at_10pct,0.0028627329746098,
classes_divergence,SINE / highest,GO:0015031,protein transport,gained_at_10pct,,0.0002398867931282
classes_divergence,SINE / highest,GO:0015271,outward rectifier potassium channel activity,gained_at_10pct,,0.0345094603588439
classes_divergence,SINE / highest,GO:0016020,membrane,lost_at_10pct,0.0096693669586165,
classes_divergence,SINE / highest,GO:0016339,calcium-dependent cell-cell adhesion,gained_at_10pct,,0.0114638478024337
classes_divergence,SINE / highest,GO:0016342,catenin complex,gained_at_10pct,,0.0034343844955687
classes_divergence,SINE / highest,GO:0016787,hydrolase activity,gained_at_10pct,,0.0099342060605478
classes_divergence,SINE / highest,GO:0016887,ATP hydrolysis activity,gained_at_10pct,,0.0491187457538311
classes_divergence,SINE / highest,GO:0017154,semaphorin receptor activity,gained_at_10pct,,0.011913322549635
classes_divergence,SINE / highest,GO:0017158,regulation of calcium ion-dependent exocytosis,gained_at_10pct,,0.0252338519291515
classes_divergence,SINE / highest,GO:0019966,interleukin-1 binding,lost_at_10pct,0.0271616621538594,
classes_divergence,SINE / highest,GO:0021527,spinal cord association neuron differentiation,lost_at_10pct,0.0359139906159305,
classes_divergence,SINE / highest,GO:0021766,hippocampus development,lost_at_10pct,0.0108879437083411,
classes_divergence,SINE / highest,GO:0022008,neurogenesis,lost_at_10pct,0.0074664313788548,
classes_divergence,SINE / highest,GO:0022626,cytosolic ribosome,gained_at_10pct,,0.0094714839734833
classes_divergence,SINE / highest,GO:0030182,neuron differentiation,gained_at_10pct,,0.0493804631712512
classes_divergence,SINE / highest,GO:0030280,structural constituent of skin epidermis,gained_at_10pct,,0.0002610021881794
classes_divergence,SINE / highest,GO:0030335,positive regulation of cell migration,lost_at_10pct,0.0453517743920296,
classes_divergence,SINE / highest,GO:0030534,adult behavior,gained_at_10pct,,0.0496079113713062
classes_divergence,SINE / highest,GO:0030916,otic vesicle formation,gained_at_10pct,,0.0191342719069565
classes_divergence,SINE / highest,GO:0031069,hair follicle morphogenesis,gained_at_10pct,,0.0174310879071057
classes_divergence,SINE / highest,GO:0031625,ubiquitin protein ligase binding,gained_at_10pct,,0.0439241036512142
classes_divergence,SINE / highest,GO:0031966,mitochondrial membrane,gained_at_10pct,,0.0042949329064204
classes_divergence,SINE / highest,GO:0032590,dendrite membrane,lost_at_10pct,0.0038831712794038,
classes_divergence,SINE / highest,GO:0032811,negative regulation of epinephrine secretion,gained_at_10pct,,0.0396258098510709
classes_divergence,SINE / highest,GO:0034056,estrogen response element binding,gained_at_10pct,,0.0275120420819033
classes_divergence,SINE / highest,GO:0034332,adherens junction organization,gained_at_10pct,,0.0079149314625229
classes_divergence,SINE / highest,GO:0035116,embryonic hindlimb morphogenesis,lost_at_10pct,0.0016754028270585,
classes_divergence,SINE / highest,GO:0035176,social behavior,gained_at_10pct,,0.0078651964462316
classes_divergence,SINE / highest,GO:0035295,tube development,gained_at_10pct,,0.011913322549635
classes_divergence,SINE / highest,GO:0038023,signaling receptor activity,gained_at_10pct,,0.0043605454600006
classes_divergence,SINE / highest,GO:0043113,receptor clustering,lost_at_10pct,0.0423243412133469,
classes_divergence,SINE / highest,GO:0043194,axon initial segment,gained_at_10pct,,0.006966791886858
classes_divergence,SINE / highest,GO:0043204,perikaryon,gained_at_10pct,,0.0114638478024337
classes_divergence,SINE / highest,GO:0043235,receptor complex,gained_at_10pct,,0.024851923237439
classes_divergence,SINE / highest,GO:0044325,transmembrane transporter binding,gained_at_10pct,,0.0063016923483153
classes_divergence,SINE / highest,GO:0044331,cell-cell adhesion mediated by cadherin,gained_at_10pct,,0.0100154142046086
classes_divergence,SINE / highest,GO:0045095,keratin filament,gained_at_10pct,,0.0060291556650524
classes_divergence,SINE / highest,GO:0045109,intermediate filament organization,gained_at_10pct,,0.0315875480296745
classes_divergence,SINE / highest,GO:0045165,cell fate commitment,gained_at_10pct,,0.0469613850611105
classes_divergence,SINE / highest,GO:0045608,negative regulation of inner ear auditory receptor cell differentiation,gained_at_10pct,,0.0125562865684257
classes_divergence,SINE / highest,GO:0045665,negative regulation of neuron differentiation,gained_at_10pct,,0.0450880319156471
classes_divergence,SINE / highest,GO:0045893,positive regulation of DNA-templated transcription,lost_at_10pct,0.048409434602242,
classes_divergence,SINE / highest,GO:0048513,animal organ development,gained_at_10pct,,0.0232135332766645
classes_divergence,SINE / highest,GO:0048709,oligodendrocyte differentiation,gained_at_10pct,,0.0174310879071057
classes_divergence,SINE / highest,GO:0048731,system development,gained_at_10pct,,0.0013855895640628
classes_divergence,SINE / highest,GO:0048787,presynaptic active zone membrane,lost_at_10pct,0.0019984330816528,
classes_divergence,SINE / highest,GO:0048813,dendrite morphogenesis,gained_at_10pct,,0.0411052822941019
classes_divergence,SINE / highest,GO:0050772,positive regulation of axonogenesis,lost_at_10pct,0.048409434602242,
classes_divergence,SINE / highest,GO:0050877,nervous system process,lost_at_10pct,0.048409434602242,
classes_divergence,SINE / highest,GO:0050919,negative chemotaxis,lost_at_10pct,0.0008938875754858,
classes_divergence,SINE / highest,GO:0050925,negative regulation of negative chemotaxis,lost_at_10pct,0.0193189603057163,
classes_divergence,SINE / highest,GO:0051301,cell division,gained_at_10pct,,0.0039173026182789
classes_divergence,SINE / highest,GO:0051321,meiotic cell cycle,gained_at_10pct,,0.0388181927900964
classes_divergence,SINE / highest,GO:0051480,regulation of cytosolic calcium ion concentration,gained_at_10pct,,0.0100154142046086
classes_divergence,SINE / highest,GO:0055007,cardiac muscle cell differentiation,lost_at_10pct,0.0129325523544084,
classes_divergence,SINE / highest,GO:0055008,cardiac muscle tissue morphogenesis,gained_at_10pct,,0.0014589159827706
classes_divergence,SINE / highest,GO:0060074,synapse maturation,gained_at_10pct,,0.0276324678021199
classes_divergence,SINE / highest,GO:0060076,excitatory synapse,gained_at_10pct,,0.0274053673771158
classes_divergence,SINE / highest,GO:0060113,inner ear receptor cell differentiation,gained_at_10pct,,0.0436091675434091
classes_divergence,SINE / highest,GO:0060412,ventricular septum morphogenesis,gained_at_10pct,,0.0301640069090278
classes_divergence,SINE / highest,GO:0060413,atrial septum morphogenesis,lost_at_10pct,0.0359139906159305,
classes_divergence,SINE / highest,GO:0060996,dendritic spine development,gained_at_10pct,,0.0276324678021199
classes_divergence,SINE / highest,GO:0062009,secondary palate development,lost_at_10pct,0.048409434602242,
classes_divergence,SINE / highest,GO:0070374,positive regulation of ERK1 and ERK2 cascade,gained_at_10pct,,0.0114638478024337
classes_divergence,SINE / highest,GO:0071526,semaphorin-plexin signaling pathway,lost_at_10pct,0.0440681909072084,
classes_divergence,SINE / highest,GO:0071625,vocalization behavior,gained_at_10pct,,9.848489297836949e-05
classes_divergence,SINE / highest,GO:0086004,regulation of cardiac muscle cell contraction,lost_at_10pct,0.048409434602242,
classes_divergence,SINE / highest,GO:0086091,regulation of heart rate by cardiac conduction,lost_at_10pct,0.0073221812705815,
classes_divergence,SINE / highest,GO:0098609,cell-cell adhesion,gained_at_10pct,,0.0382076028663186
classes_divergence,SINE / highest,GO:0098632,cell-cell adhesion mediator activity,gained_at_10pct,,0.0301640069090278
classes_divergence,SINE / highest,GO:0099054,presynapse assembly,gained_at_10pct,,0.0188945424305823
classes_divergence,SINE / highest,GO:0099560,synaptic membrane adhesion,gained_at_10pct,,0.027728144481846
classes_divergence,SINE / highest,GO:0160001,extrasynaptic signaling via GABA,lost_at_10pct,0.0450376356963534,
classes_divergence,SINE / highest,GO:1901379,regulation of potassium ion transmembrane transport,gained_at_10pct,,0.0057545886593073
classes_divergence,SINE / highest,GO:1903779,regulation of cardiac conduction,gained_at_10pct,,0.0252338519291515
classes_divergence,SINE / highest,GO:1904861,excitatory synapse assembly,gained_at_10pct,,0.0436091675434091
classes_divergence,SINE / lowest,GO:0003677,DNA binding,gained_at_10pct,,0.0029707148551278
classes_divergence,SINE / lowest,GO:0005515,protein binding,lost_at_10pct,0.0008154057211825,
classes_divergence,SINE / lowest,GO:0005576,extracellular region,gained_at_10pct,,3.137076484119894e-05
classes_divergence,SINE / lowest,GO:0005615,extracellular space,gained_at_10pct,,7.543155014186138e-05
classes_divergence,SINE / lowest,GO:0005634,nucleus,gained_at_10pct,,0.0002251761908956
classes_divergence,SINE / lowest,GO:0005654,nucleoplasm,gained_at_10pct,,0.0175749685682018
classes_divergence,SINE / lowest,GO:0005886,plasma membrane,gained_at_10pct,,4.567469447672701e-05
classes_divergence,SINE / lowest,GO:0006355,regulation of DNA-templated transcription,gained_at_10pct,,0.0033282053381326
classes_divergence,SINE / lowest,GO:0006935,chemotaxis,gained_at_10pct,,0.0417085015719536
classes_divergence,SINE / lowest,GO:0006955,immune response,gained_at_10pct,,0.0175749685682018
classes_divergence,SINE / lowest,GO:0016020,membrane,gained_at_10pct,,0.000879670964296
classes_divergence,SINE / lowest,GO:0062072,histone H3K9me2/3 reader activity,gained_at_10pct,,0.0437119931058529
classes_divergence,SINE / lowest,GO:0070062,extracellular exosome,lost_at_10pct,0.0008154057211825,
classes_divergence,TE_all / highest,GO:0000122,negative regulation of transcription by RNA polymerase II,gained_at_10pct,,0.0487633619830417
classes_divergence,TE_all / highest,GO:0000166,nucleotide binding,gained_at_10pct,,0.0199964086201786
classes_divergence,TE_all / highest,GO:0000398,"mRNA splicing, via spliceosome",gained_at_10pct,,0.0137872504381234
classes_divergence,TE_all / highest,GO:0000775,"chromosome, centromeric region",gained_at_10pct,,0.0171794700066863
classes_divergence,TE_all / highest,GO:0000977,RNA polymerase II transcription regulatory region sequence-specific DNA binding,lost_at_10pct,0.0103755278090756,
classes_divergence,TE_all / highest,GO:0001508,action potential,gained_at_10pct,,0.0072331468232675
classes_divergence,TE_all / highest,GO:0001525,angiogenesis,gained_at_10pct,,0.001994315438822
classes_divergence,TE_all / highest,GO:0001569,branching involved in blood vessel morphogenesis,gained_at_10pct,,0.010286384536822
classes_divergence,TE_all / highest,GO:0001657,ureteric bud development,gained_at_10pct,,0.0295211888777246
classes_divergence,TE_all / highest,GO:0002009,morphogenesis of an epithelium,gained_at_10pct,,0.0454591069612845
classes_divergence,TE_all / highest,GO:0002181,cytoplasmic translation,gained_at_10pct,,0.0084539749357431
classes_divergence,TE_all / highest,GO:0003148,outflow tract septum morphogenesis,gained_at_10pct,,0.0010499262417856
classes_divergence,TE_all / highest,GO:0003338,metanephros morphogenesis,lost_at_10pct,0.0424402704392935,
classes_divergence,TE_all / highest,GO:0003707,nuclear steroid receptor activity,gained_at_10pct,,0.0052893636758496
classes_divergence,TE_all / highest,GO:0003735,structural constituent of ribosome,gained_at_10pct,,0.0244043067853082
classes_divergence,TE_all / highest,GO:0004720,protein-lysine 6-oxidase activity,gained_at_10pct,,0.0294421316891585
classes_divergence,TE_all / highest,GO:0004843,cysteine-type deubiquitinase activity,gained_at_10pct,,0.0220075169763978
classes_divergence,TE_all / highest,GO:0004879,nuclear receptor activity,gained_at_10pct,,0.0010541456757114
classes_divergence,TE_all / highest,GO:0004971,AMPA glutamate receptor activity,lost_at_10pct,0.0113183392800763,
classes_divergence,TE_all / highest,GO:0005001,transmembrane receptor protein tyrosine phosphatase activity,gained_at_10pct,,0.0454399219515486
classes_divergence,TE_all / highest,GO:0005005,transmembrane-ephrin receptor activity,gained_at_10pct,,0.0222689904890465
classes_divergence,TE_all / highest,GO:0005102,signaling receptor binding,gained_at_10pct,,0.0341092020875821
classes_divergence,TE_all / highest,GO:0005230,extracellular ligand-gated monoatomic ion channel activity,lost_at_10pct,0.0403240407188117,
classes_divergence,TE_all / highest,GO:0005251,delayed rectifier potassium channel activity,gained_at_10pct,,0.029313366795318
classes_divergence,TE_all / highest,GO:0005581,collagen trimer,gained_at_10pct,,0.0026426946867813
classes_divergence,TE_all / highest,GO:0005634,nucleus,gained_at_10pct,,1.6191699815968946e-05
classes_divergence,TE_all / highest,GO:0005654,nucleoplasm,gained_at_10pct,,0.0008248419958171
classes_divergence,TE_all / highest,GO:0005681,spliceosomal complex,gained_at_10pct,,0.0036206643253285
classes_divergence,TE_all / highest,GO:0005694,chromosome,gained_at_10pct,,0.0009693606690385
classes_divergence,TE_all / highest,GO:0005730,nucleolus,gained_at_10pct,,9.432721035061188e-05
classes_divergence,TE_all / highest,GO:0005765,lysosomal membrane,gained_at_10pct,,0.0025489907574597
classes_divergence,TE_all / highest,GO:0005840,ribosome,gained_at_10pct,,0.0228838788889267
classes_divergence,TE_all / highest,GO:0005891,voltage-gated calcium channel complex,gained_at_10pct,,0.0227538202110951
classes_divergence,TE_all / highest,GO:0005901,caveola,gained_at_10pct,,0.0066088652205246
classes_divergence,TE_all / highest,GO:0005954,calcium- and calmodulin-dependent protein kinase complex,gained_at_10pct,,0.0294421316891585
classes_divergence,TE_all / highest,GO:0006281,DNA repair,gained_at_10pct,,6.206184698084272e-06
classes_divergence,TE_all / highest,GO:0006357,regulation of transcription by RNA polymerase II,lost_at_10pct,0.0008737374280665,
classes_divergence,TE_all / highest,GO:0006364,rRNA processing,gained_at_10pct,,0.0088817956809389
classes_divergence,TE_all / highest,GO:0006397,mRNA processing,gained_at_10pct,,0.0058451407587124
classes_divergence,TE_all / highest,GO:0006457,protein folding,gained_at_10pct,,0.0036206643253285
classes_divergence,TE_all / highest,GO:0006511,ubiquitin-dependent protein catabolic process,gained_at_10pct,,0.0057376825748705
classes_divergence,TE_all / highest,GO:0007030,Golgi organization,gained_at_10pct,,0.0294066155383314
classes_divergence,TE_all / highest,GO:0007043,cell-cell junction assembly,lost_at_10pct,0.0487675166683113,
classes_divergence,TE_all / highest,GO:0007156,homophilic cell-cell adhesion,gained_at_10pct,,0.0026742365812199
classes_divergence,TE_all / highest,GO:0007157,heterophilic cell-cell adhesion,gained_at_10pct,,0.0174741407083673
classes_divergence,TE_all / highest,GO:0007162,negative regulation of cell adhesion,gained_at_10pct,,0.0450143181887659
classes_divergence,TE_all / highest,GO:0007169,cell surface receptor protein tyrosine kinase signaling pathway,gained_at_10pct,,0.0052893636758496
classes_divergence,TE_all / highest,GO:0007186,G protein-coupled receptor signaling pathway,gained_at_10pct,,0.0181685729760162
classes_divergence,TE_all / highest,GO:0007193,adenylate cyclase-inhibiting G protein-coupled receptor signaling pathway,gained_at_10pct,,0.0127036987677175
classes_divergence,TE_all / highest,GO:0007200,phospholipase C-activating G protein-coupled receptor signaling pathway,gained_at_10pct,,0.0472469034842055
classes_divergence,TE_all / highest,GO:0007219,Notch signaling pathway,gained_at_10pct,,0.0172268502311312
classes_divergence,TE_all / highest,GO:0007386,compartment pattern specification,lost_at_10pct,0.0424402704392935,
classes_divergence,TE_all / highest,GO:0007409,axonogenesis,gained_at_10pct,,0.0202833030228159
classes_divergence,TE_all / highest,GO:0007417,central nervous system development,gained_at_10pct,,0.02736002301222
classes_divergence,TE_all / highest,GO:0007519,skeletal muscle tissue development,lost_at_10pct,0.0399612422533444,
classes_divergence,TE_all / highest,GO:0007528,neuromuscular junction development,gained_at_10pct,,0.0010588732060434
classes_divergence,TE_all / highest,GO:0007614,short-term memory,gained_at_10pct,,0.0215233646034939
classes_divergence,TE_all / highest,GO:0008016,regulation of heart contraction,gained_at_10pct,,0.0001058236572418
classes_divergence,TE_all / highest,GO:0008033,tRNA processing,gained_at_10pct,,0.0032891307122791
classes_divergence,TE_all / highest,GO:0008201,heparin binding,lost_at_10pct,0.0265096813495381,
classes_divergence,TE_all / highest,GO:0008380,RNA splicing,gained_at_10pct,,0.0363349090202142
classes_divergence,TE_all / highest,GO:0008544,epidermis development,gained_at_10pct,,0.0239907107898813
classes_divergence,TE_all / highest,GO:0010001,glial cell differentiation,gained_at_10pct,,0.0016838691798647
classes_divergence,TE_all / highest,GO:0010628,positive regulation of gene expression,gained_at_10pct,,0.0004752540511388
classes_divergence,TE_all / highest,GO:0010718,positive regulation of epithelial to mesenchymal transition,gained_at_10pct,,0.0234711558372348
classes_divergence,TE_all / highest,GO:0014704,intercalated disc,gained_at_10pct,,0.0088817956809389
classes_divergence,TE_all / highest,GO:0015277,kainate selective glutamate receptor activity,gained_at_10pct,,0.0294421316891585
classes_divergence,TE_all / highest,GO:0016020,membrane,gained_at_10pct,,0.0057146585476023
classes_divergence,TE_all / highest,GO:0016477,cell migration,gained_at_10pct,,0.0184281708180917
classes_divergence,TE_all / highest,GO:0016567,protein ubiquitination,gained_at_10pct,,0.0034042812516412
classes_divergence,TE_all / highest,GO:0016579,protein deubiquitination,gained_at_10pct,,0.0043822117523314
classes_divergence,TE_all / highest,GO:0016641,"oxidoreductase activity, acting on the CH-NH2 group of donors, oxygen as acceptor",gained_at_10pct,,0.0294421316891585
classes_divergence,TE_all / highest,GO:0016740,transferase activity,gained_at_10pct,,0.0422109531487102
classes_divergence,TE_all / highest,GO:0016787,hydrolase activity,gained_at_10pct,,0.0027096689865294
classes_divergence,TE_all / highest,GO:0016887,ATP hydrolysis activity,gained_at_10pct,,0.005921232455133
classes_divergence,TE_all / highest,GO:0019228,neuronal action potential,gained_at_10pct,,0.010286384536822
classes_divergence,TE_all / highest,GO:0019955,cytokine binding,gained_at_10pct,,0.0363595494462637
classes_divergence,TE_all / highest,GO:0021612,facial nerve structural organization,lost_at_10pct,0.0055572965132297,
classes_divergence,TE_all / highest,GO:0021631,optic nerve morphogenesis,gained_at_10pct,,0.0294421316891585
classes_divergence,TE_all / highest,GO:0021637,trigeminal nerve structural organization,lost_at_10pct,0.0113183392800763,
classes_divergence,TE_all / highest,GO:0021707,cerebellar granule cell differentiation,lost_at_10pct,0.035968047841547,
classes_divergence,TE_all / highest,GO:0021785,branchiomotor neuron axon guidance,lost_at_10pct,0.0214773433190178,
classes_divergence,TE_all / highest,GO:0021879,forebrain neuron differentiation,lost_at_10pct,0.035968047841547,
classes_divergence,TE_all / highest,GO:0022008,neurogenesis,gained_at_10pct,,0.013470293274544
classes_divergence,TE_all / highest,GO:0022626,cytosolic ribosome,gained_at_10pct,,0.0387817850691781
classes_divergence,TE_all / highest,GO:0022849,glutamate-gated calcium ion channel activity,lost_at_10pct,0.0055572965132297,
classes_divergence,TE_all / highest,GO:0030020,extracellular matrix structural constituent conferring tensile strength,gained_at_10pct,,0.0010588732060434
classes_divergence,TE_all / highest,GO:0030054,cell junction,gained_at_10pct,,0.0340715611886283
classes_divergence,TE_all / highest,GO:0030279,negative regulation of ossification,lost_at_10pct,0.0286075934345353,
classes_divergence,TE_all / highest,GO:0030280,structural constituent of skin epidermis,gained_at_10pct,,7.522318862194297e-05
classes_divergence,TE_all / highest,GO:0030296,protein tyrosine kinase activator activity,gained_at_10pct,,0.0310502785426706
classes_divergence,TE_all / highest,GO:0030315,T-tubule,gained_at_10pct,,0.0066060412962419
classes_divergence,TE_all / highest,GO:0030518,nuclear receptor-mediated steroid hormone signaling pathway,gained_at_10pct,,0.0177373203039293
classes_divergence,TE_all / highest,GO:0030855,epithelial cell differentiation,gained_at_10pct,,0.0010541456757114
classes_divergence,TE_all / highest,GO:0030900,forebrain development,gained_at_10pct,,0.0227538202110951
classes_divergence,TE_all / highest,GO:0031175,neuron projection development,gained_at_10pct,,0.044504783008193
classes_divergence,TE_all / highest,GO:0031424,keratinization,gained_at_10pct,,0.005752131695467
classes_divergence,TE_all / highest,GO:0031594,neuromuscular junction,gained_at_10pct,,0.0116398674605686
classes_divergence,TE_all / highest,GO:0031641,regulation of myelination,gained_at_10pct,,0.0137234003401325
classes_divergence,TE_all / highest,GO:0032809,neuronal cell body membrane,gained_at_10pct,,0.0010499262417856
classes_divergence,TE_all / highest,GO:0032811,negative regulation of epinephrine secretion,gained_at_10pct,,0.0294421316891585
classes_divergence,TE_all / highest,GO:0032983,kainate selective glutamate receptor complex,gained_at_10pct,,0.0294421316891585
classes_divergence,TE_all / highest,GO:0033268,node of Ranvier,gained_at_10pct,,0.0058515789977462
classes_divergence,TE_all / highest,GO:0033564,anterior/posterior axon guidance,gained_at_10pct,,0.0294421316891585
classes_divergence,TE_all / highest,GO:0034702,monoatomic ion channel complex,gained_at_10pct,,1.6563716999085454e-05
classes_divergence,TE_all / highest,GO:0035116,embryonic hindlimb morphogenesis,gained_at_10pct,,0.0177373203039293
classes_divergence,TE_all / highest,GO:0035255,ionotropic glutamate receptor binding,gained_at_10pct,,0.0290336742906162
classes_divergence,TE_all / highest,GO:0035418,protein localization to synapse,lost_at_10pct,0.0486090354074643,
classes_divergence,TE_all / highest,GO:0036486,ventral trunk neural crest cell migration,lost_at_10pct,0.0150061918700614,
classes_divergence,TE_all / highest,GO:0042060,wound healing,lost_at_10pct,0.0378845287437865,
classes_divergence,TE_all / highest,GO:0042383,sarcolemma,gained_at_10pct,,0.0047643353464836
classes_divergence,TE_all / highest,GO:0042391,regulation of membrane potential,gained_at_10pct,,0.0062545842280504
classes_divergence,TE_all / highest,GO:0042476,odontogenesis,gained_at_10pct,,0.0007644966880732
classes_divergence,TE_all / highest,GO:0043113,receptor clustering,lost_at_10pct,0.0349328105560063,
classes_divergence,TE_all / highest,GO:0043194,axon initial segment,gained_at_10pct,,0.0011060986639025
classes_divergence,TE_all / highest,GO:0043204,perikaryon,gained_at_10pct,,1.9168923548339757e-05
classes_divergence,TE_all / highest,GO:0043235,receptor complex,gained_at_10pct,,0.0134279987480141
classes_divergence,TE_all / highest,GO:0044300,cerebellar mossy fiber,gained_at_10pct,,0.0287343056739
classes_divergence,TE_all / highest,GO:0044305,calyx of Held,gained_at_10pct,,0.0199964086201786
classes_divergence,TE_all / highest,GO:0044325,transmembrane transporter binding,gained_at_10pct,,0.0015381966795845
classes_divergence,TE_all / highest,GO:0045109,intermediate filament organization,gained_at_10pct,,0.001493260596706
classes_divergence,TE_all / highest,GO:0045121,membrane raft,gained_at_10pct,,0.0052933996562733
classes_divergence,TE_all / highest,GO:0045663,positive regulation of myoblast differentiation,lost_at_10pct,0.0368060133950782,
classes_divergence,TE_all / highest,GO:0045672,positive regulation of osteoclast differentiation,gained_at_10pct,,0.0227538202110951
classes_divergence,TE_all / highest,GO:0045893,positive regulation of DNA-templated transcription,lost_at_10pct,0.0022002884593227,
classes_divergence,TE_all / highest,GO:0046983,protein dimerization activity,gained_at_10pct,,0.026979634942725
classes_divergence,TE_all / highest,GO:0048013,ephrin receptor signaling pathway,gained_at_10pct,,0.0234711558372348
classes_divergence,TE_all / highest,GO:0048167,regulation of synaptic plasticity,gained_at_10pct,,0.0234711558372348
classes_divergence,TE_all / highest,GO:0048168,regulation of neuronal synaptic plasticity,gained_at_10pct,,0.0134279987480141
classes_divergence,TE_all / highest,GO:0048384,retinoic acid receptor signaling pathway,gained_at_10pct,,0.0036206643253285
classes_divergence,TE_all / highest,GO:0048593,camera-type eye morphogenesis,gained_at_10pct,,0.0022985550241175
classes_divergence,TE_all / highest,GO:0048663,neuron fate commitment,gained_at_10pct,,0.0004435377193079
classes_divergence,TE_all / highest,GO:0048745,smooth muscle tissue development,gained_at_10pct,,0.0454399219515486
classes_divergence,TE_all / highest,GO:0048844,artery morphogenesis,gained_at_10pct,,0.0490038314203708
classes_divergence,TE_all / highest,GO:0050767,regulation of neurogenesis,lost_at_10pct,0.0178174114004887,
classes_divergence,TE_all / highest,GO:0050807,regulation of synapse organization,lost_at_10pct,0.0477935202542407,
classes_divergence,TE_all / highest,GO:0051145,smooth muscle cell differentiation,lost_at_10pct,0.0253205514256912,
classes_divergence,TE_all / highest,GO:0051216,cartilage development,gained_at_10pct,,0.0187138726477742
classes_divergence,TE_all / highest,GO:0051301,cell division,gained_at_10pct,,0.0456403210322819
classes_divergence,TE_all / highest,GO:0051393,alpha-actinin binding,gained_at_10pct,,0.0059689999710016
classes_divergence,TE_all / highest,GO:0051491,positive regulation of filopodium assembly,gained_at_10pct,,0.0227538202110951
classes_divergence,TE_all / highest,GO:0051932,"synaptic transmission, GABAergic",lost_at_10pct,0.0477935202542407,
classes_divergence,TE_all / highest,GO:0055008,cardiac muscle tissue morphogenesis,gained_at_10pct,,0.000115799369067
classes_divergence,TE_all / highest,GO:0055012,ventricular cardiac muscle cell differentiation,gained_at_10pct,,0.0057040322628745
classes_divergence,TE_all / highest,GO:0060307,regulation of ventricular cardiac muscle cell membrane repolarization,gained_at_10pct,,0.0275499900179418
classes_divergence,TE_all / highest,GO:0060412,ventricular septum morphogenesis,gained_at_10pct,,0.0078109395269953
classes_divergence,TE_all / highest,GO:0060441,epithelial tube branching involved in lung morphogenesis,lost_at_10pct,0.0325415475937808,
classes_divergence,TE_all / highest,GO:0060603,mammary gland duct morphogenesis,lost_at_10pct,0.035968047841547,
classes_divergence,TE_all / highest,GO:0060638,mesenchymal-epithelial cell signaling,lost_at_10pct,0.0113183392800763,
classes_divergence,TE_all / highest,GO:0060996,dendritic spine development,gained_at_10pct,,0.0005474525871368
classes_divergence,TE_all / highest,GO:0061036,positive regulation of cartilage development,gained_at_10pct,,0.0089986148218978
classes_divergence,TE_all / highest,GO:0061630,ubiquitin protein ligase activity,gained_at_10pct,,0.0433308633817664
classes_divergence,TE_all / highest,GO:0070161,anchoring junction,gained_at_10pct,,0.0087209710974388
classes_divergence,TE_all / highest,GO:0070293,renal absorption,gained_at_10pct,,0.0215233646034939
classes_divergence,TE_all / highest,GO:0070373,negative regulation of ERK1 and ERK2 cascade,lost_at_10pct,0.0286075934345353,
classes_divergence,TE_all / highest,GO:0070374,positive regulation of ERK1 and ERK2 cascade,gained_at_10pct,,0.0003203688586404
classes_divergence,TE_all / highest,GO:0071320,cellular response to cAMP,lost_at_10pct,0.0375755364709871,
classes_divergence,TE_all / highest,GO:0071363,cellular response to growth factor stimulus,gained_at_10pct,,0.0146552695982795
classes_divergence,TE_all / highest,GO:0071875,adrenergic receptor signaling pathway,gained_at_10pct,,0.0215233646034939
classes_divergence,TE_all / highest,GO:0086004,regulation of cardiac muscle cell contraction,lost_at_10pct,0.0389258091114512,
classes_divergence,TE_all / highest,GO:0086005,ventricular cardiac muscle cell action potential,gained_at_10pct,,0.0454399219515486
classes_divergence,TE_all / highest,GO:0086091,regulation of heart rate by cardiac conduction,gained_at_10pct,,0.001365666848255
classes_divergence,TE_all / highest,GO:0090102,cochlea development,gained_at_10pct,,0.0275499900179418
classes_divergence,TE_all / highest,GO:0090103,cochlea morphogenesis,lost_at_10pct,0.0349328105560063,
classes_divergence,TE_all / highest,GO:0097109,neuroligin family protein binding,gained_at_10pct,,0.0294421316891585
classes_divergence,TE_all / highest,GO:0097110,scaffold protein binding,gained_at_10pct,,0.0146552695982795
classes_divergence,TE_all / highest,GO:0097491,sympathetic neuron projection guidance,lost_at_10pct,0.0424402704392935,
classes_divergence,TE_all / highest,GO:0098586,cellular response to virus,gained_at_10pct,,0.0300807118037736
classes_divergence,TE_all / highest,GO:0098688,parallel fiber to Purkinje cell synapse,gained_at_10pct,,0.0001909007532572
classes_divergence,TE_all / highest,GO:0099560,synaptic membrane adhesion,gained_at_10pct,,0.0227538202110951
classes_divergence,TE_all / highest,GO:0099634,postsynaptic specialization membrane,lost_at_10pct,0.0064717554522506,
classes_divergence,TE_all / highest,GO:0099645,neurotransmitter receptor localization to postsynaptic specialization membrane,gained_at_10pct,,0.0275499900179418
classes_divergence,TE_all / highest,GO:1901166,neural crest cell migration involved in autonomic nervous system development,lost_at_10pct,0.0214773433190178,
classes_divergence,TE_all / highest,GO:1905606,regulation of presynapse assembly,lost_at_10pct,0.0093551970474794,
classes_divergence,TE_all / highest,GO:2000974,negative regulation of pro-B cell differentiation,lost_at_10pct,0.0150061918700614,
classes_divergence,TE_all / highest,GO:2001016,positive regulation of skeletal muscle cell differentiation,lost_at_10pct,0.0150061918700614,
classes_divergence,TE_all / lowest,GO:0000375,"RNA splicing, via transesterification reactions",gained_at_10pct,,0.0332592835174827
classes_divergence,TE_all / lowest,GO:0000398,"mRNA splicing, via spliceosome",gained_at_10pct,,0.0029734884588848
classes_divergence,TE_all / lowest,GO:0000978,RNA polymerase II cis-regulatory region sequence-specific DNA binding,gained_at_10pct,,0.0093754866995991
classes_divergence,TE_all / lowest,GO:0003735,structural constituent of ribosome,gained_at_10pct,,0.0019881596959025
classes_divergence,TE_all / lowest,GO:0005201,extracellular matrix structural constituent,gained_at_10pct,,0.0177044176938829
classes_divergence,TE_all / lowest,GO:0005681,spliceosomal complex,gained_at_10pct,,0.0116396845368699
classes_divergence,TE_all / lowest,GO:0005730,nucleolus,gained_at_10pct,,0.0068743795428607
classes_divergence,TE_all / lowest,GO:0005739,mitochondrion,gained_at_10pct,,3.985679435743618e-05
classes_divergence,TE_all / lowest,GO:0005743,mitochondrial inner membrane,gained_at_10pct,,0.0026105515348221
classes_divergence,TE_all / lowest,GO:0005759,mitochondrial matrix,gained_at_10pct,,0.0274074982396721
classes_divergence,TE_all / lowest,GO:0005840,ribosome,gained_at_10pct,,0.0011326316845039
classes_divergence,TE_all / lowest,GO:0006357,regulation of transcription by RNA polymerase II,gained_at_10pct,,0.000385242331742
classes_divergence,TE_all / lowest,GO:0006397,mRNA processing,gained_at_10pct,,0.0029734884588848
classes_divergence,TE_all / lowest,GO:0006412,translation,gained_at_10pct,,0.000382056403689
classes_divergence,TE_all / lowest,GO:0007186,G protein-coupled receptor signaling pathway,gained_at_10pct,,0.0098231420346653
classes_divergence,TE_all / lowest,GO:0008380,RNA splicing,gained_at_10pct,,0.000385242331742
classes_divergence,TE_all / lowest,GO:0016607,nuclear speck,gained_at_10pct,,0.0277641224270908
classes_divergence,TE_all / lowest,GO:0031012,extracellular matrix,gained_at_10pct,,0.0011326316845039
classes_divergence,TE_all / lowest,GO:0097368,establishment of Sertoli cell barrier,lost_at_10pct,0.0416963523024743,
families,Alu,GO:0000070,mitotic sister chromatid segregation,gained_at_10pct,,0.003114004659284
families,Alu,GO:0000244,spliceosomal tri-snRNP complex assembly,gained_at_10pct,,0.0307447311069531
families,Alu,GO:0000388,spliceosome conformational change to release U4 (or U4atac) and U1 (or U11),gained_at_10pct,,0.0001544783755657
families,Alu,GO:0000428,DNA-directed RNA polymerase complex,gained_at_10pct,,0.0307447311069531
families,Alu,GO:0000776,kinetochore,gained_at_10pct,,0.0228980255276373
families,Alu,GO:0000781,"chromosome, telomeric region",gained_at_10pct,,0.016399922503424
families,Alu,GO:0000812,Swr1 complex,gained_at_10pct,,0.0462716727906778
families,Alu,GO:0000932,P-body,gained_at_10pct,,0.0249784437148074
families,Alu,GO:0001701,in utero embryonic development,gained_at_10pct,,0.0229724832748702
families,Alu,GO:0001732,formation of cytoplasmic translation initiation complex,gained_at_10pct,,0.0094631752685039
families,Alu,GO:0002181,cytoplasmic translation,gained_at_10pct,,0.0014717536585688
families,Alu,GO:0002183,cytoplasmic translational initiation,gained_at_10pct,,0.0189957830081209
families,Alu,GO:0003676,nucleic acid binding,gained_at_10pct,,1.1447761157564888e-05
families,Alu,GO:0003677,DNA binding,gained_at_10pct,,0.0002501352893714
families,Alu,GO:0003682,chromatin binding,gained_at_10pct,,0.0074023425779267
families,Alu,GO:0003729,mRNA binding,gained_at_10pct,,0.0004924381694081
families,Alu,GO:0003735,structural constituent of ribosome,gained_at_10pct,,0.0009759698342007
families,Alu,GO:0003899,DNA-directed RNA polymerase activity,gained_at_10pct,,0.0249784437148074
families,Alu,GO:0004176,ATP-dependent peptidase activity,gained_at_10pct,,0.0307447311069531
families,Alu,GO:0004930,G protein-coupled receptor activity,gained_at_10pct,,1.7731254022319335e-09
families,Alu,GO:0004984,olfactory receptor activity,gained_at_10pct,,5.588070617796825e-07
families,Alu,GO:0005524,ATP binding,gained_at_10pct,,2.975906687644752e-05
families,Alu,GO:0005615,extracellular space,gained_at_10pct,,0.0006888285567981
families,Alu,GO:0005643,nuclear pore,gained_at_10pct,,0.0070684334540046
families,Alu,GO:0005684,U2-type spliceosomal complex,gained_at_10pct,,0.0033192966826987
families,Alu,GO:0005685,U1 snRNP,gained_at_10pct,,0.0307447311069531
families,Alu,GO:0005690,U4atac snRNP,gained_at_10pct,,0.0448249099294477
families,Alu,GO:0005694,chromosome,gained_at_10pct,,0.000386793612496
families,Alu,GO:0005730,nucleolus,gained_at_10pct,,3.636035820728626e-07
families,Alu,GO:0005759,mitochondrial matrix,gained_at_10pct,,0.0017922118352266
families,Alu,GO:0005765,lysosomal membrane,gained_at_10pct,,0.0388749076254766
families,Alu,GO:0005813,centrosome,gained_at_10pct,,0.0438434922144894
families,Alu,GO:0005840,ribosome,gained_at_10pct,,0.0014717536585688
families,Alu,GO:0005852,eukaryotic translation initiation factor 3 complex,gained_at_10pct,,0.0161453979552205
families,Alu,GO:0005874,microtubule,gained_at_10pct,,0.0018003603332688
families,Alu,GO:0005882,intermediate filament,gained_at_10pct,,0.0288320116796243
families,Alu,GO:0006325,chromatin organization,gained_at_10pct,,0.0004924381694081
families,Alu,GO:0006338,chromatin remodeling,gained_at_10pct,,0.0001885460841532
families,Alu,GO:0006355,regulation of DNA-templated transcription,gained_at_10pct,,0.0014717536585688
families,Alu,GO:0006364,rRNA processing,gained_at_10pct,,0.0307447311069531
families,Alu,GO:0006412,translation,gained_at_10pct,,3.262051889708784e-06
families,Alu,GO:0006413,translational initiation,gained_at_10pct,,0.0448989500228929
families,Alu,GO:0006606,protein import into nucleus,gained_at_10pct,,0.013613071310907
families,Alu,GO:0006754,ATP biosynthetic process,gained_at_10pct,,0.0473407793798794
families,Alu,GO:0006886,intracellular protein transport,gained_at_10pct,,0.0307447311069531
families,Alu,GO:0007005,mitochondrion organization,gained_at_10pct,,0.020600688024385
families,Alu,GO:0007144,female meiosis I,lost_at_10pct,0.0257147015447393,
families,Alu,GO:0007155,cell adhesion,gained_at_10pct,,0.0282951734715556
families,Alu,GO:0007156,homophilic cell-cell adhesion,gained_at_10pct,,0.00130308606077
families,Alu,GO:0007165,signal transduction,gained_at_10pct,,6.124145438797095e-08
families,Alu,GO:0007186,G protein-coupled receptor signaling pathway,gained_at_10pct,,2.4661079635048233e-09
families,Alu,GO:0007283,spermatogenesis,gained_at_10pct,,0.0335214169679389
families,Alu,GO:0007399,nervous system development,gained_at_10pct,,0.0191820902013919
families,Alu,GO:0007608,sensory perception of smell,gained_at_10pct,,2.06515501114752e-07
families,Alu,GO:0008094,"ATP-dependent activity, acting on DNA",gained_at_10pct,,0.0385674383683974
families,Alu,GO:0008270,zinc ion binding,gained_at_10pct,,0.0003407226335371
families,Alu,GO:0010008,endosome membrane,gained_at_10pct,,0.02164626388465
families,Alu,GO:0015030,Cajal body,gained_at_10pct,,0.0388749076254766
families,Alu,GO:0015630,microtubule cytoskeleton,gained_at_10pct,,0.0420775011511642
families,Alu,GO:0016192,vesicle-mediated transport,gained_at_10pct,,0.0203325530669999
families,Alu,GO:0016282,eukaryotic 43S preinitiation complex,gained_at_10pct,,0.0307447311069531
families,Alu,GO:0016604,nuclear body,gained_at_10pct,,0.0042799899363279
families,Alu,GO:0016607,nuclear speck,gained_at_10pct,,0.0218717619963357
families,Alu,GO:0016787,hydrolase activity,gained_at_10pct,,0.0228980255276373
families,Alu,GO:0016887,ATP hydrolysis activity,gained_at_10pct,,0.0006888285567981
families,Alu,GO:0022626,cytosolic ribosome,gained_at_10pct,,0.0014717536585688
families,Alu,GO:0030674,protein-macromolecule adaptor activity,gained_at_10pct,,0.0094661907957829
families,Alu,GO:0031462,Cul2-RING ubiquitin ligase complex,gained_at_10pct,,2.9950950999101856e-06
families,Alu,GO:0032300,mismatch repair complex,lost_at_10pct,0.0136248377982638,
families,Alu,GO:0032418,lysosome localization,gained_at_10pct,,0.0094631752685039
families,Alu,GO:0032991,protein-containing complex,gained_at_10pct,,0.0090065708157522
families,Alu,GO:0033290,eukaryotic 48S preinitiation complex,gained_at_10pct,,0.0223102045583952
families,Alu,GO:0034693,U11/U12 snRNP,gained_at_10pct,,0.0210785262673524
families,Alu,GO:0038127,ERBB signaling pathway,gained_at_10pct,,0.0288262833832656
families,Alu,GO:0038133,ERBB2-ERBB3 signaling pathway,gained_at_10pct,,0.016399922503424
families,Alu,GO:0042274,ribosomal small subunit biogenesis,gained_at_10pct,,0.0094631752685039
families,Alu,GO:0042373,vitamin K metabolic process,gained_at_10pct,,0.0307447311069531
families,Alu,GO:0042393,histone binding,gained_at_10pct,,0.0035222990525897
families,Alu,GO:0042802,identical protein binding,gained_at_10pct,,0.0014717536585688
families,Alu,GO:0043161,proteasome-mediated ubiquitin-dependent protein catabolic process,gained_at_10pct,,0.0360096450452282
families,Alu,GO:0045095,keratin filament,gained_at_10pct,,0.0335677505112607
families,Alu,GO:0045596,negative regulation of cell differentiation,gained_at_10pct,,0.0178496108451445
families,Alu,GO:0045815,transcription initiation-coupled chromatin remodeling,gained_at_10pct,,0.0335214169679389
families,Alu,GO:0046872,metal ion binding,gained_at_10pct,,0.0170869451359012
families,Alu,GO:0050911,detection of chemical stimulus involved in sensory perception of smell,gained_at_10pct,,3.959640226699868e-07
families,Alu,GO:0051301,cell division,gained_at_10pct,,3.538908528729175e-05
families,Alu,GO:0060090,molecular adaptor activity,gained_at_10pct,,0.0307447311069531
families,Alu,GO:0061157,mRNA destabilization,gained_at_10pct,,0.0094631752685039
families,Alu,GO:0070585,protein localization to mitochondrion,lost_at_10pct,0.0257147015447393,
families,Alu,GO:0071002,U4atac/U6atac snRNP,gained_at_10pct,,0.0423481284247053
families,Alu,GO:0071005,U2-type precatalytic spliceosome,gained_at_10pct,,0.0178496108451445
families,Alu,GO:0071009,U4atac/U6atac x U5 tri-snRNP complex,gained_at_10pct,,0.0115002562592871
families,Alu,GO:0071016,U12-type precatalytic spliceosome,gained_at_10pct,,0.0001544783755657
families,Alu,GO:0071339,MLL1 complex,gained_at_10pct,,0.0203325530669999
families,Alu,GO:0072686,mitotic spindle,gained_at_10pct,,0.0307447311069531
families,Alu,GO:0090170,regulation of Golgi inheritance,gained_at_10pct,,0.0217325069587952
families,Alu,GO:0098761,cellular response to interleukin-7,gained_at_10pct,,0.0309747154524321
families,Alu,GO:0106333,subcortical maternal complex,gained_at_10pct,,0.0307447311069531
families,Alu,GO:0160240,RNA polymerase II transcription initiation surveillance,gained_at_10pct,,0.0423481284247053
families,Alu,GO:1902036,regulation of hematopoietic stem cell differentiation,gained_at_10pct,,0.0448249099294477
families,Alu,GO:1990116,ribosome-associated ubiquitin-dependent protein catabolic process,gained_at_10pct,,0.0307447311069531
families,CR1,GO:0001725,stress fiber,gained_at_10pct,,0.0125182551449362
families,CR1,GO:0003779,actin binding,gained_at_10pct,,0.0002002743655418
families,CR1,GO:0005261,monoatomic cation channel activity,gained_at_10pct,,0.0025239584656034
families,CR1,GO:0005515,protein binding,gained_at_10pct,,0.0049207728735998
families,CR1,GO:0005882,intermediate filament,gained_at_10pct,,0.0433648846366269
families,CR1,GO:0007218,neuropeptide signaling pathway,gained_at_10pct,,0.0494794663409434
families,CR1,GO:0007631,feeding behavior,gained_at_10pct,,0.0125182551449362
families,CR1,GO:0014069,postsynaptic density,gained_at_10pct,,0.0170598943230725
families,CR1,GO:0030018,Z disc,gained_at_10pct,,0.0170598943230725
families,CR1,GO:0030280,structural constituent of skin epidermis,gained_at_10pct,,0.0013777242551445
families,CR1,GO:0030424,axon,gained_at_10pct,,0.0170598943230725
families,CR1,GO:0042734,presynaptic membrane,gained_at_10pct,,0.0400545713042225
families,CR1,GO:0045095,keratin filament,gained_at_10pct,,0.0046009655000954
families,CR1,GO:0045109,intermediate filament organization,gained_at_10pct,,0.0052450918861151
families,CR1,GO:0051015,actin filament binding,gained_at_10pct,,0.0050562655065699
families,CR1,GO:0051056,regulation of small GTPase mediated signal transduction,gained_at_10pct,,0.0170598943230725
families,CR1,GO:0098609,cell-cell adhesion,gained_at_10pct,,0.0274400086305809
families,ERV1,GO:0000978,RNA polymerase II cis-regulatory region sequence-specific DNA binding,lost_at_10pct,0.0001165418541621,
families,ERV1,GO:0001228,"DNA-binding transcription activator activity, RNA polymerase II-specific",gained_at_10pct,,1.3464760750885937e-05
families,ERV1,GO:0002376,immune system process,gained_at_10pct,,0.0054009369041484
families,ERV1,GO:0003677,DNA binding,lost_at_10pct,4.960480373644655e-05,
families,ERV1,GO:0003682,chromatin binding,gained_at_10pct,,0.0005029934706792
families,ERV1,GO:0003700,DNA-binding transcription factor activity,gained_at_10pct,,0.00541983488349
families,ERV1,GO:0004065,arylsulfatase activity,lost_at_10pct,0.0385720523171089,
families,ERV1,GO:0005667,transcription regulator complex,gained_at_10pct,,0.00541983488349
families,ERV1,GO:0005739,mitochondrion,gained_at_10pct,,0.0032675243931717
families,ERV1,GO:0005886,plasma membrane,gained_at_10pct,,0.0404400207386184
families,ERV1,GO:0006066,alcohol metabolic process,lost_at_10pct,0.0304079417730968,
families,ERV1,GO:0006635,fatty acid beta-oxidation,gained_at_10pct,,0.0127887456247322
families,ERV1,GO:0007155,cell adhesion,gained_at_10pct,,0.0049521743842289
families,ERV1,GO:0007399,nervous system development,gained_at_10pct,,0.0030895556651584
families,ERV1,GO:0016055,Wnt signaling pathway,lost_at_10pct,0.0263732890928563,
families,ERV1,GO:0030154,cell differentiation,gained_at_10pct,,6.201653672732045e-06
families,ERV1,GO:0031462,Cul2-RING ubiquitin ligase complex,lost_at_10pct,0.0192916507782708,
families,ERV1,GO:0045087,innate immune response,gained_at_10pct,,0.0159405383760743
families,ERV1,GO:0045202,synapse,gained_at_10pct,,0.0037402262325589
families,ERV1,GO:0045893,positive regulation of DNA-templated transcription,gained_at_10pct,,0.0054009369041484
families,ERV1,GO:0045944,positive regulation of transcription by RNA polymerase II,gained_at_10pct,,6.201653672732045e-06
families,ERV1,GO:0051607,defense response to virus,gained_at_10pct,,0.0130038377568804
families,ERV1,GO:0070292,N-acylphosphatidylethanolamine metabolic process,lost_at_10pct,0.0385720523171089,
families,ERV1,GO:0070383,DNA cytosine deamination,gained_at_10pct,,0.0404400207386184
families,ERV1,GO:0098978,glutamatergic synapse,gained_at_10pct,,0.0074353811310953
families,ERV1,GO:0140827,zinc chaperone activity,gained_at_10pct,,0.0077755567909842
families,ERV1,GO:1901289,succinyl-CoA catabolic process,gained_at_10pct,,0.0366623431078069
families,ERV1,GO:1990837,sequence-specific double-stranded DNA binding,gained_at_10pct,,0.0011731868043244
families,ERV1,GO:2001199,negative regulation of dendritic cell differentiation,gained_at_10pct,,0.00541983488349
families,ERVL,GO:0000122,negative regulation of transcription by RNA polymerase II,gained_at_10pct,,0.0259483942811226
families,ERVL,GO:0000166,nucleotide binding,gained_at_10pct,,0.0325566865305049
families,ERVL,GO:0003677,DNA binding,gained_at_10pct,,0.0086538051904093
families,ERVL,GO:0003700,DNA-binding transcription factor activity,gained_at_10pct,,0.0020480348985898
families,ERVL,GO:0003723,RNA binding,gained_at_10pct,,0.0202985026646087
families,ERVL,GO:0005667,transcription regulator complex,gained_at_10pct,,0.0020480348985898
families,ERVL,GO:0005882,intermediate filament,gained_at_10pct,,0.0195408694491679
families,ERVL,GO:0008284,positive regulation of cell population proliferation,gained_at_10pct,,0.0020480348985898
families,ERVL,GO:0042633,hair cycle,lost_at_10pct,0.005247449003698,
families,ERVL,GO:0042802,identical protein binding,gained_at_10pct,,0.0195408694491679
families,ERVL,GO:0045893,positive regulation of DNA-templated transcription,gained_at_10pct,,1.468685398054347e-06
families,ERVL,GO:1990837,sequence-specific double-stranded DNA binding,gained_at_10pct,,0.0087040475635706
families,ERVL-MaLR,GO:0000122,negative regulation of transcription by RNA polymerase II,gained_at_10pct,,0.0002344780644587
families,ERVL-MaLR,GO:0000976,transcription cis-regulatory region binding,gained_at_10pct,,0.035791481301392
families,ERVL-MaLR,GO:0000978,RNA polymerase II cis-regulatory region sequence-specific DNA binding,gained_at_10pct,,2.509139476419573e-06
families,ERVL-MaLR,GO:0000981,"DNA-binding transcription factor activity, RNA polymerase II-specific",gained_at_10pct,,7.886684056740404e-06
families,ERVL-MaLR,GO:0001228,"DNA-binding transcription activator activity, RNA polymerase II-specific",gained_at_10pct,,0.0120219342568817
families,ERVL-MaLR,GO:0003677,DNA binding,gained_at_10pct,,3.140828904535748e-07
families,ERVL-MaLR,GO:0003700,DNA-binding transcription factor activity,gained_at_10pct,,0.0219218855472079
families,ERVL-MaLR,GO:0005886,plasma membrane,lost_at_10pct,0.0073095191212299,
families,ERVL-MaLR,GO:0006355,regulation of DNA-templated transcription,gained_at_10pct,,0.0002872131711365
families,ERVL-MaLR,GO:0006357,regulation of transcription by RNA polymerase II,gained_at_10pct,,2.5985729756590547e-05
families,ERVL-MaLR,GO:0006412,translation,gained_at_10pct,,0.0061469836841919
families,ERVL-MaLR,GO:0045893,positive regulation of DNA-templated transcription,gained_at_10pct,,0.0006724180686146
families,ERVL-MaLR,GO:0045944,positive regulation of transcription by RNA polymerase II,gained_at_10pct,,4.723492272582931e-05
families,ERVL-MaLR,GO:0070062,extracellular exosome,lost_at_10pct,0.0205137988416139,
families,ERVL-MaLR,GO:1990837,sequence-specific double-stranded DNA binding,gained_at_10pct,,3.405940399780207e-06
families,ERVL-MaLR,GO:1990904,ribonucleoprotein complex,gained_at_10pct,,0.0263669027663119
families,L1,GO:0000978,RNA polymerase II cis-regulatory region sequence-specific DNA binding,gained_at_10pct,,7.241522775483431e-07
families,L1,GO:0000981,"DNA-binding transcription factor activity, RNA polymerase II-specific",gained_at_10pct,,0.0005816606876681
families,L1,GO:0001227,"DNA-binding transcription repressor activity, RNA polymerase II-specific",gained_at_10pct,,0.0264823592650731
families,L1,GO:0001525,angiogenesis,gained_at_10pct,,0.0119833218982571
families,L1,GO:0002286,T cell activation involved in immune response,gained_at_10pct,,3.860308237440461e-06
families,L1,GO:0002312,B cell activation involved in immune response,gained_at_10pct,,2.676082944075545e-07
families,L1,GO:0002323,natural killer cell activation involved in immune response,gained_at_10pct,,7.241522775483431e-07
families,L1,GO:0003723,RNA binding,gained_at_10pct,,0.0456133241734602
families,L1,GO:0005126,cytokine receptor binding,gained_at_10pct,,8.454123172469752e-05
families,L1,GO:0005132,type I interferon receptor binding,gained_at_10pct,,9.53846222406651e-08
families,L1,GO:0005634,nucleus,gained_at_10pct,,0.0221046196586303
families,L1,GO:0005654,nucleoplasm,gained_at_10pct,,0.0013708761301825
families,L1,GO:0006952,defense response,gained_at_10pct,,1.535494764773763e-07
families,L1,GO:0008284,positive regulation of cell population proliferation,gained_at_10pct,,0.020087538750942
families,L1,GO:0032787,monocarboxylic acid metabolic process,gained_at_10pct,,0.0117307890489093
families,L1,GO:0042742,defense response to bacterium,gained_at_10pct,,0.0109606651229931
families,L1,GO:0043330,response to exogenous dsRNA,gained_at_10pct,,3.439317174621189e-05
families,L1,GO:0043565,sequence-specific DNA binding,gained_at_10pct,,0.0003519422061639
families,L1,GO:0045211,postsynaptic membrane,gained_at_10pct,,0.0119833218982571
families,L1,GO:0048471,perinuclear region of cytoplasm,gained_at_10pct,,0.0204511143892142
families,L1,GO:0060337,type I interferon-mediated signaling pathway,gained_at_10pct,,0.0017973523570325
families,L1,GO:0070062,extracellular exosome,gained_at_10pct,,0.0343037196432246
families,L1,GO:0098586,cellular response to virus,gained_at_10pct,,0.0264823592650731
families,L1,GO:0098978,glutamatergic synapse,gained_at_10pct,,0.0109606651229931
families,L2,GO:0006811,monoatomic ion transport,gained_at_10pct,,0.0092835953300717
families,MIR,GO:0003677,DNA binding,gained_at_10pct,,0.0282502466382711
families,MIR,GO:0004668,protein-arginine deiminase activity,lost_at_10pct,0.0279412123478901,
families,MIR,GO:0004867,serine-type endopeptidase inhibitor activity,gained_at_10pct,,0.0063480670047269
families,MIR,GO:0004984,olfactory receptor activity,gained_at_10pct,,0.0077207208373147
families,MIR,GO:0005249,voltage-gated potassium channel activity,lost_at_10pct,0.0172513258843582,
families,MIR,GO:0005516,calmodulin binding,gained_at_10pct,,0.0046967226708587
families,MIR,GO:0005911,cell-cell junction,gained_at_10pct,,0.0037536675271284
families,MIR,GO:0005925,focal adhesion,gained_at_10pct,,0.0227412249303898
families,MIR,GO:0006811,monoatomic ion transport,gained_at_10pct,,0.0225958916600922
families,MIR,GO:0006813,potassium ion transport,lost_at_10pct,0.020859278333346,
families,MIR,GO:0007165,signal transduction,gained_at_10pct,,0.031443586939409
families,MIR,GO:0007605,sensory perception of sound,lost_at_10pct,0.0413078660515016,
families,MIR,GO:0008076,voltage-gated potassium channel complex,lost_at_10pct,0.0070524551789961,
families,MIR,GO:0008289,lipid binding,lost_at_10pct,0.0025446346753977,
families,MIR,GO:0015370,solute:sodium symporter activity,gained_at_10pct,,0.0438221876462295
families,MIR,GO:0016020,membrane,gained_at_10pct,,0.0003503300763447
families,MIR,GO:0016323,basolateral plasma membrane,lost_at_10pct,0.0107203978469929,
families,MIR,GO:0035556,intracellular signal transduction,gained_at_10pct,,0.0173507575459302
families,MIR,GO:0042802,identical protein binding,gained_at_10pct,,0.0086053998906818
families,MIR,GO:0044325,transmembrane transporter binding,lost_at_10pct,0.0413078660515016,
families,MIR,GO:0045202,synapse,lost_at_10pct,0.0032519267719382,
families,MIR,GO:0050911,detection of chemical stimulus involved in sensory perception of smell,gained_at_10pct,,0.0063480670047269
families,MIR,GO:0055085,transmembrane transport,lost_at_10pct,0.0328918965377333,
families,MIR,GO:0071276,cellular response to cadmium ion,gained_at_10pct,,0.0385542364620322
families,MIR,GO:0071805,potassium ion transmembrane transport,lost_at_10pct,0.0061974306281925,
families,hAT-Charlie,GO:0007608,sensory perception of smell,gained_at_10pct,,0.027961465277184
families,hAT-Charlie,GO:0042612,MHC class I protein complex,lost_at_10pct,0.0254881874152267,
families,hAT-Charlie,GO:0050911,detection of chemical stimulus involved in sensory perception of smell,gained_at_10pct,,0.0172830860928139
families,hAT-Charlie,GO:0140827,zinc chaperone activity,gained_at_10pct,,0.0466533407459054
families,hAT-Tip100,GO:0004869,cysteine-type endopeptidase inhibitor activity,lost_at_10pct,0.040144772098386,
families,hAT-Tip100,GO:0005634,nucleus,gained_at_10pct,,0.0399579408131932
families,hAT-Tip100,GO:0005886,plasma membrane,gained_at_10pct,,3.538199429601925e-09
families,hAT-Tip100,GO:1990000,amyloid fibril formation,gained_at_10pct,,0.0399579408131932
